ISO-10303-21;
HEADER;
FILE_DESCRIPTION(('STEP AP203'),
    '1');
FILE_NAME('шестерня12',
    '',
    ('UNSPECIFIED'),
    ('UNSPECIFIED'),
    'C3D Converter',
    'C3D Toolkit',
    '');
FILE_SCHEMA(('CONFIG_CONTROL_DESIGN'));
ENDSEC;

DATA;
#1=PRODUCT_DEFINITION('','UNSPECIFIED',#28,#31);
#2=SHAPE_DEFINITION_REPRESENTATION(#26,#3);
#3=SHAPE_REPRESENTATION('NONE',(#4),#8);
#4=AXIS2_PLACEMENT_3D('',#5,#6,#7);
#5=CARTESIAN_POINT('',(0.,0.,0.));
#6=DIRECTION('',(0.,0.,1.));
#7=DIRECTION('',(1.,0.,0.));
#8=(GEOMETRIC_REPRESENTATION_CONTEXT(3)GLOBAL_UNCERTAINTY_ASSIGNED_CONTEXT((#10))
GLOBAL_UNIT_ASSIGNED_CONTEXT((#9,#11,#12))REPRESENTATION_CONTEXT('NONE','NONE'));
#9=(LENGTH_UNIT()NAMED_UNIT(*)SI_UNIT(.MILLI.,.METRE.));
#10=UNCERTAINTY_MEASURE_WITH_UNIT(LENGTH_MEASURE(1.E-5),#9,'NONE','NONE');
#11=(NAMED_UNIT(*)PLANE_ANGLE_UNIT()SI_UNIT($,.RADIAN.));
#12=(NAMED_UNIT(*)SI_UNIT($,.STERADIAN.)SOLID_ANGLE_UNIT());
#13=MANIFOLD_SOLID_BREP('',#14);
#14=CLOSED_SHELL('',(#53,#54,#55,#56,#57,#58,#59,#60,#61,#62,#63,#64,#65,#66,#67,
#68,#69,#70,#71,#72,#73,#74,#75,#76,#77,#78,#79,#80,#81,#82,#83,#84,#85,#86,#87,
#88,#89,#90,#91,#92,#93,#94,#95,#96,#97,#98,#99,#100,#101,#102,#103,#104,#105,#106,
#107,#108,#109,#110,#111,#112,#113,#114,#115,#116,#117,#118,#119,#120,#121,#122,
#123,#124,#125,#126,#127,#128,#129,#130,#131,#132,#133,#134,#135,#136,#137,#138,
#139,#140,#141,#142,#143,#144,#145,#146,#147,#148));
#15=COLOUR_RGB('',0.564705882352941,0.564705882352941,0.564705882352941);
#16=FILL_AREA_STYLE_COLOUR('',#15);
#17=FILL_AREA_STYLE($,(#16));
#18=SURFACE_STYLE_FILL_AREA(#17);
#19=SURFACE_SIDE_STYLE('',(#18));
#20=SURFACE_STYLE_USAGE(.BOTH.,#19);
#21=PRESENTATION_STYLE_ASSIGNMENT((#20));
#22=MECHANICAL_DESIGN_GEOMETRIC_PRESENTATION_REPRESENTATION('NONE',(#23),#8);
#23=STYLED_ITEM('',(#21),#13);
#24=ADVANCED_BREP_SHAPE_REPRESENTATION('NONE',(#13),#8);
#25=SHAPE_REPRESENTATION_RELATIONSHIP('','',#3,#24);
#26=PRODUCT_DEFINITION_SHAPE('NONE','NONE',#1);
#27=MECHANICAL_CONTEXT('NONE',#32,'mechanical');
#28=PRODUCT_DEFINITION_FORMATION_WITH_SPECIFIED_SOURCE('ANY','UNSPECIFIED',#29,.NOT_KNOWN.);
#29=PRODUCT('','\X2\0414043504420430043B044C\X0\','NONE',(#27));
#30=PRODUCT_RELATED_PRODUCT_CATEGORY('detail','',(#29));
#31=DESIGN_CONTEXT('detailed design',#32,'design');
#32=APPLICATION_CONTEXT('configuration controlled 3d designs of mechanical parts and assemblies');
#33=APPLICATION_PROTOCOL_DEFINITION('international standard','config_control_design',
1994,#32);
#34=CC_DESIGN_DATE_AND_TIME_ASSIGNMENT(#35,#39,(#1));
#35=DATE_AND_TIME(#36,#37);
#36=CALENDAR_DATE(0,1,1);
#37=LOCAL_TIME(0,0,0.,#38);
#38=COORDINATED_UNIVERSAL_TIME_OFFSET(0,0,.AHEAD.);
#39=DATE_TIME_ROLE('creation_date');
#40=CC_DESIGN_APPROVAL(#41,(#1));
#41=APPROVAL(#42,'UNSPECIFIED');
#42=APPROVAL_STATUS('not_yet_approved');
#43=APPROVAL_DATE_TIME(#44,#41);
#44=DATE_AND_TIME(#45,#46);
#45=CALENDAR_DATE(0,1,1);
#46=LOCAL_TIME(0,0,0.,#47);
#47=COORDINATED_UNIVERSAL_TIME_OFFSET(0,0,.AHEAD.);
#48=PERSON('UNSPECIFIED','Ivan','UNSPECIFIED',('UNSPECIFIED'),('UNSPECIFIED'),('UNSPECIFIED'));
#49=ORGANIZATION('UNSPECIFIED','UNSPECIFIED','UNSPECIFIED');
#50=PERSON_AND_ORGANIZATION(#48,#49);
#51=PERSON_AND_ORGANIZATION_ROLE('creator');
#52=CC_DESIGN_PERSON_AND_ORGANIZATION_ASSIGNMENT(#50,#51,(#28,#1));
#53=ADVANCED_FACE('',(#149),#151,.F.);
#54=ADVANCED_FACE('',(#156),#158,.F.);
#55=ADVANCED_FACE('',(#163,#165,#167),#169,.F.);
#56=ADVANCED_FACE('',(#174,#176,#178),#180,.T.);
#57=ADVANCED_FACE('',(#185,#187),#189,.F.);
#58=ADVANCED_FACE('',(#194,#196),#198,.F.);
#59=ADVANCED_FACE('',(#203),#205,.T.);
#60=ADVANCED_FACE('',(#210),#212,.T.);
#61=ADVANCED_FACE('',(#217,#219),#221,.F.);
#62=ADVANCED_FACE('',(#226,#228),#230,.F.);
#63=ADVANCED_FACE('',(#235),#237,.F.);
#64=ADVANCED_FACE('',(#242),#244,.F.);
#65=ADVANCED_FACE('',(#249,#251,#253),#255,.T.);
#66=ADVANCED_FACE('',(#260,#262),#264,.T.);
#67=ADVANCED_FACE('',(#269,#271),#273,.F.);
#68=ADVANCED_FACE('',(#278),#280,.F.);
#69=ADVANCED_FACE('',(#285),#287,.T.);
#70=ADVANCED_FACE('',(#292),#294,.F.);
#71=ADVANCED_FACE('',(#299),#301,.F.);
#72=ADVANCED_FACE('',(#305),#307,.F.);
#73=ADVANCED_FACE('',(#311),#313,.T.);
#74=ADVANCED_FACE('',(#318),#320,.F.);
#75=ADVANCED_FACE('',(#324),#326,.F.);
#76=ADVANCED_FACE('',(#330),#332,.T.);
#77=ADVANCED_FACE('',(#337),#339,.F.);
#78=ADVANCED_FACE('',(#343),#345,.F.);
#79=ADVANCED_FACE('',(#349),#351,.T.);
#80=ADVANCED_FACE('',(#356),#358,.F.);
#81=ADVANCED_FACE('',(#362),#364,.F.);
#82=ADVANCED_FACE('',(#368),#370,.T.);
#83=ADVANCED_FACE('',(#375),#377,.F.);
#84=ADVANCED_FACE('',(#381),#383,.F.);
#85=ADVANCED_FACE('',(#387),#389,.T.);
#86=ADVANCED_FACE('',(#394),#396,.F.);
#87=ADVANCED_FACE('',(#400),#402,.F.);
#88=ADVANCED_FACE('',(#406),#408,.T.);
#89=ADVANCED_FACE('',(#413),#415,.F.);
#90=ADVANCED_FACE('',(#419),#421,.F.);
#91=ADVANCED_FACE('',(#425),#427,.T.);
#92=ADVANCED_FACE('',(#432),#434,.F.);
#93=ADVANCED_FACE('',(#438),#440,.F.);
#94=ADVANCED_FACE('',(#444),#446,.T.);
#95=ADVANCED_FACE('',(#451),#453,.F.);
#96=ADVANCED_FACE('',(#457),#459,.F.);
#97=ADVANCED_FACE('',(#463),#465,.T.);
#98=ADVANCED_FACE('',(#470),#472,.F.);
#99=ADVANCED_FACE('',(#476),#478,.F.);
#100=ADVANCED_FACE('',(#482),#484,.T.);
#101=ADVANCED_FACE('',(#489),#491,.F.);
#102=ADVANCED_FACE('',(#495),#497,.F.);
#103=ADVANCED_FACE('',(#501),#503,.T.);
#104=ADVANCED_FACE('',(#508),#510,.F.);
#105=ADVANCED_FACE('',(#514),#516,.F.);
#106=ADVANCED_FACE('',(#520),#522,.T.);
#107=ADVANCED_FACE('',(#527),#529,.F.);
#108=ADVANCED_FACE('',(#533),#535,.F.);
#109=ADVANCED_FACE('',(#539),#541,.T.);
#110=ADVANCED_FACE('',(#546),#548,.F.);
#111=ADVANCED_FACE('',(#552),#554,.F.);
#112=ADVANCED_FACE('',(#558),#560,.T.);
#113=ADVANCED_FACE('',(#565),#567,.F.);
#114=ADVANCED_FACE('',(#571),#573,.F.);
#115=ADVANCED_FACE('',(#577),#579,.T.);
#116=ADVANCED_FACE('',(#584),#586,.F.);
#117=ADVANCED_FACE('',(#590),#592,.F.);
#118=ADVANCED_FACE('',(#596),#598,.T.);
#119=ADVANCED_FACE('',(#603),#605,.F.);
#120=ADVANCED_FACE('',(#609),#611,.F.);
#121=ADVANCED_FACE('',(#615),#617,.T.);
#122=ADVANCED_FACE('',(#622),#624,.F.);
#123=ADVANCED_FACE('',(#628),#630,.F.);
#124=ADVANCED_FACE('',(#634),#636,.T.);
#125=ADVANCED_FACE('',(#641),#643,.F.);
#126=ADVANCED_FACE('',(#647),#649,.F.);
#127=ADVANCED_FACE('',(#653),#655,.T.);
#128=ADVANCED_FACE('',(#660),#662,.F.);
#129=ADVANCED_FACE('',(#666),#668,.F.);
#130=ADVANCED_FACE('',(#672),#674,.T.);
#131=ADVANCED_FACE('',(#679),#681,.F.);
#132=ADVANCED_FACE('',(#685),#687,.F.);
#133=ADVANCED_FACE('',(#691),#693,.T.);
#134=ADVANCED_FACE('',(#698),#700,.F.);
#135=ADVANCED_FACE('',(#704),#706,.F.);
#136=ADVANCED_FACE('',(#710),#712,.T.);
#137=ADVANCED_FACE('',(#717),#719,.F.);
#138=ADVANCED_FACE('',(#723),#725,.F.);
#139=ADVANCED_FACE('',(#729),#731,.T.);
#140=ADVANCED_FACE('',(#736),#738,.F.);
#141=ADVANCED_FACE('',(#742),#744,.F.);
#142=ADVANCED_FACE('',(#748),#750,.T.);
#143=ADVANCED_FACE('',(#755),#757,.F.);
#144=ADVANCED_FACE('',(#761),#763,.F.);
#145=ADVANCED_FACE('',(#767),#769,.T.);
#146=ADVANCED_FACE('',(#774),#776,.F.);
#147=ADVANCED_FACE('',(#780),#782,.F.);
#148=ADVANCED_FACE('',(#786),#788,.T.);
#149=FACE_BOUND('',#150,.T.);
#150=EDGE_LOOP('',(#793,#794,#795,#796));
#151=PLANE('',#152);
#152=AXIS2_PLACEMENT_3D('',#153,#154,#155);
#153=CARTESIAN_POINT('',(1.5,-1.67705098315915,13.));
#154=DIRECTION('',(0.,-1.,0.));
#155=DIRECTION('',(-1.,0.,0.));
#156=FACE_BOUND('',#157,.T.);
#157=EDGE_LOOP('',(#797,#798,#799,#800));
#158=PLANE('',#159);
#159=AXIS2_PLACEMENT_3D('',#160,#161,#162);
#160=CARTESIAN_POINT('',(1.5,-1.67705098315915,13.));
#161=DIRECTION('',(0.,-1.,0.));
#162=DIRECTION('',(-1.,0.,0.));
#163=FACE_BOUND('',#164,.T.);
#164=EDGE_LOOP('',(#801,#802,#803,#804,#805,#806,#807,#808,#809));
#165=FACE_BOUND('',#166,.T.);
#166=EDGE_LOOP('',(#810,#811));
#167=FACE_BOUND('',#168,.T.);
#168=EDGE_LOOP('',(#812,#813));
#169=CYLINDRICAL_SURFACE('',#170,2.25);
#170=AXIS2_PLACEMENT_3D('',#171,#172,#173);
#171=CARTESIAN_POINT('',(0.,0.,13.));
#172=DIRECTION('',(0.,0.,-1.));
#173=DIRECTION('',(-0.666666666659089,-0.745355992506707,0.));
#174=FACE_OUTER_BOUND('',#175,.T.);
#175=EDGE_LOOP('',(#814));
#176=FACE_OUTER_BOUND('',#177,.T.);
#177=EDGE_LOOP('',(#815));
#178=FACE_BOUND('',#179,.T.);
#179=EDGE_LOOP('',(#816));
#180=CYLINDRICAL_SURFACE('',#181,10.);
#181=AXIS2_PLACEMENT_3D('',#182,#183,#184);
#182=CARTESIAN_POINT('',(0.,0.,0.));
#183=DIRECTION('',(0.,0.,-1.));
#184=DIRECTION('',(-1.,0.,0.));
#185=FACE_BOUND('',#186,.T.);
#186=EDGE_LOOP('',(#817,#818,#819,#820));
#187=FACE_BOUND('',#188,.T.);
#188=EDGE_LOOP('',(#821));
#189=PLANE('',#190);
#190=AXIS2_PLACEMENT_3D('',#191,#192,#193);
#191=CARTESIAN_POINT('',(-2.8,-3.7,-1.));
#192=DIRECTION('',(0.,1.,0.));
#193=DIRECTION('',(1.,0.,0.));
#194=FACE_BOUND('',#195,.T.);
#195=EDGE_LOOP('',(#822,#823,#824,#825));
#196=FACE_BOUND('',#197,.T.);
#197=EDGE_LOOP('',(#826));
#198=PLANE('',#199);
#199=AXIS2_PLACEMENT_3D('',#200,#201,#202);
#200=CARTESIAN_POINT('',(2.8,-6.2,-1.));
#201=DIRECTION('',(0.,-1.,0.));
#202=DIRECTION('',(-1.,0.,0.));
#203=FACE_BOUND('',#204,.T.);
#204=EDGE_LOOP('',(#827,#828));
#205=PLANE('',#206);
#206=AXIS2_PLACEMENT_3D('',#207,#208,#209);
#207=CARTESIAN_POINT('',(-5.6520444890008E-16,2.05,0.));
#208=DIRECTION('',(0.,-1.,0.));
#209=DIRECTION('',(-1.,0.,1.22464679914735E-16));
#210=FACE_BOUND('',#211,.T.);
#211=EDGE_LOOP('',(#829,#830));
#212=PLANE('',#213);
#213=AXIS2_PLACEMENT_3D('',#214,#215,#216);
#214=CARTESIAN_POINT('',(-5.6520444890008E-16,2.05,0.));
#215=DIRECTION('',(0.,-1.,0.));
#216=DIRECTION('',(-1.,0.,1.22464679914735E-16));
#217=FACE_OUTER_BOUND('',#218,.T.);
#218=EDGE_LOOP('',(#831));
#219=FACE_OUTER_BOUND('',#220,.T.);
#220=EDGE_LOOP('',(#832));
#221=CYLINDRICAL_SURFACE('',#222,1.55);
#222=AXIS2_PLACEMENT_3D('',#223,#224,#225);
#223=CARTESIAN_POINT('',(-3.66821940932862E-16,2.05,-4.01269495913296));
#224=DIRECTION('',(0.,-1.,0.));
#225=DIRECTION('',(-1.,0.,1.22464679914735E-16));
#226=FACE_BOUND('',#227,.T.);
#227=EDGE_LOOP('',(#833,#834,#835,#836,#837));
#228=FACE_OUTER_BOUND('',#229,.T.);
#229=EDGE_LOOP('',(#838));
#230=CYLINDRICAL_SURFACE('',#231,1.55);
#231=AXIS2_PLACEMENT_3D('',#232,#233,#234);
#232=CARTESIAN_POINT('',(-3.66821940932862E-16,2.05,-4.01269495913296));
#233=DIRECTION('',(0.,-1.,0.));
#234=DIRECTION('',(-1.,0.,1.22464679914735E-16));
#235=FACE_BOUND('',#236,.T.);
#236=EDGE_LOOP('',(#839,#840));
#237=CYLINDRICAL_SURFACE('',#238,1.55);
#238=AXIS2_PLACEMENT_3D('',#239,#240,#241);
#239=CARTESIAN_POINT('',(-3.66821940932862E-16,2.05,-4.01269495913296));
#240=DIRECTION('',(0.,-1.,0.));
#241=DIRECTION('',(-1.,0.,1.22464679914735E-16));
#242=FACE_BOUND('',#243,.T.);
#243=EDGE_LOOP('',(#841,#842));
#244=CYLINDRICAL_SURFACE('',#245,1.55);
#245=AXIS2_PLACEMENT_3D('',#246,#247,#248);
#246=CARTESIAN_POINT('',(-3.66821940932862E-16,2.05,-4.01269495913296));
#247=DIRECTION('',(0.,-1.,0.));
#248=DIRECTION('',(-1.,0.,1.22464679914735E-16));
#249=FACE_BOUND('',#250,.T.);
#250=EDGE_LOOP('',(#843));
#251=FACE_BOUND('',#252,.T.);
#252=EDGE_LOOP('',(#844,#845,#846,#847));
#253=FACE_BOUND('',#254,.T.);
#254=EDGE_LOOP('',(#848,#849));
#255=PLANE('',#256);
#256=AXIS2_PLACEMENT_3D('',#257,#258,#259);
#257=CARTESIAN_POINT('',(0.,0.,-7.));
#258=DIRECTION('',(0.,0.,-1.));
#259=DIRECTION('',(-1.,0.,0.));
#260=FACE_BOUND('',#261,.T.);
#261=EDGE_LOOP('',(#850,#851,#852,#853,#854,#855,#856,#857,#858,#859,#860,#861,#862,
#863,#864,#865,#866,#867,#868,#869,#870,#871,#872,#873,#874,#875,#876,#877,#878,
#879,#880,#881,#882,#883,#884,#885,#886,#887,#888,#889,#890,#891,#892,#893,#894,
#895,#896,#897,#898,#899,#900,#901,#902,#903,#904,#905,#906,#907,#908,#909,#910,
#911,#912,#913,#914,#915,#916,#917,#918,#919,#920,#921,#922,#923,#924,#925,#926,
#927));
#262=FACE_BOUND('',#263,.T.);
#263=EDGE_LOOP('',(#928,#929));
#264=PLANE('',#265);
#265=AXIS2_PLACEMENT_3D('',#266,#267,#268);
#266=CARTESIAN_POINT('',(0.,0.,8.));
#267=DIRECTION('',(0.,0.,1.));
#268=DIRECTION('',(0.,-1.,0.));
#269=FACE_BOUND('',#270,.T.);
#270=EDGE_LOOP('',(#930,#931,#932,#933,#934,#935,#936,#937,#938,#939,#940,#941,#942,
#943,#944,#945,#946,#947,#948,#949,#950,#951,#952,#953,#954,#955,#956,#957,#958,
#959,#960,#961,#962,#963,#964,#965,#966,#967,#968,#969,#970,#971,#972,#973,#974,
#975,#976,#977,#978,#979,#980,#981,#982,#983,#984,#985,#986,#987,#988,#989,#990,
#991,#992,#993,#994,#995,#996,#997,#998,#999,#1000,#1001,#1002,#1003,#1004,#1005,
#1006,#1007));
#271=FACE_BOUND('',#272,.T.);
#272=EDGE_LOOP('',(#1008));
#273=PLANE('',#274);
#274=AXIS2_PLACEMENT_3D('',#275,#276,#277);
#275=CARTESIAN_POINT('',(0.,0.,0.));
#276=DIRECTION('',(0.,0.,1.));
#277=DIRECTION('',(0.,-1.,0.));
#278=FACE_BOUND('',#279,.T.);
#279=EDGE_LOOP('',(#1009,#1010,#1011,#1012));
#280=PLANE('',#281);
#281=AXIS2_PLACEMENT_3D('',#282,#283,#284);
#282=CARTESIAN_POINT('',(2.8,-3.7,-1.));
#283=DIRECTION('',(1.,0.,0.));
#284=DIRECTION('',(0.,-1.,0.));
#285=FACE_BOUND('',#286,.T.);
#286=EDGE_LOOP('',(#1013,#1014,#1015,#1016));
#287=PLANE('',#288);
#288=AXIS2_PLACEMENT_3D('',#289,#290,#291);
#289=CARTESIAN_POINT('',(0.,0.,-1.));
#290=DIRECTION('',(0.,0.,-1.));
#291=DIRECTION('',(-1.,0.,0.));
#292=FACE_BOUND('',#293,.T.);
#293=EDGE_LOOP('',(#1017,#1018,#1019,#1020));
#294=PLANE('',#295);
#295=AXIS2_PLACEMENT_3D('',#296,#297,#298);
#296=CARTESIAN_POINT('',(-2.8,-6.2,-1.));
#297=DIRECTION('',(-1.,0.,0.));
#298=DIRECTION('',(0.,1.,0.));
#299=FACE_BOUND('',#300,.T.);
#300=EDGE_LOOP('',(#1021,#1022,#1023,#1024));
#301=SURFACE_OF_LINEAR_EXTRUSION('',#302,#303);
#302=B_SPLINE_CURVE_WITH_KNOTS('',3,
(#1025,#1026,#1027,#1028,#1029,#1030,#1031,#1032,#1033,#1034,#1035,#1036,#1037,#1038,
#1039,#1040,#1041,#1042,#1043,#1044,#1045,#1046,#1047,#1048,#1049,#1050,#1051,#1052,
#1053,#1054),
.UNSPECIFIED.,.F.,.F.,
(4,2,2,2,2,2,2,2,2,2,2,2,2,2,4),
(0.,0.0839959174230824,0.161535122799846,0.235724623316405,0.307971595231485,0.379001260677067,
0.449224333717288,0.518890997201741,0.588162968639136,0.657150262455076,0.725931306920668,
0.794564638603943,0.863096095390739,0.931563510454054,1.),
.UNSPECIFIED.);
#303=VECTOR('',#304,8.);
#304=DIRECTION('',(0.,0.,1.));
#305=FACE_BOUND('',#306,.T.);
#306=EDGE_LOOP('',(#1055,#1056,#1057,#1058));
#307=SURFACE_OF_LINEAR_EXTRUSION('',#308,#309);
#308=B_SPLINE_CURVE_WITH_KNOTS('',3,
(#1059,#1060,#1061,#1062,#1063,#1064,#1065,#1066,#1067,#1068,#1069,#1070,#1071,#1072,
#1073,#1074,#1075,#1076,#1077,#1078,#1079,#1080,#1081,#1082,#1083,#1084,#1085,#1086,
#1087,#1088),
.UNSPECIFIED.,.F.,.F.,
(4,2,2,2,2,2,2,2,2,2,2,2,2,2,4),
(0.,0.0791643643196287,0.157138872773325,0.233923507008953,0.309518244074838,0.383923054739535,
0.45713790096679,0.5291627319786,0.599997477839088,0.669642038413869,0.738096263025901,
0.805359909474051,0.871432550814523,0.936313322147835,1.),
.UNSPECIFIED.);
#309=VECTOR('',#310,8.);
#310=DIRECTION('',(0.,0.,1.));
#311=FACE_BOUND('',#312,.T.);
#312=EDGE_LOOP('',(#1089,#1090,#1091,#1092));
#313=CYLINDRICAL_SURFACE('',#314,13.894);
#314=AXIS2_PLACEMENT_3D('',#315,#316,#317);
#315=CARTESIAN_POINT('',(0.,0.,0.));
#316=DIRECTION('',(0.,0.,1.));
#317=DIRECTION('',(0.,-1.,0.));
#318=FACE_BOUND('',#319,.T.);
#319=EDGE_LOOP('',(#1093,#1094,#1095,#1096));
#320=SURFACE_OF_LINEAR_EXTRUSION('',#321,#322);
#321=B_SPLINE_CURVE_WITH_KNOTS('',3,
(#1097,#1098,#1099,#1100,#1101,#1102,#1103,#1104,#1105,#1106,#1107,#1108,#1109,#1110,
#1111,#1112,#1113,#1114,#1115,#1116,#1117,#1118,#1119,#1120,#1121,#1122,#1123,#1124,
#1125,#1126),
.UNSPECIFIED.,.F.,.F.,
(4,2,2,2,2,2,2,2,2,2,2,2,2,2,4),
(0.,0.0636866778521681,0.12856744918548,0.194640090525953,0.261903736974102,0.330357961586132,
0.400002522160914,0.470837268021406,0.542862099033218,0.616076945260474,0.690481755925174,
0.766076492991057,0.842861127226683,0.920835635680376,1.),
.UNSPECIFIED.);
#322=VECTOR('',#323,8.);
#323=DIRECTION('',(0.,0.,1.));
#324=FACE_BOUND('',#325,.T.);
#325=EDGE_LOOP('',(#1127,#1128,#1129,#1130));
#326=SURFACE_OF_LINEAR_EXTRUSION('',#327,#328);
#327=B_SPLINE_CURVE_WITH_KNOTS('',3,
(#1131,#1132,#1133,#1134,#1135,#1136,#1137,#1138,#1139,#1140,#1141,#1142,#1143,#1144,
#1145,#1146,#1147,#1148,#1149,#1150,#1151,#1152,#1153,#1154,#1155,#1156,#1157,#1158,
#1159,#1160),
.UNSPECIFIED.,.F.,.F.,
(4,2,2,2,2,2,2,2,2,2,2,2,2,2,4),
(0.,0.0684364895459459,0.136903904609257,0.20543536139604,0.274068693079301,0.342849737544878,
0.411837031360814,0.481109002798209,0.550775666282663,0.620998739322871,0.692028404768448,
0.764275376683528,0.838464877200103,0.916004082576885,1.),
.UNSPECIFIED.);
#328=VECTOR('',#329,8.);
#329=DIRECTION('',(0.,0.,1.));
#330=FACE_BOUND('',#331,.T.);
#331=EDGE_LOOP('',(#1161,#1162,#1163,#1164));
#332=CYLINDRICAL_SURFACE('',#333,10.48425);
#333=AXIS2_PLACEMENT_3D('',#334,#335,#336);
#334=CARTESIAN_POINT('',(0.,0.,0.));
#335=DIRECTION('',(0.,0.,-1.));
#336=DIRECTION('',(0.96852480128748,0.248917073120845,0.));
#337=FACE_BOUND('',#338,.T.);
#338=EDGE_LOOP('',(#1165,#1166,#1167,#1168));
#339=SURFACE_OF_LINEAR_EXTRUSION('',#340,#341);
#340=B_SPLINE_CURVE_WITH_KNOTS('',3,
(#1169,#1170,#1171,#1172,#1173,#1174,#1175,#1176,#1177,#1178,#1179,#1180,#1181,#1182,
#1183,#1184,#1185,#1186,#1187,#1188,#1189,#1190,#1191,#1192,#1193,#1194,#1195,#1196,
#1197,#1198),
.UNSPECIFIED.,.F.,.F.,
(4,2,2,2,2,2,2,2,2,2,2,2,2,2,4),
(0.,0.0839959174230824,0.161535122799846,0.235724623316405,0.307971595231485,0.379001260677067,
0.449224333717288,0.518890997201741,0.588162968639136,0.657150262455076,0.725931306920668,
0.794564638603943,0.863096095390739,0.931563510454054,1.),
.UNSPECIFIED.);
#341=VECTOR('',#342,8.);
#342=DIRECTION('',(0.,0.,1.));
#343=FACE_BOUND('',#344,.T.);
#344=EDGE_LOOP('',(#1199,#1200,#1201,#1202));
#345=SURFACE_OF_LINEAR_EXTRUSION('',#346,#347);
#346=B_SPLINE_CURVE_WITH_KNOTS('',3,
(#1203,#1204,#1205,#1206,#1207,#1208,#1209,#1210,#1211,#1212,#1213,#1214,#1215,#1216,
#1217,#1218,#1219,#1220,#1221,#1222,#1223,#1224,#1225,#1226,#1227,#1228,#1229,#1230,
#1231,#1232),
.UNSPECIFIED.,.F.,.F.,
(4,2,2,2,2,2,2,2,2,2,2,2,2,2,4),
(0.,0.0791643643196287,0.157138872773325,0.233923507008953,0.309518244074838,0.383923054739535,
0.45713790096679,0.5291627319786,0.599997477839088,0.669642038413869,0.738096263025901,
0.805359909474051,0.871432550814523,0.936313322147835,1.),
.UNSPECIFIED.);
#347=VECTOR('',#348,8.);
#348=DIRECTION('',(0.,0.,1.));
#349=FACE_BOUND('',#350,.T.);
#350=EDGE_LOOP('',(#1233,#1234,#1235,#1236));
#351=CYLINDRICAL_SURFACE('',#352,13.894);
#352=AXIS2_PLACEMENT_3D('',#353,#354,#355);
#353=CARTESIAN_POINT('',(0.,0.,0.));
#354=DIRECTION('',(0.,0.,1.));
#355=DIRECTION('',(0.,-1.,0.));
#356=FACE_BOUND('',#357,.T.);
#357=EDGE_LOOP('',(#1237,#1238,#1239,#1240));
#358=SURFACE_OF_LINEAR_EXTRUSION('',#359,#360);
#359=B_SPLINE_CURVE_WITH_KNOTS('',3,
(#1241,#1242,#1243,#1244,#1245,#1246,#1247,#1248,#1249,#1250,#1251,#1252,#1253,#1254,
#1255,#1256,#1257,#1258,#1259,#1260,#1261,#1262,#1263,#1264,#1265,#1266,#1267,#1268,
#1269,#1270),
.UNSPECIFIED.,.F.,.F.,
(4,2,2,2,2,2,2,2,2,2,2,2,2,2,4),
(0.,0.0636866778521681,0.12856744918548,0.194640090525953,0.261903736974102,0.330357961586132,
0.400002522160914,0.470837268021406,0.542862099033218,0.616076945260474,0.690481755925174,
0.766076492991057,0.842861127226683,0.920835635680376,1.),
.UNSPECIFIED.);
#360=VECTOR('',#361,8.);
#361=DIRECTION('',(0.,0.,1.));
#362=FACE_BOUND('',#363,.T.);
#363=EDGE_LOOP('',(#1271,#1272,#1273,#1274));
#364=SURFACE_OF_LINEAR_EXTRUSION('',#365,#366);
#365=B_SPLINE_CURVE_WITH_KNOTS('',3,
(#1275,#1276,#1277,#1278,#1279,#1280,#1281,#1282,#1283,#1284,#1285,#1286,#1287,#1288,
#1289,#1290,#1291,#1292,#1293,#1294,#1295,#1296,#1297,#1298,#1299,#1300,#1301,#1302,
#1303,#1304),
.UNSPECIFIED.,.F.,.F.,
(4,2,2,2,2,2,2,2,2,2,2,2,2,2,4),
(0.,0.0684364895459459,0.136903904609257,0.20543536139604,0.274068693079301,0.342849737544878,
0.411837031360814,0.481109002798209,0.550775666282663,0.620998739322871,0.692028404768448,
0.764275376683528,0.838464877200103,0.916004082576885,1.),
.UNSPECIFIED.);
#366=VECTOR('',#367,8.);
#367=DIRECTION('',(0.,0.,1.));
#368=FACE_BOUND('',#369,.T.);
#369=EDGE_LOOP('',(#1305,#1306,#1307,#1308));
#370=CYLINDRICAL_SURFACE('',#371,10.48425);
#371=AXIS2_PLACEMENT_3D('',#372,#373,#374);
#372=CARTESIAN_POINT('',(0.,0.,0.));
#373=DIRECTION('',(0.,0.,-1.));
#374=DIRECTION('',(0.741908589498007,0.670501040140191,0.));
#375=FACE_BOUND('',#376,.T.);
#376=EDGE_LOOP('',(#1309,#1310,#1311,#1312));
#377=SURFACE_OF_LINEAR_EXTRUSION('',#378,#379);
#378=B_SPLINE_CURVE_WITH_KNOTS('',3,
(#1313,#1314,#1315,#1316,#1317,#1318,#1319,#1320,#1321,#1322,#1323,#1324,#1325,#1326,
#1327,#1328,#1329,#1330,#1331,#1332,#1333,#1334,#1335,#1336,#1337,#1338,#1339,#1340,
#1341,#1342),
.UNSPECIFIED.,.F.,.F.,
(4,2,2,2,2,2,2,2,2,2,2,2,2,2,4),
(0.,0.0839959174230824,0.161535122799846,0.235724623316405,0.307971595231485,0.379001260677067,
0.449224333717288,0.518890997201741,0.588162968639136,0.657150262455076,0.725931306920668,
0.794564638603943,0.863096095390739,0.931563510454054,1.),
.UNSPECIFIED.);
#379=VECTOR('',#380,8.);
#380=DIRECTION('',(0.,0.,1.));
#381=FACE_BOUND('',#382,.T.);
#382=EDGE_LOOP('',(#1343,#1344,#1345,#1346));
#383=SURFACE_OF_LINEAR_EXTRUSION('',#384,#385);
#384=B_SPLINE_CURVE_WITH_KNOTS('',3,
(#1347,#1348,#1349,#1350,#1351,#1352,#1353,#1354,#1355,#1356,#1357,#1358,#1359,#1360,
#1361,#1362,#1363,#1364,#1365,#1366,#1367,#1368,#1369,#1370,#1371,#1372,#1373,#1374,
#1375,#1376),
.UNSPECIFIED.,.F.,.F.,
(4,2,2,2,2,2,2,2,2,2,2,2,2,2,4),
(0.,0.0791643643196287,0.157138872773325,0.233923507008953,0.309518244074838,0.383923054739535,
0.45713790096679,0.5291627319786,0.599997477839088,0.669642038413869,0.738096263025901,
0.805359909474051,0.871432550814523,0.936313322147835,1.),
.UNSPECIFIED.);
#385=VECTOR('',#386,8.);
#386=DIRECTION('',(0.,0.,1.));
#387=FACE_BOUND('',#388,.T.);
#388=EDGE_LOOP('',(#1377,#1378,#1379,#1380));
#389=CYLINDRICAL_SURFACE('',#390,13.894);
#390=AXIS2_PLACEMENT_3D('',#391,#392,#393);
#391=CARTESIAN_POINT('',(0.,0.,0.));
#392=DIRECTION('',(0.,0.,1.));
#393=DIRECTION('',(0.,-1.,0.));
#394=FACE_BOUND('',#395,.T.);
#395=EDGE_LOOP('',(#1381,#1382,#1383,#1384));
#396=SURFACE_OF_LINEAR_EXTRUSION('',#397,#398);
#397=B_SPLINE_CURVE_WITH_KNOTS('',3,
(#1385,#1386,#1387,#1388,#1389,#1390,#1391,#1392,#1393,#1394,#1395,#1396,#1397,#1398,
#1399,#1400,#1401,#1402,#1403,#1404,#1405,#1406,#1407,#1408,#1409,#1410,#1411,#1412,
#1413,#1414),
.UNSPECIFIED.,.F.,.F.,
(4,2,2,2,2,2,2,2,2,2,2,2,2,2,4),
(0.,0.0636866778521681,0.12856744918548,0.194640090525953,0.261903736974102,0.330357961586132,
0.400002522160914,0.470837268021406,0.542862099033218,0.616076945260474,0.690481755925174,
0.766076492991057,0.842861127226683,0.920835635680376,1.),
.UNSPECIFIED.);
#398=VECTOR('',#399,8.);
#399=DIRECTION('',(0.,0.,1.));
#400=FACE_BOUND('',#401,.T.);
#401=EDGE_LOOP('',(#1415,#1416,#1417,#1418));
#402=SURFACE_OF_LINEAR_EXTRUSION('',#403,#404);
#403=B_SPLINE_CURVE_WITH_KNOTS('',3,
(#1419,#1420,#1421,#1422,#1423,#1424,#1425,#1426,#1427,#1428,#1429,#1430,#1431,#1432,
#1433,#1434,#1435,#1436,#1437,#1438,#1439,#1440,#1441,#1442,#1443,#1444,#1445,#1446,
#1447,#1448),
.UNSPECIFIED.,.F.,.F.,
(4,2,2,2,2,2,2,2,2,2,2,2,2,2,4),
(0.,0.0684364895459459,0.136903904609257,0.20543536139604,0.274068693079301,0.342849737544878,
0.411837031360814,0.481109002798209,0.550775666282663,0.620998739322871,0.692028404768448,
0.764275376683528,0.838464877200103,0.916004082576885,1.),
.UNSPECIFIED.);
#404=VECTOR('',#405,8.);
#405=DIRECTION('',(0.,0.,1.));
#406=FACE_BOUND('',#407,.T.);
#407=EDGE_LOOP('',(#1449,#1450,#1451,#1452));
#408=CYLINDRICAL_SURFACE('',#409,10.48425);
#409=AXIS2_PLACEMENT_3D('',#410,#411,#412);
#410=CARTESIAN_POINT('',(0.,0.,0.));
#411=DIRECTION('',(0.,0.,-1.));
#412=DIRECTION('',(0.345330060822289,0.938481299276909,0.));
#413=FACE_BOUND('',#414,.T.);
#414=EDGE_LOOP('',(#1453,#1454,#1455,#1456));
#415=SURFACE_OF_LINEAR_EXTRUSION('',#416,#417);
#416=B_SPLINE_CURVE_WITH_KNOTS('',3,
(#1457,#1458,#1459,#1460,#1461,#1462,#1463,#1464,#1465,#1466,#1467,#1468,#1469,#1470,
#1471,#1472,#1473,#1474,#1475,#1476,#1477,#1478,#1479,#1480,#1481,#1482,#1483,#1484,
#1485,#1486),
.UNSPECIFIED.,.F.,.F.,
(4,2,2,2,2,2,2,2,2,2,2,2,2,2,4),
(0.,0.0839959174230824,0.161535122799846,0.235724623316405,0.307971595231485,0.379001260677067,
0.449224333717288,0.518890997201741,0.588162968639136,0.657150262455076,0.725931306920668,
0.794564638603943,0.863096095390739,0.931563510454054,1.),
.UNSPECIFIED.);
#417=VECTOR('',#418,8.);
#418=DIRECTION('',(0.,0.,1.));
#419=FACE_BOUND('',#420,.T.);
#420=EDGE_LOOP('',(#1487,#1488,#1489,#1490));
#421=SURFACE_OF_LINEAR_EXTRUSION('',#422,#423);
#422=B_SPLINE_CURVE_WITH_KNOTS('',3,
(#1491,#1492,#1493,#1494,#1495,#1496,#1497,#1498,#1499,#1500,#1501,#1502,#1503,#1504,
#1505,#1506,#1507,#1508,#1509,#1510,#1511,#1512,#1513,#1514,#1515,#1516,#1517,#1518,
#1519,#1520),
.UNSPECIFIED.,.F.,.F.,
(4,2,2,2,2,2,2,2,2,2,2,2,2,2,4),
(0.,0.0791643643196287,0.157138872773325,0.233923507008953,0.309518244074838,0.383923054739535,
0.45713790096679,0.5291627319786,0.599997477839088,0.669642038413869,0.738096263025901,
0.805359909474051,0.871432550814523,0.936313322147835,1.),
.UNSPECIFIED.);
#423=VECTOR('',#424,8.);
#424=DIRECTION('',(0.,0.,1.));
#425=FACE_BOUND('',#426,.T.);
#426=EDGE_LOOP('',(#1521,#1522,#1523,#1524));
#427=CYLINDRICAL_SURFACE('',#428,13.894);
#428=AXIS2_PLACEMENT_3D('',#429,#430,#431);
#429=CARTESIAN_POINT('',(0.,0.,0.));
#430=DIRECTION('',(0.,0.,1.));
#431=DIRECTION('',(0.,-1.,0.));
#432=FACE_BOUND('',#433,.T.);
#433=EDGE_LOOP('',(#1525,#1526,#1527,#1528));
#434=SURFACE_OF_LINEAR_EXTRUSION('',#435,#436);
#435=B_SPLINE_CURVE_WITH_KNOTS('',3,
(#1529,#1530,#1531,#1532,#1533,#1534,#1535,#1536,#1537,#1538,#1539,#1540,#1541,#1542,
#1543,#1544,#1545,#1546,#1547,#1548,#1549,#1550,#1551,#1552,#1553,#1554,#1555,#1556,
#1557,#1558),
.UNSPECIFIED.,.F.,.F.,
(4,2,2,2,2,2,2,2,2,2,2,2,2,2,4),
(0.,0.0636866778521681,0.12856744918548,0.194640090525953,0.261903736974102,0.330357961586132,
0.400002522160914,0.470837268021406,0.542862099033218,0.616076945260474,0.690481755925174,
0.766076492991057,0.842861127226683,0.920835635680376,1.),
.UNSPECIFIED.);
#436=VECTOR('',#437,8.);
#437=DIRECTION('',(0.,0.,1.));
#438=FACE_BOUND('',#439,.T.);
#439=EDGE_LOOP('',(#1559,#1560,#1561,#1562));
#440=SURFACE_OF_LINEAR_EXTRUSION('',#441,#442);
#441=B_SPLINE_CURVE_WITH_KNOTS('',3,
(#1563,#1564,#1565,#1566,#1567,#1568,#1569,#1570,#1571,#1572,#1573,#1574,#1575,#1576,
#1577,#1578,#1579,#1580,#1581,#1582,#1583,#1584,#1585,#1586,#1587,#1588,#1589,#1590,
#1591,#1592),
.UNSPECIFIED.,.F.,.F.,
(4,2,2,2,2,2,2,2,2,2,2,2,2,2,4),
(0.,0.0684364895459459,0.136903904609257,0.20543536139604,0.274068693079301,0.342849737544878,
0.411837031360814,0.481109002798209,0.550775666282663,0.620998739322871,0.692028404768448,
0.764275376683528,0.838464877200103,0.916004082576885,1.),
.UNSPECIFIED.);
#442=VECTOR('',#443,8.);
#443=DIRECTION('',(0.,0.,1.));
#444=FACE_BOUND('',#445,.T.);
#445=EDGE_LOOP('',(#1593,#1594,#1595,#1596));
#446=CYLINDRICAL_SURFACE('',#447,10.48425);
#447=AXIS2_PLACEMENT_3D('',#448,#449,#450);
#448=CARTESIAN_POINT('',(0.,0.,0.));
#449=DIRECTION('',(0.,0.,-1.));
#450=DIRECTION('',(-0.130359423109437,0.991466802674994,0.));
#451=FACE_BOUND('',#452,.T.);
#452=EDGE_LOOP('',(#1597,#1598,#1599,#1600));
#453=SURFACE_OF_LINEAR_EXTRUSION('',#454,#455);
#454=B_SPLINE_CURVE_WITH_KNOTS('',3,
(#1601,#1602,#1603,#1604,#1605,#1606,#1607,#1608,#1609,#1610,#1611,#1612,#1613,#1614,
#1615,#1616,#1617,#1618,#1619,#1620,#1621,#1622,#1623,#1624,#1625,#1626,#1627,#1628,
#1629,#1630),
.UNSPECIFIED.,.F.,.F.,
(4,2,2,2,2,2,2,2,2,2,2,2,2,2,4),
(0.,0.0839959174230824,0.161535122799846,0.235724623316405,0.307971595231485,0.379001260677067,
0.449224333717288,0.518890997201741,0.588162968639136,0.657150262455076,0.725931306920668,
0.794564638603943,0.863096095390739,0.931563510454054,1.),
.UNSPECIFIED.);
#455=VECTOR('',#456,8.);
#456=DIRECTION('',(0.,0.,1.));
#457=FACE_BOUND('',#458,.T.);
#458=EDGE_LOOP('',(#1631,#1632,#1633,#1634));
#459=SURFACE_OF_LINEAR_EXTRUSION('',#460,#461);
#460=B_SPLINE_CURVE_WITH_KNOTS('',3,
(#1635,#1636,#1637,#1638,#1639,#1640,#1641,#1642,#1643,#1644,#1645,#1646,#1647,#1648,
#1649,#1650,#1651,#1652,#1653,#1654,#1655,#1656,#1657,#1658,#1659,#1660,#1661,#1662,
#1663,#1664),
.UNSPECIFIED.,.F.,.F.,
(4,2,2,2,2,2,2,2,2,2,2,2,2,2,4),
(0.,0.0791643643196287,0.157138872773325,0.233923507008953,0.309518244074838,0.383923054739535,
0.45713790096679,0.5291627319786,0.599997477839088,0.669642038413869,0.738096263025901,
0.805359909474051,0.871432550814523,0.936313322147835,1.),
.UNSPECIFIED.);
#461=VECTOR('',#462,8.);
#462=DIRECTION('',(0.,0.,1.));
#463=FACE_BOUND('',#464,.T.);
#464=EDGE_LOOP('',(#1665,#1666,#1667,#1668));
#465=CYLINDRICAL_SURFACE('',#466,13.894);
#466=AXIS2_PLACEMENT_3D('',#467,#468,#469);
#467=CARTESIAN_POINT('',(0.,0.,0.));
#468=DIRECTION('',(0.,0.,1.));
#469=DIRECTION('',(0.,-1.,0.));
#470=FACE_BOUND('',#471,.T.);
#471=EDGE_LOOP('',(#1669,#1670,#1671,#1672));
#472=SURFACE_OF_LINEAR_EXTRUSION('',#473,#474);
#473=B_SPLINE_CURVE_WITH_KNOTS('',3,
(#1673,#1674,#1675,#1676,#1677,#1678,#1679,#1680,#1681,#1682,#1683,#1684,#1685,#1686,
#1687,#1688,#1689,#1690,#1691,#1692,#1693,#1694,#1695,#1696,#1697,#1698,#1699,#1700,
#1701,#1702),
.UNSPECIFIED.,.F.,.F.,
(4,2,2,2,2,2,2,2,2,2,2,2,2,2,4),
(0.,0.0636866778521681,0.12856744918548,0.194640090525953,0.261903736974102,0.330357961586132,
0.400002522160914,0.470837268021406,0.542862099033218,0.616076945260474,0.690481755925174,
0.766076492991057,0.842861127226683,0.920835635680376,1.),
.UNSPECIFIED.);
#474=VECTOR('',#475,8.);
#475=DIRECTION('',(0.,0.,1.));
#476=FACE_BOUND('',#477,.T.);
#477=EDGE_LOOP('',(#1703,#1704,#1705,#1706));
#478=SURFACE_OF_LINEAR_EXTRUSION('',#479,#480);
#479=B_SPLINE_CURVE_WITH_KNOTS('',3,
(#1707,#1708,#1709,#1710,#1711,#1712,#1713,#1714,#1715,#1716,#1717,#1718,#1719,#1720,
#1721,#1722,#1723,#1724,#1725,#1726,#1727,#1728,#1729,#1730,#1731,#1732,#1733,#1734,
#1735,#1736),
.UNSPECIFIED.,.F.,.F.,
(4,2,2,2,2,2,2,2,2,2,2,2,2,2,4),
(0.,0.0684364895459459,0.136903904609257,0.20543536139604,0.274068693079301,0.342849737544878,
0.411837031360814,0.481109002798209,0.550775666282663,0.620998739322871,0.692028404768448,
0.764275376683528,0.838464877200103,0.916004082576885,1.),
.UNSPECIFIED.);
#480=VECTOR('',#481,8.);
#481=DIRECTION('',(0.,0.,1.));
#482=FACE_BOUND('',#483,.T.);
#483=EDGE_LOOP('',(#1737,#1738,#1739,#1740));
#484=CYLINDRICAL_SURFACE('',#485,10.48425);
#485=AXIS2_PLACEMENT_3D('',#486,#487,#488);
#486=CARTESIAN_POINT('',(0.,0.,0.));
#487=DIRECTION('',(0.,0.,-1.));
#488=DIRECTION('',(-0.576185134208144,0.817319210050482,0.));
#489=FACE_BOUND('',#490,.T.);
#490=EDGE_LOOP('',(#1741,#1742,#1743,#1744));
#491=SURFACE_OF_LINEAR_EXTRUSION('',#492,#493);
#492=B_SPLINE_CURVE_WITH_KNOTS('',3,
(#1745,#1746,#1747,#1748,#1749,#1750,#1751,#1752,#1753,#1754,#1755,#1756,#1757,#1758,
#1759,#1760,#1761,#1762,#1763,#1764,#1765,#1766,#1767,#1768,#1769,#1770,#1771,#1772,
#1773,#1774),
.UNSPECIFIED.,.F.,.F.,
(4,2,2,2,2,2,2,2,2,2,2,2,2,2,4),
(0.,0.0839959174230824,0.161535122799846,0.235724623316405,0.307971595231485,0.379001260677067,
0.449224333717288,0.518890997201741,0.588162968639136,0.657150262455076,0.725931306920668,
0.794564638603943,0.863096095390739,0.931563510454054,1.),
.UNSPECIFIED.);
#493=VECTOR('',#494,8.);
#494=DIRECTION('',(0.,0.,1.));
#495=FACE_BOUND('',#496,.T.);
#496=EDGE_LOOP('',(#1775,#1776,#1777,#1778));
#497=SURFACE_OF_LINEAR_EXTRUSION('',#498,#499);
#498=B_SPLINE_CURVE_WITH_KNOTS('',3,
(#1779,#1780,#1781,#1782,#1783,#1784,#1785,#1786,#1787,#1788,#1789,#1790,#1791,#1792,
#1793,#1794,#1795,#1796,#1797,#1798,#1799,#1800,#1801,#1802,#1803,#1804,#1805,#1806,
#1807,#1808),
.UNSPECIFIED.,.F.,.F.,
(4,2,2,2,2,2,2,2,2,2,2,2,2,2,4),
(0.,0.0791643643196287,0.157138872773325,0.233923507008953,0.309518244074838,0.383923054739535,
0.45713790096679,0.5291627319786,0.599997477839088,0.669642038413869,0.738096263025901,
0.805359909474051,0.871432550814523,0.936313322147835,1.),
.UNSPECIFIED.);
#499=VECTOR('',#500,8.);
#500=DIRECTION('',(0.,0.,1.));
#501=FACE_BOUND('',#502,.T.);
#502=EDGE_LOOP('',(#1809,#1810,#1811,#1812));
#503=CYLINDRICAL_SURFACE('',#504,13.894);
#504=AXIS2_PLACEMENT_3D('',#505,#506,#507);
#505=CARTESIAN_POINT('',(0.,0.,0.));
#506=DIRECTION('',(0.,0.,1.));
#507=DIRECTION('',(0.,-1.,0.));
#508=FACE_BOUND('',#509,.T.);
#509=EDGE_LOOP('',(#1813,#1814,#1815,#1816));
#510=SURFACE_OF_LINEAR_EXTRUSION('',#511,#512);
#511=B_SPLINE_CURVE_WITH_KNOTS('',3,
(#1817,#1818,#1819,#1820,#1821,#1822,#1823,#1824,#1825,#1826,#1827,#1828,#1829,#1830,
#1831,#1832,#1833,#1834,#1835,#1836,#1837,#1838,#1839,#1840,#1841,#1842,#1843,#1844,
#1845,#1846),
.UNSPECIFIED.,.F.,.F.,
(4,2,2,2,2,2,2,2,2,2,2,2,2,2,4),
(0.,0.0636866778521681,0.12856744918548,0.194640090525953,0.261903736974102,0.330357961586132,
0.400002522160914,0.470837268021406,0.542862099033218,0.616076945260474,0.690481755925174,
0.766076492991057,0.842861127226683,0.920835635680376,1.),
.UNSPECIFIED.);
#512=VECTOR('',#513,8.);
#513=DIRECTION('',(0.,0.,1.));
#514=FACE_BOUND('',#515,.T.);
#515=EDGE_LOOP('',(#1847,#1848,#1849,#1850));
#516=SURFACE_OF_LINEAR_EXTRUSION('',#517,#518);
#517=B_SPLINE_CURVE_WITH_KNOTS('',3,
(#1851,#1852,#1853,#1854,#1855,#1856,#1857,#1858,#1859,#1860,#1861,#1862,#1863,#1864,
#1865,#1866,#1867,#1868,#1869,#1870,#1871,#1872,#1873,#1874,#1875,#1876,#1877,#1878,
#1879,#1880),
.UNSPECIFIED.,.F.,.F.,
(4,2,2,2,2,2,2,2,2,2,2,2,2,2,4),
(0.,0.0684364895459459,0.136903904609257,0.20543536139604,0.274068693079301,0.342849737544878,
0.411837031360814,0.481109002798209,0.550775666282663,0.620998739322871,0.692028404768448,
0.764275376683528,0.838464877200103,0.916004082576885,1.),
.UNSPECIFIED.);
#518=VECTOR('',#519,8.);
#519=DIRECTION('',(0.,0.,1.));
#520=FACE_BOUND('',#521,.T.);
#521=EDGE_LOOP('',(#1881,#1882,#1883,#1884));
#522=CYLINDRICAL_SURFACE('',#523,10.48425);
#523=AXIS2_PLACEMENT_3D('',#524,#525,#526);
#524=CARTESIAN_POINT('',(0.,0.,0.));
#525=DIRECTION('',(0.,0.,-1.));
#526=DIRECTION('',(-0.890013774843371,0.455933636167647,0.));
#527=FACE_BOUND('',#528,.T.);
#528=EDGE_LOOP('',(#1885,#1886,#1887,#1888));
#529=SURFACE_OF_LINEAR_EXTRUSION('',#530,#531);
#530=B_SPLINE_CURVE_WITH_KNOTS('',3,
(#1889,#1890,#1891,#1892,#1893,#1894,#1895,#1896,#1897,#1898,#1899,#1900,#1901,#1902,
#1903,#1904,#1905,#1906,#1907,#1908,#1909,#1910,#1911,#1912,#1913,#1914,#1915,#1916,
#1917,#1918),
.UNSPECIFIED.,.F.,.F.,
(4,2,2,2,2,2,2,2,2,2,2,2,2,2,4),
(0.,0.0839959174230824,0.161535122799846,0.235724623316405,0.307971595231485,0.379001260677067,
0.449224333717288,0.518890997201741,0.588162968639136,0.657150262455076,0.725931306920668,
0.794564638603943,0.863096095390739,0.931563510454054,1.),
.UNSPECIFIED.);
#531=VECTOR('',#532,8.);
#532=DIRECTION('',(0.,0.,1.));
#533=FACE_BOUND('',#534,.T.);
#534=EDGE_LOOP('',(#1919,#1920,#1921,#1922));
#535=SURFACE_OF_LINEAR_EXTRUSION('',#536,#537);
#536=B_SPLINE_CURVE_WITH_KNOTS('',3,
(#1923,#1924,#1925,#1926,#1927,#1928,#1929,#1930,#1931,#1932,#1933,#1934,#1935,#1936,
#1937,#1938,#1939,#1940,#1941,#1942,#1943,#1944,#1945,#1946,#1947,#1948,#1949,#1950,
#1951,#1952),
.UNSPECIFIED.,.F.,.F.,
(4,2,2,2,2,2,2,2,2,2,2,2,2,2,4),
(0.,0.0791643643196287,0.157138872773325,0.233923507008953,0.309518244074838,0.383923054739535,
0.45713790096679,0.5291627319786,0.599997477839088,0.669642038413869,0.738096263025901,
0.805359909474051,0.871432550814523,0.936313322147835,1.),
.UNSPECIFIED.);
#537=VECTOR('',#538,8.);
#538=DIRECTION('',(0.,0.,1.));
#539=FACE_BOUND('',#540,.T.);
#540=EDGE_LOOP('',(#1953,#1954,#1955,#1956));
#541=CYLINDRICAL_SURFACE('',#542,13.894);
#542=AXIS2_PLACEMENT_3D('',#543,#544,#545);
#543=CARTESIAN_POINT('',(0.,0.,0.));
#544=DIRECTION('',(0.,0.,1.));
#545=DIRECTION('',(0.,-1.,0.));
#546=FACE_BOUND('',#547,.T.);
#547=EDGE_LOOP('',(#1957,#1958,#1959,#1960));
#548=SURFACE_OF_LINEAR_EXTRUSION('',#549,#550);
#549=B_SPLINE_CURVE_WITH_KNOTS('',3,
(#1961,#1962,#1963,#1964,#1965,#1966,#1967,#1968,#1969,#1970,#1971,#1972,#1973,#1974,
#1975,#1976,#1977,#1978,#1979,#1980,#1981,#1982,#1983,#1984,#1985,#1986,#1987,#1988,
#1989,#1990),
.UNSPECIFIED.,.F.,.F.,
(4,2,2,2,2,2,2,2,2,2,2,2,2,2,4),
(0.,0.0636866778521681,0.12856744918548,0.194640090525953,0.261903736974102,0.330357961586132,
0.400002522160914,0.470837268021406,0.542862099033218,0.616076945260474,0.690481755925174,
0.766076492991057,0.842861127226683,0.920835635680376,1.),
.UNSPECIFIED.);
#550=VECTOR('',#551,8.);
#551=DIRECTION('',(0.,0.,1.));
#552=FACE_BOUND('',#553,.T.);
#553=EDGE_LOOP('',(#1991,#1992,#1993,#1994));
#554=SURFACE_OF_LINEAR_EXTRUSION('',#555,#556);
#555=B_SPLINE_CURVE_WITH_KNOTS('',3,
(#1995,#1996,#1997,#1998,#1999,#2000,#2001,#2002,#2003,#2004,#2005,#2006,#2007,#2008,
#2009,#2010,#2011,#2012,#2013,#2014,#2015,#2016,#2017,#2018,#2019,#2020,#2021,#2022,
#2023,#2024),
.UNSPECIFIED.,.F.,.F.,
(4,2,2,2,2,2,2,2,2,2,2,2,2,2,4),
(0.,0.0684364895459459,0.136903904609257,0.20543536139604,0.274068693079301,0.342849737544878,
0.411837031360814,0.481109002798209,0.550775666282663,0.620998739322871,0.692028404768448,
0.764275376683528,0.838464877200103,0.916004082576885,1.),
.UNSPECIFIED.);
#556=VECTOR('',#557,8.);
#557=DIRECTION('',(0.,0.,1.));
#558=FACE_BOUND('',#559,.T.);
#559=EDGE_LOOP('',(#2025,#2026,#2027,#2028));
#560=CYLINDRICAL_SURFACE('',#561,10.48425);
#561=AXIS2_PLACEMENT_3D('',#562,#563,#564);
#562=CARTESIAN_POINT('',(0.,0.,0.));
#563=DIRECTION('',(0.,0.,-1.));
#564=DIRECTION('',(-0.999950985490701,-0.00990083916523832,0.));
#565=FACE_BOUND('',#566,.T.);
#566=EDGE_LOOP('',(#2029,#2030,#2031,#2032));
#567=SURFACE_OF_LINEAR_EXTRUSION('',#568,#569);
#568=B_SPLINE_CURVE_WITH_KNOTS('',3,
(#2033,#2034,#2035,#2036,#2037,#2038,#2039,#2040,#2041,#2042,#2043,#2044,#2045,#2046,
#2047,#2048,#2049,#2050,#2051,#2052,#2053,#2054,#2055,#2056,#2057,#2058,#2059,#2060,
#2061,#2062),
.UNSPECIFIED.,.F.,.F.,
(4,2,2,2,2,2,2,2,2,2,2,2,2,2,4),
(0.,0.0839959174230824,0.161535122799846,0.235724623316405,0.307971595231485,0.379001260677067,
0.449224333717288,0.518890997201741,0.588162968639136,0.657150262455076,0.725931306920668,
0.794564638603943,0.863096095390739,0.931563510454054,1.),
.UNSPECIFIED.);
#569=VECTOR('',#570,8.);
#570=DIRECTION('',(0.,0.,1.));
#571=FACE_BOUND('',#572,.T.);
#572=EDGE_LOOP('',(#2063,#2064,#2065,#2066));
#573=SURFACE_OF_LINEAR_EXTRUSION('',#574,#575);
#574=B_SPLINE_CURVE_WITH_KNOTS('',3,
(#2067,#2068,#2069,#2070,#2071,#2072,#2073,#2074,#2075,#2076,#2077,#2078,#2079,#2080,
#2081,#2082,#2083,#2084,#2085,#2086,#2087,#2088,#2089,#2090,#2091,#2092,#2093,#2094,
#2095,#2096),
.UNSPECIFIED.,.F.,.F.,
(4,2,2,2,2,2,2,2,2,2,2,2,2,2,4),
(0.,0.0791643643196287,0.157138872773325,0.233923507008953,0.309518244074838,0.383923054739535,
0.45713790096679,0.5291627319786,0.599997477839088,0.669642038413869,0.738096263025901,
0.805359909474051,0.871432550814523,0.936313322147835,1.),
.UNSPECIFIED.);
#575=VECTOR('',#576,8.);
#576=DIRECTION('',(0.,0.,1.));
#577=FACE_BOUND('',#578,.T.);
#578=EDGE_LOOP('',(#2097,#2098,#2099,#2100));
#579=CYLINDRICAL_SURFACE('',#580,13.894);
#580=AXIS2_PLACEMENT_3D('',#581,#582,#583);
#581=CARTESIAN_POINT('',(0.,0.,0.));
#582=DIRECTION('',(0.,0.,1.));
#583=DIRECTION('',(0.,-1.,0.));
#584=FACE_BOUND('',#585,.T.);
#585=EDGE_LOOP('',(#2101,#2102,#2103,#2104));
#586=SURFACE_OF_LINEAR_EXTRUSION('',#587,#588);
#587=B_SPLINE_CURVE_WITH_KNOTS('',3,
(#2105,#2106,#2107,#2108,#2109,#2110,#2111,#2112,#2113,#2114,#2115,#2116,#2117,#2118,
#2119,#2120,#2121,#2122,#2123,#2124,#2125,#2126,#2127,#2128,#2129,#2130,#2131,#2132,
#2133,#2134),
.UNSPECIFIED.,.F.,.F.,
(4,2,2,2,2,2,2,2,2,2,2,2,2,2,4),
(0.,0.0636866778521681,0.12856744918548,0.194640090525953,0.261903736974102,0.330357961586132,
0.400002522160914,0.470837268021406,0.542862099033218,0.616076945260474,0.690481755925174,
0.766076492991057,0.842861127226683,0.920835635680376,1.),
.UNSPECIFIED.);
#588=VECTOR('',#589,8.);
#589=DIRECTION('',(0.,0.,1.));
#590=FACE_BOUND('',#591,.T.);
#591=EDGE_LOOP('',(#2135,#2136,#2137,#2138));
#592=SURFACE_OF_LINEAR_EXTRUSION('',#593,#594);
#593=B_SPLINE_CURVE_WITH_KNOTS('',3,
(#2139,#2140,#2141,#2142,#2143,#2144,#2145,#2146,#2147,#2148,#2149,#2150,#2151,#2152,
#2153,#2154,#2155,#2156,#2157,#2158,#2159,#2160,#2161,#2162,#2163,#2164,#2165,#2166,
#2167,#2168),
.UNSPECIFIED.,.F.,.F.,
(4,2,2,2,2,2,2,2,2,2,2,2,2,2,4),
(0.,0.0684364895459459,0.136903904609257,0.20543536139604,0.274068693079301,0.342849737544878,
0.411837031360814,0.481109002798209,0.550775666282663,0.620998739322871,0.692028404768448,
0.764275376683528,0.838464877200103,0.916004082576885,1.),
.UNSPECIFIED.);
#594=VECTOR('',#595,8.);
#595=DIRECTION('',(0.,0.,1.));
#596=FACE_BOUND('',#597,.T.);
#597=EDGE_LOOP('',(#2169,#2170,#2171,#2172));
#598=CYLINDRICAL_SURFACE('',#599,10.48425);
#599=AXIS2_PLACEMENT_3D('',#600,#601,#602);
#600=CARTESIAN_POINT('',(0.,0.,0.));
#601=DIRECTION('',(0.,0.,-1.));
#602=DIRECTION('',(-0.880811476077842,-0.473467151563415,0.));
#603=FACE_BOUND('',#604,.T.);
#604=EDGE_LOOP('',(#2173,#2174,#2175,#2176));
#605=SURFACE_OF_LINEAR_EXTRUSION('',#606,#607);
#606=B_SPLINE_CURVE_WITH_KNOTS('',3,
(#2177,#2178,#2179,#2180,#2181,#2182,#2183,#2184,#2185,#2186,#2187,#2188,#2189,#2190,
#2191,#2192,#2193,#2194,#2195,#2196,#2197,#2198,#2199,#2200,#2201,#2202,#2203,#2204,
#2205,#2206),
.UNSPECIFIED.,.F.,.F.,
(4,2,2,2,2,2,2,2,2,2,2,2,2,2,4),
(0.,0.0839959174230824,0.161535122799846,0.235724623316405,0.307971595231485,0.379001260677067,
0.449224333717288,0.518890997201741,0.588162968639136,0.657150262455076,0.725931306920668,
0.794564638603943,0.863096095390739,0.931563510454054,1.),
.UNSPECIFIED.);
#607=VECTOR('',#608,8.);
#608=DIRECTION('',(0.,0.,1.));
#609=FACE_BOUND('',#610,.T.);
#610=EDGE_LOOP('',(#2207,#2208,#2209,#2210));
#611=SURFACE_OF_LINEAR_EXTRUSION('',#612,#613);
#612=B_SPLINE_CURVE_WITH_KNOTS('',3,
(#2211,#2212,#2213,#2214,#2215,#2216,#2217,#2218,#2219,#2220,#2221,#2222,#2223,#2224,
#2225,#2226,#2227,#2228,#2229,#2230,#2231,#2232,#2233,#2234,#2235,#2236,#2237,#2238,
#2239,#2240),
.UNSPECIFIED.,.F.,.F.,
(4,2,2,2,2,2,2,2,2,2,2,2,2,2,4),
(0.,0.0791643643196287,0.157138872773325,0.233923507008953,0.309518244074838,0.383923054739535,
0.45713790096679,0.5291627319786,0.599997477839088,0.669642038413869,0.738096263025901,
0.805359909474051,0.871432550814523,0.936313322147835,1.),
.UNSPECIFIED.);
#613=VECTOR('',#614,8.);
#614=DIRECTION('',(0.,0.,1.));
#615=FACE_BOUND('',#616,.T.);
#616=EDGE_LOOP('',(#2241,#2242,#2243,#2244));
#617=CYLINDRICAL_SURFACE('',#618,13.894);
#618=AXIS2_PLACEMENT_3D('',#619,#620,#621);
#619=CARTESIAN_POINT('',(0.,0.,0.));
#620=DIRECTION('',(0.,0.,1.));
#621=DIRECTION('',(0.,-1.,0.));
#622=FACE_BOUND('',#623,.T.);
#623=EDGE_LOOP('',(#2245,#2246,#2247,#2248));
#624=SURFACE_OF_LINEAR_EXTRUSION('',#625,#626);
#625=B_SPLINE_CURVE_WITH_KNOTS('',3,
(#2249,#2250,#2251,#2252,#2253,#2254,#2255,#2256,#2257,#2258,#2259,#2260,#2261,#2262,
#2263,#2264,#2265,#2266,#2267,#2268,#2269,#2270,#2271,#2272,#2273,#2274,#2275,#2276,
#2277,#2278),
.UNSPECIFIED.,.F.,.F.,
(4,2,2,2,2,2,2,2,2,2,2,2,2,2,4),
(0.,0.0636866778521681,0.12856744918548,0.194640090525953,0.261903736974102,0.330357961586132,
0.400002522160914,0.470837268021406,0.542862099033218,0.616076945260474,0.690481755925174,
0.766076492991057,0.842861127226683,0.920835635680376,1.),
.UNSPECIFIED.);
#626=VECTOR('',#627,8.);
#627=DIRECTION('',(0.,0.,1.));
#628=FACE_BOUND('',#629,.T.);
#629=EDGE_LOOP('',(#2279,#2280,#2281,#2282));
#630=SURFACE_OF_LINEAR_EXTRUSION('',#631,#632);
#631=B_SPLINE_CURVE_WITH_KNOTS('',3,
(#2283,#2284,#2285,#2286,#2287,#2288,#2289,#2290,#2291,#2292,#2293,#2294,#2295,#2296,
#2297,#2298,#2299,#2300,#2301,#2302,#2303,#2304,#2305,#2306,#2307,#2308,#2309,#2310,
#2311,#2312),
.UNSPECIFIED.,.F.,.F.,
(4,2,2,2,2,2,2,2,2,2,2,2,2,2,4),
(0.,0.0684364895459459,0.136903904609257,0.20543536139604,0.274068693079301,0.342849737544878,
0.411837031360814,0.481109002798209,0.550775666282663,0.620998739322871,0.692028404768448,
0.764275376683528,0.838464877200103,0.916004082576885,1.),
.UNSPECIFIED.);
#632=VECTOR('',#633,8.);
#633=DIRECTION('',(0.,0.,1.));
#634=FACE_BOUND('',#635,.T.);
#635=EDGE_LOOP('',(#2313,#2314,#2315,#2316));
#636=CYLINDRICAL_SURFACE('',#637,10.48425);
#637=AXIS2_PLACEMENT_3D('',#638,#639,#640);
#638=CARTESIAN_POINT('',(0.,0.,0.));
#639=DIRECTION('',(0.,0.,-1.));
#640=DIRECTION('',(-0.559888672424545,-0.828567845436136,0.));
#641=FACE_BOUND('',#642,.T.);
#642=EDGE_LOOP('',(#2317,#2318,#2319,#2320));
#643=SURFACE_OF_LINEAR_EXTRUSION('',#644,#645);
#644=B_SPLINE_CURVE_WITH_KNOTS('',3,
(#2321,#2322,#2323,#2324,#2325,#2326,#2327,#2328,#2329,#2330,#2331,#2332,#2333,#2334,
#2335,#2336,#2337,#2338,#2339,#2340,#2341,#2342,#2343,#2344,#2345,#2346,#2347,#2348,
#2349,#2350),
.UNSPECIFIED.,.F.,.F.,
(4,2,2,2,2,2,2,2,2,2,2,2,2,2,4),
(0.,0.0839959174230824,0.161535122799846,0.235724623316405,0.307971595231485,0.379001260677067,
0.449224333717288,0.518890997201741,0.588162968639136,0.657150262455076,0.725931306920668,
0.794564638603943,0.863096095390739,0.931563510454054,1.),
.UNSPECIFIED.);
#645=VECTOR('',#646,8.);
#646=DIRECTION('',(0.,0.,1.));
#647=FACE_BOUND('',#648,.T.);
#648=EDGE_LOOP('',(#2351,#2352,#2353,#2354));
#649=SURFACE_OF_LINEAR_EXTRUSION('',#650,#651);
#650=B_SPLINE_CURVE_WITH_KNOTS('',3,
(#2355,#2356,#2357,#2358,#2359,#2360,#2361,#2362,#2363,#2364,#2365,#2366,#2367,#2368,
#2369,#2370,#2371,#2372,#2373,#2374,#2375,#2376,#2377,#2378,#2379,#2380,#2381,#2382,
#2383,#2384),
.UNSPECIFIED.,.F.,.F.,
(4,2,2,2,2,2,2,2,2,2,2,2,2,2,4),
(0.,0.0791643643196287,0.157138872773325,0.233923507008953,0.309518244074838,0.383923054739535,
0.45713790096679,0.5291627319786,0.599997477839088,0.669642038413869,0.738096263025901,
0.805359909474051,0.871432550814523,0.936313322147835,1.),
.UNSPECIFIED.);
#651=VECTOR('',#652,8.);
#652=DIRECTION('',(0.,0.,1.));
#653=FACE_BOUND('',#654,.T.);
#654=EDGE_LOOP('',(#2385,#2386,#2387,#2388));
#655=CYLINDRICAL_SURFACE('',#656,13.894);
#656=AXIS2_PLACEMENT_3D('',#657,#658,#659);
#657=CARTESIAN_POINT('',(0.,0.,0.));
#658=DIRECTION('',(0.,0.,1.));
#659=DIRECTION('',(0.,-1.,0.));
#660=FACE_BOUND('',#661,.T.);
#661=EDGE_LOOP('',(#2389,#2390,#2391,#2392));
#662=SURFACE_OF_LINEAR_EXTRUSION('',#663,#664);
#663=B_SPLINE_CURVE_WITH_KNOTS('',3,
(#2393,#2394,#2395,#2396,#2397,#2398,#2399,#2400,#2401,#2402,#2403,#2404,#2405,#2406,
#2407,#2408,#2409,#2410,#2411,#2412,#2413,#2414,#2415,#2416,#2417,#2418,#2419,#2420,
#2421,#2422),
.UNSPECIFIED.,.F.,.F.,
(4,2,2,2,2,2,2,2,2,2,2,2,2,2,4),
(0.,0.0636866778521681,0.12856744918548,0.194640090525953,0.261903736974102,0.330357961586132,
0.400002522160914,0.470837268021406,0.542862099033218,0.616076945260474,0.690481755925174,
0.766076492991057,0.842861127226683,0.920835635680376,1.),
.UNSPECIFIED.);
#664=VECTOR('',#665,8.);
#665=DIRECTION('',(0.,0.,1.));
#666=FACE_BOUND('',#667,.T.);
#667=EDGE_LOOP('',(#2423,#2424,#2425,#2426));
#668=SURFACE_OF_LINEAR_EXTRUSION('',#669,#670);
#669=B_SPLINE_CURVE_WITH_KNOTS('',3,
(#2427,#2428,#2429,#2430,#2431,#2432,#2433,#2434,#2435,#2436,#2437,#2438,#2439,#2440,
#2441,#2442,#2443,#2444,#2445,#2446,#2447,#2448,#2449,#2450,#2451,#2452,#2453,#2454,
#2455,#2456),
.UNSPECIFIED.,.F.,.F.,
(4,2,2,2,2,2,2,2,2,2,2,2,2,2,4),
(0.,0.0684364895459459,0.136903904609257,0.20543536139604,0.274068693079301,0.342849737544878,
0.411837031360814,0.481109002798209,0.550775666282663,0.620998739322871,0.692028404768448,
0.764275376683528,0.838464877200103,0.916004082576885,1.),
.UNSPECIFIED.);
#670=VECTOR('',#671,8.);
#671=DIRECTION('',(0.,0.,1.));
#672=FACE_BOUND('',#673,.T.);
#673=EDGE_LOOP('',(#2457,#2458,#2459,#2460));
#674=CYLINDRICAL_SURFACE('',#675,10.48425);
#675=AXIS2_PLACEMENT_3D('',#676,#677,#678);
#676=CARTESIAN_POINT('',(0.,0.,0.));
#677=DIRECTION('',(0.,0.,-1.));
#678=DIRECTION('',(-0.110702121308738,-0.993853631244433,0.));
#679=FACE_BOUND('',#680,.T.);
#680=EDGE_LOOP('',(#2461,#2462,#2463,#2464));
#681=SURFACE_OF_LINEAR_EXTRUSION('',#682,#683);
#682=B_SPLINE_CURVE_WITH_KNOTS('',3,
(#2465,#2466,#2467,#2468,#2469,#2470,#2471,#2472,#2473,#2474,#2475,#2476,#2477,#2478,
#2479,#2480,#2481,#2482,#2483,#2484,#2485,#2486,#2487,#2488,#2489,#2490,#2491,#2492,
#2493,#2494),
.UNSPECIFIED.,.F.,.F.,
(4,2,2,2,2,2,2,2,2,2,2,2,2,2,4),
(0.,0.0839959174230824,0.161535122799846,0.235724623316405,0.307971595231485,0.379001260677067,
0.449224333717288,0.518890997201741,0.588162968639136,0.657150262455076,0.725931306920668,
0.794564638603943,0.863096095390739,0.931563510454054,1.),
.UNSPECIFIED.);
#683=VECTOR('',#684,8.);
#684=DIRECTION('',(0.,0.,1.));
#685=FACE_BOUND('',#686,.T.);
#686=EDGE_LOOP('',(#2495,#2496,#2497,#2498));
#687=SURFACE_OF_LINEAR_EXTRUSION('',#688,#689);
#688=B_SPLINE_CURVE_WITH_KNOTS('',3,
(#2499,#2500,#2501,#2502,#2503,#2504,#2505,#2506,#2507,#2508,#2509,#2510,#2511,#2512,
#2513,#2514,#2515,#2516,#2517,#2518,#2519,#2520,#2521,#2522,#2523,#2524,#2525,#2526,
#2527,#2528),
.UNSPECIFIED.,.F.,.F.,
(4,2,2,2,2,2,2,2,2,2,2,2,2,2,4),
(0.,0.0791643643196287,0.157138872773325,0.233923507008953,0.309518244074838,0.383923054739535,
0.45713790096679,0.5291627319786,0.599997477839088,0.669642038413869,0.738096263025901,
0.805359909474051,0.871432550814523,0.936313322147835,1.),
.UNSPECIFIED.);
#689=VECTOR('',#690,8.);
#690=DIRECTION('',(0.,0.,1.));
#691=FACE_BOUND('',#692,.T.);
#692=EDGE_LOOP('',(#2529,#2530,#2531,#2532));
#693=CYLINDRICAL_SURFACE('',#694,13.894);
#694=AXIS2_PLACEMENT_3D('',#695,#696,#697);
#695=CARTESIAN_POINT('',(0.,0.,0.));
#696=DIRECTION('',(0.,0.,1.));
#697=DIRECTION('',(0.,-1.,0.));
#698=FACE_BOUND('',#699,.T.);
#699=EDGE_LOOP('',(#2533,#2534,#2535,#2536));
#700=SURFACE_OF_LINEAR_EXTRUSION('',#701,#702);
#701=B_SPLINE_CURVE_WITH_KNOTS('',3,
(#2537,#2538,#2539,#2540,#2541,#2542,#2543,#2544,#2545,#2546,#2547,#2548,#2549,#2550,
#2551,#2552,#2553,#2554,#2555,#2556,#2557,#2558,#2559,#2560,#2561,#2562,#2563,#2564,
#2565,#2566),
.UNSPECIFIED.,.F.,.F.,
(4,2,2,2,2,2,2,2,2,2,2,2,2,2,4),
(0.,0.0636866778521681,0.12856744918548,0.194640090525953,0.261903736974102,0.330357961586132,
0.400002522160914,0.470837268021406,0.542862099033218,0.616076945260474,0.690481755925174,
0.766076492991057,0.842861127226683,0.920835635680376,1.),
.UNSPECIFIED.);
#702=VECTOR('',#703,8.);
#703=DIRECTION('',(0.,0.,1.));
#704=FACE_BOUND('',#705,.T.);
#705=EDGE_LOOP('',(#2567,#2568,#2569,#2570));
#706=SURFACE_OF_LINEAR_EXTRUSION('',#707,#708);
#707=B_SPLINE_CURVE_WITH_KNOTS('',3,
(#2571,#2572,#2573,#2574,#2575,#2576,#2577,#2578,#2579,#2580,#2581,#2582,#2583,#2584,
#2585,#2586,#2587,#2588,#2589,#2590,#2591,#2592,#2593,#2594,#2595,#2596,#2597,#2598,
#2599,#2600),
.UNSPECIFIED.,.F.,.F.,
(4,2,2,2,2,2,2,2,2,2,2,2,2,2,4),
(0.,0.0684364895459459,0.136903904609257,0.20543536139604,0.274068693079301,0.342849737544878,
0.411837031360814,0.481109002798209,0.550775666282663,0.620998739322871,0.692028404768448,
0.764275376683528,0.838464877200103,0.916004082576885,1.),
.UNSPECIFIED.);
#708=VECTOR('',#709,8.);
#709=DIRECTION('',(0.,0.,1.));
#710=FACE_BOUND('',#711,.T.);
#711=EDGE_LOOP('',(#2601,#2602,#2603,#2604));
#712=CYLINDRICAL_SURFACE('',#713,10.48425);
#713=AXIS2_PLACEMENT_3D('',#714,#715,#716);
#714=CARTESIAN_POINT('',(0.,0.,0.));
#715=DIRECTION('',(0.,0.,-1.));
#716=DIRECTION('',(0.363844951693716,-0.931459527369277,0.));
#717=FACE_BOUND('',#718,.T.);
#718=EDGE_LOOP('',(#2605,#2606,#2607,#2608));
#719=SURFACE_OF_LINEAR_EXTRUSION('',#720,#721);
#720=B_SPLINE_CURVE_WITH_KNOTS('',3,
(#2609,#2610,#2611,#2612,#2613,#2614,#2615,#2616,#2617,#2618,#2619,#2620,#2621,#2622,
#2623,#2624,#2625,#2626,#2627,#2628,#2629,#2630,#2631,#2632,#2633,#2634,#2635,#2636,
#2637,#2638),
.UNSPECIFIED.,.F.,.F.,
(4,2,2,2,2,2,2,2,2,2,2,2,2,2,4),
(0.,0.0839959174230824,0.161535122799846,0.235724623316405,0.307971595231485,0.379001260677067,
0.449224333717288,0.518890997201741,0.588162968639136,0.657150262455076,0.725931306920668,
0.794564638603943,0.863096095390739,0.931563510454054,1.),
.UNSPECIFIED.);
#721=VECTOR('',#722,8.);
#722=DIRECTION('',(0.,0.,1.));
#723=FACE_BOUND('',#724,.T.);
#724=EDGE_LOOP('',(#2639,#2640,#2641,#2642));
#725=SURFACE_OF_LINEAR_EXTRUSION('',#726,#727);
#726=B_SPLINE_CURVE_WITH_KNOTS('',3,
(#2643,#2644,#2645,#2646,#2647,#2648,#2649,#2650,#2651,#2652,#2653,#2654,#2655,#2656,
#2657,#2658,#2659,#2660,#2661,#2662,#2663,#2664,#2665,#2666,#2667,#2668,#2669,#2670,
#2671,#2672),
.UNSPECIFIED.,.F.,.F.,
(4,2,2,2,2,2,2,2,2,2,2,2,2,2,4),
(0.,0.0791643643196287,0.157138872773325,0.233923507008953,0.309518244074838,0.383923054739535,
0.45713790096679,0.5291627319786,0.599997477839088,0.669642038413869,0.738096263025901,
0.805359909474051,0.871432550814523,0.936313322147835,1.),
.UNSPECIFIED.);
#727=VECTOR('',#728,8.);
#728=DIRECTION('',(0.,0.,1.));
#729=FACE_BOUND('',#730,.T.);
#730=EDGE_LOOP('',(#2673,#2674,#2675,#2676));
#731=CYLINDRICAL_SURFACE('',#732,13.894);
#732=AXIS2_PLACEMENT_3D('',#733,#734,#735);
#733=CARTESIAN_POINT('',(0.,0.,0.));
#734=DIRECTION('',(0.,0.,1.));
#735=DIRECTION('',(0.,-1.,0.));
#736=FACE_BOUND('',#737,.T.);
#737=EDGE_LOOP('',(#2677,#2678,#2679,#2680));
#738=SURFACE_OF_LINEAR_EXTRUSION('',#739,#740);
#739=B_SPLINE_CURVE_WITH_KNOTS('',3,
(#2681,#2682,#2683,#2684,#2685,#2686,#2687,#2688,#2689,#2690,#2691,#2692,#2693,#2694,
#2695,#2696,#2697,#2698,#2699,#2700,#2701,#2702,#2703,#2704,#2705,#2706,#2707,#2708,
#2709,#2710),
.UNSPECIFIED.,.F.,.F.,
(4,2,2,2,2,2,2,2,2,2,2,2,2,2,4),
(0.,0.0636866778521681,0.12856744918548,0.194640090525953,0.261903736974102,0.330357961586132,
0.400002522160914,0.470837268021406,0.542862099033218,0.616076945260474,0.690481755925174,
0.766076492991057,0.842861127226683,0.920835635680376,1.),
.UNSPECIFIED.);
#740=VECTOR('',#741,8.);
#741=DIRECTION('',(0.,0.,1.));
#742=FACE_BOUND('',#743,.T.);
#743=EDGE_LOOP('',(#2711,#2712,#2713,#2714));
#744=SURFACE_OF_LINEAR_EXTRUSION('',#745,#746);
#745=B_SPLINE_CURVE_WITH_KNOTS('',3,
(#2715,#2716,#2717,#2718,#2719,#2720,#2721,#2722,#2723,#2724,#2725,#2726,#2727,#2728,
#2729,#2730,#2731,#2732,#2733,#2734,#2735,#2736,#2737,#2738,#2739,#2740,#2741,#2742,
#2743,#2744),
.UNSPECIFIED.,.F.,.F.,
(4,2,2,2,2,2,2,2,2,2,2,2,2,2,4),
(0.,0.0684364895459459,0.136903904609257,0.20543536139604,0.274068693079301,0.342849737544878,
0.411837031360814,0.481109002798209,0.550775666282663,0.620998739322871,0.692028404768448,
0.764275376683528,0.838464877200103,0.916004082576885,1.),
.UNSPECIFIED.);
#746=VECTOR('',#747,8.);
#747=DIRECTION('',(0.,0.,1.));
#748=FACE_BOUND('',#749,.T.);
#749=EDGE_LOOP('',(#2745,#2746,#2747,#2748));
#750=CYLINDRICAL_SURFACE('',#751,10.48425);
#751=AXIS2_PLACEMENT_3D('',#752,#753,#754);
#752=CARTESIAN_POINT('',(0.,0.,0.));
#753=DIRECTION('',(0.,0.,-1.));
#754=DIRECTION('',(0.755039531070142,-0.655679271078002,0.));
#755=FACE_BOUND('',#756,.T.);
#756=EDGE_LOOP('',(#2749,#2750,#2751,#2752));
#757=SURFACE_OF_LINEAR_EXTRUSION('',#758,#759);
#758=B_SPLINE_CURVE_WITH_KNOTS('',3,
(#2753,#2754,#2755,#2756,#2757,#2758,#2759,#2760,#2761,#2762,#2763,#2764,#2765,#2766,
#2767,#2768,#2769,#2770,#2771,#2772,#2773,#2774,#2775,#2776,#2777,#2778,#2779,#2780,
#2781,#2782),
.UNSPECIFIED.,.F.,.F.,
(4,2,2,2,2,2,2,2,2,2,2,2,2,2,4),
(0.,0.0839959174230824,0.161535122799846,0.235724623316405,0.307971595231485,0.379001260677067,
0.449224333717288,0.518890997201741,0.588162968639136,0.657150262455076,0.725931306920668,
0.794564638603943,0.863096095390739,0.931563510454054,1.),
.UNSPECIFIED.);
#759=VECTOR('',#760,8.);
#760=DIRECTION('',(0.,0.,1.));
#761=FACE_BOUND('',#762,.T.);
#762=EDGE_LOOP('',(#2783,#2784,#2785,#2786));
#763=SURFACE_OF_LINEAR_EXTRUSION('',#764,#765);
#764=B_SPLINE_CURVE_WITH_KNOTS('',3,
(#2787,#2788,#2789,#2790,#2791,#2792,#2793,#2794,#2795,#2796,#2797,#2798,#2799,#2800,
#2801,#2802,#2803,#2804,#2805,#2806,#2807,#2808,#2809,#2810,#2811,#2812,#2813,#2814,
#2815,#2816),
.UNSPECIFIED.,.F.,.F.,
(4,2,2,2,2,2,2,2,2,2,2,2,2,2,4),
(0.,0.0791643643196287,0.157138872773325,0.233923507008953,0.309518244074838,0.383923054739535,
0.45713790096679,0.5291627319786,0.599997477839088,0.669642038413869,0.738096263025901,
0.805359909474051,0.871432550814523,0.936313322147835,1.),
.UNSPECIFIED.);
#765=VECTOR('',#766,8.);
#766=DIRECTION('',(0.,0.,1.));
#767=FACE_BOUND('',#768,.T.);
#768=EDGE_LOOP('',(#2817,#2818,#2819,#2820));
#769=CYLINDRICAL_SURFACE('',#770,13.894);
#770=AXIS2_PLACEMENT_3D('',#771,#772,#773);
#771=CARTESIAN_POINT('',(0.,0.,0.));
#772=DIRECTION('',(0.,0.,1.));
#773=DIRECTION('',(0.,-1.,0.));
#774=FACE_BOUND('',#775,.T.);
#775=EDGE_LOOP('',(#2821,#2822,#2823,#2824));
#776=SURFACE_OF_LINEAR_EXTRUSION('',#777,#778);
#777=B_SPLINE_CURVE_WITH_KNOTS('',3,
(#2825,#2826,#2827,#2828,#2829,#2830,#2831,#2832,#2833,#2834,#2835,#2836,#2837,#2838,
#2839,#2840,#2841,#2842,#2843,#2844,#2845,#2846,#2847,#2848,#2849,#2850,#2851,#2852,
#2853,#2854),
.UNSPECIFIED.,.F.,.F.,
(4,2,2,2,2,2,2,2,2,2,2,2,2,2,4),
(0.,0.0636866778521681,0.12856744918548,0.194640090525953,0.261903736974102,0.330357961586132,
0.400002522160914,0.470837268021406,0.542862099033218,0.616076945260474,0.690481755925174,
0.766076492991057,0.842861127226683,0.920835635680376,1.),
.UNSPECIFIED.);
#778=VECTOR('',#779,8.);
#779=DIRECTION('',(0.,0.,1.));
#780=FACE_BOUND('',#781,.T.);
#781=EDGE_LOOP('',(#2855,#2856,#2857,#2858));
#782=SURFACE_OF_LINEAR_EXTRUSION('',#783,#784);
#783=B_SPLINE_CURVE_WITH_KNOTS('',3,
(#2859,#2860,#2861,#2862,#2863,#2864,#2865,#2866,#2867,#2868,#2869,#2870,#2871,#2872,
#2873,#2874,#2875,#2876,#2877,#2878,#2879,#2880,#2881,#2882,#2883,#2884,#2885,#2886,
#2887,#2888),
.UNSPECIFIED.,.F.,.F.,
(4,2,2,2,2,2,2,2,2,2,2,2,2,2,4),
(0.,0.0684364895459459,0.136903904609257,0.20543536139604,0.274068693079301,0.342849737544878,
0.411837031360814,0.481109002798209,0.550775666282663,0.620998739322871,0.692028404768448,
0.764275376683528,0.838464877200103,0.916004082576885,1.),
.UNSPECIFIED.);
#784=VECTOR('',#785,8.);
#785=DIRECTION('',(0.,0.,1.));
#786=FACE_BOUND('',#787,.T.);
#787=EDGE_LOOP('',(#2889,#2890,#2891,#2892));
#788=CYLINDRICAL_SURFACE('',#789,10.48425);
#789=AXIS2_PLACEMENT_3D('',#790,#791,#792);
#790=CARTESIAN_POINT('',(0.,0.,0.));
#791=DIRECTION('',(0.,0.,-1.));
#792=DIRECTION('',(0.973263653091146,-0.229690795574565,0.));
#793=ORIENTED_EDGE('',*,*,#2893,.T.);
#794=ORIENTED_EDGE('',*,*,#2894,.T.);
#795=ORIENTED_EDGE('',*,*,#2895,.F.);
#796=ORIENTED_EDGE('',*,*,#2896,.F.);
#797=ORIENTED_EDGE('',*,*,#2897,.T.);
#798=ORIENTED_EDGE('',*,*,#2898,.F.);
#799=ORIENTED_EDGE('',*,*,#2899,.F.);
#800=ORIENTED_EDGE('',*,*,#2900,.T.);
#801=ORIENTED_EDGE('',*,*,#2901,.T.);
#802=ORIENTED_EDGE('',*,*,#2902,.T.);
#803=ORIENTED_EDGE('',*,*,#2896,.T.);
#804=ORIENTED_EDGE('',*,*,#2903,.F.);
#805=ORIENTED_EDGE('',*,*,#2894,.F.);
#806=ORIENTED_EDGE('',*,*,#2904,.T.);
#807=ORIENTED_EDGE('',*,*,#2900,.F.);
#808=ORIENTED_EDGE('',*,*,#2905,.F.);
#809=ORIENTED_EDGE('',*,*,#2898,.T.);
#810=ORIENTED_EDGE('',*,*,#2906,.T.);
#811=ORIENTED_EDGE('',*,*,#2907,.T.);
#812=ORIENTED_EDGE('',*,*,#2908,.T.);
#813=ORIENTED_EDGE('',*,*,#2909,.T.);
#814=ORIENTED_EDGE('',*,*,#2910,.T.);
#815=ORIENTED_EDGE('',*,*,#2911,.F.);
#816=ORIENTED_EDGE('',*,*,#2912,.T.);
#817=ORIENTED_EDGE('',*,*,#2913,.F.);
#818=ORIENTED_EDGE('',*,*,#2914,.F.);
#819=ORIENTED_EDGE('',*,*,#2915,.F.);
#820=ORIENTED_EDGE('',*,*,#2916,.T.);
#821=ORIENTED_EDGE('',*,*,#2917,.T.);
#822=ORIENTED_EDGE('',*,*,#2918,.F.);
#823=ORIENTED_EDGE('',*,*,#2919,.F.);
#824=ORIENTED_EDGE('',*,*,#2920,.F.);
#825=ORIENTED_EDGE('',*,*,#2921,.T.);
#826=ORIENTED_EDGE('',*,*,#2922,.T.);
#827=ORIENTED_EDGE('',*,*,#2909,.F.);
#828=ORIENTED_EDGE('',*,*,#2923,.T.);
#829=ORIENTED_EDGE('',*,*,#2907,.F.);
#830=ORIENTED_EDGE('',*,*,#2924,.T.);
#831=ORIENTED_EDGE('',*,*,#2922,.F.);
#832=ORIENTED_EDGE('',*,*,#2912,.F.);
#833=ORIENTED_EDGE('',*,*,#2904,.F.);
#834=ORIENTED_EDGE('',*,*,#2893,.F.);
#835=ORIENTED_EDGE('',*,*,#2902,.F.);
#836=ORIENTED_EDGE('',*,*,#2901,.F.);
#837=ORIENTED_EDGE('',*,*,#2897,.F.);
#838=ORIENTED_EDGE('',*,*,#2917,.F.);
#839=ORIENTED_EDGE('',*,*,#2906,.F.);
#840=ORIENTED_EDGE('',*,*,#2924,.F.);
#841=ORIENTED_EDGE('',*,*,#2908,.F.);
#842=ORIENTED_EDGE('',*,*,#2923,.F.);
#843=ORIENTED_EDGE('',*,*,#2911,.T.);
#844=ORIENTED_EDGE('',*,*,#2925,.T.);
#845=ORIENTED_EDGE('',*,*,#2918,.T.);
#846=ORIENTED_EDGE('',*,*,#2926,.T.);
#847=ORIENTED_EDGE('',*,*,#2913,.T.);
#848=ORIENTED_EDGE('',*,*,#2903,.T.);
#849=ORIENTED_EDGE('',*,*,#2895,.T.);
#850=ORIENTED_EDGE('',*,*,#2927,.T.);
#851=ORIENTED_EDGE('',*,*,#2928,.T.);
#852=ORIENTED_EDGE('',*,*,#2929,.T.);
#853=ORIENTED_EDGE('',*,*,#2930,.T.);
#854=ORIENTED_EDGE('',*,*,#2931,.T.);
#855=ORIENTED_EDGE('',*,*,#2932,.T.);
#856=ORIENTED_EDGE('',*,*,#2933,.T.);
#857=ORIENTED_EDGE('',*,*,#2934,.T.);
#858=ORIENTED_EDGE('',*,*,#2935,.T.);
#859=ORIENTED_EDGE('',*,*,#2936,.T.);
#860=ORIENTED_EDGE('',*,*,#2937,.T.);
#861=ORIENTED_EDGE('',*,*,#2938,.T.);
#862=ORIENTED_EDGE('',*,*,#2939,.T.);
#863=ORIENTED_EDGE('',*,*,#2940,.T.);
#864=ORIENTED_EDGE('',*,*,#2941,.T.);
#865=ORIENTED_EDGE('',*,*,#2942,.T.);
#866=ORIENTED_EDGE('',*,*,#2943,.T.);
#867=ORIENTED_EDGE('',*,*,#2944,.T.);
#868=ORIENTED_EDGE('',*,*,#2945,.T.);
#869=ORIENTED_EDGE('',*,*,#2946,.T.);
#870=ORIENTED_EDGE('',*,*,#2947,.T.);
#871=ORIENTED_EDGE('',*,*,#2948,.T.);
#872=ORIENTED_EDGE('',*,*,#2949,.T.);
#873=ORIENTED_EDGE('',*,*,#2950,.T.);
#874=ORIENTED_EDGE('',*,*,#2951,.T.);
#875=ORIENTED_EDGE('',*,*,#2952,.T.);
#876=ORIENTED_EDGE('',*,*,#2953,.T.);
#877=ORIENTED_EDGE('',*,*,#2954,.T.);
#878=ORIENTED_EDGE('',*,*,#2955,.T.);
#879=ORIENTED_EDGE('',*,*,#2956,.T.);
#880=ORIENTED_EDGE('',*,*,#2957,.T.);
#881=ORIENTED_EDGE('',*,*,#2958,.T.);
#882=ORIENTED_EDGE('',*,*,#2959,.T.);
#883=ORIENTED_EDGE('',*,*,#2960,.T.);
#884=ORIENTED_EDGE('',*,*,#2961,.T.);
#885=ORIENTED_EDGE('',*,*,#2962,.T.);
#886=ORIENTED_EDGE('',*,*,#2963,.T.);
#887=ORIENTED_EDGE('',*,*,#2964,.T.);
#888=ORIENTED_EDGE('',*,*,#2965,.T.);
#889=ORIENTED_EDGE('',*,*,#2966,.T.);
#890=ORIENTED_EDGE('',*,*,#2967,.T.);
#891=ORIENTED_EDGE('',*,*,#2968,.T.);
#892=ORIENTED_EDGE('',*,*,#2969,.T.);
#893=ORIENTED_EDGE('',*,*,#2970,.T.);
#894=ORIENTED_EDGE('',*,*,#2971,.T.);
#895=ORIENTED_EDGE('',*,*,#2972,.T.);
#896=ORIENTED_EDGE('',*,*,#2973,.T.);
#897=ORIENTED_EDGE('',*,*,#2974,.T.);
#898=ORIENTED_EDGE('',*,*,#2975,.T.);
#899=ORIENTED_EDGE('',*,*,#2976,.T.);
#900=ORIENTED_EDGE('',*,*,#2977,.T.);
#901=ORIENTED_EDGE('',*,*,#2978,.T.);
#902=ORIENTED_EDGE('',*,*,#2979,.T.);
#903=ORIENTED_EDGE('',*,*,#2980,.T.);
#904=ORIENTED_EDGE('',*,*,#2981,.T.);
#905=ORIENTED_EDGE('',*,*,#2982,.T.);
#906=ORIENTED_EDGE('',*,*,#2983,.T.);
#907=ORIENTED_EDGE('',*,*,#2984,.T.);
#908=ORIENTED_EDGE('',*,*,#2985,.T.);
#909=ORIENTED_EDGE('',*,*,#2986,.T.);
#910=ORIENTED_EDGE('',*,*,#2987,.T.);
#911=ORIENTED_EDGE('',*,*,#2988,.T.);
#912=ORIENTED_EDGE('',*,*,#2989,.T.);
#913=ORIENTED_EDGE('',*,*,#2990,.T.);
#914=ORIENTED_EDGE('',*,*,#2991,.T.);
#915=ORIENTED_EDGE('',*,*,#2992,.T.);
#916=ORIENTED_EDGE('',*,*,#2993,.T.);
#917=ORIENTED_EDGE('',*,*,#2994,.T.);
#918=ORIENTED_EDGE('',*,*,#2995,.T.);
#919=ORIENTED_EDGE('',*,*,#2996,.T.);
#920=ORIENTED_EDGE('',*,*,#2997,.T.);
#921=ORIENTED_EDGE('',*,*,#2998,.T.);
#922=ORIENTED_EDGE('',*,*,#2999,.T.);
#923=ORIENTED_EDGE('',*,*,#3000,.T.);
#924=ORIENTED_EDGE('',*,*,#3001,.T.);
#925=ORIENTED_EDGE('',*,*,#3002,.T.);
#926=ORIENTED_EDGE('',*,*,#3003,.T.);
#927=ORIENTED_EDGE('',*,*,#3004,.T.);
#928=ORIENTED_EDGE('',*,*,#2905,.T.);
#929=ORIENTED_EDGE('',*,*,#2899,.T.);
#930=ORIENTED_EDGE('',*,*,#3005,.T.);
#931=ORIENTED_EDGE('',*,*,#3006,.T.);
#932=ORIENTED_EDGE('',*,*,#3007,.T.);
#933=ORIENTED_EDGE('',*,*,#3008,.T.);
#934=ORIENTED_EDGE('',*,*,#3009,.F.);
#935=ORIENTED_EDGE('',*,*,#3010,.T.);
#936=ORIENTED_EDGE('',*,*,#3011,.T.);
#937=ORIENTED_EDGE('',*,*,#3012,.T.);
#938=ORIENTED_EDGE('',*,*,#3013,.T.);
#939=ORIENTED_EDGE('',*,*,#3014,.T.);
#940=ORIENTED_EDGE('',*,*,#3015,.F.);
#941=ORIENTED_EDGE('',*,*,#3016,.T.);
#942=ORIENTED_EDGE('',*,*,#3017,.T.);
#943=ORIENTED_EDGE('',*,*,#3018,.T.);
#944=ORIENTED_EDGE('',*,*,#3019,.T.);
#945=ORIENTED_EDGE('',*,*,#3020,.T.);
#946=ORIENTED_EDGE('',*,*,#3021,.F.);
#947=ORIENTED_EDGE('',*,*,#3022,.T.);
#948=ORIENTED_EDGE('',*,*,#3023,.T.);
#949=ORIENTED_EDGE('',*,*,#3024,.T.);
#950=ORIENTED_EDGE('',*,*,#3025,.T.);
#951=ORIENTED_EDGE('',*,*,#3026,.T.);
#952=ORIENTED_EDGE('',*,*,#3027,.F.);
#953=ORIENTED_EDGE('',*,*,#3028,.T.);
#954=ORIENTED_EDGE('',*,*,#3029,.T.);
#955=ORIENTED_EDGE('',*,*,#3030,.T.);
#956=ORIENTED_EDGE('',*,*,#3031,.T.);
#957=ORIENTED_EDGE('',*,*,#3032,.T.);
#958=ORIENTED_EDGE('',*,*,#3033,.F.);
#959=ORIENTED_EDGE('',*,*,#3034,.T.);
#960=ORIENTED_EDGE('',*,*,#3035,.T.);
#961=ORIENTED_EDGE('',*,*,#3036,.T.);
#962=ORIENTED_EDGE('',*,*,#3037,.T.);
#963=ORIENTED_EDGE('',*,*,#3038,.T.);
#964=ORIENTED_EDGE('',*,*,#3039,.F.);
#965=ORIENTED_EDGE('',*,*,#3040,.T.);
#966=ORIENTED_EDGE('',*,*,#3041,.T.);
#967=ORIENTED_EDGE('',*,*,#3042,.T.);
#968=ORIENTED_EDGE('',*,*,#3043,.T.);
#969=ORIENTED_EDGE('',*,*,#3044,.T.);
#970=ORIENTED_EDGE('',*,*,#3045,.F.);
#971=ORIENTED_EDGE('',*,*,#3046,.T.);
#972=ORIENTED_EDGE('',*,*,#3047,.T.);
#973=ORIENTED_EDGE('',*,*,#3048,.T.);
#974=ORIENTED_EDGE('',*,*,#3049,.T.);
#975=ORIENTED_EDGE('',*,*,#3050,.T.);
#976=ORIENTED_EDGE('',*,*,#3051,.F.);
#977=ORIENTED_EDGE('',*,*,#3052,.T.);
#978=ORIENTED_EDGE('',*,*,#3053,.T.);
#979=ORIENTED_EDGE('',*,*,#3054,.T.);
#980=ORIENTED_EDGE('',*,*,#3055,.T.);
#981=ORIENTED_EDGE('',*,*,#3056,.T.);
#982=ORIENTED_EDGE('',*,*,#3057,.F.);
#983=ORIENTED_EDGE('',*,*,#3058,.T.);
#984=ORIENTED_EDGE('',*,*,#3059,.T.);
#985=ORIENTED_EDGE('',*,*,#3060,.T.);
#986=ORIENTED_EDGE('',*,*,#3061,.T.);
#987=ORIENTED_EDGE('',*,*,#3062,.T.);
#988=ORIENTED_EDGE('',*,*,#3063,.F.);
#989=ORIENTED_EDGE('',*,*,#3064,.T.);
#990=ORIENTED_EDGE('',*,*,#3065,.T.);
#991=ORIENTED_EDGE('',*,*,#3066,.T.);
#992=ORIENTED_EDGE('',*,*,#3067,.T.);
#993=ORIENTED_EDGE('',*,*,#3068,.T.);
#994=ORIENTED_EDGE('',*,*,#3069,.F.);
#995=ORIENTED_EDGE('',*,*,#3070,.T.);
#996=ORIENTED_EDGE('',*,*,#3071,.T.);
#997=ORIENTED_EDGE('',*,*,#3072,.T.);
#998=ORIENTED_EDGE('',*,*,#3073,.T.);
#999=ORIENTED_EDGE('',*,*,#3074,.T.);
#1000=ORIENTED_EDGE('',*,*,#3075,.F.);
#1001=ORIENTED_EDGE('',*,*,#3076,.T.);
#1002=ORIENTED_EDGE('',*,*,#3077,.T.);
#1003=ORIENTED_EDGE('',*,*,#3078,.T.);
#1004=ORIENTED_EDGE('',*,*,#3079,.T.);
#1005=ORIENTED_EDGE('',*,*,#3080,.T.);
#1006=ORIENTED_EDGE('',*,*,#3081,.F.);
#1007=ORIENTED_EDGE('',*,*,#3082,.T.);
#1008=ORIENTED_EDGE('',*,*,#2910,.F.);
#1009=ORIENTED_EDGE('',*,*,#2926,.F.);
#1010=ORIENTED_EDGE('',*,*,#2921,.F.);
#1011=ORIENTED_EDGE('',*,*,#3083,.F.);
#1012=ORIENTED_EDGE('',*,*,#2914,.T.);
#1013=ORIENTED_EDGE('',*,*,#3084,.T.);
#1014=ORIENTED_EDGE('',*,*,#2915,.T.);
#1015=ORIENTED_EDGE('',*,*,#3083,.T.);
#1016=ORIENTED_EDGE('',*,*,#2920,.T.);
#1017=ORIENTED_EDGE('',*,*,#2925,.F.);
#1018=ORIENTED_EDGE('',*,*,#2916,.F.);
#1019=ORIENTED_EDGE('',*,*,#3084,.F.);
#1020=ORIENTED_EDGE('',*,*,#2919,.T.);
#1021=ORIENTED_EDGE('',*,*,#3005,.F.);
#1022=ORIENTED_EDGE('',*,*,#3085,.T.);
#1023=ORIENTED_EDGE('',*,*,#2927,.F.);
#1024=ORIENTED_EDGE('',*,*,#3086,.F.);
#1025=CARTESIAN_POINT('',(10.8288961247853,-1.88977205305293,0.));
#1026=CARTESIAN_POINT('',(10.8044838388887,-1.89127359603428,0.));
#1027=CARTESIAN_POINT('',(10.7802693449423,-1.89399519272085,0.));
#1028=CARTESIAN_POINT('',(10.7340820893563,-1.90157550137874,0.));
#1029=CARTESIAN_POINT('',(10.7119729460764,-1.9062434707184,0.));
#1030=CARTESIAN_POINT('',(10.6694589122798,-1.91745285657634,0.));
#1031=CARTESIAN_POINT('',(10.6488292573949,-1.92390760487491,0.));
#1032=CARTESIAN_POINT('',(10.6089805980509,-1.93849627016201,0.));
#1033=CARTESIAN_POINT('',(10.5895640821407,-1.94661943982139,0.));
#1034=CARTESIAN_POINT('',(10.5520484717855,-1.96441096908767,0.));
#1035=CARTESIAN_POINT('',(10.5337722141632,-1.97411112222545,0.));
#1036=CARTESIAN_POINT('',(10.4985335811258,-1.99494128325061,0.));
#1037=CARTESIAN_POINT('',(10.4814106741079,-2.00613082527488,0.));
#1038=CARTESIAN_POINT('',(10.4485173699251,-2.02982776063924,0.));
#1039=CARTESIAN_POINT('',(10.4326011145315,-2.04241489205285,0.));
#1040=CARTESIAN_POINT('',(10.4021789944708,-2.06879223617991,0.));
#1041=CARTESIAN_POINT('',(10.3875409773955,-2.08267804599392,0.));
#1042=CARTESIAN_POINT('',(10.3597403296243,-2.11153280967697,0.));
#1043=CARTESIAN_POINT('',(10.346458855782,-2.12661039787841,0.));
#1044=CARTESIAN_POINT('',(10.3214364493363,-2.15772287279372,0.));
#1045=CARTESIAN_POINT('',(10.309589918645,-2.17387737869496,0.));
#1046=CARTESIAN_POINT('',(10.2874984590754,-2.2070120151155,0.));
#1047=CARTESIAN_POINT('',(10.2771613040533,-2.22412110008778,0.));
#1048=CARTESIAN_POINT('',(10.2581428260333,-2.25902791677198,0.));
#1049=CARTESIAN_POINT('',(10.2493828804162,-2.27696250273397,0.));
#1050=CARTESIAN_POINT('',(10.2335644030068,-2.31337882638918,0.));
#1051=CARTESIAN_POINT('',(10.2264411346275,-2.33200399556103,0.));
#1052=CARTESIAN_POINT('',(10.2139317290774,-2.36965642971896,0.));
#1053=CARTESIAN_POINT('',(10.208516541063,-2.38875684910829,0.));
#1054=CARTESIAN_POINT('',(10.2039394549208,-2.40813572350264,0.));
#1055=ORIENTED_EDGE('',*,*,#3082,.F.);
#1056=ORIENTED_EDGE('',*,*,#3087,.F.);
#1057=ORIENTED_EDGE('',*,*,#2928,.F.);
#1058=ORIENTED_EDGE('',*,*,#3085,.F.);
#1059=CARTESIAN_POINT('',(13.8829822561983,-0.55320852676229,0.));
#1060=CARTESIAN_POINT('',(13.8122005502969,-0.607417047280154,0.));
#1061=CARTESIAN_POINT('',(13.7406061384212,-0.660492966016341,0.));
#1062=CARTESIAN_POINT('',(13.5968801958525,-0.763598881720834,0.));
#1063=CARTESIAN_POINT('',(13.5247688312675,-0.813732890427941,0.));
#1064=CARTESIAN_POINT('',(13.3800978167846,-0.910776277420484,0.));
#1065=CARTESIAN_POINT('',(13.3075526144589,-0.957866022546788,0.));
#1066=CARTESIAN_POINT('',(13.1620977028702,-1.0487694571697,0.));
#1067=CARTESIAN_POINT('',(13.0891994615433,-1.09277524064816,0.));
#1068=CARTESIAN_POINT('',(12.9431235899847,-1.17745189474404,0.));
#1069=CARTESIAN_POINT('',(12.8699540369641,-1.2183289258376,0.));
#1070=CARTESIAN_POINT('',(12.7234224048904,-1.29667925692506,0.));
#1071=CARTESIAN_POINT('',(12.6500644646526,-1.33437589593309,0.));
#1072=CARTESIAN_POINT('',(12.5032452503974,-1.40628312952644,0.));
#1073=CARTESIAN_POINT('',(12.4297834269137,-1.44073849913844,0.));
#1074=CARTESIAN_POINT('',(12.2828488320791,-1.50606228216074,0.));
#1075=CARTESIAN_POINT('',(12.2093697611519,-1.53720293435948,0.));
#1076=CARTESIAN_POINT('',(12.062497572598,-1.59577010011183,0.));
#1077=CARTESIAN_POINT('',(11.9890908370549,-1.6235052254804,0.));
#1078=CARTESIAN_POINT('',(11.8424668499929,-1.67509575193183,0.));
#1079=CARTESIAN_POINT('',(11.7692262164745,-1.69931005952604,0.));
#1080=CARTESIAN_POINT('',(11.6230481893477,-1.74363447491913,0.));
#1081=CARTESIAN_POINT('',(11.5500735453188,-1.76417723397453,0.));
#1082=CARTESIAN_POINT('',(11.404558134431,-1.80083738060583,0.));
#1083=CARTESIAN_POINT('',(11.331958600108,-1.81750516422441,0.));
#1084=CARTESIAN_POINT('',(11.1873548764233,-1.84591818834562,0.));
#1085=CARTESIAN_POINT('',(11.115253582264,-1.85842967118714,0.));
#1086=CARTESIAN_POINT('',(10.9718743212528,-1.87765265764689,0.));
#1087=CARTESIAN_POINT('',(10.9005403224064,-1.88486653103053,0.));
#1088=CARTESIAN_POINT('',(10.8288961247853,-1.88977205305293,0.));
#1089=ORIENTED_EDGE('',*,*,#3087,.T.);
#1090=ORIENTED_EDGE('',*,*,#3081,.T.);
#1091=ORIENTED_EDGE('',*,*,#3088,.T.);
#1092=ORIENTED_EDGE('',*,*,#2929,.F.);
#1093=ORIENTED_EDGE('',*,*,#3088,.F.);
#1094=ORIENTED_EDGE('',*,*,#3080,.F.);
#1095=ORIENTED_EDGE('',*,*,#3089,.T.);
#1096=ORIENTED_EDGE('',*,*,#2930,.F.);
#1097=CARTESIAN_POINT('',(10.8288961247853,1.88977205305293,0.));
#1098=CARTESIAN_POINT('',(10.9005403224064,1.88486653103053,0.));
#1099=CARTESIAN_POINT('',(10.9718743212528,1.8776526576469,0.));
#1100=CARTESIAN_POINT('',(11.1152535822639,1.85842967118714,0.));
#1101=CARTESIAN_POINT('',(11.1873548764233,1.84591818834562,0.));
#1102=CARTESIAN_POINT('',(11.331958600108,1.81750516422441,0.));
#1103=CARTESIAN_POINT('',(11.404558134431,1.80083738060583,0.));
#1104=CARTESIAN_POINT('',(11.5500735453188,1.76417723397453,0.));
#1105=CARTESIAN_POINT('',(11.6230481893477,1.74363447491913,0.));
#1106=CARTESIAN_POINT('',(11.7692262164745,1.69931005952605,0.));
#1107=CARTESIAN_POINT('',(11.8424668499929,1.67509575193184,0.));
#1108=CARTESIAN_POINT('',(11.9890908370549,1.6235052254804,0.));
#1109=CARTESIAN_POINT('',(12.062497572598,1.59577010011184,0.));
#1110=CARTESIAN_POINT('',(12.2093697611519,1.53720293435948,0.));
#1111=CARTESIAN_POINT('',(12.2828488320791,1.50606228216074,0.));
#1112=CARTESIAN_POINT('',(12.4297834269137,1.44073849913844,0.));
#1113=CARTESIAN_POINT('',(12.5032452503974,1.40628312952645,0.));
#1114=CARTESIAN_POINT('',(12.6500644646526,1.33437589593309,0.));
#1115=CARTESIAN_POINT('',(12.7234224048904,1.29667925692507,0.));
#1116=CARTESIAN_POINT('',(12.8699540369641,1.2183289258376,0.));
#1117=CARTESIAN_POINT('',(12.9431235899847,1.17745189474404,0.));
#1118=CARTESIAN_POINT('',(13.0891994615433,1.09277524064816,0.));
#1119=CARTESIAN_POINT('',(13.1620977028702,1.0487694571697,0.));
#1120=CARTESIAN_POINT('',(13.3075526144589,0.957866022546791,0.));
#1121=CARTESIAN_POINT('',(13.3800978167846,0.910776277420489,0.));
#1122=CARTESIAN_POINT('',(13.5247688312675,0.813732890427946,0.));
#1123=CARTESIAN_POINT('',(13.5968801958525,0.763598881720839,0.));
#1124=CARTESIAN_POINT('',(13.7406061384212,0.660492966016345,0.));
#1125=CARTESIAN_POINT('',(13.8122005502969,0.607417047280158,0.));
#1126=CARTESIAN_POINT('',(13.8829822561983,0.553208526762295,0.));
#1127=ORIENTED_EDGE('',*,*,#2931,.F.);
#1128=ORIENTED_EDGE('',*,*,#3089,.F.);
#1129=ORIENTED_EDGE('',*,*,#3079,.F.);
#1130=ORIENTED_EDGE('',*,*,#3090,.T.);
#1131=CARTESIAN_POINT('',(10.2039394549208,2.40813572350264,0.));
#1132=CARTESIAN_POINT('',(10.208516541063,2.38875684910829,0.));
#1133=CARTESIAN_POINT('',(10.2139317290774,2.36965642971896,0.));
#1134=CARTESIAN_POINT('',(10.2264411346275,2.33200399556104,0.));
#1135=CARTESIAN_POINT('',(10.2335644030068,2.31337882638919,0.));
#1136=CARTESIAN_POINT('',(10.2493828804162,2.27696250273398,0.));
#1137=CARTESIAN_POINT('',(10.2581428260333,2.25902791677198,0.));
#1138=CARTESIAN_POINT('',(10.2771613040533,2.22412110008778,0.));
#1139=CARTESIAN_POINT('',(10.2874984590754,2.2070120151155,0.));
#1140=CARTESIAN_POINT('',(10.309589918645,2.17387737869496,0.));
#1141=CARTESIAN_POINT('',(10.3214364493363,2.15772287279372,0.));
#1142=CARTESIAN_POINT('',(10.346458855782,2.12661039787842,0.));
#1143=CARTESIAN_POINT('',(10.3597403296243,2.11153280967697,0.));
#1144=CARTESIAN_POINT('',(10.3875409773955,2.08267804599393,0.));
#1145=CARTESIAN_POINT('',(10.4021789944708,2.06879223617991,0.));
#1146=CARTESIAN_POINT('',(10.4326011145315,2.04241489205286,0.));
#1147=CARTESIAN_POINT('',(10.4485173699251,2.02982776063924,0.));
#1148=CARTESIAN_POINT('',(10.4814106741079,2.00613082527489,0.));
#1149=CARTESIAN_POINT('',(10.4985335811258,1.99494128325062,0.));
#1150=CARTESIAN_POINT('',(10.5337722141632,1.97411112222545,0.));
#1151=CARTESIAN_POINT('',(10.5520484717855,1.96441096908767,0.));
#1152=CARTESIAN_POINT('',(10.5895640821407,1.94661943982139,0.));
#1153=CARTESIAN_POINT('',(10.6089805980509,1.93849627016201,0.));
#1154=CARTESIAN_POINT('',(10.6488292573949,1.92390760487491,0.));
#1155=CARTESIAN_POINT('',(10.6694589122798,1.91745285657635,0.));
#1156=CARTESIAN_POINT('',(10.7119729460764,1.9062434707184,0.));
#1157=CARTESIAN_POINT('',(10.7340820893563,1.90157550137875,0.));
#1158=CARTESIAN_POINT('',(10.7802693449423,1.89399519272085,0.));
#1159=CARTESIAN_POINT('',(10.8044838388887,1.89127359603429,0.));
#1160=CARTESIAN_POINT('',(10.8288961247853,1.88977205305293,0.));
#1161=ORIENTED_EDGE('',*,*,#2932,.F.);
#1162=ORIENTED_EDGE('',*,*,#3090,.F.);
#1163=ORIENTED_EDGE('',*,*,#3078,.F.);
#1164=ORIENTED_EDGE('',*,*,#3091,.T.);
#1165=ORIENTED_EDGE('',*,*,#2933,.F.);
#1166=ORIENTED_EDGE('',*,*,#3091,.F.);
#1167=ORIENTED_EDGE('',*,*,#3077,.F.);
#1168=ORIENTED_EDGE('',*,*,#3092,.T.);
#1169=CARTESIAN_POINT('',(10.4667321877983,3.35912890535594,0.));
#1170=CARTESIAN_POINT('',(10.4458139839684,3.34645440013661,0.));
#1171=CARTESIAN_POINT('',(10.4256379034406,3.33279150951489,0.));
#1172=CARTESIAN_POINT('',(10.3882638647582,3.30461519161355,0.));
#1173=CARTESIAN_POINT('',(10.3708565041375,3.29020727883795,0.));
#1174=CARTESIAN_POINT('',(10.33842145809,3.26052460394383,0.));
#1175=CARTESIAN_POINT('',(10.3231544769691,3.24522212951254,0.));
#1176=CARTESIAN_POINT('',(10.2946499322469,3.2137859125558,0.));
#1177=CARTESIAN_POINT('',(10.2812324864081,3.19756989816965,0.));
#1178=CARTESIAN_POINT('',(10.2562821990792,3.16438190792983,0.));
#1179=CARTESIAN_POINT('',(10.2446072625766,3.14729944846887,0.));
#1180=CARTESIAN_POINT('',(10.2230852611237,3.11247904755018,0.));
#1181=CARTESIAN_POINT('',(10.2131237193912,3.09461378847653,0.));
#1182=CARTESIAN_POINT('',(10.1950106599692,3.05834491360984,0.));
#1183=CARTESIAN_POINT('',(10.1867670473625,3.03980290956039,0.));
#1184=CARTESIAN_POINT('',(10.1720877608744,3.00230906712743,0.));
#1185=CARTESIAN_POINT('',(10.1655794980347,2.98321116742891,0.));
#1186=CARTESIAN_POINT('',(10.1543727242559,2.94474193783981,0.));
#1187=CARTESIAN_POINT('',(10.1496194678285,2.92521918786115,0.));
#1188=CARTESIAN_POINT('',(10.1419219152976,2.88604196737879,0.));
#1189=CARTESIAN_POINT('',(10.1389397065391,2.8662325054665,0.));
#1190=CARTESIAN_POINT('',(10.1347771238896,2.82662682882385,0.));
#1191=CARTESIAN_POINT('',(10.1335750159262,2.80667357096994,0.));
#1192=CARTESIAN_POINT('',(10.1329569965401,2.76692679236763,0.));
#1193=CARTESIAN_POINT('',(10.1335350675866,2.74697555544591,0.));
#1194=CARTESIAN_POINT('',(10.136452010891,2.70737928923466,0.));
#1195=CARTESIAN_POINT('',(10.1388002176797,2.6875771730861,0.));
#1196=CARTESIAN_POINT('',(10.145221647795,2.64842418775284,0.));
#1197=CARTESIAN_POINT('',(10.1493031444236,2.62899504296076,0.));
#1198=CARTESIAN_POINT('',(10.1542561478983,2.60970882386722,0.));
#1199=ORIENTED_EDGE('',*,*,#3093,.F.);
#1200=ORIENTED_EDGE('',*,*,#2934,.F.);
#1201=ORIENTED_EDGE('',*,*,#3092,.F.);
#1202=ORIENTED_EDGE('',*,*,#3076,.F.);
#1203=CARTESIAN_POINT('',(12.549859114146,5.96190172806343,0.));
#1204=CARTESIAN_POINT('',(12.5123769817564,5.88100856803996,0.));
#1205=CARTESIAN_POINT('',(12.4736488876723,5.80074059379047,0.));
#1206=CARTESIAN_POINT('',(12.3943015939848,5.64265206351392,0.));
#1207=CARTESIAN_POINT('',(12.3537485872485,5.5647487813237,0.));
#1208=CARTESIAN_POINT('',(12.2707470763664,5.41158915680809,0.));
#1209=CARTESIAN_POINT('',(12.2283951855607,5.33617982169816,0.));
#1210=CARTESIAN_POINT('',(12.1418461901212,5.18809255985586,0.));
#1211=CARTESIAN_POINT('',(12.0977485103652,5.11524987176546,0.));
#1212=CARTESIAN_POINT('',(12.0077559529806,4.97238757577433,0.));
#1213=CARTESIAN_POINT('',(11.9619640349176,4.90218917550495,0.));
#1214=CARTESIAN_POINT('',(11.8686279327428,4.76471675786958,0.));
#1215=CARTESIAN_POINT('',(11.821191204185,4.69724690703116,0.));
#1216=CARTESIAN_POINT('',(11.7246062039295,4.56534592279224,0.));
#1217=CARTESIAN_POINT('',(11.6755711983303,4.50069779651969,0.));
#1218=CARTESIAN_POINT('',(11.5758245516132,4.37457254822966,0.));
#1219=CARTESIAN_POINT('',(11.5252338481705,4.31285144317736,0.));
#1220=CARTESIAN_POINT('',(11.4224025028607,4.19273788400677,0.));
#1221=CARTESIAN_POINT('',(11.3702932219888,4.13406583913592,0.));
#1222=CARTESIAN_POINT('',(11.2644394422394,4.02024513225774,0.));
#1223=CARTESIAN_POINT('',(11.2108410318019,3.96476780816028,0.));
#1224=CARTESIAN_POINT('',(11.1020053997849,3.85758817101744,0.));
#1225=CARTESIAN_POINT('',(11.0469362576603,3.80548545317639,0.));
#1226=CARTESIAN_POINT('',(10.9351255798944,3.70540012211138,0.));
#1227=CARTESIAN_POINT('',(10.8785877900426,3.65690284679251,0.));
#1228=CARTESIAN_POINT('',(10.7637517422711,3.56454366221729,0.));
#1229=CARTESIAN_POINT('',(10.7057235928934,3.5199581522152,0.));
#1230=CARTESIAN_POINT('',(10.5877009295211,3.43630537804098,0.));
#1231=CARTESIAN_POINT('',(10.5278902645301,3.39676724816665,0.));
#1232=CARTESIAN_POINT('',(10.4667321877983,3.35912890535594,0.));
#1233=ORIENTED_EDGE('',*,*,#3094,.T.);
#1234=ORIENTED_EDGE('',*,*,#2935,.F.);
#1235=ORIENTED_EDGE('',*,*,#3093,.T.);
#1236=ORIENTED_EDGE('',*,*,#3075,.T.);
#1237=ORIENTED_EDGE('',*,*,#3074,.F.);
#1238=ORIENTED_EDGE('',*,*,#3095,.T.);
#1239=ORIENTED_EDGE('',*,*,#2936,.F.);
#1240=ORIENTED_EDGE('',*,*,#3094,.F.);
#1241=CARTESIAN_POINT('',(8.71029046192942,6.70574900832945,0.));
#1242=CARTESIAN_POINT('',(8.77600795817086,6.73470010307273,0.));
#1243=CARTESIAN_POINT('',(8.84252353140496,6.76146309763539,0.));
#1244=CARTESIAN_POINT('',(8.9784129292647,6.81107365342593,0.));
#1245=CARTESIAN_POINT('',(9.0480698306286,6.83350242768426,0.));
#1246=CARTESIAN_POINT('',(9.18931425979401,6.87554464542916,0.));
#1247=CARTESIAN_POINT('',(9.26134386019417,6.89452474186933,0.));
#1248=CARTESIAN_POINT('',(9.40722817722019,6.92968817746231,0.));
#1249=CARTESIAN_POINT('',(9.48139071164629,6.94541147572507,0.));
#1250=CARTESIAN_POINT('',(9.63142350950429,6.97409647148118,0.));
#1251=CARTESIAN_POINT('',(9.70752781960981,6.98669238644602,0.));
#1252=CARTESIAN_POINT('',(9.86133222555903,7.00915080829811,0.));
#1253=CARTESIAN_POINT('',(9.93921981730758,7.01870638540927,0.));
#1254=CARTESIAN_POINT('',(10.0964862007095,7.03510264493816,0.));
#1255=CARTESIAN_POINT('',(10.1760204694907,7.04167639372617,0.));
#1256=CARTESIAN_POINT('',(10.3364820675199,7.05211896742508,0.));
#1257=CARTESIAN_POINT('',(10.4175414904391,7.05574966441952,0.));
#1258=CARTESIAN_POINT('',(10.5809604060714,7.06030926211187,0.));
#1259=CARTESIAN_POINT('',(10.6634341379397,7.06102168063723,0.));
#1260=CARTESIAN_POINT('',(10.8295926689018,7.05974255272596,0.));
#1261=CARTESIAN_POINT('',(10.9133775940718,7.05755132601013,0.));
#1262=CARTESIAN_POINT('',(11.0820725580354,7.05045871479856,0.));
#1263=CARTESIAN_POINT('',(11.1670712523641,7.04537103059978,0.));
#1264=CARTESIAN_POINT('',(11.3381101127789,7.03247630456321,0.));
#1265=CARTESIAN_POINT('',(11.4242293950362,7.02449384253602,0.));
#1266=CARTESIAN_POINT('',(11.5974275271765,7.00579816352695,0.));
#1267=CARTESIAN_POINT('',(11.6845774050201,6.99491852551746,0.));
#1268=CARTESIAN_POINT('',(11.8597561151129,6.97041554711192,0.));
#1269=CARTESIAN_POINT('',(11.9478154278255,6.95669073723735,0.));
#1270=CARTESIAN_POINT('',(12.0356814714288,6.94158537499224,0.));
#1271=ORIENTED_EDGE('',*,*,#3073,.F.);
#1272=ORIENTED_EDGE('',*,*,#3096,.T.);
#1273=ORIENTED_EDGE('',*,*,#2937,.F.);
#1274=ORIENTED_EDGE('',*,*,#3095,.F.);
#1275=CARTESIAN_POINT('',(7.91602320362214,6.87430539779954,0.));
#1276=CARTESIAN_POINT('',(7.9290818241058,6.85927333468738,0.));
#1277=CARTESIAN_POINT('',(7.94275314244922,6.84487731659789,0.));
#1278=CARTESIAN_POINT('',(7.97132762960793,6.81735115251986,0.));
#1279=CARTESIAN_POINT('',(7.98629051821408,6.80416973212436,0.));
#1280=CARTESIAN_POINT('',(8.01722059379614,6.77927589191033,0.));
#1281=CARTESIAN_POINT('',(8.03331175810469,6.76746655441677,0.));
#1282=CARTESIAN_POINT('',(8.06637379064169,6.74539643068027,0.));
#1283=CARTESIAN_POINT('',(8.08347787508323,6.73505100376995,0.));
#1284=CARTESIAN_POINT('',(8.11843732441647,6.7159781534598,0.));
#1285=CARTESIAN_POINT('',(8.13643427962542,6.7071794061887,0.));
#1286=CARTESIAN_POINT('',(8.17304920822189,6.69125916989757,0.));
#1287=CARTESIAN_POINT('',(8.19181627388079,6.68408083722567,0.));
#1288=CARTESIAN_POINT('',(8.2298420022743,6.67145081807086,0.));
#1289=CARTESIAN_POINT('',(8.24925638028034,6.6659581698276,0.));
#1290=CARTESIAN_POINT('',(8.28845199283408,6.65674005566449,0.));
#1291=CARTESIAN_POINT('',(8.30839466871566,6.65299135700219,0.));
#1292=CARTESIAN_POINT('',(8.34853275807816,6.64729504345312,0.));
#1293=CARTESIAN_POINT('',(8.36889437873708,6.64534460770739,0.));
#1294=CARTESIAN_POINT('',(8.40977689720164,6.64327662543596,0.));
#1295=CARTESIAN_POINT('',(8.43046760557525,6.64318096680571,0.));
#1296=CARTESIAN_POINT('',(8.47195416473641,6.6448617234567,0.));
#1297=CARTESIAN_POINT('',(8.49292166091748,6.64669231879824,0.));
#1298=CARTESIAN_POINT('',(8.53498558725595,6.65229329258559,0.));
#1299=CARTESIAN_POINT('',(8.55625191058492,6.65616497546679,0.));
#1300=CARTESIAN_POINT('',(8.59910547933752,6.66599681385734,0.));
#1301=CARTESIAN_POINT('',(8.62085146699532,6.67213816347422,0.));
#1302=CARTESIAN_POINT('',(8.66527099584686,6.68689042142067,0.));
#1303=CARTESIAN_POINT('',(8.68797665446504,6.69573360367136,0.));
#1304=CARTESIAN_POINT('',(8.71029046192942,6.70574900832945,0.));
#1305=ORIENTED_EDGE('',*,*,#3072,.F.);
#1306=ORIENTED_EDGE('',*,*,#3097,.T.);
#1307=ORIENTED_EDGE('',*,*,#2938,.F.);
#1308=ORIENTED_EDGE('',*,*,#3096,.F.);
#1309=ORIENTED_EDGE('',*,*,#3071,.F.);
#1310=ORIENTED_EDGE('',*,*,#3098,.T.);
#1311=ORIENTED_EDGE('',*,*,#2939,.F.);
#1312=ORIENTED_EDGE('',*,*,#3097,.F.);
#1313=CARTESIAN_POINT('',(7.70676604438345,7.83849391343951,0.));
#1314=CARTESIAN_POINT('',(7.69413403102606,7.81755002238361,0.));
#1315=CARTESIAN_POINT('',(7.6826184608177,7.79607584141249,0.));
#1316=CARTESIAN_POINT('',(7.66261958089499,7.75375836913745,0.));
#1317=CARTESIAN_POINT('',(7.65390181947024,7.73291119210863,0.));
#1318=CARTESIAN_POINT('',(7.63897623933672,7.69155517128156,0.));
#1319=CARTESIAN_POINT('',(7.63256941336754,7.67091058319495,0.));
#1320=CARTESIAN_POINT('',(7.62193903094591,7.62982847302587,0.));
#1321=CARTESIAN_POINT('',(7.61759443032255,7.60923450738466,0.));
#1322=CARTESIAN_POINT('',(7.6109252761634,7.56825302477661,0.));
#1323=CARTESIAN_POINT('',(7.60852624803506,7.54770164458903,0.));
#1324=CARTESIAN_POINT('',(7.60565130933118,7.50686793799596,0.));
#1325=CARTESIAN_POINT('',(7.60513320204548,7.48641967742699,0.));
#1326=CARTESIAN_POINT('',(7.60594987101174,7.44588762520259,0.));
#1327=CARTESIAN_POINT('',(7.60726741349395,7.42563849818966,0.));
#1328=CARTESIAN_POINT('',(7.61169380820831,7.38561754490242,0.));
#1329=CARTESIAN_POINT('',(7.61480626418763,7.36568265398567,0.));
#1330=CARTESIAN_POINT('',(7.6227607012178,7.32641179538492,0.));
#1331=CARTESIAN_POINT('',(7.62762457596976,7.3069163103745,0.));
#1332=CARTESIAN_POINT('',(7.63901529387289,7.26864937340091,0.));
#1333=CARTESIAN_POINT('',(7.64558059513428,7.24972306447177,0.));
#1334=CARTESIAN_POINT('',(7.66030048692532,7.21271953082569,0.));
#1335=CARTESIAN_POINT('',(7.66850881446814,7.19449315100166,0.));
#1336=CARTESIAN_POINT('',(7.6864328345093,7.15901191845844,0.));
#1337=CARTESIAN_POINT('',(7.69621649310918,7.14161461851728,0.));
#1338=CARTESIAN_POINT('',(7.71720062056932,7.10790943715224,0.));
#1339=CARTESIAN_POINT('',(7.72848235664953,7.09146680019525,0.));
#1340=CARTESIAN_POINT('',(7.75236355017756,7.05978274078187,0.));
#1341=CARTESIAN_POINT('',(7.76500670975885,7.04447585351233,0.));
#1342=CARTESIAN_POINT('',(7.77835512944448,7.02970053008979,0.));
#1343=ORIENTED_EDGE('',*,*,#3070,.F.);
#1344=ORIENTED_EDGE('',*,*,#3099,.F.);
#1345=ORIENTED_EDGE('',*,*,#2940,.F.);
#1346=ORIENTED_EDGE('',*,*,#3098,.F.);
#1347=CARTESIAN_POINT('',(8.3417144912406,11.1112121456944,0.));
#1348=CARTESIAN_POINT('',(8.34611863718466,11.0221659942584,0.));
#1349=CARTESIAN_POINT('',(8.34912900052253,10.9330943900622,0.));
#1350=CARTESIAN_POINT('',(8.35233786446153,10.7562394223267,0.));
#1351=CARTESIAN_POINT('',(8.35263342070061,10.6684135697668,0.));
#1352=CARTESIAN_POINT('',(8.3503160592856,10.4942247319311,0.));
#1353=CARTESIAN_POINT('',(8.34785978778787,10.4077711767302,0.));
#1354=CARTESIAN_POINT('',(8.34004404032438,10.2364250947116,0.));
#1355=CARTESIAN_POINT('',(8.3348491691367,10.1514328840012,0.));
#1356=CARTESIAN_POINT('',(8.32155613629498,9.98311297644912,0.));
#1357=CARTESIAN_POINT('',(8.31363222976551,9.89967481452319,0.));
#1358=CARTESIAN_POINT('',(8.29487383367587,9.73457358449796,0.));
#1359=CARTESIAN_POINT('',(8.284225499636,9.65278705155637,0.));
#1360=CARTESIAN_POINT('',(8.26000117296325,9.49110924258184,0.));
#1361=CARTESIAN_POINT('',(8.24662631409561,9.41107846628341,0.));
#1362=CARTESIAN_POINT('',(8.21691837018138,9.25304552713488,0.));
#1363=CARTESIAN_POINT('',(8.200805754698,9.17488353057655,0.));
#1364=CARTESIAN_POINT('',(8.16557267459063,9.02074014686839,0.));
#1365=CARTESIAN_POINT('',(8.14669845665281,8.94457224090039,0.));
#1366=CARTESIAN_POINT('',(8.10586470948024,8.79459630585305,0.));
#1367=CARTESIAN_POINT('',(8.08418727202402,8.72056515162882,0.));
#1368=CARTESIAN_POINT('',(8.03762696680024,8.57508385595101,0.));
#1369=CARTESIAN_POINT('',(8.01307900338566,8.50335728407587,0.));
#1370=CARTESIAN_POINT('',(7.96058753755311,8.36277511176516,0.));
#1371=CARTESIAN_POINT('',(7.93306361847336,8.29355848606601,0.));
#1372=CARTESIAN_POINT('',(7.87430280123508,8.15841151717414,0.));
#1373=CARTESIAN_POINT('',(7.84364134634642,8.09196598303931,0.));
#1374=CARTESIAN_POINT('',(7.7780128504643,7.96304726358872,0.));
#1375=CARTESIAN_POINT('',(7.7434274218816,7.90024258629178,0.));
#1376=CARTESIAN_POINT('',(7.70676604438345,7.83849391343951,0.));
#1377=ORIENTED_EDGE('',*,*,#3100,.T.);
#1378=ORIENTED_EDGE('',*,*,#2941,.F.);
#1379=ORIENTED_EDGE('',*,*,#3099,.T.);
#1380=ORIENTED_EDGE('',*,*,#3069,.T.);
#1381=ORIENTED_EDGE('',*,*,#3068,.F.);
#1382=ORIENTED_EDGE('',*,*,#3101,.T.);
#1383=ORIENTED_EDGE('',*,*,#2942,.F.);
#1384=ORIENTED_EDGE('',*,*,#3100,.F.);
#1385=CARTESIAN_POINT('',(4.59626222462486,9.98551967883377,0.));
#1386=CARTESIAN_POINT('',(4.64099793307945,10.0416950434356,0.));
#1387=CARTESIAN_POINT('',(4.68745716447282,10.0963038264192,0.));
#1388=CARTESIAN_POINT('',(4.78472607577628,10.2033827440005,0.));
#1389=CARTESIAN_POINT('',(4.83598102769889,10.2556136134721,0.));
#1390=CARTESIAN_POINT('',(4.94150876580318,10.3584797076614,0.));
#1391=CARTESIAN_POINT('',(4.99646731887952,10.4087595728009,0.));
#1392=CARTESIAN_POINT('',(5.10930020310979,10.5076910712891,0.));
#1393=CARTESIAN_POINT('',(5.16766088505144,10.5560784087243,0.));
#1394=CARTESIAN_POINT('',(5.28717774774257,10.6512014287936,0.));
#1395=CARTESIAN_POINT('',(5.34871115414643,10.6977219939962,0.));
#1396=CARTESIAN_POINT('',(5.47446124312398,10.7890844103589,0.));
#1397=CARTESIAN_POINT('',(5.53898658245554,10.8337416223908,0.));
#1398=CARTESIAN_POINT('',(5.67061932753353,10.9213451217392,0.));
#1399=CARTESIAN_POINT('',(5.73798845168284,10.9641273048889,0.));
#1400=CARTESIAN_POINT('',(5.87521723457005,11.0479439675212,0.));
#1401=CARTESIAN_POINT('',(5.94530452000584,11.0888289821953,0.));
#1402=CARTESIAN_POINT('',(6.08788583285534,11.1688108622911,0.));
#1403=CARTESIAN_POINT('',(6.16058161829926,11.2077691318513,0.));
#1404=CARTESIAN_POINT('',(6.30830213113372,11.2838542399055,0.));
#1405=CARTESIAN_POINT('',(6.38350831181446,11.3208508012009,0.));
#1406=CARTESIAN_POINT('',(6.53617638493371,11.392967064627,0.));
#1407=CARTESIAN_POINT('',(6.61380335573895,11.4279630068446,0.));
#1408=CARTESIAN_POINT('',(6.77124322330039,11.496031015731,0.));
#1409=CARTESIAN_POINT('',(6.85120769577411,11.5289845226543,0.));
#1410=CARTESIAN_POINT('',(7.01325534076219,11.5929195063823,0.));
#1411=CARTESIAN_POINT('',(7.09547874512016,11.6237866330246,0.));
#1412=CARTESIAN_POINT('',(7.26197889138713,11.6834999289778,0.));
#1413=CARTESIAN_POINT('',(7.346329777624,11.7122704165052,0.));
#1414=CARTESIAN_POINT('',(7.43115110724026,11.7397286689839,0.));
#1415=ORIENTED_EDGE('',*,*,#3067,.F.);
#1416=ORIENTED_EDGE('',*,*,#3102,.T.);
#1417=ORIENTED_EDGE('',*,*,#2943,.F.);
#1418=ORIENTED_EDGE('',*,*,#3101,.F.);
#1419=CARTESIAN_POINT('',(3.81464143479484,9.76565454982135,0.));
#1420=CARTESIAN_POINT('',(3.83319001704067,9.75841296249436,0.));
#1421=CARTESIAN_POINT('',(3.85198553143782,9.75201929995818,0.));
#1422=CARTESIAN_POINT('',(3.89007902955699,9.74092531842409,0.));
#1423=CARTESIAN_POINT('',(3.90945372093272,9.73620735136422,0.));
#1424=CARTESIAN_POINT('',(3.94840968711938,9.72853887338111,0.));
#1425=CARTESIAN_POINT('',(3.9681457782959,9.72556016125781,0.));
#1426=CARTESIAN_POINT('',(4.00767725213636,9.72138272984322,0.));
#1427=CARTESIAN_POINT('',(4.02762992637831,9.7201709736241,0.));
#1428=CARTESIAN_POINT('',(4.06744857693999,9.71952926957764,0.));
#1429=CARTESIAN_POINT('',(4.08747307111501,9.72010196790008,0.));
#1430=CARTESIAN_POINT('',(4.12729248297851,9.72302110450778,0.));
#1431=CARTESIAN_POINT('',(4.14724583187929,9.72538649687227,0.));
#1432=CARTESIAN_POINT('',(4.18678540477977,9.73187460742583,0.));
#1433=CARTESIAN_POINT('',(4.20652854368406,9.73603342027226,0.));
#1434=CARTESIAN_POINT('',(4.24551840625308,9.74608629493755,0.));
#1435=CARTESIAN_POINT('',(4.26491887591345,9.75203481071339,0.));
#1436=CARTESIAN_POINT('',(4.30310659789916,9.76564407576567,0.));
#1437=CARTESIAN_POINT('',(4.32204233029029,9.77337956762253,0.));
#1438=CARTESIAN_POINT('',(4.35920304188952,9.79054751392134,0.));
#1439=CARTESIAN_POINT('',(4.37756820907605,9.80007826403799,0.));
#1440=CARTESIAN_POINT('',(4.41352164630664,9.82084626551283,0.));
#1441=CARTESIAN_POINT('',(4.43123672206918,9.83221125852361,0.));
#1442=CARTESIAN_POINT('',(4.46587957680322,9.85671875578977,0.));
#1443=CARTESIAN_POINT('',(4.48291071018865,9.8700299139615,0.));
#1444=CARTESIAN_POINT('',(4.5162865777375,9.89865062091176,0.));
#1445=CARTESIAN_POINT('',(4.5326876660683,9.91419438029922,0.));
#1446=CARTESIAN_POINT('',(4.56516348943888,9.94789964033848,0.));
#1447=CARTESIAN_POINT('',(4.58115871997228,9.96628173504468,0.));
#1448=CARTESIAN_POINT('',(4.59626222462486,9.98551967883377,0.));
#1449=ORIENTED_EDGE('',*,*,#3066,.F.);
#1450=ORIENTED_EDGE('',*,*,#3103,.T.);
#1451=ORIENTED_EDGE('',*,*,#2944,.F.);
#1452=ORIENTED_EDGE('',*,*,#3102,.F.);
#1453=ORIENTED_EDGE('',*,*,#3065,.F.);
#1454=ORIENTED_EDGE('',*,*,#3104,.T.);
#1455=ORIENTED_EDGE('',*,*,#2945,.F.);
#1456=ORIENTED_EDGE('',*,*,#3103,.F.);
#1457=CARTESIAN_POINT('',(3.1812726767995,10.5221544300461,0.));
#1458=CARTESIAN_POINT('',(3.1798206959425,10.4977391461933,0.));
#1459=CARTESIAN_POINT('',(3.17960371441062,10.4733731509413,0.));
#1460=CARTESIAN_POINT('',(3.18156149562527,10.42660894721,0.));
#1461=CARTESIAN_POINT('',(3.18353046747851,10.4040983429495,0.));
#1462=CARTESIAN_POINT('',(3.18953362379477,10.3605431421669,0.));
#1463=CARTESIAN_POINT('',(3.1934546795962,10.3392858667614,0.));
#1464=CARTESIAN_POINT('',(3.203133751978,10.2979692797266,0.));
#1465=CARTESIAN_POINT('',(3.20885729221473,10.2777151921745,0.));
#1466=CARTESIAN_POINT('',(3.22199709407117,10.2383285809833,0.));
#1467=CARTESIAN_POINT('',(3.22942356274987,10.2190163535991,0.));
#1468=CARTESIAN_POINT('',(3.24585430060537,10.1815238514126,0.));
#1469=CARTESIAN_POINT('',(3.2548983199017,10.1631770394164,0.));
#1470=CARTESIAN_POINT('',(3.27445762823801,10.1276672145348,0.));
#1471=CARTESIAN_POINT('',(3.2850344927045,10.1103497955286,0.));
#1472=CARTESIAN_POINT('',(3.30755253493612,10.0769700494804,0.));
#1473=CARTESIAN_POINT('',(3.31957268357876,10.060765010613,0.));
#1474=CARTESIAN_POINT('',(3.34486606575562,10.0296890034408,0.));
#1475=CARTESIAN_POINT('',(3.35823281659735,10.0146869640685,0.));
#1476=CARTESIAN_POINT('',(3.38610232873596,9.98609680469773,0.));
#1477=CARTESIAN_POINT('',(3.40071110861871,9.97238943804066,0.));
#1478=CARTESIAN_POINT('',(3.43094132503488,9.94646511100856,0.));
#1479=CARTESIAN_POINT('',(3.44667965916491,9.9341410531804,0.));
#1480=CARTESIAN_POINT('',(3.47903954164979,9.91105368947671,0.));
#1481=CARTESIAN_POINT('',(3.49578746952364,9.90019583827244,0.));
#1482=CARTESIAN_POINT('',(3.53003157042457,9.88010319261288,0.));
#1483=CARTESIAN_POINT('',(3.54766232602004,9.87078684481904,0.));
#1484=CARTESIAN_POINT('',(3.58353238932303,9.85383014750285,0.));
#1485=CARTESIAN_POINT('',(3.60184081636359,9.84615214116131,0.));
#1486=CARTESIAN_POINT('',(3.62052669017608,9.83927256194393,0.));
#1487=ORIENTED_EDGE('',*,*,#3064,.F.);
#1488=ORIENTED_EDGE('',*,*,#3105,.F.);
#1489=ORIENTED_EDGE('',*,*,#2946,.F.);
#1490=ORIENTED_EDGE('',*,*,#3104,.F.);
#1491=CARTESIAN_POINT('',(2.22258360694934,13.715077765369,0.));
#1492=CARTESIAN_POINT('',(2.26786509446698,13.6382780226921,0.));
#1493=CARTESIAN_POINT('',(2.31192427726498,13.5608080196414,0.));
#1494=CARTESIAN_POINT('',(2.39695418677304,13.4057019562216,0.));
#1495=CARTESIAN_POINT('',(2.43803059761493,13.3280733776973,0.));
#1496=CARTESIAN_POINT('',(2.51692826524002,13.1727598900865,0.));
#1497=CARTESIAN_POINT('',(2.55493031524913,13.095067582413,0.));
#1498=CARTESIAN_POINT('',(2.62763830931555,12.9397160026644,0.));
#1499=CARTESIAN_POINT('',(2.66253632908026,12.8620449605406,0.));
#1500=CARTESIAN_POINT('',(2.7289880944071,12.7068275037729,0.));
#1501=CARTESIAN_POINT('',(2.76074747090358,12.6292642575488,0.));
#1502=CARTESIAN_POINT('',(2.82086410338007,12.474356917247,0.));
#1503=CARTESIAN_POINT('',(2.84944356886038,12.3969900112646,0.));
#1504=CARTESIAN_POINT('',(2.90312941707633,12.2425738151617,0.));
#1505=CARTESIAN_POINT('',(2.92847872392225,12.1654944752119,0.));
#1506=CARTESIAN_POINT('',(2.97561521474213,12.0117572870605,0.));
#1507=CARTESIAN_POINT('',(2.9976718932472,11.9350603704534,0.));
#1508=CARTESIAN_POINT('',(3.03810855239022,11.7821995537861,0.));
#1509=CARTESIAN_POINT('',(3.05679325325706,11.7059849360554,0.));
#1510=CARTESIAN_POINT('',(3.09033405803855,11.5542114521523,0.));
#1511=CARTESIAN_POINT('',(3.10554363324336,11.478586113062,0.));
#1512=CARTESIAN_POINT('',(3.13192505962714,11.3281311704493,0.));
#1513=CARTESIAN_POINT('',(3.14352191750583,11.2532124377578,0.));
#1514=CARTESIAN_POINT('',(3.16237482583806,11.1043391056789,0.));
#1515=CARTESIAN_POINT('',(3.17017017569238,11.0302598243964,0.));
#1516=CARTESIAN_POINT('',(3.18094598407197,10.8832856130635,0.));
#1517=CARTESIAN_POINT('',(3.18467539347679,10.8102019259107,0.));
#1518=CARTESIAN_POINT('',(3.18647576258231,10.6655509861709,0.));
#1519=CARTESIAN_POINT('',(3.18503867529658,10.5938675561417,0.));
#1520=CARTESIAN_POINT('',(3.1812726767995,10.5221544300461,0.));
#1521=ORIENTED_EDGE('',*,*,#3106,.T.);
#1522=ORIENTED_EDGE('',*,*,#2947,.F.);
#1523=ORIENTED_EDGE('',*,*,#3105,.T.);
#1524=ORIENTED_EDGE('',*,*,#3063,.T.);
#1525=ORIENTED_EDGE('',*,*,#3062,.F.);
#1526=ORIENTED_EDGE('',*,*,#3107,.T.);
#1527=ORIENTED_EDGE('',*,*,#2948,.F.);
#1528=ORIENTED_EDGE('',*,*,#3106,.F.);
#1529=CARTESIAN_POINT('',(-0.57071429737679,10.9777281294747,0.));
#1530=CARTESIAN_POINT('',(-0.557208788392269,11.0482586648912,0.));
#1531=CARTESIAN_POINT('',(-0.541449148857425,11.1182030222216,0.));
#1532=CARTESIAN_POINT('',(-0.505083859472417,11.2582198120165,0.));
#1533=CARTESIAN_POINT('',(-0.483972748787432,11.3282873139557,0.));
#1534=CARTESIAN_POINT('',(-0.438336834796838,11.4684119020814,0.));
#1535=CARTESIAN_POINT('',(-0.413039671231742,11.5384730247548,0.));
#1536=CARTESIAN_POINT('',(-0.359106873790721,11.6785085720884,0.));
#1537=CARTESIAN_POINT('',(-0.329917773243902,11.7484749928203,0.));
#1538=CARTESIAN_POINT('',(-0.268296718627838,11.8882444996615,0.));
#1539=CARTESIAN_POINT('',(-0.235430777774827,11.9580324142477,0.));
#1540=CARTESIAN_POINT('',(-0.166542835700851,12.0973687965686,0.));
#1541=CARTESIAN_POINT('',(-0.130161726412499,12.1668972144225,0.));
#1542=CARTESIAN_POINT('',(-0.0543180952092517,12.3056390476263,0.));
#1543=CARTESIAN_POINT('',(-0.0145475701485407,12.3748287825593,0.));
#1544=CARTESIAN_POINT('',(0.0680109372233644,12.5128181468163,0.));
#1545=CARTESIAN_POINT('',(0.111069932725758,12.5815912150261,0.));
#1546=CARTESIAN_POINT('',(0.200149982309733,12.7186724926816,0.));
#1547=CARTESIAN_POINT('',(0.246414092963303,12.7869517432184,0.));
#1548=CARTESIAN_POINT('',(0.34185559840491,12.9229709059078,0.));
#1549=CARTESIAN_POINT('',(0.391254204935142,12.9906797888785,0.));
#1550=CARTESIAN_POINT('',(0.492920971508134,13.1254839600865,0.));
#1551=CARTESIAN_POINT('',(0.545392815284821,13.1925463801052,0.));
#1552=CARTESIAN_POINT('',(0.653166113690718,13.3259835633873,0.));
#1553=CARTESIAN_POINT('',(0.708656879413407,13.3923237879577,0.));
#1554=CARTESIAN_POINT('',(0.822430874668371,13.5242427001508,0.));
#1555=CARTESIAN_POINT('',(0.880891414501788,13.5897853047202,0.));
#1556=CARTESIAN_POINT('',(1.00056981997744,13.7200352785526,0.));
#1557=CARTESIAN_POINT('',(1.06188850824009,13.7847100915114,0.));
#1558=CARTESIAN_POINT('',(1.12423357946206,13.8484416039788,0.));
#1559=ORIENTED_EDGE('',*,*,#3061,.F.);
#1560=ORIENTED_EDGE('',*,*,#3108,.T.);
#1561=ORIENTED_EDGE('',*,*,#2949,.F.);
#1562=ORIENTED_EDGE('',*,*,#3107,.F.);
#1563=CARTESIAN_POINT('',(-1.16062871533114,10.4198099333744,0.));
#1564=CARTESIAN_POINT('',(-1.14083942798102,10.4220177822187,0.));
#1565=CARTESIAN_POINT('',(-1.12122554336802,10.4250911862709,0.));
#1566=CARTESIAN_POINT('',(-1.08233979563108,10.4329708847532,0.));
#1567=CARTESIAN_POINT('',(-1.0629918097896,10.4377972004247,0.));
#1568=CARTESIAN_POINT('',(-1.02493429538142,10.4491108405633,0.));
#1569=CARTESIAN_POINT('',(-1.00607457797978,10.4556451408603,0.));
#1570=CARTESIAN_POINT('',(-0.969129847086817,10.4703174009612,0.));
#1571=CARTESIAN_POINT('',(-0.950899500257485,10.4785169141798,0.));
#1572=CARTESIAN_POINT('',(-0.915343621444288,10.4964533630607,0.));
#1573=CARTESIAN_POINT('',(-0.897878958597382,10.5062663086928,0.));
#1574=CARTESIAN_POINT('',(-0.863977210848843,10.5273560791819,0.));
#1575=CARTESIAN_POINT('',(-0.847408650475433,10.5387233136982,0.));
#1576=CARTESIAN_POINT('',(-0.815413272715972,10.5628432060225,0.));
#1577=CARTESIAN_POINT('',(-0.799864288105795,10.5757007460546,0.));
#1578=CARTESIAN_POINT('',(-0.770012283157275,10.6027216171128,0.));
#1579=CARTESIAN_POINT('',(-0.755598433516301,10.6170046140499,0.));
#1580=CARTESIAN_POINT('',(-0.728109425802361,10.6468017390895,0.));
#1581=CARTESIAN_POINT('',(-0.714937529769517,10.6624510505873,0.));
#1582=CARTESIAN_POINT('',(-0.69001169622788,10.6949219558555,0.));
#1583=CARTESIAN_POINT('',(-0.678179308706603,10.7118957347253,0.));
#1584=CARTESIAN_POINT('',(-0.655995492590233,10.7469932821676,0.));
#1585=CARTESIAN_POINT('',(-0.645591147613614,10.7652890899119,0.));
#1586=CARTESIAN_POINT('',(-0.62630562501191,10.8030887383805,0.));
#1587=CARTESIAN_POINT('',(-0.617411308981226,10.8227899459225,0.));
#1588=CARTESIAN_POINT('',(-0.601159151668751,10.8636428623871,0.));
#1589=CARTESIAN_POINT('',(-0.593860254347002,10.8850281435921,0.));
#1590=CARTESIAN_POINT('',(-0.580767956215471,10.9299649368415,0.));
#1591=CARTESIAN_POINT('',(-0.57514746831864,10.9536748276343,0.));
#1592=CARTESIAN_POINT('',(-0.57071429737679,10.9777281294747,0.));
#1593=ORIENTED_EDGE('',*,*,#3060,.F.);
#1594=ORIENTED_EDGE('',*,*,#3109,.T.);
#1595=ORIENTED_EDGE('',*,*,#2950,.F.);
#1596=ORIENTED_EDGE('',*,*,#3108,.F.);
#1597=ORIENTED_EDGE('',*,*,#3059,.F.);
#1598=ORIENTED_EDGE('',*,*,#3110,.T.);
#1599=ORIENTED_EDGE('',*,*,#2951,.F.);
#1600=ORIENTED_EDGE('',*,*,#3109,.F.);
#1601=CARTESIAN_POINT('',(-2.07301192254739,10.7953161724364,0.));
#1602=CARTESIAN_POINT('',(-2.06295123958791,10.7730227430813,0.));
#1603=CARTESIAN_POINT('',(-2.05181992458928,10.7513468894186,0.));
#1604=CARTESIAN_POINT('',(-2.02835398631972,10.710849069736,0.));
#1605=CARTESIAN_POINT('',(-2.01614934891139,10.6918319463978,0.));
#1606=CARTESIAN_POINT('',(-1.99059270691151,10.6560555372619,0.));
#1607=CARTESIAN_POINT('',(-1.97724203596975,10.6390553601549,0.));
#1608=CARTESIAN_POINT('',(-1.94947086762172,10.6069694284252,0.));
#1609=CARTESIAN_POINT('',(-1.934990380617,10.5916951863323,0.));
#1610=CARTESIAN_POINT('',(-1.9050517929985,10.5629264445217,0.));
#1611=CARTESIAN_POINT('',(-1.8895011419884,10.549277568497,0.));
#1612=CARTESIAN_POINT('',(-1.85752881160435,10.5237153511344,0.));
#1613=CARTESIAN_POINT('',(-1.84099454155453,10.5116730212363,0.));
#1614=CARTESIAN_POINT('',(-1.80717339567282,10.489320296638,0.));
#1615=CARTESIAN_POINT('',(-1.78976024140628,10.4789017976353,0.));
#1616=CARTESIAN_POINT('',(-1.75430916376084,10.4598101563763,0.));
#1617=CARTESIAN_POINT('',(-1.73613499365041,10.4510473486708,0.));
#1618=CARTESIAN_POINT('',(-1.69929707536527,10.4352853316639,0.));
#1619=CARTESIAN_POINT('',(-1.68048960996481,10.4282135243557,0.));
#1620=CARTESIAN_POINT('',(-1.64252587295765,10.4158498035508,0.));
#1621=CARTESIAN_POINT('',(-1.62322030986979,10.4105015716753,0.));
#1622=CARTESIAN_POINT('',(-1.58440514709583,10.4015954021582,0.));
#1623=CARTESIAN_POINT('',(-1.5647422690603,10.3979969594534,0.));
#1624=CARTESIAN_POINT('',(-1.52535978323012,10.3925925013808,0.));
#1625=CARTESIAN_POINT('',(-1.50548433452379,10.3907615017731,0.));
#1626=CARTESIAN_POINT('',(-1.46582517101232,10.3888843747969,0.));
#1627=CARTESIAN_POINT('',(-1.44588438953488,10.3888285791717,0.));
#1628=CARTESIAN_POINT('',(-1.40624285567852,10.3904838189574,0.));
#1629=CARTESIAN_POINT('',(-1.38646340117321,10.3921936322667,0.));
#1630=CARTESIAN_POINT('',(-1.36672078173512,10.3947858259453,0.));
#1631=ORIENTED_EDGE('',*,*,#3058,.F.);
#1632=ORIENTED_EDGE('',*,*,#3111,.F.);
#1633=ORIENTED_EDGE('',*,*,#2952,.F.);
#1634=ORIENTED_EDGE('',*,*,#3110,.F.);
#1635=CARTESIAN_POINT('',(-4.40571439665792,13.1769843536024,0.));
#1636=CARTESIAN_POINT('',(-4.32992901065591,13.1300249151945,0.));
#1637=CARTESIAN_POINT('',(-4.25491443620609,13.0819039573734,0.));
#1638=CARTESIAN_POINT('',(-4.10754280867578,12.9840797281682,0.));
#1639=CARTESIAN_POINT('',(-4.03509565393054,12.9344321954935,0.));
#1640=CARTESIAN_POINT('',(-3.89305746209828,12.833574506389,0.));
#1641=CARTESIAN_POINT('',(-3.82330290226508,12.7824418176369,0.));
#1642=CARTESIAN_POINT('',(-3.68672769188305,12.6786739148893,0.));
#1643=CARTESIAN_POINT('',(-3.6197314969273,12.6261175410651,0.));
#1644=CARTESIAN_POINT('',(-3.48875823203772,12.5195609838542,0.));
#1645=CARTESIAN_POINT('',(-3.42459126292864,12.4656414583034,0.));
#1646=CARTESIAN_POINT('',(-3.29937159790243,12.3564154125523,0.));
#1647=CARTESIAN_POINT('',(-3.23811154402358,12.3011919593174,0.));
#1648=CARTESIAN_POINT('',(-3.1188143017606,12.1894122656964,0.));
#1649=CARTESIAN_POINT('',(-3.06054804990725,12.1329423099711,0.));
#1650=CARTESIAN_POINT('',(-2.94736552634381,12.0187202098882,0.));
#1651=CARTESIAN_POINT('',(-2.89219247308401,11.9610587125291,0.));
#1652=CARTESIAN_POINT('',(-2.78534962598569,11.8444990338286,0.));
#1653=CARTESIAN_POINT('',(-2.73338644610771,11.7856975547716,0.));
#1654=CARTESIAN_POINT('',(-2.6331548835371,11.6668959981062,0.));
#1655=CARTESIAN_POINT('',(-2.58454262605543,11.6070013279512,0.));
#1656=CARTESIAN_POINT('',(-2.49126313491796,11.4860401525776,0.));
#1657=CARTESIAN_POINT('',(-2.44617815612872,11.4250922378607,0.));
#1658=CARTESIAN_POINT('',(-2.36029984772844,11.3020328322748,0.));
#1659=CARTESIAN_POINT('',(-2.31897104964753,11.2400615659986,0.));
#1660=CARTESIAN_POINT('',(-2.24112722348727,11.1149301328098,0.));
#1661=CARTESIAN_POINT('',(-2.20386131253936,11.0519508846119,0.));
#1662=CARTESIAN_POINT('',(-2.13504452131147,10.9247055116444,0.));
#1663=CARTESIAN_POINT('',(-2.10300404792185,10.8605651388236,0.));
#1664=CARTESIAN_POINT('',(-2.07301192254739,10.7953161724364,0.));
#1665=ORIENTED_EDGE('',*,*,#3112,.T.);
#1666=ORIENTED_EDGE('',*,*,#2953,.F.);
#1667=ORIENTED_EDGE('',*,*,#3111,.T.);
#1668=ORIENTED_EDGE('',*,*,#3057,.T.);
#1669=ORIENTED_EDGE('',*,*,#3056,.F.);
#1670=ORIENTED_EDGE('',*,*,#3113,.T.);
#1671=ORIENTED_EDGE('',*,*,#2954,.F.);
#1672=ORIENTED_EDGE('',*,*,#3112,.F.);
#1673=CARTESIAN_POINT('',(-5.6069470517023,9.45507136161843,0.));
#1674=CARTESIAN_POINT('',(-5.62776569153717,9.52379937217092,0.));
#1675=CARTESIAN_POINT('',(-5.64631598735403,9.59305589450441,0.));
#1676=CARTESIAN_POINT('',(-5.67918516943634,9.73393439735622,0.));
#1677=CARTESIAN_POINT('',(-5.69305420103045,9.80578691147364,0.));
#1678=CARTESIAN_POINT('',(-5.71776474907641,9.9510691390806,0.));
#1679=CARTESIAN_POINT('',(-5.72792425033145,10.0248613604114,0.));
#1680=CARTESIAN_POINT('',(-5.74524689361275,10.1739205003076,0.));
#1681=CARTESIAN_POINT('',(-5.75191624562924,10.2494375405333,0.));
#1682=CARTESIAN_POINT('',(-5.76230764008657,10.4018340245342,0.));
#1683=CARTESIAN_POINT('',(-5.76563835575631,10.4789017183077,0.));
#1684=CARTESIAN_POINT('',(-5.76939395792536,10.6342917805827,0.));
#1685=CARTESIAN_POINT('',(-5.76949155237828,10.7127632816365,0.));
#1686=CARTESIAN_POINT('',(-5.7668118969436,10.8708593667291,0.));
#1687=CARTESIAN_POINT('',(-5.76375091897612,10.9506061189989,0.));
#1688=CARTESIAN_POINT('',(-5.75477584622055,11.1111564844814,0.));
#1689=CARTESIAN_POINT('',(-5.748609437604,11.1920625251053,0.));
#1690=CARTESIAN_POINT('',(-5.73343781711427,11.3548395316181,0.));
#1691=CARTESIAN_POINT('',(-5.7242039314588,11.4367978096877,0.));
#1692=CARTESIAN_POINT('',(-5.7029059321119,11.6015906760488,0.));
#1693=CARTESIAN_POINT('',(-5.69063152517051,11.6845005915867,0.));
#1694=CARTESIAN_POINT('',(-5.66325669614829,11.8511106595193,0.));
#1695=CARTESIAN_POINT('',(-5.64796064645513,11.9348763651027,0.));
#1696=CARTESIAN_POINT('',(-5.61454348106052,12.1031138721827,0.));
#1697=CARTESIAN_POINT('',(-5.5962386877797,12.1876430684376,0.));
#1698=CARTESIAN_POINT('',(-5.55680259344549,12.3573248761075,0.));
#1699=CARTESIAN_POINT('',(-5.53549752328658,12.4425279377713,0.));
#1700=CARTESIAN_POINT('',(-5.49005773901558,12.6134758901602,0.));
#1701=CARTESIAN_POINT('',(-5.46581862123783,12.6992388083175,0.));
#1702=CARTESIAN_POINT('',(-5.44023231288754,12.7846434593153,0.));
#1703=ORIENTED_EDGE('',*,*,#3055,.F.);
#1704=ORIENTED_EDGE('',*,*,#3114,.T.);
#1705=ORIENTED_EDGE('',*,*,#2955,.F.);
#1706=ORIENTED_EDGE('',*,*,#3113,.F.);
#1707=CARTESIAN_POINT('',(-5.87001281386704,8.68691243351381,0.));
#1708=CARTESIAN_POINT('',(-5.85351630865777,8.69806392696649,0.));
#1709=CARTESIAN_POINT('',(-5.83757735842083,8.70990031777722,0.));
#1710=CARTESIAN_POINT('',(-5.80680761724858,8.73494855231434,0.));
#1711=CARTESIAN_POINT('',(-5.79191872732914,8.74821349996029,0.));
#1712=CARTESIAN_POINT('',(-5.76347818260759,8.77591743960891,0.));
#1713=CARTESIAN_POINT('',(-5.74981537295332,8.79046782287509,0.));
#1714=CARTESIAN_POINT('',(-5.72392097762315,8.82062853652227,0.));
#1715=CARTESIAN_POINT('',(-5.71158931096555,8.83636090951512,0.));
#1716=CARTESIAN_POINT('',(-5.68844162724214,8.86876648704241,0.));
#1717=CARTESIAN_POINT('',(-5.67753773950957,8.88557165239862,0.));
#1718=CARTESIAN_POINT('',(-5.65732013772483,8.92000064450938,0.));
#1719=CARTESIAN_POINT('',(-5.64793202338755,8.93776562473972,0.));
#1720=CARTESIAN_POINT('',(-5.6308105962277,8.97399172217951,0.));
#1721=CARTESIAN_POINT('',(-5.62301785090024,8.99260248192615,0.));
#1722=CARTESIAN_POINT('',(-5.60914243815027,9.03040119345452,0.));
#1723=CARTESIAN_POINT('',(-5.60301724777572,9.04974660908339,0.));
#1724=CARTESIAN_POINT('',(-5.59252435472236,9.08890543185799,0.));
#1725=CARTESIAN_POINT('',(-5.58813381769037,9.10888349432728,0.));
#1726=CARTESIAN_POINT('',(-5.58115307028186,9.1492186654847,0.));
#1727=CARTESIAN_POINT('',(-5.57856411981123,9.16974698492482,0.));
#1728=CARTESIAN_POINT('',(-5.57523196973737,9.21113365318694,0.));
#1729=CARTESIAN_POINT('',(-5.57452186559487,9.23216892659886,0.));
#1730=CARTESIAN_POINT('',(-5.57501175593781,9.27460128234099,0.));
#1731=CARTESIAN_POINT('',(-5.57629183787637,9.2961792300306,0.));
#1732=CARTESIAN_POINT('',(-5.58088656418083,9.33990544517848,0.));
#1733=CARTESIAN_POINT('',(-5.5843619472833,9.36223313799751,0.));
#1734=CARTESIAN_POINT('',(-5.59365246211346,9.40810698667082,0.));
#1735=CARTESIAN_POINT('',(-5.59969430289613,9.43171302330472,0.));
#1736=CARTESIAN_POINT('',(-5.6069470517023,9.45507136161843,0.));
#1737=ORIENTED_EDGE('',*,*,#3054,.F.);
#1738=ORIENTED_EDGE('',*,*,#3115,.T.);
#1739=ORIENTED_EDGE('',*,*,#2956,.F.);
#1740=ORIENTED_EDGE('',*,*,#3114,.F.);
#1741=ORIENTED_EDGE('',*,*,#3053,.F.);
#1742=ORIENTED_EDGE('',*,*,#3116,.T.);
#1743=ORIENTED_EDGE('',*,*,#2957,.F.);
#1744=ORIENTED_EDGE('',*,*,#3115,.F.);
#1745=CARTESIAN_POINT('',(-6.85239447294056,8.59540107738457,0.));
#1746=CARTESIAN_POINT('',(-6.83312590738626,8.58033665852745,0.));
#1747=CARTESIAN_POINT('',(-6.81319634597641,8.56631662330585,0.));
#1748=CARTESIAN_POINT('',(-6.77359801431428,8.54136275010973,0.));
#1749=CARTESIAN_POINT('',(-6.75395364669928,8.53019570146936,0.));
#1750=CARTESIAN_POINT('',(-6.71469823770704,8.51039402816068,0.));
#1751=CARTESIAN_POINT('',(-6.69497642944467,8.50154548505307,0.));
#1752=CARTESIAN_POINT('',(-6.65547520512009,8.4860407089104,0.));
#1753=CARTESIAN_POINT('',(-6.63555507641137,8.4792454570655,0.));
#1754=CARTESIAN_POINT('',(-6.59567627265511,8.46768515668347,0.));
#1755=CARTESIAN_POINT('',(-6.57556390605437,8.46282642502877,0.));
#1756=CARTESIAN_POINT('',(-6.53537445872441,8.4550504884297,0.));
#1757=CARTESIAN_POINT('',(-6.51513773992996,8.45207139328347,0.));
#1758=CARTESIAN_POINT('',(-6.47480277343534,8.44799650879441,0.));
#1759=CARTESIAN_POINT('',(-6.45454247315996,8.44686368236029,0.));
#1760=CARTESIAN_POINT('',(-6.41427977475748,8.44643381082361,0.));
#1761=CARTESIAN_POINT('',(-6.39411506652907,8.44712068792216,0.));
#1762=CARTESIAN_POINT('',(-6.35417173526973,8.45028354922395,0.));
#1763=CARTESIAN_POINT('',(-6.33423211897926,8.4527620398096,0.));
#1764=CARTESIAN_POINT('',(-6.29487119173926,8.45945713700805,0.));
#1765=CARTESIAN_POINT('',(-6.27529151729246,8.46369325538355,0.));
#1766=CARTESIAN_POINT('',(-6.2367834941788,8.47384553948687,0.));
#1767=CARTESIAN_POINT('',(-6.21770060063234,8.47979707176307,0.));
#1768=CARTESIAN_POINT('',(-6.18031756435016,8.49331361553532,0.));
#1769=CARTESIAN_POINT('',(-6.16186782058485,8.50092892746825,0.));
#1770=CARTESIAN_POINT('',(-6.12587903087859,8.51769734634399,0.));
#1771=CARTESIAN_POINT('',(-6.10819641624318,8.52691488499261,0.));
#1772=CARTESIAN_POINT('',(-6.07386480950767,8.54680286639323,0.));
#1773=CARTESIAN_POINT('',(-6.05714556219652,8.5575088017297,0.));
#1774=CARTESIAN_POINT('',(-6.04086899332173,8.56897892797176,0.));
#1775=ORIENTED_EDGE('',*,*,#3052,.F.);
#1776=ORIENTED_EDGE('',*,*,#3117,.F.);
#1777=ORIENTED_EDGE('',*,*,#2958,.F.);
#1778=ORIENTED_EDGE('',*,*,#3116,.F.);
#1779=CARTESIAN_POINT('',(-10.024716326605,9.6202026263015,0.));
#1780=CARTESIAN_POINT('',(-9.93578856073882,9.61384133357939,0.));
#1781=CARTESIAN_POINT('',(-9.84700352962,9.60609335250432,0.));
#1782=CARTESIAN_POINT('',(-9.67105124791399,9.58796130951484,0.));
#1783=CARTESIAN_POINT('',(-9.58383011933467,9.57766847410801,0.));
#1784=CARTESIAN_POINT('',(-9.41119064129825,9.55437186461658,0.));
#1785=CARTESIAN_POINT('',(-9.32566350066516,9.54151267756341,0.));
#1786=CARTESIAN_POINT('',(-9.15650880875634,9.51310042779742,0.));
#1787=CARTESIAN_POINT('',(-9.07276245948225,9.49769875414302,0.));
#1788=CARTESIAN_POINT('',(-8.90727209161716,9.46421391960016,0.));
#1789=CARTESIAN_POINT('',(-8.82539740922258,9.44629042822567,0.));
#1790=CARTESIAN_POINT('',(-8.66376102784359,9.40776804779032,0.));
#1791=CARTESIAN_POINT('',(-8.58385432564618,9.38733907492421,0.));
#1792=CARTESIAN_POINT('',(-8.42627524985099,9.34380326450238,0.));
#1793=CARTESIAN_POINT('',(-8.34844014910536,9.3208792793214,0.));
#1794=CARTESIAN_POINT('',(-8.19514034494946,9.27233917391057,0.));
#1795=CARTESIAN_POINT('',(-8.11949039852938,9.24692264994803,0.));
#1796=CARTESIAN_POINT('',(-7.9707177721501,9.19336652690813,0.));
#1797=CARTESIAN_POINT('',(-7.89738025154684,9.16544889674221,0.));
#1798=CARTESIAN_POINT('',(-7.75341977425075,9.10683527223253,0.));
#1799=CARTESIAN_POINT('',(-7.68254131684006,9.07639241813637,0.));
#1800=CARTESIAN_POINT('',(-7.54373296822876,9.01263575753977,0.));
#1801=CARTESIAN_POINT('',(-7.4754882938367,8.97962109355716,0.));
#1802=CARTESIAN_POINT('',(-7.34225827087707,8.91056704125735,0.));
#1803=CARTESIAN_POINT('',(-7.27686395414389,8.87490066025668,0.));
#1804=CARTESIAN_POINT('',(-7.14978519265647,8.80027810855819,0.));
#1805=CARTESIAN_POINT('',(-7.08751995126072,8.76183108609505,0.));
#1806=CARTESIAN_POINT('',(-6.96745183544854,8.68114166137383,0.));
#1807=CARTESIAN_POINT('',(-6.90927388770757,8.63923813219941,0.));
#1808=CARTESIAN_POINT('',(-6.85239447294056,8.59540107738457,0.));
#1809=ORIENTED_EDGE('',*,*,#3118,.T.);
#1810=ORIENTED_EDGE('',*,*,#2959,.F.);
#1811=ORIENTED_EDGE('',*,*,#3117,.T.);
#1812=ORIENTED_EDGE('',*,*,#3051,.T.);
#1813=ORIENTED_EDGE('',*,*,#3050,.F.);
#1814=ORIENTED_EDGE('',*,*,#3119,.T.);
#1815=ORIENTED_EDGE('',*,*,#2960,.F.);
#1816=ORIENTED_EDGE('',*,*,#3118,.F.);
#1817=CARTESIAN_POINT('',(-9.35869580751981,5.76637169077759,0.));
#1818=CARTESIAN_POINT('',(-9.40906929667971,5.81755241751075,0.));
#1819=CARTESIAN_POINT('',(-9.45767987863194,5.87025527021236,0.));
#1820=CARTESIAN_POINT('',(-9.55225359868308,5.97972191888773,0.));
#1821=CARTESIAN_POINT('',(-9.59792554455803,6.03689890011574,0.));
#1822=CARTESIAN_POINT('',(-9.68732166587761,6.15405635969978,0.));
#1823=CARTESIAN_POINT('',(-9.73061041265052,6.21467477107384,0.));
#1824=CARTESIAN_POINT('',(-9.81522008783887,6.33860985093976,0.));
#1825=CARTESIAN_POINT('',(-9.8562200242461,6.40237746682248,0.));
#1826=CARTESIAN_POINT('',(-9.93624332453653,6.53248873007534,0.));
#1827=CARTESIAN_POINT('',(-9.97500766990856,6.59918092315907,0.));
#1828=CARTESIAN_POINT('',(-10.0505464531236,6.73502667477415,0.));
#1829=CARTESIAN_POINT('',(-10.0871003936048,6.80446438382056,0.));
#1830=CARTESIAN_POINT('',(-10.1581985907054,6.94569681297158,0.));
#1831=CARTESIAN_POINT('',(-10.1925483929947,7.01773156268575,0.));
#1832=CARTESIAN_POINT('',(-10.2592128358624,7.16406277550335,0.));
#1833=CARTESIAN_POINT('',(-10.2913516640325,7.23856718965791,0.));
#1834=CARTESIAN_POINT('',(-10.3535641080534,7.38974967451149,0.));
#1835=CARTESIAN_POINT('',(-10.3834758193193,7.46661132631247,0.));
#1836=CARTESIAN_POINT('',(-10.4412004410487,7.62242583663128,0.));
#1837=CARTESIAN_POINT('',(-10.4688621524038,7.70154312225947,0.));
#1838=CARTESIAN_POINT('',(-10.5220505043589,7.8617907282222,0.));
#1839=CARTESIAN_POINT('',(-10.5474343893966,7.94307000570723,0.));
#1840=CARTESIAN_POINT('',(-10.5960288268847,8.10756665119506,0.));
#1841=CARTESIAN_POINT('',(-10.6191034135897,8.19092019895959,0.));
#1842=CARTESIAN_POINT('',(-10.6630395541318,8.3594928448567,0.));
#1843=CARTESIAN_POINT('',(-10.6837706884668,8.44483736899588,0.));
#1844=CARTESIAN_POINT('',(-10.7229792323682,8.61732118419503,0.));
#1845=CARTESIAN_POINT('',(-10.7413725748452,8.70452495655629,0.));
#1846=CARTESIAN_POINT('',(-10.7584065442612,8.79203756977855,0.));
#1847=ORIENTED_EDGE('',*,*,#3049,.F.);
#1848=ORIENTED_EDGE('',*,*,#3120,.T.);
#1849=ORIENTED_EDGE('',*,*,#2961,.F.);
#1850=ORIENTED_EDGE('',*,*,#3119,.F.);
#1851=CARTESIAN_POINT('',(-9.23464771806911,4.96394798377873,0.));
#1852=CARTESIAN_POINT('',(-9.2252231455397,4.98148844907993,0.));
#1853=CARTESIAN_POINT('',(-9.21661055109293,4.99937625215843,0.));
#1854=CARTESIAN_POINT('',(-9.20100579337236,5.03585477408183,0.));
#1855=CARTESIAN_POINT('',(-9.19398686462493,5.05451951405649,0.));
#1856=CARTESIAN_POINT('',(-9.18167867563998,5.09226711451035,0.));
#1857=CARTESIAN_POINT('',(-9.17634275877016,5.11150026329051,0.));
#1858=CARTESIAN_POINT('',(-9.16743079291164,5.1502399744634,0.));
#1859=CARTESIAN_POINT('',(-9.16382284264433,5.16990111017345,0.));
#1860=CARTESIAN_POINT('',(-9.15838620939192,5.20935208906516,0.));
#1861=CARTESIAN_POINT('',(-9.15654104604713,5.22929961328661,0.));
#1862=CARTESIAN_POINT('',(-9.15463919914656,5.26918055984077,0.));
#1863=CARTESIAN_POINT('',(-9.15458223470103,5.28927354290567,0.));
#1864=CARTESIAN_POINT('',(-9.15625707076754,5.32930688310928,0.));
#1865=CARTESIAN_POINT('',(-9.15800578876457,5.34940736179643,0.));
#1866=CARTESIAN_POINT('',(-9.16328565805732,5.38932468450774,0.));
#1867=CARTESIAN_POINT('',(-9.16685233424745,5.40930071724532,0.));
#1868=CARTESIAN_POINT('',(-9.17575935120013,5.44885042337224,0.));
#1869=CARTESIAN_POINT('',(-9.18115599229132,5.46858050346303,0.));
#1870=CARTESIAN_POINT('',(-9.19371953612009,5.50753963888904,0.));
#1871=CARTESIAN_POINT('',(-9.2009671200527,5.52691970830881,0.));
#1872=CARTESIAN_POINT('',(-9.21724999144651,5.56511431045526,0.));
#1873=CARTESIAN_POINT('',(-9.22639680443949,5.58407012189869,0.));
#1874=CARTESIAN_POINT('',(-9.24654987975333,5.6214144435791,0.));
#1875=CARTESIAN_POINT('',(-9.25771110831566,5.63992588364313,0.));
#1876=CARTESIAN_POINT('',(-9.28210012181317,5.67650824854194,0.));
#1877=CARTESIAN_POINT('',(-9.29555361695398,5.69466334762804,0.));
#1878=CARTESIAN_POINT('',(-9.32509859976108,5.73096510583394,0.));
#1879=CARTESIAN_POINT('',(-9.34141865631202,5.74905942979971,0.));
#1880=CARTESIAN_POINT('',(-9.35869580751981,5.76637169077759,0.));
#1881=ORIENTED_EDGE('',*,*,#3048,.F.);
#1882=ORIENTED_EDGE('',*,*,#3121,.T.);
#1883=ORIENTED_EDGE('',*,*,#2962,.F.);
#1884=ORIENTED_EDGE('',*,*,#3120,.F.);
#1885=ORIENTED_EDGE('',*,*,#3047,.F.);
#1886=ORIENTED_EDGE('',*,*,#3122,.T.);
#1887=ORIENTED_EDGE('',*,*,#2963,.F.);
#1888=ORIENTED_EDGE('',*,*,#3121,.F.);
#1889=CARTESIAN_POINT('',(-10.0619760298885,4.42638318131613,0.));
#1890=CARTESIAN_POINT('',(-10.0379137778965,4.42199884977126,0.));
#1891=CARTESIAN_POINT('',(-10.0137515924172,4.41884645410025,0.));
#1892=CARTESIAN_POINT('',(-9.96709236793468,4.41515315901303,0.));
#1893=CARTESIAN_POINT('',(-9.94450855799331,4.41439442133649,0.));
#1894=CARTESIAN_POINT('',(-9.90054732312986,4.41510380857405,0.));
#1895=CARTESIAN_POINT('',(-9.87897240614624,4.4164339940553,0.));
#1896=CARTESIAN_POINT('',(-9.83679038029651,4.42106233086109,0.));
#1897=CARTESIAN_POINT('',(-9.81599407130739,4.42430277957023,0.));
#1898=CARTESIAN_POINT('',(-9.77531080476225,4.43259924611751,0.));
#1899=CARTESIAN_POINT('',(-9.75524422337879,4.43764373570084,0.));
#1900=CARTESIAN_POINT('',(-9.71604457715088,4.44943545322996,0.));
#1901=CARTESIAN_POINT('',(-9.69674139800871,4.45620206763165,0.));
#1902=CARTESIAN_POINT('',(-9.65913286563606,4.47133853018063,0.));
#1903=CARTESIAN_POINT('',(-9.64066680998184,4.47975089319906,0.));
#1904=CARTESIAN_POINT('',(-9.60481618980821,4.49808126977328,0.));
#1905=CARTESIAN_POINT('',(-9.58728043510586,4.50806047641032,0.));
#1906=CARTESIAN_POINT('',(-9.55338222669452,4.52942364261313,0.));
#1907=CARTESIAN_POINT('',(-9.53687838530776,4.54088463876857,0.));
#1908=CARTESIAN_POINT('',(-9.50513738191501,4.56510478788683,0.));
#1909=CARTESIAN_POINT('',(-9.48976906356437,4.5779548128443,0.));
#1910=CARTESIAN_POINT('',(-9.46038990413438,4.60483978462823,0.));
#1911=CARTESIAN_POINT('',(-9.44625865601468,4.61897786756475,0.));
#1912=CARTESIAN_POINT('',(-9.41943907237832,4.64831893589557,0.));
#1913=CARTESIAN_POINT('',(-9.40664164750714,4.66363598317983,0.));
#1914=CARTESIAN_POINT('',(-9.38256782961586,4.69520850522434,0.));
#1915=CARTESIAN_POINT('',(-9.37119425573686,4.71158775112584,0.));
#1916=CARTESIAN_POINT('',(-9.35003753348459,4.74515237727859,0.));
#1917=CARTESIAN_POINT('',(-9.3402086714378,4.76240183387714,0.));
#1918=CARTESIAN_POINT('',(-9.33112691890162,4.78012222499066,0.));
#1919=ORIENTED_EDGE('',*,*,#3046,.F.);
#1920=ORIENTED_EDGE('',*,*,#3123,.F.);
#1921=ORIENTED_EDGE('',*,*,#2964,.F.);
#1922=ORIENTED_EDGE('',*,*,#3122,.F.);
#1923=CARTESIAN_POINT('',(-13.3471765570552,3.85954841332465,0.));
#1924=CARTESIAN_POINT('',(-13.2654786907889,3.89524256178903,0.));
#1925=CARTESIAN_POINT('',(-13.1832627836548,3.92964252655101,0.));
#1926=CARTESIAN_POINT('',(-13.0190383950571,3.99535650231132,0.));
#1927=CARTESIAN_POINT('',(-12.9370246020727,4.0267763287219,0.));
#1928=CARTESIAN_POINT('',(-12.773333461719,4.0863777713235,0.));
#1929=CARTESIAN_POINT('',(-12.6916269774913,4.1147379707531,0.));
#1930=CARTESIAN_POINT('',(-12.5286441054369,4.1681902779854,0.));
#1931=CARTESIAN_POINT('',(-12.4473328812103,4.1934716423247,0.));
#1932=CARTESIAN_POINT('',(-12.2852372592725,4.24072950250768,0.));
#1933=CARTESIAN_POINT('',(-12.2044113666321,4.26290810118188,0.));
#1934=CARTESIAN_POINT('',(-12.0433872159447,4.30391439917502,0.));
#1935=CARTESIAN_POINT('',(-11.963139527922,4.32295993816556,0.));
#1936=CARTESIAN_POINT('',(-11.8033780858255,4.35764154044712,0.));
#1937=CARTESIAN_POINT('',(-11.7238052197538,4.37351513455148,0.));
#1938=CARTESIAN_POINT('',(-11.5655072726746,4.40177697699065,0.));
#1939=CARTESIAN_POINT('',(-11.4867109241384,4.41442804576213,0.));
#1940=CARTESIAN_POINT('',(-11.3300905342772,4.43614454075009,0.));
#1941=CARTESIAN_POINT('',(-11.2521794151059,4.44550635210229,0.));
#1942=CARTESIAN_POINT('',(-11.0974696335211,4.46050833475279,0.));
#1943=CARTESIAN_POINT('',(-11.0205623765961,4.46649138771274,0.));
#1944=CARTESIAN_POINT('',(-10.8680244903559,4.47454512448475,0.));
#1945=CARTESIAN_POINT('',(-10.7922541528268,4.477026972885,0.));
#1946=CARTESIAN_POINT('',(-10.642193807972,4.47779772506163,0.));
#1947=CARTESIAN_POINT('',(-10.5677150224632,4.47660696739722,0.));
#1948=CARTESIAN_POINT('',(-10.4205135384403,4.469588424484,0.));
#1949=CARTESIAN_POINT('',(-10.3475131830229,4.4644813772651,0.));
#1950=CARTESIAN_POINT('',(-10.2036999009814,4.44883287558075,0.));
#1951=CARTESIAN_POINT('',(-10.1327123455962,4.43876578359431,0.));
#1952=CARTESIAN_POINT('',(-10.0619760298885,4.42638318131613,0.));
#1953=ORIENTED_EDGE('',*,*,#3124,.T.);
#1954=ORIENTED_EDGE('',*,*,#2965,.F.);
#1955=ORIENTED_EDGE('',*,*,#3123,.T.);
#1956=ORIENTED_EDGE('',*,*,#3045,.T.);
#1957=ORIENTED_EDGE('',*,*,#3044,.F.);
#1958=ORIENTED_EDGE('',*,*,#3125,.T.);
#1959=ORIENTED_EDGE('',*,*,#2966,.F.);
#1960=ORIENTED_EDGE('',*,*,#3124,.F.);
#1961=CARTESIAN_POINT('',(-10.9664801383454,0.756665757891779,0.));
#1962=CARTESIAN_POINT('',(-11.0348685175302,0.778574313105668,0.));
#1963=CARTESIAN_POINT('',(-11.1024032871135,0.802649907759685,0.));
#1964=CARTESIAN_POINT('',(-11.2370158456067,0.855627212263212,0.));
#1965=CARTESIAN_POINT('',(-11.3040278133691,0.885030103259797,0.));
#1966=CARTESIAN_POINT('',(-11.437629933908,0.947223432730658,0.));
#1967=CARTESIAN_POINT('',(-11.5041309959991,0.980781086633241,0.));
#1968=CARTESIAN_POINT('',(-11.636644646166,1.05120007325121,0.));
#1969=CARTESIAN_POINT('',(-11.7025825756358,1.08860987247535,0.));
#1970=CARTESIAN_POINT('',(-11.8339054080481,1.16662899257956,0.));
#1971=CARTESIAN_POINT('',(-11.8992229387587,1.20766730726608,0.));
#1972=CARTESIAN_POINT('',(-12.0292398781262,1.29284812364502,0.));
#1973=CARTESIAN_POINT('',(-12.0938760973942,1.33734469835661,0.));
#1974=CARTESIAN_POINT('',(-12.2224644069005,1.42935882408282,0.));
#1975=CARTESIAN_POINT('',(-12.2863558637021,1.4771792781947,0.));
#1976=CARTESIAN_POINT('',(-12.4133878017258,1.57576862097316,0.));
#1977=CARTESIAN_POINT('',(-12.4764692484635,1.62680334525111,0.));
#1978=CARTESIAN_POINT('',(-12.601813635811,1.73175722311197,0.));
#1979=CARTESIAN_POINT('',(-12.6640185314225,1.78591417050005,0.));
#1980=CARTESIAN_POINT('',(-12.7875417590472,1.89705509823091,0.));
#1981=CARTESIAN_POINT('',(-12.8488026239871,1.95425493727863,0.));
#1982=CARTESIAN_POINT('',(-12.9703693464757,2.07142928593847,0.));
#1983=CARTESIAN_POINT('',(-13.0306180240911,2.13160203237483,0.));
#1984=CARTESIAN_POINT('',(-13.1500916644598,2.25467361718862,0.));
#1985=CARTESIAN_POINT('',(-13.2092595214155,2.31775622318913,0.));
#1986=CARTESIAN_POINT('',(-13.3265026565235,2.44660174565897,0.));
#1987=CARTESIAN_POINT('',(-13.3845207423136,2.51253633030626,0.));
#1988=CARTESIAN_POINT('',(-13.4993954094937,2.64704204490894,0.));
#1989=CARTESIAN_POINT('',(-13.5562075191278,2.71570933814551,0.));
#1990=CARTESIAN_POINT('',(-13.6119594891985,2.78528182854431,0.));
#1991=ORIENTED_EDGE('',*,*,#3043,.F.);
#1992=ORIENTED_EDGE('',*,*,#3126,.T.);
#1993=ORIENTED_EDGE('',*,*,#2967,.F.);
#1994=ORIENTED_EDGE('',*,*,#3125,.F.);
#1995=CARTESIAN_POINT('',(-10.4837361196309,0.103802873018151,0.));
#1996=CARTESIAN_POINT('',(-10.4835425357694,0.12371400095288,0.));
#1997=CARTESIAN_POINT('',(-10.4842293387075,0.143555336185275,0.));
#1998=CARTESIAN_POINT('',(-10.4873644263747,0.183107355736147,0.));
#1999=CARTESIAN_POINT('',(-10.4898234107881,0.202896021045812,0.));
#2000=CARTESIAN_POINT('',(-10.4964672353064,0.242039761948831,0.));
#2001=CARTESIAN_POINT('',(-10.5006806054712,0.261549593642016,0.));
#2002=CARTESIAN_POINT('',(-10.5107926930616,0.299993501375031,0.));
#2003=CARTESIAN_POINT('',(-10.5167349971104,0.319079270553478,0.));
#2004=CARTESIAN_POINT('',(-10.5302548814885,0.356537906981367,0.));
#2005=CARTESIAN_POINT('',(-10.5378911472172,0.375058052662637,0.));
#2006=CARTESIAN_POINT('',(-10.554740745406,0.41125470942215,0.));
#2007=CARTESIAN_POINT('',(-10.5640279807202,0.429072635048133,0.));
#2008=CARTESIAN_POINT('',(-10.5841153952542,0.46374206222896,0.));
#2009=CARTESIAN_POINT('',(-10.5950049663569,0.480727482426421,0.));
#2010=CARTESIAN_POINT('',(-10.6182305632667,0.513618838743391,0.));
#2011=CARTESIAN_POINT('',(-10.6306720234895,0.529649220226798,0.));
#2012=CARTESIAN_POINT('',(-10.6569384602055,0.560529448657999,0.));
#2013=CARTESIAN_POINT('',(-10.6708859739825,0.575491622794731,0.));
#2014=CARTESIAN_POINT('',(-10.7001156525645,0.604149654071715,0.));
#2015=CARTESIAN_POINT('',(-10.7155394367642,0.61794173312221,0.));
#2016=CARTESIAN_POINT('',(-10.7477071200192,0.644194346096094,0.));
#2017=CARTESIAN_POINT('',(-10.7646154255221,0.656728147611644,0.));
#2018=CARTESIAN_POINT('',(-10.7998148591233,0.680429301181205,0.));
#2019=CARTESIAN_POINT('',(-10.8183003313532,0.691633485788026,0.));
#2020=CARTESIAN_POINT('',(-10.8568964029709,0.712691421504745,0.));
#2021=CARTESIAN_POINT('',(-10.8772459765455,0.722514812449953,0.));
#2022=CARTESIAN_POINT('',(-10.9202770278241,0.740928184867074,0.));
#2023=CARTESIAN_POINT('',(-10.9431365718655,0.749365604604395,0.));
#2024=CARTESIAN_POINT('',(-10.9664801383454,0.756665757891779,0.));
#2025=ORIENTED_EDGE('',*,*,#3042,.F.);
#2026=ORIENTED_EDGE('',*,*,#3127,.T.);
#2027=ORIENTED_EDGE('',*,*,#2968,.F.);
#2028=ORIENTED_EDGE('',*,*,#3126,.F.);
#2029=ORIENTED_EDGE('',*,*,#3041,.F.);
#2030=ORIENTED_EDGE('',*,*,#3128,.T.);
#2031=ORIENTED_EDGE('',*,*,#2969,.F.);
#2032=ORIENTED_EDGE('',*,*,#3127,.F.);
#2033=CARTESIAN_POINT('',(-10.9664801383454,-0.756665757891779,0.));
#2034=CARTESIAN_POINT('',(-10.9431365718655,-0.749365604604395,0.));
#2035=CARTESIAN_POINT('',(-10.9202770278241,-0.740928184867072,0.));
#2036=CARTESIAN_POINT('',(-10.8772459765455,-0.722514812449952,0.));
#2037=CARTESIAN_POINT('',(-10.8568964029709,-0.712691421504745,0.));
#2038=CARTESIAN_POINT('',(-10.8183003313532,-0.691633485788026,0.));
#2039=CARTESIAN_POINT('',(-10.7998148591233,-0.680429301181204,0.));
#2040=CARTESIAN_POINT('',(-10.7646154255221,-0.656728147611642,0.));
#2041=CARTESIAN_POINT('',(-10.7477071200192,-0.644194346096092,0.));
#2042=CARTESIAN_POINT('',(-10.7155394367642,-0.617941733122208,0.));
#2043=CARTESIAN_POINT('',(-10.7001156525645,-0.604149654071714,0.));
#2044=CARTESIAN_POINT('',(-10.6708859739825,-0.575491622794729,0.));
#2045=CARTESIAN_POINT('',(-10.6569384602055,-0.560529448658,0.));
#2046=CARTESIAN_POINT('',(-10.6306720234895,-0.529649220226798,0.));
#2047=CARTESIAN_POINT('',(-10.6182305632667,-0.51361883874339,0.));
#2048=CARTESIAN_POINT('',(-10.5950049663569,-0.480727482426422,0.));
#2049=CARTESIAN_POINT('',(-10.5841153952542,-0.463742062228959,0.));
#2050=CARTESIAN_POINT('',(-10.5640279807202,-0.429072635048133,0.));
#2051=CARTESIAN_POINT('',(-10.554740745406,-0.411254709422149,0.));
#2052=CARTESIAN_POINT('',(-10.5378911472172,-0.375058052662636,0.));
#2053=CARTESIAN_POINT('',(-10.5302548814885,-0.356537906981366,0.));
#2054=CARTESIAN_POINT('',(-10.5167349971104,-0.319079270553477,0.));
#2055=CARTESIAN_POINT('',(-10.5107926930616,-0.299993501375031,0.));
#2056=CARTESIAN_POINT('',(-10.5006806054712,-0.261549593642016,0.));
#2057=CARTESIAN_POINT('',(-10.4964672353064,-0.242039761948831,0.));
#2058=CARTESIAN_POINT('',(-10.4898234107881,-0.202896021045812,0.));
#2059=CARTESIAN_POINT('',(-10.4873644263747,-0.183107355736147,0.));
#2060=CARTESIAN_POINT('',(-10.4842293387075,-0.143555336185275,0.));
#2061=CARTESIAN_POINT('',(-10.4835425357694,-0.123714000952878,0.));
#2062=CARTESIAN_POINT('',(-10.4837361196309,-0.10380287301815,0.));
#2063=ORIENTED_EDGE('',*,*,#3040,.F.);
#2064=ORIENTED_EDGE('',*,*,#3129,.F.);
#2065=ORIENTED_EDGE('',*,*,#2970,.F.);
#2066=ORIENTED_EDGE('',*,*,#3128,.F.);
#2067=CARTESIAN_POINT('',(-13.6119594891985,-2.78528182854431,0.));
#2068=CARTESIAN_POINT('',(-13.5562075191278,-2.71570933814551,0.));
#2069=CARTESIAN_POINT('',(-13.4993954094937,-2.64704204490894,0.));
#2070=CARTESIAN_POINT('',(-13.3845207423136,-2.51253633030626,0.));
#2071=CARTESIAN_POINT('',(-13.3265026565235,-2.44660174565897,0.));
#2072=CARTESIAN_POINT('',(-13.2092595214155,-2.31775622318913,0.));
#2073=CARTESIAN_POINT('',(-13.1500916644598,-2.25467361718861,0.));
#2074=CARTESIAN_POINT('',(-13.0306180240911,-2.13160203237483,0.));
#2075=CARTESIAN_POINT('',(-12.9703693464757,-2.07142928593847,0.));
#2076=CARTESIAN_POINT('',(-12.8488026239871,-1.95425493727863,0.));
#2077=CARTESIAN_POINT('',(-12.7875417590472,-1.89705509823091,0.));
#2078=CARTESIAN_POINT('',(-12.6640185314225,-1.78591417050005,0.));
#2079=CARTESIAN_POINT('',(-12.601813635811,-1.73175722311197,0.));
#2080=CARTESIAN_POINT('',(-12.4764692484635,-1.62680334525111,0.));
#2081=CARTESIAN_POINT('',(-12.4133878017258,-1.57576862097316,0.));
#2082=CARTESIAN_POINT('',(-12.2863558637021,-1.47717927819469,0.));
#2083=CARTESIAN_POINT('',(-12.2224644069005,-1.42935882408282,0.));
#2084=CARTESIAN_POINT('',(-12.0938760973942,-1.33734469835661,0.));
#2085=CARTESIAN_POINT('',(-12.0292398781262,-1.29284812364502,0.));
#2086=CARTESIAN_POINT('',(-11.8992229387587,-1.20766730726608,0.));
#2087=CARTESIAN_POINT('',(-11.8339054080481,-1.16662899257955,0.));
#2088=CARTESIAN_POINT('',(-11.7025825756358,-1.08860987247534,0.));
#2089=CARTESIAN_POINT('',(-11.636644646166,-1.05120007325121,0.));
#2090=CARTESIAN_POINT('',(-11.5041309959991,-0.98078108663324,0.));
#2091=CARTESIAN_POINT('',(-11.437629933908,-0.947223432730656,0.));
#2092=CARTESIAN_POINT('',(-11.3040278133691,-0.885030103259796,0.));
#2093=CARTESIAN_POINT('',(-11.2370158456067,-0.855627212263211,0.));
#2094=CARTESIAN_POINT('',(-11.1024032871135,-0.802649907759684,0.));
#2095=CARTESIAN_POINT('',(-11.0348685175302,-0.778574313105667,0.));
#2096=CARTESIAN_POINT('',(-10.9664801383454,-0.756665757891779,0.));
#2097=ORIENTED_EDGE('',*,*,#3130,.T.);
#2098=ORIENTED_EDGE('',*,*,#2971,.F.);
#2099=ORIENTED_EDGE('',*,*,#3129,.T.);
#2100=ORIENTED_EDGE('',*,*,#3039,.T.);
#2101=ORIENTED_EDGE('',*,*,#3038,.F.);
#2102=ORIENTED_EDGE('',*,*,#3131,.T.);
#2103=ORIENTED_EDGE('',*,*,#2972,.F.);
#2104=ORIENTED_EDGE('',*,*,#3130,.F.);
#2105=CARTESIAN_POINT('',(-10.0619760298885,-4.42638318131613,0.));
#2106=CARTESIAN_POINT('',(-10.1327123455962,-4.43876578359431,0.));
#2107=CARTESIAN_POINT('',(-10.2036999009814,-4.44883287558075,0.));
#2108=CARTESIAN_POINT('',(-10.3475131830229,-4.46448137726509,0.));
#2109=CARTESIAN_POINT('',(-10.4205135384403,-4.469588424484,0.));
#2110=CARTESIAN_POINT('',(-10.5677150224632,-4.47660696739722,0.));
#2111=CARTESIAN_POINT('',(-10.642193807972,-4.47779772506163,0.));
#2112=CARTESIAN_POINT('',(-10.7922541528268,-4.477026972885,0.));
#2113=CARTESIAN_POINT('',(-10.8680244903559,-4.47454512448475,0.));
#2114=CARTESIAN_POINT('',(-11.0205623765961,-4.46649138771274,0.));
#2115=CARTESIAN_POINT('',(-11.0974696335211,-4.46050833475279,0.));
#2116=CARTESIAN_POINT('',(-11.2521794151059,-4.44550635210229,0.));
#2117=CARTESIAN_POINT('',(-11.3300905342772,-4.43614454075009,0.));
#2118=CARTESIAN_POINT('',(-11.4867109241384,-4.41442804576213,0.));
#2119=CARTESIAN_POINT('',(-11.5655072726746,-4.40177697699065,0.));
#2120=CARTESIAN_POINT('',(-11.7238052197538,-4.37351513455148,0.));
#2121=CARTESIAN_POINT('',(-11.8033780858255,-4.35764154044712,0.));
#2122=CARTESIAN_POINT('',(-11.963139527922,-4.32295993816556,0.));
#2123=CARTESIAN_POINT('',(-12.0433872159447,-4.30391439917502,0.));
#2124=CARTESIAN_POINT('',(-12.2044113666321,-4.26290810118188,0.));
#2125=CARTESIAN_POINT('',(-12.2852372592725,-4.24072950250768,0.));
#2126=CARTESIAN_POINT('',(-12.4473328812103,-4.1934716423247,0.));
#2127=CARTESIAN_POINT('',(-12.528644105437,-4.1681902779854,0.));
#2128=CARTESIAN_POINT('',(-12.6916269774913,-4.1147379707531,0.));
#2129=CARTESIAN_POINT('',(-12.773333461719,-4.0863777713235,0.));
#2130=CARTESIAN_POINT('',(-12.9370246020727,-4.0267763287219,0.));
#2131=CARTESIAN_POINT('',(-13.0190383950571,-3.99535650231132,0.));
#2132=CARTESIAN_POINT('',(-13.1832627836548,-3.929642526551,0.));
#2133=CARTESIAN_POINT('',(-13.2654786907889,-3.89524256178903,0.));
#2134=CARTESIAN_POINT('',(-13.3471765570552,-3.85954841332465,0.));
#2135=ORIENTED_EDGE('',*,*,#3037,.F.);
#2136=ORIENTED_EDGE('',*,*,#3132,.T.);
#2137=ORIENTED_EDGE('',*,*,#2973,.F.);
#2138=ORIENTED_EDGE('',*,*,#3131,.F.);
#2139=CARTESIAN_POINT('',(-9.33112691890162,-4.78012222499066,0.));
#2140=CARTESIAN_POINT('',(-9.3402086714378,-4.76240183387714,0.));
#2141=CARTESIAN_POINT('',(-9.35003753348459,-4.74515237727859,0.));
#2142=CARTESIAN_POINT('',(-9.37119425573686,-4.71158775112584,0.));
#2143=CARTESIAN_POINT('',(-9.38256782961586,-4.69520850522434,0.));
#2144=CARTESIAN_POINT('',(-9.40664164750714,-4.66363598317983,0.));
#2145=CARTESIAN_POINT('',(-9.41943907237832,-4.64831893589557,0.));
#2146=CARTESIAN_POINT('',(-9.44625865601469,-4.61897786756475,0.));
#2147=CARTESIAN_POINT('',(-9.46038990413438,-4.60483978462823,0.));
#2148=CARTESIAN_POINT('',(-9.48976906356438,-4.57795481284429,0.));
#2149=CARTESIAN_POINT('',(-9.50513738191501,-4.56510478788683,0.));
#2150=CARTESIAN_POINT('',(-9.53687838530776,-4.54088463876857,0.));
#2151=CARTESIAN_POINT('',(-9.55338222669453,-4.52942364261313,0.));
#2152=CARTESIAN_POINT('',(-9.58728043510587,-4.50806047641032,0.));
#2153=CARTESIAN_POINT('',(-9.60481618980821,-4.49808126977328,0.));
#2154=CARTESIAN_POINT('',(-9.64066680998185,-4.47975089319906,0.));
#2155=CARTESIAN_POINT('',(-9.65913286563606,-4.47133853018063,0.));
#2156=CARTESIAN_POINT('',(-9.69674139800871,-4.45620206763165,0.));
#2157=CARTESIAN_POINT('',(-9.71604457715089,-4.44943545322996,0.));
#2158=CARTESIAN_POINT('',(-9.7552442233788,-4.43764373570084,0.));
#2159=CARTESIAN_POINT('',(-9.77531080476225,-4.43259924611751,0.));
#2160=CARTESIAN_POINT('',(-9.81599407130739,-4.42430277957023,0.));
#2161=CARTESIAN_POINT('',(-9.83679038029651,-4.42106233086109,0.));
#2162=CARTESIAN_POINT('',(-9.87897240614624,-4.4164339940553,0.));
#2163=CARTESIAN_POINT('',(-9.90054732312987,-4.41510380857405,0.));
#2164=CARTESIAN_POINT('',(-9.94450855799331,-4.41439442133649,0.));
#2165=CARTESIAN_POINT('',(-9.96709236793468,-4.41515315901303,0.));
#2166=CARTESIAN_POINT('',(-10.0137515924172,-4.41884645410025,0.));
#2167=CARTESIAN_POINT('',(-10.0379137778965,-4.42199884977126,0.));
#2168=CARTESIAN_POINT('',(-10.0619760298885,-4.42638318131613,0.));
#2169=ORIENTED_EDGE('',*,*,#3036,.F.);
#2170=ORIENTED_EDGE('',*,*,#3133,.T.);
#2171=ORIENTED_EDGE('',*,*,#2974,.F.);
#2172=ORIENTED_EDGE('',*,*,#3132,.F.);
#2173=ORIENTED_EDGE('',*,*,#3035,.F.);
#2174=ORIENTED_EDGE('',*,*,#3134,.T.);
#2175=ORIENTED_EDGE('',*,*,#2975,.F.);
#2176=ORIENTED_EDGE('',*,*,#3133,.F.);
#2177=CARTESIAN_POINT('',(-9.35869580751981,-5.76637169077759,0.));
#2178=CARTESIAN_POINT('',(-9.34141865631203,-5.74905942979971,0.));
#2179=CARTESIAN_POINT('',(-9.32509859976108,-5.73096510583394,0.));
#2180=CARTESIAN_POINT('',(-9.29555361695398,-5.69466334762804,0.));
#2181=CARTESIAN_POINT('',(-9.28210012181317,-5.67650824854194,0.));
#2182=CARTESIAN_POINT('',(-9.25771110831567,-5.63992588364313,0.));
#2183=CARTESIAN_POINT('',(-9.24654987975333,-5.6214144435791,0.));
#2184=CARTESIAN_POINT('',(-9.22639680443949,-5.58407012189869,0.));
#2185=CARTESIAN_POINT('',(-9.21724999144651,-5.56511431045526,0.));
#2186=CARTESIAN_POINT('',(-9.2009671200527,-5.52691970830881,0.));
#2187=CARTESIAN_POINT('',(-9.19371953612009,-5.50753963888904,0.));
#2188=CARTESIAN_POINT('',(-9.18115599229132,-5.46858050346303,0.));
#2189=CARTESIAN_POINT('',(-9.17575935120013,-5.44885042337224,0.));
#2190=CARTESIAN_POINT('',(-9.16685233424745,-5.40930071724532,0.));
#2191=CARTESIAN_POINT('',(-9.16328565805732,-5.38932468450773,0.));
#2192=CARTESIAN_POINT('',(-9.15800578876457,-5.34940736179643,0.));
#2193=CARTESIAN_POINT('',(-9.15625707076754,-5.32930688310928,0.));
#2194=CARTESIAN_POINT('',(-9.15458223470103,-5.28927354290567,0.));
#2195=CARTESIAN_POINT('',(-9.15463919914656,-5.26918055984077,0.));
#2196=CARTESIAN_POINT('',(-9.15654104604713,-5.22929961328661,0.));
#2197=CARTESIAN_POINT('',(-9.15838620939192,-5.20935208906516,0.));
#2198=CARTESIAN_POINT('',(-9.16382284264433,-5.16990111017344,0.));
#2199=CARTESIAN_POINT('',(-9.16743079291164,-5.1502399744634,0.));
#2200=CARTESIAN_POINT('',(-9.17634275877017,-5.11150026329051,0.));
#2201=CARTESIAN_POINT('',(-9.18167867563998,-5.09226711451035,0.));
#2202=CARTESIAN_POINT('',(-9.19398686462493,-5.05451951405649,0.));
#2203=CARTESIAN_POINT('',(-9.20100579337236,-5.03585477408183,0.));
#2204=CARTESIAN_POINT('',(-9.21661055109293,-4.99937625215843,0.));
#2205=CARTESIAN_POINT('',(-9.22522314553971,-4.98148844907992,0.));
#2206=CARTESIAN_POINT('',(-9.23464771806911,-4.96394798377873,0.));
#2207=ORIENTED_EDGE('',*,*,#3034,.F.);
#2208=ORIENTED_EDGE('',*,*,#3135,.F.);
#2209=ORIENTED_EDGE('',*,*,#2976,.F.);
#2210=ORIENTED_EDGE('',*,*,#3134,.F.);
#2211=CARTESIAN_POINT('',(-10.7584065442612,-8.79203756977855,0.));
#2212=CARTESIAN_POINT('',(-10.7413725748452,-8.70452495655629,0.));
#2213=CARTESIAN_POINT('',(-10.7229792323682,-8.61732118419504,0.));
#2214=CARTESIAN_POINT('',(-10.6837706884668,-8.44483736899588,0.));
#2215=CARTESIAN_POINT('',(-10.6630395541318,-8.3594928448567,0.));
#2216=CARTESIAN_POINT('',(-10.6191034135897,-8.19092019895959,0.));
#2217=CARTESIAN_POINT('',(-10.5960288268847,-8.10756665119506,0.));
#2218=CARTESIAN_POINT('',(-10.5474343893966,-7.94307000570723,0.));
#2219=CARTESIAN_POINT('',(-10.5220505043589,-7.8617907282222,0.));
#2220=CARTESIAN_POINT('',(-10.4688621524038,-7.70154312225947,0.));
#2221=CARTESIAN_POINT('',(-10.4412004410487,-7.62242583663128,0.));
#2222=CARTESIAN_POINT('',(-10.3834758193193,-7.46661132631247,0.));
#2223=CARTESIAN_POINT('',(-10.3535641080534,-7.38974967451149,0.));
#2224=CARTESIAN_POINT('',(-10.2913516640325,-7.23856718965791,0.));
#2225=CARTESIAN_POINT('',(-10.2592128358624,-7.16406277550335,0.));
#2226=CARTESIAN_POINT('',(-10.1925483929947,-7.01773156268575,0.));
#2227=CARTESIAN_POINT('',(-10.1581985907054,-6.94569681297157,0.));
#2228=CARTESIAN_POINT('',(-10.0871003936048,-6.80446438382056,0.));
#2229=CARTESIAN_POINT('',(-10.0505464531236,-6.73502667477415,0.));
#2230=CARTESIAN_POINT('',(-9.97500766990856,-6.59918092315906,0.));
#2231=CARTESIAN_POINT('',(-9.93624332453653,-6.53248873007534,0.));
#2232=CARTESIAN_POINT('',(-9.8562200242461,-6.40237746682248,0.));
#2233=CARTESIAN_POINT('',(-9.81522008783887,-6.33860985093976,0.));
#2234=CARTESIAN_POINT('',(-9.73061041265052,-6.21467477107384,0.));
#2235=CARTESIAN_POINT('',(-9.68732166587762,-6.15405635969978,0.));
#2236=CARTESIAN_POINT('',(-9.59792554455803,-6.03689890011574,0.));
#2237=CARTESIAN_POINT('',(-9.55225359868309,-5.97972191888773,0.));
#2238=CARTESIAN_POINT('',(-9.45767987863194,-5.87025527021236,0.));
#2239=CARTESIAN_POINT('',(-9.40906929667972,-5.81755241751075,0.));
#2240=CARTESIAN_POINT('',(-9.35869580751981,-5.76637169077759,0.));
#2241=ORIENTED_EDGE('',*,*,#3136,.T.);
#2242=ORIENTED_EDGE('',*,*,#2977,.F.);
#2243=ORIENTED_EDGE('',*,*,#3135,.T.);
#2244=ORIENTED_EDGE('',*,*,#3033,.T.);
#2245=ORIENTED_EDGE('',*,*,#3032,.F.);
#2246=ORIENTED_EDGE('',*,*,#3137,.T.);
#2247=ORIENTED_EDGE('',*,*,#2978,.F.);
#2248=ORIENTED_EDGE('',*,*,#3136,.F.);
#2249=CARTESIAN_POINT('',(-6.85239447294056,-8.59540107738456,0.));
#2250=CARTESIAN_POINT('',(-6.90927388770757,-8.63923813219941,0.));
#2251=CARTESIAN_POINT('',(-6.96745183544854,-8.68114166137383,0.));
#2252=CARTESIAN_POINT('',(-7.08751995126072,-8.76183108609505,0.));
#2253=CARTESIAN_POINT('',(-7.14978519265647,-8.80027810855819,0.));
#2254=CARTESIAN_POINT('',(-7.27686395414389,-8.87490066025668,0.));
#2255=CARTESIAN_POINT('',(-7.34225827087707,-8.91056704125735,0.));
#2256=CARTESIAN_POINT('',(-7.4754882938367,-8.97962109355716,0.));
#2257=CARTESIAN_POINT('',(-7.54373296822876,-9.01263575753977,0.));
#2258=CARTESIAN_POINT('',(-7.68254131684006,-9.07639241813637,0.));
#2259=CARTESIAN_POINT('',(-7.75341977425076,-9.10683527223253,0.));
#2260=CARTESIAN_POINT('',(-7.89738025154684,-9.16544889674221,0.));
#2261=CARTESIAN_POINT('',(-7.9707177721501,-9.19336652690813,0.));
#2262=CARTESIAN_POINT('',(-8.11949039852938,-9.24692264994803,0.));
#2263=CARTESIAN_POINT('',(-8.19514034494946,-9.27233917391057,0.));
#2264=CARTESIAN_POINT('',(-8.34844014910536,-9.3208792793214,0.));
#2265=CARTESIAN_POINT('',(-8.42627524985099,-9.34380326450238,0.));
#2266=CARTESIAN_POINT('',(-8.58385432564618,-9.38733907492421,0.));
#2267=CARTESIAN_POINT('',(-8.66376102784359,-9.40776804779032,0.));
#2268=CARTESIAN_POINT('',(-8.82539740922258,-9.44629042822567,0.));
#2269=CARTESIAN_POINT('',(-8.90727209161716,-9.46421391960016,0.));
#2270=CARTESIAN_POINT('',(-9.07276245948225,-9.49769875414302,0.));
#2271=CARTESIAN_POINT('',(-9.15650880875635,-9.51310042779742,0.));
#2272=CARTESIAN_POINT('',(-9.32566350066516,-9.54151267756341,0.));
#2273=CARTESIAN_POINT('',(-9.41119064129825,-9.55437186461658,0.));
#2274=CARTESIAN_POINT('',(-9.58383011933468,-9.57766847410801,0.));
#2275=CARTESIAN_POINT('',(-9.67105124791399,-9.58796130951484,0.));
#2276=CARTESIAN_POINT('',(-9.84700352962,-9.60609335250432,0.));
#2277=CARTESIAN_POINT('',(-9.93578856073882,-9.61384133357939,0.));
#2278=CARTESIAN_POINT('',(-10.024716326605,-9.6202026263015,0.));
#2279=ORIENTED_EDGE('',*,*,#3031,.F.);
#2280=ORIENTED_EDGE('',*,*,#3138,.T.);
#2281=ORIENTED_EDGE('',*,*,#2979,.F.);
#2282=ORIENTED_EDGE('',*,*,#3137,.F.);
#2283=CARTESIAN_POINT('',(-6.04086899332173,-8.56897892797176,0.));
#2284=CARTESIAN_POINT('',(-6.05714556219652,-8.5575088017297,0.));
#2285=CARTESIAN_POINT('',(-6.07386480950767,-8.54680286639323,0.));
#2286=CARTESIAN_POINT('',(-6.10819641624318,-8.52691488499261,0.));
#2287=CARTESIAN_POINT('',(-6.12587903087859,-8.51769734634399,0.));
#2288=CARTESIAN_POINT('',(-6.16186782058485,-8.50092892746825,0.));
#2289=CARTESIAN_POINT('',(-6.18031756435016,-8.49331361553531,0.));
#2290=CARTESIAN_POINT('',(-6.21770060063234,-8.47979707176307,0.));
#2291=CARTESIAN_POINT('',(-6.23678349417881,-8.47384553948687,0.));
#2292=CARTESIAN_POINT('',(-6.27529151729246,-8.46369325538355,0.));
#2293=CARTESIAN_POINT('',(-6.29487119173926,-8.45945713700806,0.));
#2294=CARTESIAN_POINT('',(-6.33423211897926,-8.4527620398096,0.));
#2295=CARTESIAN_POINT('',(-6.35417173526973,-8.45028354922395,0.));
#2296=CARTESIAN_POINT('',(-6.39411506652907,-8.44712068792216,0.));
#2297=CARTESIAN_POINT('',(-6.41427977475748,-8.44643381082361,0.));
#2298=CARTESIAN_POINT('',(-6.45454247315996,-8.44686368236029,0.));
#2299=CARTESIAN_POINT('',(-6.47480277343534,-8.44799650879441,0.));
#2300=CARTESIAN_POINT('',(-6.51513773992996,-8.45207139328347,0.));
#2301=CARTESIAN_POINT('',(-6.53537445872442,-8.4550504884297,0.));
#2302=CARTESIAN_POINT('',(-6.57556390605437,-8.46282642502877,0.));
#2303=CARTESIAN_POINT('',(-6.59567627265512,-8.46768515668347,0.));
#2304=CARTESIAN_POINT('',(-6.63555507641137,-8.4792454570655,0.));
#2305=CARTESIAN_POINT('',(-6.65547520512009,-8.4860407089104,0.));
#2306=CARTESIAN_POINT('',(-6.69497642944467,-8.50154548505308,0.));
#2307=CARTESIAN_POINT('',(-6.71469823770704,-8.51039402816068,0.));
#2308=CARTESIAN_POINT('',(-6.75395364669928,-8.53019570146936,0.));
#2309=CARTESIAN_POINT('',(-6.77359801431428,-8.54136275010973,0.));
#2310=CARTESIAN_POINT('',(-6.81319634597641,-8.56631662330584,0.));
#2311=CARTESIAN_POINT('',(-6.83312590738626,-8.58033665852745,0.));
#2312=CARTESIAN_POINT('',(-6.85239447294056,-8.59540107738456,0.));
#2313=ORIENTED_EDGE('',*,*,#3030,.F.);
#2314=ORIENTED_EDGE('',*,*,#3139,.T.);
#2315=ORIENTED_EDGE('',*,*,#2980,.F.);
#2316=ORIENTED_EDGE('',*,*,#3138,.F.);
#2317=ORIENTED_EDGE('',*,*,#3029,.F.);
#2318=ORIENTED_EDGE('',*,*,#3140,.T.);
#2319=ORIENTED_EDGE('',*,*,#2981,.F.);
#2320=ORIENTED_EDGE('',*,*,#3139,.F.);
#2321=CARTESIAN_POINT('',(-5.6069470517023,-9.45507136161843,0.));
#2322=CARTESIAN_POINT('',(-5.59969430289613,-9.43171302330472,0.));
#2323=CARTESIAN_POINT('',(-5.59365246211346,-9.40810698667082,0.));
#2324=CARTESIAN_POINT('',(-5.5843619472833,-9.36223313799751,0.));
#2325=CARTESIAN_POINT('',(-5.58088656418084,-9.33990544517848,0.));
#2326=CARTESIAN_POINT('',(-5.57629183787637,-9.2961792300306,0.));
#2327=CARTESIAN_POINT('',(-5.57501175593781,-9.27460128234099,0.));
#2328=CARTESIAN_POINT('',(-5.57452186559487,-9.23216892659886,0.));
#2329=CARTESIAN_POINT('',(-5.57523196973737,-9.21113365318694,0.));
#2330=CARTESIAN_POINT('',(-5.57856411981123,-9.16974698492482,0.));
#2331=CARTESIAN_POINT('',(-5.58115307028186,-9.1492186654847,0.));
#2332=CARTESIAN_POINT('',(-5.58813381769037,-9.10888349432728,0.));
#2333=CARTESIAN_POINT('',(-5.59252435472236,-9.08890543185799,0.));
#2334=CARTESIAN_POINT('',(-5.60301724777572,-9.04974660908339,0.));
#2335=CARTESIAN_POINT('',(-5.60914243815027,-9.03040119345452,0.));
#2336=CARTESIAN_POINT('',(-5.62301785090024,-8.99260248192615,0.));
#2337=CARTESIAN_POINT('',(-5.6308105962277,-8.97399172217951,0.));
#2338=CARTESIAN_POINT('',(-5.64793202338755,-8.93776562473972,0.));
#2339=CARTESIAN_POINT('',(-5.65732013772483,-8.92000064450938,0.));
#2340=CARTESIAN_POINT('',(-5.67753773950957,-8.88557165239861,0.));
#2341=CARTESIAN_POINT('',(-5.68844162724214,-8.8687664870424,0.));
#2342=CARTESIAN_POINT('',(-5.71158931096555,-8.83636090951511,0.));
#2343=CARTESIAN_POINT('',(-5.72392097762315,-8.82062853652227,0.));
#2344=CARTESIAN_POINT('',(-5.74981537295332,-8.79046782287509,0.));
#2345=CARTESIAN_POINT('',(-5.76347818260759,-8.77591743960891,0.));
#2346=CARTESIAN_POINT('',(-5.79191872732914,-8.74821349996028,0.));
#2347=CARTESIAN_POINT('',(-5.80680761724859,-8.73494855231434,0.));
#2348=CARTESIAN_POINT('',(-5.83757735842083,-8.70990031777722,0.));
#2349=CARTESIAN_POINT('',(-5.85351630865777,-8.69806392696649,0.));
#2350=CARTESIAN_POINT('',(-5.87001281386704,-8.6869124335138,0.));
#2351=ORIENTED_EDGE('',*,*,#3028,.F.);
#2352=ORIENTED_EDGE('',*,*,#3141,.F.);
#2353=ORIENTED_EDGE('',*,*,#2982,.F.);
#2354=ORIENTED_EDGE('',*,*,#3140,.F.);
#2355=CARTESIAN_POINT('',(-5.44023231288755,-12.7846434593153,0.));
#2356=CARTESIAN_POINT('',(-5.46581862123784,-12.6992388083175,0.));
#2357=CARTESIAN_POINT('',(-5.49005773901558,-12.6134758901602,0.));
#2358=CARTESIAN_POINT('',(-5.53549752328658,-12.4425279377713,0.));
#2359=CARTESIAN_POINT('',(-5.55680259344549,-12.3573248761075,0.));
#2360=CARTESIAN_POINT('',(-5.5962386877797,-12.1876430684376,0.));
#2361=CARTESIAN_POINT('',(-5.61454348106052,-12.1031138721827,0.));
#2362=CARTESIAN_POINT('',(-5.64796064645513,-11.9348763651027,0.));
#2363=CARTESIAN_POINT('',(-5.66325669614829,-11.8511106595193,0.));
#2364=CARTESIAN_POINT('',(-5.6906315251705,-11.6845005915867,0.));
#2365=CARTESIAN_POINT('',(-5.7029059321119,-11.6015906760488,0.));
#2366=CARTESIAN_POINT('',(-5.7242039314588,-11.4367978096877,0.));
#2367=CARTESIAN_POINT('',(-5.73343781711427,-11.3548395316181,0.));
#2368=CARTESIAN_POINT('',(-5.74860943760401,-11.1920625251053,0.));
#2369=CARTESIAN_POINT('',(-5.75477584622055,-11.1111564844814,0.));
#2370=CARTESIAN_POINT('',(-5.76375091897612,-10.9506061189989,0.));
#2371=CARTESIAN_POINT('',(-5.7668118969436,-10.8708593667291,0.));
#2372=CARTESIAN_POINT('',(-5.76949155237828,-10.7127632816365,0.));
#2373=CARTESIAN_POINT('',(-5.76939395792536,-10.6342917805827,0.));
#2374=CARTESIAN_POINT('',(-5.76563835575631,-10.4789017183077,0.));
#2375=CARTESIAN_POINT('',(-5.76230764008657,-10.4018340245342,0.));
#2376=CARTESIAN_POINT('',(-5.75191624562924,-10.2494375405333,0.));
#2377=CARTESIAN_POINT('',(-5.74524689361275,-10.1739205003076,0.));
#2378=CARTESIAN_POINT('',(-5.72792425033146,-10.0248613604114,0.));
#2379=CARTESIAN_POINT('',(-5.71776474907642,-9.95106913908059,0.));
#2380=CARTESIAN_POINT('',(-5.69305420103045,-9.80578691147364,0.));
#2381=CARTESIAN_POINT('',(-5.67918516943634,-9.73393439735622,0.));
#2382=CARTESIAN_POINT('',(-5.64631598735404,-9.59305589450441,0.));
#2383=CARTESIAN_POINT('',(-5.62776569153717,-9.52379937217092,0.));
#2384=CARTESIAN_POINT('',(-5.6069470517023,-9.45507136161843,0.));
#2385=ORIENTED_EDGE('',*,*,#3142,.T.);
#2386=ORIENTED_EDGE('',*,*,#2983,.F.);
#2387=ORIENTED_EDGE('',*,*,#3141,.T.);
#2388=ORIENTED_EDGE('',*,*,#3027,.T.);
#2389=ORIENTED_EDGE('',*,*,#3026,.F.);
#2390=ORIENTED_EDGE('',*,*,#3143,.T.);
#2391=ORIENTED_EDGE('',*,*,#2984,.F.);
#2392=ORIENTED_EDGE('',*,*,#3142,.F.);
#2393=CARTESIAN_POINT('',(-2.07301192254739,-10.7953161724364,0.));
#2394=CARTESIAN_POINT('',(-2.10300404792186,-10.8605651388236,0.));
#2395=CARTESIAN_POINT('',(-2.13504452131147,-10.9247055116444,0.));
#2396=CARTESIAN_POINT('',(-2.20386131253936,-11.0519508846118,0.));
#2397=CARTESIAN_POINT('',(-2.24112722348727,-11.1149301328098,0.));
#2398=CARTESIAN_POINT('',(-2.31897104964753,-11.2400615659986,0.));
#2399=CARTESIAN_POINT('',(-2.36029984772844,-11.3020328322748,0.));
#2400=CARTESIAN_POINT('',(-2.44617815612872,-11.4250922378607,0.));
#2401=CARTESIAN_POINT('',(-2.49126313491796,-11.4860401525776,0.));
#2402=CARTESIAN_POINT('',(-2.58454262605543,-11.6070013279512,0.));
#2403=CARTESIAN_POINT('',(-2.6331548835371,-11.6668959981062,0.));
#2404=CARTESIAN_POINT('',(-2.73338644610771,-11.7856975547716,0.));
#2405=CARTESIAN_POINT('',(-2.78534962598569,-11.8444990338286,0.));
#2406=CARTESIAN_POINT('',(-2.89219247308401,-11.9610587125291,0.));
#2407=CARTESIAN_POINT('',(-2.94736552634381,-12.0187202098882,0.));
#2408=CARTESIAN_POINT('',(-3.06054804990725,-12.1329423099711,0.));
#2409=CARTESIAN_POINT('',(-3.1188143017606,-12.1894122656964,0.));
#2410=CARTESIAN_POINT('',(-3.23811154402358,-12.3011919593174,0.));
#2411=CARTESIAN_POINT('',(-3.29937159790243,-12.3564154125523,0.));
#2412=CARTESIAN_POINT('',(-3.42459126292864,-12.4656414583034,0.));
#2413=CARTESIAN_POINT('',(-3.48875823203771,-12.5195609838542,0.));
#2414=CARTESIAN_POINT('',(-3.6197314969273,-12.6261175410651,0.));
#2415=CARTESIAN_POINT('',(-3.68672769188305,-12.6786739148893,0.));
#2416=CARTESIAN_POINT('',(-3.82330290226508,-12.7824418176369,0.));
#2417=CARTESIAN_POINT('',(-3.89305746209828,-12.833574506389,0.));
#2418=CARTESIAN_POINT('',(-4.03509565393054,-12.9344321954935,0.));
#2419=CARTESIAN_POINT('',(-4.10754280867578,-12.9840797281682,0.));
#2420=CARTESIAN_POINT('',(-4.25491443620609,-13.0819039573734,0.));
#2421=CARTESIAN_POINT('',(-4.32992901065591,-13.1300249151945,0.));
#2422=CARTESIAN_POINT('',(-4.40571439665792,-13.1769843536023,0.));
#2423=ORIENTED_EDGE('',*,*,#3025,.F.);
#2424=ORIENTED_EDGE('',*,*,#3144,.T.);
#2425=ORIENTED_EDGE('',*,*,#2985,.F.);
#2426=ORIENTED_EDGE('',*,*,#3143,.F.);
#2427=CARTESIAN_POINT('',(-1.36672078173512,-10.3947858259453,0.));
#2428=CARTESIAN_POINT('',(-1.38646340117321,-10.3921936322667,0.));
#2429=CARTESIAN_POINT('',(-1.40624285567852,-10.3904838189574,0.));
#2430=CARTESIAN_POINT('',(-1.44588438953488,-10.3888285791717,0.));
#2431=CARTESIAN_POINT('',(-1.46582517101232,-10.3888843747969,0.));
#2432=CARTESIAN_POINT('',(-1.50548433452379,-10.3907615017731,0.));
#2433=CARTESIAN_POINT('',(-1.52535978323012,-10.3925925013808,0.));
#2434=CARTESIAN_POINT('',(-1.5647422690603,-10.3979969594534,0.));
#2435=CARTESIAN_POINT('',(-1.58440514709583,-10.4015954021582,0.));
#2436=CARTESIAN_POINT('',(-1.62322030986979,-10.4105015716753,0.));
#2437=CARTESIAN_POINT('',(-1.64252587295765,-10.4158498035508,0.));
#2438=CARTESIAN_POINT('',(-1.68048960996481,-10.4282135243557,0.));
#2439=CARTESIAN_POINT('',(-1.69929707536527,-10.4352853316639,0.));
#2440=CARTESIAN_POINT('',(-1.73613499365041,-10.4510473486708,0.));
#2441=CARTESIAN_POINT('',(-1.75430916376084,-10.4598101563763,0.));
#2442=CARTESIAN_POINT('',(-1.78976024140628,-10.4789017976353,0.));
#2443=CARTESIAN_POINT('',(-1.80717339567281,-10.489320296638,0.));
#2444=CARTESIAN_POINT('',(-1.84099454155453,-10.5116730212363,0.));
#2445=CARTESIAN_POINT('',(-1.85752881160435,-10.5237153511344,0.));
#2446=CARTESIAN_POINT('',(-1.8895011419884,-10.549277568497,0.));
#2447=CARTESIAN_POINT('',(-1.9050517929985,-10.5629264445217,0.));
#2448=CARTESIAN_POINT('',(-1.934990380617,-10.5916951863323,0.));
#2449=CARTESIAN_POINT('',(-1.94947086762173,-10.6069694284252,0.));
#2450=CARTESIAN_POINT('',(-1.97724203596975,-10.6390553601549,0.));
#2451=CARTESIAN_POINT('',(-1.99059270691151,-10.6560555372619,0.));
#2452=CARTESIAN_POINT('',(-2.01614934891139,-10.6918319463978,0.));
#2453=CARTESIAN_POINT('',(-2.02835398631972,-10.710849069736,0.));
#2454=CARTESIAN_POINT('',(-2.05181992458929,-10.7513468894186,0.));
#2455=CARTESIAN_POINT('',(-2.06295123958791,-10.7730227430813,0.));
#2456=CARTESIAN_POINT('',(-2.07301192254739,-10.7953161724364,0.));
#2457=ORIENTED_EDGE('',*,*,#3024,.F.);
#2458=ORIENTED_EDGE('',*,*,#3145,.T.);
#2459=ORIENTED_EDGE('',*,*,#2986,.F.);
#2460=ORIENTED_EDGE('',*,*,#3144,.F.);
#2461=ORIENTED_EDGE('',*,*,#3023,.F.);
#2462=ORIENTED_EDGE('',*,*,#3146,.T.);
#2463=ORIENTED_EDGE('',*,*,#2987,.F.);
#2464=ORIENTED_EDGE('',*,*,#3145,.F.);
#2465=CARTESIAN_POINT('',(-0.57071429737679,-10.9777281294747,0.));
#2466=CARTESIAN_POINT('',(-0.575147468318641,-10.9536748276343,0.));
#2467=CARTESIAN_POINT('',(-0.580767956215472,-10.9299649368415,0.));
#2468=CARTESIAN_POINT('',(-0.593860254347002,-10.8850281435921,0.));
#2469=CARTESIAN_POINT('',(-0.601159151668752,-10.8636428623871,0.));
#2470=CARTESIAN_POINT('',(-0.617411308981226,-10.8227899459225,0.));
#2471=CARTESIAN_POINT('',(-0.62630562501191,-10.8030887383805,0.));
#2472=CARTESIAN_POINT('',(-0.645591147613616,-10.7652890899119,0.));
#2473=CARTESIAN_POINT('',(-0.655995492590234,-10.7469932821676,0.));
#2474=CARTESIAN_POINT('',(-0.678179308706604,-10.7118957347253,0.));
#2475=CARTESIAN_POINT('',(-0.69001169622788,-10.6949219558554,0.));
#2476=CARTESIAN_POINT('',(-0.714937529769519,-10.6624510505873,0.));
#2477=CARTESIAN_POINT('',(-0.728109425802361,-10.6468017390895,0.));
#2478=CARTESIAN_POINT('',(-0.755598433516301,-10.6170046140499,0.));
#2479=CARTESIAN_POINT('',(-0.770012283157276,-10.6027216171128,0.));
#2480=CARTESIAN_POINT('',(-0.799864288105794,-10.5757007460546,0.));
#2481=CARTESIAN_POINT('',(-0.815413272715972,-10.5628432060225,0.));
#2482=CARTESIAN_POINT('',(-0.847408650475434,-10.5387233136982,0.));
#2483=CARTESIAN_POINT('',(-0.863977210848843,-10.5273560791819,0.));
#2484=CARTESIAN_POINT('',(-0.897878958597383,-10.5062663086928,0.));
#2485=CARTESIAN_POINT('',(-0.915343621444288,-10.4964533630607,0.));
#2486=CARTESIAN_POINT('',(-0.950899500257486,-10.4785169141798,0.));
#2487=CARTESIAN_POINT('',(-0.969129847086817,-10.4703174009612,0.));
#2488=CARTESIAN_POINT('',(-1.00607457797978,-10.4556451408603,0.));
#2489=CARTESIAN_POINT('',(-1.02493429538142,-10.4491108405633,0.));
#2490=CARTESIAN_POINT('',(-1.0629918097896,-10.4377972004247,0.));
#2491=CARTESIAN_POINT('',(-1.08233979563108,-10.4329708847532,0.));
#2492=CARTESIAN_POINT('',(-1.12122554336801,-10.4250911862709,0.));
#2493=CARTESIAN_POINT('',(-1.14083942798102,-10.4220177822187,0.));
#2494=CARTESIAN_POINT('',(-1.16062871533114,-10.4198099333744,0.));
#2495=ORIENTED_EDGE('',*,*,#3022,.F.);
#2496=ORIENTED_EDGE('',*,*,#3147,.F.);
#2497=ORIENTED_EDGE('',*,*,#2988,.F.);
#2498=ORIENTED_EDGE('',*,*,#3146,.F.);
#2499=CARTESIAN_POINT('',(1.12423357946206,-13.8484416039788,0.));
#2500=CARTESIAN_POINT('',(1.06188850824008,-13.7847100915114,0.));
#2501=CARTESIAN_POINT('',(1.00056981997744,-13.7200352785526,0.));
#2502=CARTESIAN_POINT('',(0.880891414501789,-13.5897853047202,0.));
#2503=CARTESIAN_POINT('',(0.82243087466837,-13.5242427001508,0.));
#2504=CARTESIAN_POINT('',(0.708656879413406,-13.3923237879577,0.));
#2505=CARTESIAN_POINT('',(0.653166113690716,-13.3259835633873,0.));
#2506=CARTESIAN_POINT('',(0.545392815284821,-13.1925463801052,0.));
#2507=CARTESIAN_POINT('',(0.492920971508132,-13.1254839600865,0.));
#2508=CARTESIAN_POINT('',(0.391254204935142,-12.9906797888785,0.));
#2509=CARTESIAN_POINT('',(0.341855598404909,-12.9229709059078,0.));
#2510=CARTESIAN_POINT('',(0.246414092963304,-12.7869517432184,0.));
#2511=CARTESIAN_POINT('',(0.200149982309734,-12.7186724926816,0.));
#2512=CARTESIAN_POINT('',(0.111069932725757,-12.5815912150261,0.));
#2513=CARTESIAN_POINT('',(0.0680109372233639,-12.5128181468163,0.));
#2514=CARTESIAN_POINT('',(-0.014547570148542,-12.3748287825593,0.));
#2515=CARTESIAN_POINT('',(-0.0543180952092532,-12.3056390476263,0.));
#2516=CARTESIAN_POINT('',(-0.1301617264125,-12.1668972144225,0.));
#2517=CARTESIAN_POINT('',(-0.166542835700852,-12.0973687965686,0.));
#2518=CARTESIAN_POINT('',(-0.235430777774828,-11.9580324142476,0.));
#2519=CARTESIAN_POINT('',(-0.268296718627839,-11.8882444996615,0.));
#2520=CARTESIAN_POINT('',(-0.329917773243904,-11.7484749928203,0.));
#2521=CARTESIAN_POINT('',(-0.359106873790722,-11.6785085720884,0.));
#2522=CARTESIAN_POINT('',(-0.413039671231743,-11.5384730247548,0.));
#2523=CARTESIAN_POINT('',(-0.43833683479684,-11.4684119020814,0.));
#2524=CARTESIAN_POINT('',(-0.483972748787432,-11.3282873139557,0.));
#2525=CARTESIAN_POINT('',(-0.505083859472418,-11.2582198120165,0.));
#2526=CARTESIAN_POINT('',(-0.541449148857426,-11.1182030222216,0.));
#2527=CARTESIAN_POINT('',(-0.55720878839227,-11.0482586648912,0.));
#2528=CARTESIAN_POINT('',(-0.57071429737679,-10.9777281294747,0.));
#2529=ORIENTED_EDGE('',*,*,#3148,.T.);
#2530=ORIENTED_EDGE('',*,*,#2989,.F.);
#2531=ORIENTED_EDGE('',*,*,#3147,.T.);
#2532=ORIENTED_EDGE('',*,*,#3021,.T.);
#2533=ORIENTED_EDGE('',*,*,#3020,.F.);
#2534=ORIENTED_EDGE('',*,*,#3149,.T.);
#2535=ORIENTED_EDGE('',*,*,#2990,.F.);
#2536=ORIENTED_EDGE('',*,*,#3148,.F.);
#2537=CARTESIAN_POINT('',(3.1812726767995,-10.5221544300461,0.));
#2538=CARTESIAN_POINT('',(3.18503867529658,-10.5938675561417,0.));
#2539=CARTESIAN_POINT('',(3.18647576258231,-10.6655509861709,0.));
#2540=CARTESIAN_POINT('',(3.18467539347679,-10.8102019259107,0.));
#2541=CARTESIAN_POINT('',(3.18094598407197,-10.8832856130635,0.));
#2542=CARTESIAN_POINT('',(3.17017017569238,-11.0302598243964,0.));
#2543=CARTESIAN_POINT('',(3.16237482583806,-11.1043391056789,0.));
#2544=CARTESIAN_POINT('',(3.14352191750583,-11.2532124377578,0.));
#2545=CARTESIAN_POINT('',(3.13192505962714,-11.3281311704493,0.));
#2546=CARTESIAN_POINT('',(3.10554363324336,-11.478586113062,0.));
#2547=CARTESIAN_POINT('',(3.09033405803855,-11.5542114521523,0.));
#2548=CARTESIAN_POINT('',(3.05679325325706,-11.7059849360554,0.));
#2549=CARTESIAN_POINT('',(3.03810855239022,-11.7821995537861,0.));
#2550=CARTESIAN_POINT('',(2.9976718932472,-11.9350603704535,0.));
#2551=CARTESIAN_POINT('',(2.97561521474213,-12.0117572870605,0.));
#2552=CARTESIAN_POINT('',(2.92847872392225,-12.1654944752119,0.));
#2553=CARTESIAN_POINT('',(2.90312941707633,-12.2425738151617,0.));
#2554=CARTESIAN_POINT('',(2.84944356886038,-12.3969900112646,0.));
#2555=CARTESIAN_POINT('',(2.82086410338007,-12.474356917247,0.));
#2556=CARTESIAN_POINT('',(2.76074747090358,-12.6292642575488,0.));
#2557=CARTESIAN_POINT('',(2.7289880944071,-12.7068275037729,0.));
#2558=CARTESIAN_POINT('',(2.66253632908026,-12.8620449605406,0.));
#2559=CARTESIAN_POINT('',(2.62763830931555,-12.9397160026644,0.));
#2560=CARTESIAN_POINT('',(2.55493031524913,-13.095067582413,0.));
#2561=CARTESIAN_POINT('',(2.51692826524003,-13.1727598900865,0.));
#2562=CARTESIAN_POINT('',(2.43803059761493,-13.3280733776973,0.));
#2563=CARTESIAN_POINT('',(2.39695418677304,-13.4057019562216,0.));
#2564=CARTESIAN_POINT('',(2.31192427726498,-13.5608080196414,0.));
#2565=CARTESIAN_POINT('',(2.26786509446698,-13.6382780226921,0.));
#2566=CARTESIAN_POINT('',(2.22258360694934,-13.715077765369,0.));
#2567=ORIENTED_EDGE('',*,*,#3019,.F.);
#2568=ORIENTED_EDGE('',*,*,#3150,.T.);
#2569=ORIENTED_EDGE('',*,*,#2991,.F.);
#2570=ORIENTED_EDGE('',*,*,#3149,.F.);
#2571=CARTESIAN_POINT('',(3.62052669017608,-9.83927256194393,0.));
#2572=CARTESIAN_POINT('',(3.60184081636359,-9.84615214116131,0.));
#2573=CARTESIAN_POINT('',(3.58353238932303,-9.85383014750285,0.));
#2574=CARTESIAN_POINT('',(3.54766232602004,-9.87078684481904,0.));
#2575=CARTESIAN_POINT('',(3.53003157042457,-9.88010319261288,0.));
#2576=CARTESIAN_POINT('',(3.49578746952364,-9.90019583827244,0.));
#2577=CARTESIAN_POINT('',(3.47903954164979,-9.91105368947671,0.));
#2578=CARTESIAN_POINT('',(3.44667965916491,-9.9341410531804,0.));
#2579=CARTESIAN_POINT('',(3.43094132503489,-9.94646511100856,0.));
#2580=CARTESIAN_POINT('',(3.40071110861871,-9.97238943804066,0.));
#2581=CARTESIAN_POINT('',(3.38610232873596,-9.98609680469773,0.));
#2582=CARTESIAN_POINT('',(3.35823281659735,-10.0146869640685,0.));
#2583=CARTESIAN_POINT('',(3.34486606575562,-10.0296890034408,0.));
#2584=CARTESIAN_POINT('',(3.31957268357876,-10.060765010613,0.));
#2585=CARTESIAN_POINT('',(3.30755253493612,-10.0769700494804,0.));
#2586=CARTESIAN_POINT('',(3.2850344927045,-10.1103497955286,0.));
#2587=CARTESIAN_POINT('',(3.27445762823801,-10.1276672145348,0.));
#2588=CARTESIAN_POINT('',(3.2548983199017,-10.1631770394164,0.));
#2589=CARTESIAN_POINT('',(3.24585430060537,-10.1815238514126,0.));
#2590=CARTESIAN_POINT('',(3.22942356274987,-10.2190163535991,0.));
#2591=CARTESIAN_POINT('',(3.22199709407117,-10.2383285809833,0.));
#2592=CARTESIAN_POINT('',(3.20885729221473,-10.2777151921745,0.));
#2593=CARTESIAN_POINT('',(3.20313375197799,-10.2979692797266,0.));
#2594=CARTESIAN_POINT('',(3.1934546795962,-10.3392858667614,0.));
#2595=CARTESIAN_POINT('',(3.18953362379477,-10.3605431421669,0.));
#2596=CARTESIAN_POINT('',(3.18353046747851,-10.4040983429495,0.));
#2597=CARTESIAN_POINT('',(3.18156149562527,-10.42660894721,0.));
#2598=CARTESIAN_POINT('',(3.17960371441061,-10.4733731509413,0.));
#2599=CARTESIAN_POINT('',(3.1798206959425,-10.4977391461933,0.));
#2600=CARTESIAN_POINT('',(3.1812726767995,-10.5221544300461,0.));
#2601=ORIENTED_EDGE('',*,*,#3018,.F.);
#2602=ORIENTED_EDGE('',*,*,#3151,.T.);
#2603=ORIENTED_EDGE('',*,*,#2992,.F.);
#2604=ORIENTED_EDGE('',*,*,#3150,.F.);
#2605=ORIENTED_EDGE('',*,*,#3017,.F.);
#2606=ORIENTED_EDGE('',*,*,#3152,.T.);
#2607=ORIENTED_EDGE('',*,*,#2993,.F.);
#2608=ORIENTED_EDGE('',*,*,#3151,.F.);
#2609=CARTESIAN_POINT('',(4.59626222462486,-9.98551967883377,0.));
#2610=CARTESIAN_POINT('',(4.58115871997228,-9.96628173504468,0.));
#2611=CARTESIAN_POINT('',(4.56516348943888,-9.94789964033848,0.));
#2612=CARTESIAN_POINT('',(4.5326876660683,-9.91419438029922,0.));
#2613=CARTESIAN_POINT('',(4.5162865777375,-9.89865062091176,0.));
#2614=CARTESIAN_POINT('',(4.48291071018865,-9.8700299139615,0.));
#2615=CARTESIAN_POINT('',(4.46587957680322,-9.85671875578977,0.));
#2616=CARTESIAN_POINT('',(4.43123672206918,-9.83221125852361,0.));
#2617=CARTESIAN_POINT('',(4.41352164630664,-9.82084626551283,0.));
#2618=CARTESIAN_POINT('',(4.37756820907605,-9.80007826403799,0.));
#2619=CARTESIAN_POINT('',(4.35920304188952,-9.79054751392134,0.));
#2620=CARTESIAN_POINT('',(4.32204233029029,-9.77337956762253,0.));
#2621=CARTESIAN_POINT('',(4.30310659789916,-9.76564407576567,0.));
#2622=CARTESIAN_POINT('',(4.26491887591345,-9.75203481071339,0.));
#2623=CARTESIAN_POINT('',(4.24551840625308,-9.74608629493755,0.));
#2624=CARTESIAN_POINT('',(4.20652854368406,-9.73603342027226,0.));
#2625=CARTESIAN_POINT('',(4.18678540477977,-9.73187460742583,0.));
#2626=CARTESIAN_POINT('',(4.14724583187929,-9.72538649687227,0.));
#2627=CARTESIAN_POINT('',(4.12729248297851,-9.72302110450778,0.));
#2628=CARTESIAN_POINT('',(4.08747307111501,-9.72010196790008,0.));
#2629=CARTESIAN_POINT('',(4.06744857693999,-9.71952926957765,0.));
#2630=CARTESIAN_POINT('',(4.02762992637831,-9.7201709736241,0.));
#2631=CARTESIAN_POINT('',(4.00767725213636,-9.72138272984323,0.));
#2632=CARTESIAN_POINT('',(3.9681457782959,-9.72556016125781,0.));
#2633=CARTESIAN_POINT('',(3.94840968711938,-9.72853887338111,0.));
#2634=CARTESIAN_POINT('',(3.90945372093272,-9.73620735136422,0.));
#2635=CARTESIAN_POINT('',(3.89007902955699,-9.74092531842409,0.));
#2636=CARTESIAN_POINT('',(3.85198553143782,-9.75201929995818,0.));
#2637=CARTESIAN_POINT('',(3.83319001704067,-9.75841296249436,0.));
#2638=CARTESIAN_POINT('',(3.81464143479484,-9.76565454982134,0.));
#2639=ORIENTED_EDGE('',*,*,#3016,.F.);
#2640=ORIENTED_EDGE('',*,*,#3153,.F.);
#2641=ORIENTED_EDGE('',*,*,#2994,.F.);
#2642=ORIENTED_EDGE('',*,*,#3152,.F.);
#2643=CARTESIAN_POINT('',(7.43115110724026,-11.7397286689839,0.));
#2644=CARTESIAN_POINT('',(7.346329777624,-11.7122704165052,0.));
#2645=CARTESIAN_POINT('',(7.26197889138713,-11.6834999289778,0.));
#2646=CARTESIAN_POINT('',(7.09547874512016,-11.6237866330246,0.));
#2647=CARTESIAN_POINT('',(7.01325534076219,-11.5929195063823,0.));
#2648=CARTESIAN_POINT('',(6.85120769577411,-11.5289845226543,0.));
#2649=CARTESIAN_POINT('',(6.77124322330039,-11.496031015731,0.));
#2650=CARTESIAN_POINT('',(6.61380335573895,-11.4279630068446,0.));
#2651=CARTESIAN_POINT('',(6.53617638493371,-11.392967064627,0.));
#2652=CARTESIAN_POINT('',(6.38350831181446,-11.3208508012009,0.));
#2653=CARTESIAN_POINT('',(6.30830213113372,-11.2838542399055,0.));
#2654=CARTESIAN_POINT('',(6.16058161829926,-11.2077691318513,0.));
#2655=CARTESIAN_POINT('',(6.08788583285534,-11.1688108622911,0.));
#2656=CARTESIAN_POINT('',(5.94530452000584,-11.0888289821953,0.));
#2657=CARTESIAN_POINT('',(5.87521723457005,-11.0479439675212,0.));
#2658=CARTESIAN_POINT('',(5.73798845168284,-10.9641273048889,0.));
#2659=CARTESIAN_POINT('',(5.67061932753352,-10.9213451217392,0.));
#2660=CARTESIAN_POINT('',(5.53898658245554,-10.8337416223908,0.));
#2661=CARTESIAN_POINT('',(5.47446124312398,-10.7890844103589,0.));
#2662=CARTESIAN_POINT('',(5.34871115414643,-10.6977219939962,0.));
#2663=CARTESIAN_POINT('',(5.28717774774257,-10.6512014287936,0.));
#2664=CARTESIAN_POINT('',(5.16766088505143,-10.5560784087243,0.));
#2665=CARTESIAN_POINT('',(5.10930020310979,-10.5076910712891,0.));
#2666=CARTESIAN_POINT('',(4.99646731887952,-10.4087595728009,0.));
#2667=CARTESIAN_POINT('',(4.94150876580318,-10.3584797076614,0.));
#2668=CARTESIAN_POINT('',(4.83598102769889,-10.2556136134721,0.));
#2669=CARTESIAN_POINT('',(4.78472607577628,-10.2033827440005,0.));
#2670=CARTESIAN_POINT('',(4.68745716447282,-10.0963038264192,0.));
#2671=CARTESIAN_POINT('',(4.64099793307945,-10.0416950434356,0.));
#2672=CARTESIAN_POINT('',(4.59626222462486,-9.98551967883377,0.));
#2673=ORIENTED_EDGE('',*,*,#3154,.T.);
#2674=ORIENTED_EDGE('',*,*,#2995,.F.);
#2675=ORIENTED_EDGE('',*,*,#3153,.T.);
#2676=ORIENTED_EDGE('',*,*,#3015,.T.);
#2677=ORIENTED_EDGE('',*,*,#3014,.F.);
#2678=ORIENTED_EDGE('',*,*,#3155,.T.);
#2679=ORIENTED_EDGE('',*,*,#2996,.F.);
#2680=ORIENTED_EDGE('',*,*,#3154,.F.);
#2681=CARTESIAN_POINT('',(7.70676604438345,-7.83849391343951,0.));
#2682=CARTESIAN_POINT('',(7.7434274218816,-7.90024258629178,0.));
#2683=CARTESIAN_POINT('',(7.7780128504643,-7.96304726358872,0.));
#2684=CARTESIAN_POINT('',(7.84364134634641,-8.09196598303931,0.));
#2685=CARTESIAN_POINT('',(7.87430280123508,-8.15841151717414,0.));
#2686=CARTESIAN_POINT('',(7.93306361847336,-8.29355848606601,0.));
#2687=CARTESIAN_POINT('',(7.9605875375531,-8.36277511176516,0.));
#2688=CARTESIAN_POINT('',(8.01307900338566,-8.50335728407587,0.));
#2689=CARTESIAN_POINT('',(8.03762696680024,-8.57508385595101,0.));
#2690=CARTESIAN_POINT('',(8.08418727202402,-8.72056515162882,0.));
#2691=CARTESIAN_POINT('',(8.10586470948024,-8.79459630585304,0.));
#2692=CARTESIAN_POINT('',(8.1466984566528,-8.94457224090039,0.));
#2693=CARTESIAN_POINT('',(8.16557267459063,-9.02074014686839,0.));
#2694=CARTESIAN_POINT('',(8.200805754698,-9.17488353057655,0.));
#2695=CARTESIAN_POINT('',(8.21691837018138,-9.25304552713488,0.));
#2696=CARTESIAN_POINT('',(8.24662631409561,-9.41107846628341,0.));
#2697=CARTESIAN_POINT('',(8.26000117296325,-9.49110924258184,0.));
#2698=CARTESIAN_POINT('',(8.284225499636,-9.65278705155637,0.));
#2699=CARTESIAN_POINT('',(8.29487383367587,-9.73457358449796,0.));
#2700=CARTESIAN_POINT('',(8.31363222976551,-9.89967481452319,0.));
#2701=CARTESIAN_POINT('',(8.32155613629498,-9.98311297644911,0.));
#2702=CARTESIAN_POINT('',(8.3348491691367,-10.1514328840012,0.));
#2703=CARTESIAN_POINT('',(8.34004404032438,-10.2364250947116,0.));
#2704=CARTESIAN_POINT('',(8.34785978778787,-10.4077711767302,0.));
#2705=CARTESIAN_POINT('',(8.3503160592856,-10.4942247319311,0.));
#2706=CARTESIAN_POINT('',(8.35263342070061,-10.6684135697668,0.));
#2707=CARTESIAN_POINT('',(8.35233786446153,-10.7562394223267,0.));
#2708=CARTESIAN_POINT('',(8.34912900052252,-10.9330943900622,0.));
#2709=CARTESIAN_POINT('',(8.34611863718466,-11.0221659942584,0.));
#2710=CARTESIAN_POINT('',(8.3417144912406,-11.1112121456944,0.));
#2711=ORIENTED_EDGE('',*,*,#3013,.F.);
#2712=ORIENTED_EDGE('',*,*,#3156,.T.);
#2713=ORIENTED_EDGE('',*,*,#2997,.F.);
#2714=ORIENTED_EDGE('',*,*,#3155,.F.);
#2715=CARTESIAN_POINT('',(7.77835512944448,-7.02970053008979,0.));
#2716=CARTESIAN_POINT('',(7.76500670975884,-7.04447585351233,0.));
#2717=CARTESIAN_POINT('',(7.75236355017756,-7.05978274078187,0.));
#2718=CARTESIAN_POINT('',(7.72848235664953,-7.09146680019525,0.));
#2719=CARTESIAN_POINT('',(7.71720062056932,-7.10790943715224,0.));
#2720=CARTESIAN_POINT('',(7.69621649310918,-7.14161461851728,0.));
#2721=CARTESIAN_POINT('',(7.6864328345093,-7.15901191845844,0.));
#2722=CARTESIAN_POINT('',(7.66850881446814,-7.19449315100166,0.));
#2723=CARTESIAN_POINT('',(7.66030048692532,-7.21271953082569,0.));
#2724=CARTESIAN_POINT('',(7.64558059513428,-7.24972306447177,0.));
#2725=CARTESIAN_POINT('',(7.63901529387289,-7.26864937340091,0.));
#2726=CARTESIAN_POINT('',(7.62762457596976,-7.3069163103745,0.));
#2727=CARTESIAN_POINT('',(7.62276070121779,-7.32641179538491,0.));
#2728=CARTESIAN_POINT('',(7.61480626418763,-7.36568265398567,0.));
#2729=CARTESIAN_POINT('',(7.61169380820831,-7.38561754490242,0.));
#2730=CARTESIAN_POINT('',(7.60726741349395,-7.42563849818966,0.));
#2731=CARTESIAN_POINT('',(7.60594987101174,-7.44588762520259,0.));
#2732=CARTESIAN_POINT('',(7.60513320204548,-7.48641967742698,0.));
#2733=CARTESIAN_POINT('',(7.60565130933118,-7.50686793799596,0.));
#2734=CARTESIAN_POINT('',(7.60852624803505,-7.54770164458903,0.));
#2735=CARTESIAN_POINT('',(7.6109252761634,-7.56825302477661,0.));
#2736=CARTESIAN_POINT('',(7.61759443032255,-7.60923450738466,0.));
#2737=CARTESIAN_POINT('',(7.6219390309459,-7.62982847302587,0.));
#2738=CARTESIAN_POINT('',(7.63256941336754,-7.67091058319495,0.));
#2739=CARTESIAN_POINT('',(7.63897623933672,-7.69155517128156,0.));
#2740=CARTESIAN_POINT('',(7.65390181947024,-7.73291119210863,0.));
#2741=CARTESIAN_POINT('',(7.66261958089499,-7.75375836913745,0.));
#2742=CARTESIAN_POINT('',(7.6826184608177,-7.79607584141249,0.));
#2743=CARTESIAN_POINT('',(7.69413403102606,-7.8175500223836,0.));
#2744=CARTESIAN_POINT('',(7.70676604438345,-7.83849391343951,0.));
#2745=ORIENTED_EDGE('',*,*,#3012,.F.);
#2746=ORIENTED_EDGE('',*,*,#3157,.T.);
#2747=ORIENTED_EDGE('',*,*,#2998,.F.);
#2748=ORIENTED_EDGE('',*,*,#3156,.F.);
#2749=ORIENTED_EDGE('',*,*,#3011,.F.);
#2750=ORIENTED_EDGE('',*,*,#3158,.T.);
#2751=ORIENTED_EDGE('',*,*,#2999,.F.);
#2752=ORIENTED_EDGE('',*,*,#3157,.F.);
#2753=CARTESIAN_POINT('',(8.71029046192942,-6.70574900832945,0.));
#2754=CARTESIAN_POINT('',(8.68797665446504,-6.69573360367135,0.));
#2755=CARTESIAN_POINT('',(8.66527099584686,-6.68689042142067,0.));
#2756=CARTESIAN_POINT('',(8.62085146699532,-6.67213816347421,0.));
#2757=CARTESIAN_POINT('',(8.59910547933752,-6.66599681385734,0.));
#2758=CARTESIAN_POINT('',(8.55625191058492,-6.65616497546679,0.));
#2759=CARTESIAN_POINT('',(8.53498558725595,-6.65229329258559,0.));
#2760=CARTESIAN_POINT('',(8.49292166091748,-6.64669231879824,0.));
#2761=CARTESIAN_POINT('',(8.47195416473641,-6.6448617234567,0.));
#2762=CARTESIAN_POINT('',(8.43046760557524,-6.6431809668057,0.));
#2763=CARTESIAN_POINT('',(8.40977689720164,-6.64327662543596,0.));
#2764=CARTESIAN_POINT('',(8.36889437873708,-6.64534460770739,0.));
#2765=CARTESIAN_POINT('',(8.34853275807816,-6.64729504345311,0.));
#2766=CARTESIAN_POINT('',(8.30839466871566,-6.65299135700219,0.));
#2767=CARTESIAN_POINT('',(8.28845199283408,-6.65674005566448,0.));
#2768=CARTESIAN_POINT('',(8.24925638028034,-6.6659581698276,0.));
#2769=CARTESIAN_POINT('',(8.2298420022743,-6.67145081807086,0.));
#2770=CARTESIAN_POINT('',(8.19181627388079,-6.68408083722567,0.));
#2771=CARTESIAN_POINT('',(8.17304920822188,-6.69125916989757,0.));
#2772=CARTESIAN_POINT('',(8.13643427962542,-6.70717940618869,0.));
#2773=CARTESIAN_POINT('',(8.11843732441647,-6.7159781534598,0.));
#2774=CARTESIAN_POINT('',(8.08347787508323,-6.73505100376995,0.));
#2775=CARTESIAN_POINT('',(8.06637379064169,-6.74539643068027,0.));
#2776=CARTESIAN_POINT('',(8.03331175810469,-6.76746655441677,0.));
#2777=CARTESIAN_POINT('',(8.01722059379614,-6.77927589191033,0.));
#2778=CARTESIAN_POINT('',(7.98629051821408,-6.80416973212436,0.));
#2779=CARTESIAN_POINT('',(7.97132762960793,-6.81735115251986,0.));
#2780=CARTESIAN_POINT('',(7.94275314244922,-6.84487731659788,0.));
#2781=CARTESIAN_POINT('',(7.9290818241058,-6.85927333468738,0.));
#2782=CARTESIAN_POINT('',(7.91602320362214,-6.87430539779954,0.));
#2783=ORIENTED_EDGE('',*,*,#3010,.F.);
#2784=ORIENTED_EDGE('',*,*,#3159,.F.);
#2785=ORIENTED_EDGE('',*,*,#3000,.F.);
#2786=ORIENTED_EDGE('',*,*,#3158,.F.);
#2787=CARTESIAN_POINT('',(12.0356814714288,-6.94158537499224,0.));
#2788=CARTESIAN_POINT('',(11.9478154278255,-6.95669073723735,0.));
#2789=CARTESIAN_POINT('',(11.8597561151129,-6.97041554711192,0.));
#2790=CARTESIAN_POINT('',(11.6845774050201,-6.99491852551746,0.));
#2791=CARTESIAN_POINT('',(11.5974275271765,-7.00579816352695,0.));
#2792=CARTESIAN_POINT('',(11.4242293950362,-7.02449384253602,0.));
#2793=CARTESIAN_POINT('',(11.3381101127789,-7.03247630456321,0.));
#2794=CARTESIAN_POINT('',(11.1670712523641,-7.04537103059978,0.));
#2795=CARTESIAN_POINT('',(11.0820725580354,-7.05045871479856,0.));
#2796=CARTESIAN_POINT('',(10.9133775940718,-7.05755132601013,0.));
#2797=CARTESIAN_POINT('',(10.8295926689018,-7.05974255272595,0.));
#2798=CARTESIAN_POINT('',(10.6634341379397,-7.06102168063723,0.));
#2799=CARTESIAN_POINT('',(10.5809604060714,-7.06030926211187,0.));
#2800=CARTESIAN_POINT('',(10.4175414904391,-7.05574966441952,0.));
#2801=CARTESIAN_POINT('',(10.3364820675199,-7.05211896742508,0.));
#2802=CARTESIAN_POINT('',(10.1760204694907,-7.04167639372616,0.));
#2803=CARTESIAN_POINT('',(10.0964862007095,-7.03510264493816,0.));
#2804=CARTESIAN_POINT('',(9.93921981730757,-7.01870638540927,0.));
#2805=CARTESIAN_POINT('',(9.86133222555903,-7.00915080829811,0.));
#2806=CARTESIAN_POINT('',(9.70752781960981,-6.98669238644602,0.));
#2807=CARTESIAN_POINT('',(9.63142350950429,-6.97409647148118,0.));
#2808=CARTESIAN_POINT('',(9.48139071164629,-6.94541147572507,0.));
#2809=CARTESIAN_POINT('',(9.40722817722019,-6.92968817746231,0.));
#2810=CARTESIAN_POINT('',(9.26134386019416,-6.89452474186933,0.));
#2811=CARTESIAN_POINT('',(9.18931425979401,-6.87554464542916,0.));
#2812=CARTESIAN_POINT('',(9.0480698306286,-6.83350242768426,0.));
#2813=CARTESIAN_POINT('',(8.9784129292647,-6.81107365342593,0.));
#2814=CARTESIAN_POINT('',(8.84252353140496,-6.76146309763539,0.));
#2815=CARTESIAN_POINT('',(8.77600795817086,-6.73470010307273,0.));
#2816=CARTESIAN_POINT('',(8.71029046192942,-6.70574900832945,0.));
#2817=ORIENTED_EDGE('',*,*,#3160,.T.);
#2818=ORIENTED_EDGE('',*,*,#3001,.F.);
#2819=ORIENTED_EDGE('',*,*,#3159,.T.);
#2820=ORIENTED_EDGE('',*,*,#3009,.T.);
#2821=ORIENTED_EDGE('',*,*,#3008,.F.);
#2822=ORIENTED_EDGE('',*,*,#3161,.T.);
#2823=ORIENTED_EDGE('',*,*,#3002,.F.);
#2824=ORIENTED_EDGE('',*,*,#3160,.F.);
#2825=CARTESIAN_POINT('',(10.4667321877983,-3.35912890535594,0.));
#2826=CARTESIAN_POINT('',(10.5278902645301,-3.39676724816664,0.));
#2827=CARTESIAN_POINT('',(10.5877009295211,-3.43630537804097,0.));
#2828=CARTESIAN_POINT('',(10.7057235928934,-3.5199581522152,0.));
#2829=CARTESIAN_POINT('',(10.7637517422711,-3.56454366221729,0.));
#2830=CARTESIAN_POINT('',(10.8785877900426,-3.6569028467925,0.));
#2831=CARTESIAN_POINT('',(10.9351255798944,-3.70540012211138,0.));
#2832=CARTESIAN_POINT('',(11.0469362576603,-3.80548545317639,0.));
#2833=CARTESIAN_POINT('',(11.1020053997849,-3.85758817101744,0.));
#2834=CARTESIAN_POINT('',(11.2108410318019,-3.96476780816028,0.));
#2835=CARTESIAN_POINT('',(11.2644394422394,-4.02024513225774,0.));
#2836=CARTESIAN_POINT('',(11.3702932219888,-4.13406583913592,0.));
#2837=CARTESIAN_POINT('',(11.4224025028607,-4.19273788400676,0.));
#2838=CARTESIAN_POINT('',(11.5252338481705,-4.31285144317736,0.));
#2839=CARTESIAN_POINT('',(11.5758245516132,-4.37457254822966,0.));
#2840=CARTESIAN_POINT('',(11.6755711983303,-4.50069779651969,0.));
#2841=CARTESIAN_POINT('',(11.7246062039295,-4.56534592279223,0.));
#2842=CARTESIAN_POINT('',(11.821191204185,-4.69724690703115,0.));
#2843=CARTESIAN_POINT('',(11.8686279327428,-4.76471675786958,0.));
#2844=CARTESIAN_POINT('',(11.9619640349176,-4.90218917550494,0.));
#2845=CARTESIAN_POINT('',(12.0077559529806,-4.97238757577433,0.));
#2846=CARTESIAN_POINT('',(12.0977485103652,-5.11524987176546,0.));
#2847=CARTESIAN_POINT('',(12.1418461901212,-5.18809255985586,0.));
#2848=CARTESIAN_POINT('',(12.2283951855607,-5.33617982169816,0.));
#2849=CARTESIAN_POINT('',(12.2707470763664,-5.41158915680808,0.));
#2850=CARTESIAN_POINT('',(12.3537485872485,-5.56474878132369,0.));
#2851=CARTESIAN_POINT('',(12.3943015939848,-5.64265206351392,0.));
#2852=CARTESIAN_POINT('',(12.4736488876723,-5.80074059379046,0.));
#2853=CARTESIAN_POINT('',(12.5123769817565,-5.88100856803996,0.));
#2854=CARTESIAN_POINT('',(12.549859114146,-5.96190172806343,0.));
#2855=ORIENTED_EDGE('',*,*,#3007,.F.);
#2856=ORIENTED_EDGE('',*,*,#3162,.T.);
#2857=ORIENTED_EDGE('',*,*,#3003,.F.);
#2858=ORIENTED_EDGE('',*,*,#3161,.F.);
#2859=CARTESIAN_POINT('',(10.1542561478983,-2.60970882386721,0.));
#2860=CARTESIAN_POINT('',(10.1493031444236,-2.62899504296076,0.));
#2861=CARTESIAN_POINT('',(10.145221647795,-2.64842418775283,0.));
#2862=CARTESIAN_POINT('',(10.1388002176797,-2.6875771730861,0.));
#2863=CARTESIAN_POINT('',(10.136452010891,-2.70737928923465,0.));
#2864=CARTESIAN_POINT('',(10.1335350675866,-2.74697555544591,0.));
#2865=CARTESIAN_POINT('',(10.1329569965401,-2.76692679236763,0.));
#2866=CARTESIAN_POINT('',(10.1335750159262,-2.80667357096993,0.));
#2867=CARTESIAN_POINT('',(10.1347771238896,-2.82662682882384,0.));
#2868=CARTESIAN_POINT('',(10.1389397065391,-2.86623250546649,0.));
#2869=CARTESIAN_POINT('',(10.1419219152976,-2.88604196737879,0.));
#2870=CARTESIAN_POINT('',(10.1496194678285,-2.92521918786114,0.));
#2871=CARTESIAN_POINT('',(10.1543727242559,-2.94474193783981,0.));
#2872=CARTESIAN_POINT('',(10.1655794980347,-2.98321116742891,0.));
#2873=CARTESIAN_POINT('',(10.1720877608744,-3.00230906712743,0.));
#2874=CARTESIAN_POINT('',(10.1867670473625,-3.03980290956038,0.));
#2875=CARTESIAN_POINT('',(10.1950106599692,-3.05834491360983,0.));
#2876=CARTESIAN_POINT('',(10.2131237193912,-3.09461378847653,0.));
#2877=CARTESIAN_POINT('',(10.2230852611237,-3.11247904755018,0.));
#2878=CARTESIAN_POINT('',(10.2446072625766,-3.14729944846887,0.));
#2879=CARTESIAN_POINT('',(10.2562821990792,-3.16438190792983,0.));
#2880=CARTESIAN_POINT('',(10.2812324864081,-3.19756989816965,0.));
#2881=CARTESIAN_POINT('',(10.2946499322469,-3.21378591255579,0.));
#2882=CARTESIAN_POINT('',(10.3231544769691,-3.24522212951254,0.));
#2883=CARTESIAN_POINT('',(10.33842145809,-3.26052460394382,0.));
#2884=CARTESIAN_POINT('',(10.3708565041375,-3.29020727883795,0.));
#2885=CARTESIAN_POINT('',(10.3882638647582,-3.30461519161354,0.));
#2886=CARTESIAN_POINT('',(10.4256379034406,-3.33279150951489,0.));
#2887=CARTESIAN_POINT('',(10.4458139839684,-3.34645440013661,0.));
#2888=CARTESIAN_POINT('',(10.4667321877983,-3.35912890535594,0.));
#2889=ORIENTED_EDGE('',*,*,#3006,.F.);
#2890=ORIENTED_EDGE('',*,*,#3086,.T.);
#2891=ORIENTED_EDGE('',*,*,#3004,.F.);
#2892=ORIENTED_EDGE('',*,*,#3162,.F.);
#2893=EDGE_CURVE('',#3163,#3164,#3165,.T.);
#2894=EDGE_CURVE('',#3164,#3166,#3167,.T.);
#2895=EDGE_CURVE('',#3168,#3166,#3169,.F.);
#2896=EDGE_CURVE('',#3163,#3168,#3170,.T.);
#2897=EDGE_CURVE('',#3171,#3172,#3173,.T.);
#2898=EDGE_CURVE('',#3174,#3172,#3175,.T.);
#2899=EDGE_CURVE('',#3176,#3174,#3177,.F.);
#2900=EDGE_CURVE('',#3176,#3171,#3178,.T.);
#2901=EDGE_CURVE('',#3172,#3179,#3180,.T.);
#2902=EDGE_CURVE('',#3179,#3163,#3181,.T.);
#2903=EDGE_CURVE('',#3166,#3168,#3182,.F.);
#2904=EDGE_CURVE('',#3164,#3171,#3183,.T.);
#2905=EDGE_CURVE('',#3174,#3176,#3184,.T.);
#2906=EDGE_CURVE('',#3185,#3186,#3187,.T.);
#2907=EDGE_CURVE('',#3186,#3185,#3188,.T.);
#2908=EDGE_CURVE('',#3189,#3190,#3191,.F.);
#2909=EDGE_CURVE('',#3190,#3189,#3192,.F.);
#2910=EDGE_CURVE('',#3193,#3193,#3194,.T.);
#2911=EDGE_CURVE('',#3195,#3195,#3196,.T.);
#2912=EDGE_CURVE('',#3197,#3197,#3198,.F.);
#2913=EDGE_CURVE('',#3199,#3200,#3201,.F.);
#2914=EDGE_CURVE('',#3202,#3199,#3203,.T.);
#2915=EDGE_CURVE('',#3204,#3202,#3205,.T.);
#2916=EDGE_CURVE('',#3204,#3200,#3206,.T.);
#2917=EDGE_CURVE('',#3207,#3207,#3208,.F.);
#2918=EDGE_CURVE('',#3209,#3210,#3211,.F.);
#2919=EDGE_CURVE('',#3212,#3209,#3213,.T.);
#2920=EDGE_CURVE('',#3214,#3212,#3215,.T.);
#2921=EDGE_CURVE('',#3214,#3210,#3216,.T.);
#2922=EDGE_CURVE('',#3217,#3217,#3218,.T.);
#2923=EDGE_CURVE('',#3190,#3189,#3219,.T.);
#2924=EDGE_CURVE('',#3186,#3185,#3220,.T.);
#2925=EDGE_CURVE('',#3200,#3209,#3221,.F.);
#2926=EDGE_CURVE('',#3210,#3199,#3222,.F.);
#2927=EDGE_CURVE('',#3223,#3224,#3225,.F.);
#2928=EDGE_CURVE('',#3224,#3226,#3227,.F.);
#2929=EDGE_CURVE('',#3226,#3228,#3229,.T.);
#2930=EDGE_CURVE('',#3228,#3230,#3231,.F.);
#2931=EDGE_CURVE('',#3230,#3232,#3233,.F.);
#2932=EDGE_CURVE('',#3232,#3234,#3235,.F.);
#2933=EDGE_CURVE('',#3234,#3236,#3237,.F.);
#2934=EDGE_CURVE('',#3236,#3238,#3239,.F.);
#2935=EDGE_CURVE('',#3238,#3240,#3241,.T.);
#2936=EDGE_CURVE('',#3240,#3242,#3243,.F.);
#2937=EDGE_CURVE('',#3242,#3244,#3245,.F.);
#2938=EDGE_CURVE('',#3244,#3246,#3247,.F.);
#2939=EDGE_CURVE('',#3246,#3248,#3249,.F.);
#2940=EDGE_CURVE('',#3248,#3250,#3251,.F.);
#2941=EDGE_CURVE('',#3250,#3252,#3253,.T.);
#2942=EDGE_CURVE('',#3252,#3254,#3255,.F.);
#2943=EDGE_CURVE('',#3254,#3256,#3257,.F.);
#2944=EDGE_CURVE('',#3256,#3258,#3259,.F.);
#2945=EDGE_CURVE('',#3258,#3260,#3261,.F.);
#2946=EDGE_CURVE('',#3260,#3262,#3263,.F.);
#2947=EDGE_CURVE('',#3262,#3264,#3265,.T.);
#2948=EDGE_CURVE('',#3264,#3266,#3267,.F.);
#2949=EDGE_CURVE('',#3266,#3268,#3269,.F.);
#2950=EDGE_CURVE('',#3268,#3270,#3271,.F.);
#2951=EDGE_CURVE('',#3270,#3272,#3273,.F.);
#2952=EDGE_CURVE('',#3272,#3274,#3275,.F.);
#2953=EDGE_CURVE('',#3274,#3276,#3277,.T.);
#2954=EDGE_CURVE('',#3276,#3278,#3279,.F.);
#2955=EDGE_CURVE('',#3278,#3280,#3281,.F.);
#2956=EDGE_CURVE('',#3280,#3282,#3283,.F.);
#2957=EDGE_CURVE('',#3282,#3284,#3285,.F.);
#2958=EDGE_CURVE('',#3284,#3286,#3287,.F.);
#2959=EDGE_CURVE('',#3286,#3288,#3289,.T.);
#2960=EDGE_CURVE('',#3288,#3290,#3291,.F.);
#2961=EDGE_CURVE('',#3290,#3292,#3293,.F.);
#2962=EDGE_CURVE('',#3292,#3294,#3295,.F.);
#2963=EDGE_CURVE('',#3294,#3296,#3297,.F.);
#2964=EDGE_CURVE('',#3296,#3298,#3299,.F.);
#2965=EDGE_CURVE('',#3298,#3300,#3301,.T.);
#2966=EDGE_CURVE('',#3300,#3302,#3303,.F.);
#2967=EDGE_CURVE('',#3302,#3304,#3305,.F.);
#2968=EDGE_CURVE('',#3304,#3306,#3307,.F.);
#2969=EDGE_CURVE('',#3306,#3308,#3309,.F.);
#2970=EDGE_CURVE('',#3308,#3310,#3311,.F.);
#2971=EDGE_CURVE('',#3310,#3312,#3313,.T.);
#2972=EDGE_CURVE('',#3312,#3314,#3315,.F.);
#2973=EDGE_CURVE('',#3314,#3316,#3317,.F.);
#2974=EDGE_CURVE('',#3316,#3318,#3319,.F.);
#2975=EDGE_CURVE('',#3318,#3320,#3321,.F.);
#2976=EDGE_CURVE('',#3320,#3322,#3323,.F.);
#2977=EDGE_CURVE('',#3322,#3324,#3325,.T.);
#2978=EDGE_CURVE('',#3324,#3326,#3327,.F.);
#2979=EDGE_CURVE('',#3326,#3328,#3329,.F.);
#2980=EDGE_CURVE('',#3328,#3330,#3331,.F.);
#2981=EDGE_CURVE('',#3330,#3332,#3333,.F.);
#2982=EDGE_CURVE('',#3332,#3334,#3335,.F.);
#2983=EDGE_CURVE('',#3334,#3336,#3337,.T.);
#2984=EDGE_CURVE('',#3336,#3338,#3339,.F.);
#2985=EDGE_CURVE('',#3338,#3340,#3341,.F.);
#2986=EDGE_CURVE('',#3340,#3342,#3343,.F.);
#2987=EDGE_CURVE('',#3342,#3344,#3345,.F.);
#2988=EDGE_CURVE('',#3344,#3346,#3347,.F.);
#2989=EDGE_CURVE('',#3346,#3348,#3349,.T.);
#2990=EDGE_CURVE('',#3348,#3350,#3351,.F.);
#2991=EDGE_CURVE('',#3350,#3352,#3353,.F.);
#2992=EDGE_CURVE('',#3352,#3354,#3355,.F.);
#2993=EDGE_CURVE('',#3354,#3356,#3357,.F.);
#2994=EDGE_CURVE('',#3356,#3358,#3359,.F.);
#2995=EDGE_CURVE('',#3358,#3360,#3361,.T.);
#2996=EDGE_CURVE('',#3360,#3362,#3363,.F.);
#2997=EDGE_CURVE('',#3362,#3364,#3365,.F.);
#2998=EDGE_CURVE('',#3364,#3366,#3367,.F.);
#2999=EDGE_CURVE('',#3366,#3368,#3369,.F.);
#3000=EDGE_CURVE('',#3368,#3370,#3371,.F.);
#3001=EDGE_CURVE('',#3370,#3372,#3373,.T.);
#3002=EDGE_CURVE('',#3372,#3374,#3375,.F.);
#3003=EDGE_CURVE('',#3374,#3376,#3377,.F.);
#3004=EDGE_CURVE('',#3376,#3223,#3378,.F.);
#3005=EDGE_CURVE('',#3379,#3380,#3381,.T.);
#3006=EDGE_CURVE('',#3380,#3382,#3383,.T.);
#3007=EDGE_CURVE('',#3382,#3384,#3385,.T.);
#3008=EDGE_CURVE('',#3384,#3386,#3387,.T.);
#3009=EDGE_CURVE('',#3388,#3386,#3389,.T.);
#3010=EDGE_CURVE('',#3388,#3390,#3391,.T.);
#3011=EDGE_CURVE('',#3390,#3392,#3393,.T.);
#3012=EDGE_CURVE('',#3392,#3394,#3395,.T.);
#3013=EDGE_CURVE('',#3394,#3396,#3397,.T.);
#3014=EDGE_CURVE('',#3396,#3398,#3399,.T.);
#3015=EDGE_CURVE('',#3400,#3398,#3401,.T.);
#3016=EDGE_CURVE('',#3400,#3402,#3403,.T.);
#3017=EDGE_CURVE('',#3402,#3404,#3405,.T.);
#3018=EDGE_CURVE('',#3404,#3406,#3407,.T.);
#3019=EDGE_CURVE('',#3406,#3408,#3409,.T.);
#3020=EDGE_CURVE('',#3408,#3410,#3411,.T.);
#3021=EDGE_CURVE('',#3412,#3410,#3413,.T.);
#3022=EDGE_CURVE('',#3412,#3414,#3415,.T.);
#3023=EDGE_CURVE('',#3414,#3416,#3417,.T.);
#3024=EDGE_CURVE('',#3416,#3418,#3419,.T.);
#3025=EDGE_CURVE('',#3418,#3420,#3421,.T.);
#3026=EDGE_CURVE('',#3420,#3422,#3423,.T.);
#3027=EDGE_CURVE('',#3424,#3422,#3425,.T.);
#3028=EDGE_CURVE('',#3424,#3426,#3427,.T.);
#3029=EDGE_CURVE('',#3426,#3428,#3429,.T.);
#3030=EDGE_CURVE('',#3428,#3430,#3431,.T.);
#3031=EDGE_CURVE('',#3430,#3432,#3433,.T.);
#3032=EDGE_CURVE('',#3432,#3434,#3435,.T.);
#3033=EDGE_CURVE('',#3436,#3434,#3437,.T.);
#3034=EDGE_CURVE('',#3436,#3438,#3439,.T.);
#3035=EDGE_CURVE('',#3438,#3440,#3441,.T.);
#3036=EDGE_CURVE('',#3440,#3442,#3443,.T.);
#3037=EDGE_CURVE('',#3442,#3444,#3445,.T.);
#3038=EDGE_CURVE('',#3444,#3446,#3447,.T.);
#3039=EDGE_CURVE('',#3448,#3446,#3449,.T.);
#3040=EDGE_CURVE('',#3448,#3450,#3451,.T.);
#3041=EDGE_CURVE('',#3450,#3452,#3453,.T.);
#3042=EDGE_CURVE('',#3452,#3454,#3455,.T.);
#3043=EDGE_CURVE('',#3454,#3456,#3457,.T.);
#3044=EDGE_CURVE('',#3456,#3458,#3459,.T.);
#3045=EDGE_CURVE('',#3460,#3458,#3461,.T.);
#3046=EDGE_CURVE('',#3460,#3462,#3463,.T.);
#3047=EDGE_CURVE('',#3462,#3464,#3465,.T.);
#3048=EDGE_CURVE('',#3464,#3466,#3467,.T.);
#3049=EDGE_CURVE('',#3466,#3468,#3469,.T.);
#3050=EDGE_CURVE('',#3468,#3470,#3471,.T.);
#3051=EDGE_CURVE('',#3472,#3470,#3473,.T.);
#3052=EDGE_CURVE('',#3472,#3474,#3475,.T.);
#3053=EDGE_CURVE('',#3474,#3476,#3477,.T.);
#3054=EDGE_CURVE('',#3476,#3478,#3479,.T.);
#3055=EDGE_CURVE('',#3478,#3480,#3481,.T.);
#3056=EDGE_CURVE('',#3480,#3482,#3483,.T.);
#3057=EDGE_CURVE('',#3484,#3482,#3485,.T.);
#3058=EDGE_CURVE('',#3484,#3486,#3487,.T.);
#3059=EDGE_CURVE('',#3486,#3488,#3489,.T.);
#3060=EDGE_CURVE('',#3488,#3490,#3491,.T.);
#3061=EDGE_CURVE('',#3490,#3492,#3493,.T.);
#3062=EDGE_CURVE('',#3492,#3494,#3495,.T.);
#3063=EDGE_CURVE('',#3496,#3494,#3497,.T.);
#3064=EDGE_CURVE('',#3496,#3498,#3499,.T.);
#3065=EDGE_CURVE('',#3498,#3500,#3501,.T.);
#3066=EDGE_CURVE('',#3500,#3502,#3503,.T.);
#3067=EDGE_CURVE('',#3502,#3504,#3505,.T.);
#3068=EDGE_CURVE('',#3504,#3506,#3507,.T.);
#3069=EDGE_CURVE('',#3508,#3506,#3509,.T.);
#3070=EDGE_CURVE('',#3508,#3510,#3511,.T.);
#3071=EDGE_CURVE('',#3510,#3512,#3513,.T.);
#3072=EDGE_CURVE('',#3512,#3514,#3515,.T.);
#3073=EDGE_CURVE('',#3514,#3516,#3517,.T.);
#3074=EDGE_CURVE('',#3516,#3518,#3519,.T.);
#3075=EDGE_CURVE('',#3520,#3518,#3521,.T.);
#3076=EDGE_CURVE('',#3520,#3522,#3523,.T.);
#3077=EDGE_CURVE('',#3522,#3524,#3525,.T.);
#3078=EDGE_CURVE('',#3524,#3526,#3527,.T.);
#3079=EDGE_CURVE('',#3526,#3528,#3529,.T.);
#3080=EDGE_CURVE('',#3528,#3530,#3531,.T.);
#3081=EDGE_CURVE('',#3532,#3530,#3533,.T.);
#3082=EDGE_CURVE('',#3532,#3379,#3534,.T.);
#3083=EDGE_CURVE('',#3202,#3214,#3535,.T.);
#3084=EDGE_CURVE('',#3212,#3204,#3536,.T.);
#3085=EDGE_CURVE('',#3379,#3224,#3537,.T.);
#3086=EDGE_CURVE('',#3380,#3223,#3538,.T.);
#3087=EDGE_CURVE('',#3226,#3532,#3539,.F.);
#3088=EDGE_CURVE('',#3530,#3228,#3540,.T.);
#3089=EDGE_CURVE('',#3528,#3230,#3541,.T.);
#3090=EDGE_CURVE('',#3526,#3232,#3542,.T.);
#3091=EDGE_CURVE('',#3524,#3234,#3543,.T.);
#3092=EDGE_CURVE('',#3522,#3236,#3544,.T.);
#3093=EDGE_CURVE('',#3238,#3520,#3545,.F.);
#3094=EDGE_CURVE('',#3518,#3240,#3546,.T.);
#3095=EDGE_CURVE('',#3516,#3242,#3547,.T.);
#3096=EDGE_CURVE('',#3514,#3244,#3548,.T.);
#3097=EDGE_CURVE('',#3512,#3246,#3549,.T.);
#3098=EDGE_CURVE('',#3510,#3248,#3550,.T.);
#3099=EDGE_CURVE('',#3250,#3508,#3551,.F.);
#3100=EDGE_CURVE('',#3506,#3252,#3552,.T.);
#3101=EDGE_CURVE('',#3504,#3254,#3553,.T.);
#3102=EDGE_CURVE('',#3502,#3256,#3554,.T.);
#3103=EDGE_CURVE('',#3500,#3258,#3555,.T.);
#3104=EDGE_CURVE('',#3498,#3260,#3556,.T.);
#3105=EDGE_CURVE('',#3262,#3496,#3557,.F.);
#3106=EDGE_CURVE('',#3494,#3264,#3558,.T.);
#3107=EDGE_CURVE('',#3492,#3266,#3559,.T.);
#3108=EDGE_CURVE('',#3490,#3268,#3560,.T.);
#3109=EDGE_CURVE('',#3488,#3270,#3561,.T.);
#3110=EDGE_CURVE('',#3486,#3272,#3562,.T.);
#3111=EDGE_CURVE('',#3274,#3484,#3563,.F.);
#3112=EDGE_CURVE('',#3482,#3276,#3564,.T.);
#3113=EDGE_CURVE('',#3480,#3278,#3565,.T.);
#3114=EDGE_CURVE('',#3478,#3280,#3566,.T.);
#3115=EDGE_CURVE('',#3476,#3282,#3567,.T.);
#3116=EDGE_CURVE('',#3474,#3284,#3568,.T.);
#3117=EDGE_CURVE('',#3286,#3472,#3569,.F.);
#3118=EDGE_CURVE('',#3470,#3288,#3570,.T.);
#3119=EDGE_CURVE('',#3468,#3290,#3571,.T.);
#3120=EDGE_CURVE('',#3466,#3292,#3572,.T.);
#3121=EDGE_CURVE('',#3464,#3294,#3573,.T.);
#3122=EDGE_CURVE('',#3462,#3296,#3574,.T.);
#3123=EDGE_CURVE('',#3298,#3460,#3575,.F.);
#3124=EDGE_CURVE('',#3458,#3300,#3576,.T.);
#3125=EDGE_CURVE('',#3456,#3302,#3577,.T.);
#3126=EDGE_CURVE('',#3454,#3304,#3578,.T.);
#3127=EDGE_CURVE('',#3452,#3306,#3579,.T.);
#3128=EDGE_CURVE('',#3450,#3308,#3580,.T.);
#3129=EDGE_CURVE('',#3310,#3448,#3581,.F.);
#3130=EDGE_CURVE('',#3446,#3312,#3582,.T.);
#3131=EDGE_CURVE('',#3444,#3314,#3583,.T.);
#3132=EDGE_CURVE('',#3442,#3316,#3584,.T.);
#3133=EDGE_CURVE('',#3440,#3318,#3585,.T.);
#3134=EDGE_CURVE('',#3438,#3320,#3586,.T.);
#3135=EDGE_CURVE('',#3322,#3436,#3587,.F.);
#3136=EDGE_CURVE('',#3434,#3324,#3588,.T.);
#3137=EDGE_CURVE('',#3432,#3326,#3589,.T.);
#3138=EDGE_CURVE('',#3430,#3328,#3590,.T.);
#3139=EDGE_CURVE('',#3428,#3330,#3591,.T.);
#3140=EDGE_CURVE('',#3426,#3332,#3592,.T.);
#3141=EDGE_CURVE('',#3334,#3424,#3593,.F.);
#3142=EDGE_CURVE('',#3422,#3336,#3594,.T.);
#3143=EDGE_CURVE('',#3420,#3338,#3595,.T.);
#3144=EDGE_CURVE('',#3418,#3340,#3596,.T.);
#3145=EDGE_CURVE('',#3416,#3342,#3597,.T.);
#3146=EDGE_CURVE('',#3414,#3344,#3598,.T.);
#3147=EDGE_CURVE('',#3346,#3412,#3599,.F.);
#3148=EDGE_CURVE('',#3410,#3348,#3600,.T.);
#3149=EDGE_CURVE('',#3408,#3350,#3601,.T.);
#3150=EDGE_CURVE('',#3406,#3352,#3602,.T.);
#3151=EDGE_CURVE('',#3404,#3354,#3603,.T.);
#3152=EDGE_CURVE('',#3402,#3356,#3604,.T.);
#3153=EDGE_CURVE('',#3358,#3400,#3605,.F.);
#3154=EDGE_CURVE('',#3398,#3360,#3606,.T.);
#3155=EDGE_CURVE('',#3396,#3362,#3607,.T.);
#3156=EDGE_CURVE('',#3394,#3364,#3608,.T.);
#3157=EDGE_CURVE('',#3392,#3366,#3609,.T.);
#3158=EDGE_CURVE('',#3390,#3368,#3610,.T.);
#3159=EDGE_CURVE('',#3370,#3388,#3611,.F.);
#3160=EDGE_CURVE('',#3386,#3372,#3612,.T.);
#3161=EDGE_CURVE('',#3384,#3374,#3613,.T.);
#3162=EDGE_CURVE('',#3382,#3376,#3614,.T.);
#3163=VERTEX_POINT('',#3615);
#3164=VERTEX_POINT('',#3616);
#3165=CIRCLE('',#3617,1.55);
#3166=VERTEX_POINT('',#3621);
#3167=LINE('',#3622,#3623);
#3168=VERTEX_POINT('',#3625);
#3169=LINE('',#3626,#3627);
#3170=LINE('',#3629,#3630);
#3171=VERTEX_POINT('',#3632);
#3172=VERTEX_POINT('',#3633);
#3173=CIRCLE('',#3634,1.55);
#3174=VERTEX_POINT('',#3638);
#3175=LINE('',#3639,#3640);
#3176=VERTEX_POINT('',#3642);
#3177=LINE('',#3643,#3644);
#3178=LINE('',#3646,#3647);
#3179=VERTEX_POINT('',#3649);
#3180=B_SPLINE_CURVE_WITH_KNOTS('',3,
(#3650,#3651,#3652,#3653,#3654,#3655,#3656,#3657,#3658,#3659,#3660,#3661,#3662,#3663,
#3664,#3665,#3666,#3667,#3668),
.UNSPECIFIED.,.F.,.F.,
(4,1,1,1,1,1,1,1,1,1,1,1,1,1,1,1,4),
(0.,0.0574435565982709,0.11629223816076,0.176109642600463,0.237394903215873,0.29893871727643,
0.361011755059728,0.423463209243634,0.486608281977932,0.550094254583041,0.614083993794043,
0.678206879919209,0.742697730930924,0.807225775686073,0.871721852397609,0.936004915256443,
1.),
.UNSPECIFIED.);
#3181=B_SPLINE_CURVE_WITH_KNOTS('',3,
(#3669,#3670,#3671,#3672,#3673,#3674,#3675,#3676,#3677,#3678,#3679,#3680,#3681,#3682,
#3683,#3684,#3685,#3686,#3687),
.UNSPECIFIED.,.F.,.F.,
(4,1,1,1,1,1,1,1,1,1,1,1,1,1,1,1,4),
(0.,0.0626673217361596,0.125705357854334,0.189044577604481,0.252608403705166,0.316236276381469,
0.379789347666585,0.443406149291993,0.506842015056849,0.570043522582024,0.632839370082895,
0.695446003380968,0.757819815950813,0.820095551320598,0.881109976581133,0.941224047520842,
1.),
.UNSPECIFIED.);
#3182=CIRCLE('',#3688,2.25);
#3183=B_SPLINE_CURVE_WITH_KNOTS('',3,
(#3692,#3693,#3694,#3695,#3696,#3697,#3698,#3699,#3700,#3701,#3702,#3703,#3704,#3705,
#3706,#3707,#3708,#3709,#3710,#3711,#3712,#3713,#3714,#3715,#3716,#3717,#3718,#3719,
#3720,#3721,#3722,#3723,#3724,#3725),
.UNSPECIFIED.,.F.,.F.,
(4,1,1,1,1,1,1,1,1,1,1,1,1,1,1,1,1,1,1,1,1,1,1,1,1,1,1,1,1,1,1,4),
(0.,0.0189956680299571,0.0383523452902734,0.0580037691326333,0.0781746222525126,
0.0985692540055211,0.119520758333436,0.140828448399441,0.162472247779797,0.184089788702477,
0.20595687272785,0.228080751215508,0.250669013487172,0.273438317836194,0.296726705442804,
0.320333852599256,0.344391411394951,0.368569561307638,0.396228687114814,0.427274286439598,
0.479767773807867,0.49994712849955,0.550963726008018,0.623019591044079,0.677912766453934,
0.721320867399246,0.771332140302126,0.828091778476926,0.885226676963544,0.933099897040181,
0.971538755295713,1.),
.UNSPECIFIED.);
#3184=CIRCLE('',#3726,2.25);
#3185=VERTEX_POINT('',#3730);
#3186=VERTEX_POINT('',#3731);
#3187=B_SPLINE_CURVE_WITH_KNOTS('',3,
(#3732,#3733,#3734,#3735,#3736,#3737,#3738,#3739,#3740,#3741,#3742,#3743,#3744,#3745,
#3746,#3747,#3748,#3749,#3750,#3751,#3752,#3753,#3754,#3755,#3756,#3757),
.UNSPECIFIED.,.F.,.F.,
(4,1,1,1,1,1,1,1,1,1,1,1,1,1,1,1,1,1,1,1,1,1,1,4),
(0.,0.04658497737196,0.0918262956080176,0.135718243383751,0.192291638771178,0.260067373432805,
0.327267612804299,0.379846887792407,0.420273815881897,0.460306213450923,0.498522067685052,
0.499999945978524,0.535251835875607,0.571783284242105,0.609645935613262,0.651380334906788,
0.695694452477293,0.745431197574236,0.798044523107059,0.8497552187705,0.89768317946963,
0.936816243536134,0.97092809355443,1.),
.UNSPECIFIED.);
#3188=LINE('',#3758,#3759);
#3189=VERTEX_POINT('',#3761);
#3190=VERTEX_POINT('',#3762);
#3191=B_SPLINE_CURVE_WITH_KNOTS('',3,
(#3763,#3764,#3765,#3766,#3767,#3768,#3769,#3770,#3771,#3772,#3773,#3774,#3775,#3776,
#3777,#3778,#3779,#3780,#3781,#3782,#3783,#3784,#3785,#3786,#3787,#3788,#3789,#3790,
#3791,#3792,#3793,#3794,#3795,#3796,#3797),
.UNSPECIFIED.,.F.,.F.,
(4,1,1,1,1,1,1,1,1,1,1,1,1,1,1,1,1,1,1,1,1,1,1,1,1,1,1,1,1,1,1,1,4),
(0.,0.0325672039236695,0.0650357621453688,0.0972114101960507,0.128990977678344,0.160606492966406,
0.191393802745182,0.221535067198483,0.250537682220406,0.279055458245621,0.314599906665118,
0.348765331359658,0.381541461223317,0.404676821532988,0.427066077402405,0.448415177508409,
0.469469912700931,0.489893295443583,0.499989234228736,0.510004421852492,0.529790377357826,
0.549504817815333,0.580220036097977,0.622290615535821,0.676180311197098,0.72804364385828,
0.778591371439693,0.829247942372194,0.873962189271691,0.911606228213264,0.940714886881512,
0.970186702371799,1.),
.UNSPECIFIED.);
#3192=LINE('',#3798,#3799);
#3193=VERTEX_POINT('',#3801);
#3194=CIRCLE('',#3802,10.);
#3195=VERTEX_POINT('',#3806);
#3196=CIRCLE('',#3807,10.);
#3197=VERTEX_POINT('',#3811);
#3198=B_SPLINE_CURVE_WITH_KNOTS('',3,
(#3812,#3813,#3814,#3815,#3816,#3817,#3818,#3819,#3820,#3821,#3822,#3823,#3824,#3825,
#3826,#3827,#3828,#3829,#3830,#3831,#3832,#3833,#3834,#3835,#3836,#3837,#3838,#3839,
#3840,#3841,#3842,#3843,#3844,#3845,#3846,#3847,#3848,#3849,#3850,#3851,#3852,#3853,
#3854,#3855,#3856,#3857,#3858,#3859,#3860,#3861,#3862,#3863,#3864,#3865,#3866,#3867,
#3868,#3869,#3870,#3871,#3872,#3873,#3874,#3875,#3876,#3877,#3878),
.UNSPECIFIED.,.T.,.F.,
(4,1,1,1,1,1,1,1,1,1,1,1,1,1,1,1,1,1,1,1,1,1,1,1,1,1,1,1,1,1,1,1,1,1,1,1,1,1,1,1,
1,1,1,1,1,1,1,1,1,1,1,1,1,1,1,1,1,1,1,1,1,1,1,1,4),
(0.,0.0161062671278542,0.0319381513061896,0.0474859080608894,0.0631560211841277,
0.0792354001423092,0.0961366081731035,0.113450318959382,0.130799243350088,0.147770115828419,
0.163268944942942,0.177673679261664,0.193246390065879,0.211034977211139,0.231034809601299,
0.249999299839673,0.250989309604913,0.270935592207482,0.290861826219497,0.310802019205136,
0.328539702499439,0.344083334402196,0.358505086970388,0.374034159939646,0.391744434496178,
0.410528462607519,0.429838798981149,0.448601496570605,0.466233174069473,0.483279533381769,
0.499732768007975,0.499998183439442,0.516180731443677,0.533154223707741,0.550656056313221,
0.569250749676611,0.58841189762653,0.607088993647053,0.624715812157765,0.640204864629567,
0.654606794491604,0.670205213947885,0.688016767556021,0.708038523576054,0.723675990536403,
0.734982654347059,0.741866354417727,0.748636647766494,0.749997392500633,0.755295865628958,
0.761958507050685,0.772826193179149,0.788138155717392,0.807885440831587,0.82563535863793,
0.841158479826843,0.855553154999576,0.871048418792549,0.888733419751454,0.907507417660011,
0.926989192750323,0.946089719690231,0.964436011197003,0.98240798097402,1.),
.UNSPECIFIED.);
#3199=VERTEX_POINT('',#3879);
#3200=VERTEX_POINT('',#3880);
#3201=LINE('',#3881,#3882);
#3202=VERTEX_POINT('',#3884);
#3203=LINE('',#3885,#3886);
#3204=VERTEX_POINT('',#3888);
#3205=LINE('',#3889,#3890);
#3206=LINE('',#3892,#3893);
#3207=VERTEX_POINT('',#3895);
#3208=CIRCLE('',#3896,1.55);
#3209=VERTEX_POINT('',#3900);
#3210=VERTEX_POINT('',#3901);
#3211=LINE('',#3902,#3903);
#3212=VERTEX_POINT('',#3905);
#3213=LINE('',#3906,#3907);
#3214=VERTEX_POINT('',#3909);
#3215=LINE('',#3910,#3911);
#3216=LINE('',#3913,#3914);
#3217=VERTEX_POINT('',#3916);
#3218=CIRCLE('',#3917,1.55);
#3219=CIRCLE('',#3921,1.55);
#3220=CIRCLE('',#3925,1.55);
#3221=LINE('',#3929,#3930);
#3222=LINE('',#3932,#3933);
#3223=VERTEX_POINT('',#3935);
#3224=VERTEX_POINT('',#3936);
#3225=B_SPLINE_CURVE_WITH_KNOTS('',3,
(#3937,#3938,#3939,#3940,#3941,#3942,#3943,#3944,#3945,#3946,#3947,#3948,#3949,#3950,
#3951,#3952,#3953,#3954,#3955,#3956,#3957,#3958,#3959,#3960,#3961,#3962,#3963,#3964,
#3965,#3966),
.UNSPECIFIED.,.F.,.F.,
(4,2,2,2,2,2,2,2,2,2,2,2,2,2,4),
(0.,0.0839959174230824,0.161535122799846,0.235724623316405,0.307971595231485,0.379001260677067,
0.449224333717288,0.518890997201741,0.588162968639136,0.657150262455076,0.725931306920668,
0.794564638603943,0.863096095390739,0.931563510454054,1.),
.UNSPECIFIED.);
#3226=VERTEX_POINT('',#3967);
#3227=B_SPLINE_CURVE_WITH_KNOTS('',3,
(#3968,#3969,#3970,#3971,#3972,#3973,#3974,#3975,#3976,#3977,#3978,#3979,#3980,#3981,
#3982,#3983,#3984,#3985,#3986,#3987,#3988,#3989,#3990,#3991,#3992,#3993,#3994,#3995,
#3996,#3997),
.UNSPECIFIED.,.F.,.F.,
(4,2,2,2,2,2,2,2,2,2,2,2,2,2,4),
(0.,0.0791643643196287,0.157138872773325,0.233923507008953,0.309518244074838,0.383923054739535,
0.45713790096679,0.5291627319786,0.599997477839088,0.669642038413869,0.738096263025901,
0.805359909474051,0.871432550814523,0.936313322147835,1.),
.UNSPECIFIED.);
#3228=VERTEX_POINT('',#3998);
#3229=CIRCLE('',#3999,13.894);
#3230=VERTEX_POINT('',#4003);
#3231=B_SPLINE_CURVE_WITH_KNOTS('',3,
(#4004,#4005,#4006,#4007,#4008,#4009,#4010,#4011,#4012,#4013,#4014,#4015,#4016,#4017,
#4018,#4019,#4020,#4021,#4022,#4023,#4024,#4025,#4026,#4027,#4028,#4029,#4030,#4031,
#4032,#4033),
.UNSPECIFIED.,.F.,.F.,
(4,2,2,2,2,2,2,2,2,2,2,2,2,2,4),
(0.,0.0636866778521681,0.12856744918548,0.194640090525953,0.261903736974102,0.330357961586132,
0.400002522160914,0.470837268021406,0.542862099033218,0.616076945260474,0.690481755925174,
0.766076492991057,0.842861127226683,0.920835635680376,1.),
.UNSPECIFIED.);
#3232=VERTEX_POINT('',#4034);
#3233=B_SPLINE_CURVE_WITH_KNOTS('',3,
(#4035,#4036,#4037,#4038,#4039,#4040,#4041,#4042,#4043,#4044,#4045,#4046,#4047,#4048,
#4049,#4050,#4051,#4052,#4053,#4054,#4055,#4056,#4057,#4058,#4059,#4060,#4061,#4062,
#4063,#4064),
.UNSPECIFIED.,.F.,.F.,
(4,2,2,2,2,2,2,2,2,2,2,2,2,2,4),
(0.,0.0684364895459459,0.136903904609257,0.20543536139604,0.274068693079301,0.342849737544878,
0.411837031360814,0.481109002798209,0.550775666282663,0.620998739322871,0.692028404768448,
0.764275376683528,0.838464877200103,0.916004082576885,1.),
.UNSPECIFIED.);
#3234=VERTEX_POINT('',#4065);
#3235=CIRCLE('',#4066,10.48425);
#3236=VERTEX_POINT('',#4070);
#3237=B_SPLINE_CURVE_WITH_KNOTS('',3,
(#4071,#4072,#4073,#4074,#4075,#4076,#4077,#4078,#4079,#4080,#4081,#4082,#4083,#4084,
#4085,#4086,#4087,#4088,#4089,#4090,#4091,#4092,#4093,#4094,#4095,#4096,#4097,#4098,
#4099,#4100),
.UNSPECIFIED.,.F.,.F.,
(4,2,2,2,2,2,2,2,2,2,2,2,2,2,4),
(0.,0.0839959174230824,0.161535122799846,0.235724623316405,0.307971595231485,0.379001260677067,
0.449224333717288,0.518890997201741,0.588162968639136,0.657150262455076,0.725931306920668,
0.794564638603943,0.863096095390739,0.931563510454054,1.),
.UNSPECIFIED.);
#3238=VERTEX_POINT('',#4101);
#3239=B_SPLINE_CURVE_WITH_KNOTS('',3,
(#4102,#4103,#4104,#4105,#4106,#4107,#4108,#4109,#4110,#4111,#4112,#4113,#4114,#4115,
#4116,#4117,#4118,#4119,#4120,#4121,#4122,#4123,#4124,#4125,#4126,#4127,#4128,#4129,
#4130,#4131),
.UNSPECIFIED.,.F.,.F.,
(4,2,2,2,2,2,2,2,2,2,2,2,2,2,4),
(0.,0.0791643643196287,0.157138872773325,0.233923507008953,0.309518244074838,0.383923054739535,
0.45713790096679,0.5291627319786,0.599997477839088,0.669642038413869,0.738096263025901,
0.805359909474051,0.871432550814523,0.936313322147835,1.),
.UNSPECIFIED.);
#3240=VERTEX_POINT('',#4132);
#3241=CIRCLE('',#4133,13.894);
#3242=VERTEX_POINT('',#4137);
#3243=B_SPLINE_CURVE_WITH_KNOTS('',3,
(#4138,#4139,#4140,#4141,#4142,#4143,#4144,#4145,#4146,#4147,#4148,#4149,#4150,#4151,
#4152,#4153,#4154,#4155,#4156,#4157,#4158,#4159,#4160,#4161,#4162,#4163,#4164,#4165,
#4166,#4167),
.UNSPECIFIED.,.F.,.F.,
(4,2,2,2,2,2,2,2,2,2,2,2,2,2,4),
(0.,0.0636866778521681,0.12856744918548,0.194640090525953,0.261903736974102,0.330357961586132,
0.400002522160914,0.470837268021406,0.542862099033218,0.616076945260474,0.690481755925174,
0.766076492991057,0.842861127226683,0.920835635680376,1.),
.UNSPECIFIED.);
#3244=VERTEX_POINT('',#4168);
#3245=B_SPLINE_CURVE_WITH_KNOTS('',3,
(#4169,#4170,#4171,#4172,#4173,#4174,#4175,#4176,#4177,#4178,#4179,#4180,#4181,#4182,
#4183,#4184,#4185,#4186,#4187,#4188,#4189,#4190,#4191,#4192,#4193,#4194,#4195,#4196,
#4197,#4198),
.UNSPECIFIED.,.F.,.F.,
(4,2,2,2,2,2,2,2,2,2,2,2,2,2,4),
(0.,0.0684364895459459,0.136903904609257,0.20543536139604,0.274068693079301,0.342849737544878,
0.411837031360814,0.481109002798209,0.550775666282663,0.620998739322871,0.692028404768448,
0.764275376683528,0.838464877200103,0.916004082576885,1.),
.UNSPECIFIED.);
#3246=VERTEX_POINT('',#4199);
#3247=CIRCLE('',#4200,10.48425);
#3248=VERTEX_POINT('',#4204);
#3249=B_SPLINE_CURVE_WITH_KNOTS('',3,
(#4205,#4206,#4207,#4208,#4209,#4210,#4211,#4212,#4213,#4214,#4215,#4216,#4217,#4218,
#4219,#4220,#4221,#4222,#4223,#4224,#4225,#4226,#4227,#4228,#4229,#4230,#4231,#4232,
#4233,#4234),
.UNSPECIFIED.,.F.,.F.,
(4,2,2,2,2,2,2,2,2,2,2,2,2,2,4),
(0.,0.0839959174230824,0.161535122799846,0.235724623316405,0.307971595231485,0.379001260677067,
0.449224333717288,0.518890997201741,0.588162968639136,0.657150262455076,0.725931306920668,
0.794564638603943,0.863096095390739,0.931563510454054,1.),
.UNSPECIFIED.);
#3250=VERTEX_POINT('',#4235);
#3251=B_SPLINE_CURVE_WITH_KNOTS('',3,
(#4236,#4237,#4238,#4239,#4240,#4241,#4242,#4243,#4244,#4245,#4246,#4247,#4248,#4249,
#4250,#4251,#4252,#4253,#4254,#4255,#4256,#4257,#4258,#4259,#4260,#4261,#4262,#4263,
#4264,#4265),
.UNSPECIFIED.,.F.,.F.,
(4,2,2,2,2,2,2,2,2,2,2,2,2,2,4),
(0.,0.0791643643196287,0.157138872773325,0.233923507008953,0.309518244074838,0.383923054739535,
0.45713790096679,0.5291627319786,0.599997477839088,0.669642038413869,0.738096263025901,
0.805359909474051,0.871432550814523,0.936313322147835,1.),
.UNSPECIFIED.);
#3252=VERTEX_POINT('',#4266);
#3253=CIRCLE('',#4267,13.894);
#3254=VERTEX_POINT('',#4271);
#3255=B_SPLINE_CURVE_WITH_KNOTS('',3,
(#4272,#4273,#4274,#4275,#4276,#4277,#4278,#4279,#4280,#4281,#4282,#4283,#4284,#4285,
#4286,#4287,#4288,#4289,#4290,#4291,#4292,#4293,#4294,#4295,#4296,#4297,#4298,#4299,
#4300,#4301),
.UNSPECIFIED.,.F.,.F.,
(4,2,2,2,2,2,2,2,2,2,2,2,2,2,4),
(0.,0.0636866778521681,0.12856744918548,0.194640090525953,0.261903736974102,0.330357961586132,
0.400002522160914,0.470837268021406,0.542862099033218,0.616076945260474,0.690481755925174,
0.766076492991057,0.842861127226683,0.920835635680376,1.),
.UNSPECIFIED.);
#3256=VERTEX_POINT('',#4302);
#3257=B_SPLINE_CURVE_WITH_KNOTS('',3,
(#4303,#4304,#4305,#4306,#4307,#4308,#4309,#4310,#4311,#4312,#4313,#4314,#4315,#4316,
#4317,#4318,#4319,#4320,#4321,#4322,#4323,#4324,#4325,#4326,#4327,#4328,#4329,#4330,
#4331,#4332),
.UNSPECIFIED.,.F.,.F.,
(4,2,2,2,2,2,2,2,2,2,2,2,2,2,4),
(0.,0.0684364895459459,0.136903904609257,0.20543536139604,0.274068693079301,0.342849737544878,
0.411837031360814,0.481109002798209,0.550775666282663,0.620998739322871,0.692028404768448,
0.764275376683528,0.838464877200103,0.916004082576885,1.),
.UNSPECIFIED.);
#3258=VERTEX_POINT('',#4333);
#3259=CIRCLE('',#4334,10.48425);
#3260=VERTEX_POINT('',#4338);
#3261=B_SPLINE_CURVE_WITH_KNOTS('',3,
(#4339,#4340,#4341,#4342,#4343,#4344,#4345,#4346,#4347,#4348,#4349,#4350,#4351,#4352,
#4353,#4354,#4355,#4356,#4357,#4358,#4359,#4360,#4361,#4362,#4363,#4364,#4365,#4366,
#4367,#4368),
.UNSPECIFIED.,.F.,.F.,
(4,2,2,2,2,2,2,2,2,2,2,2,2,2,4),
(0.,0.0839959174230824,0.161535122799846,0.235724623316405,0.307971595231485,0.379001260677067,
0.449224333717288,0.518890997201741,0.588162968639136,0.657150262455076,0.725931306920668,
0.794564638603943,0.863096095390739,0.931563510454054,1.),
.UNSPECIFIED.);
#3262=VERTEX_POINT('',#4369);
#3263=B_SPLINE_CURVE_WITH_KNOTS('',3,
(#4370,#4371,#4372,#4373,#4374,#4375,#4376,#4377,#4378,#4379,#4380,#4381,#4382,#4383,
#4384,#4385,#4386,#4387,#4388,#4389,#4390,#4391,#4392,#4393,#4394,#4395,#4396,#4397,
#4398,#4399),
.UNSPECIFIED.,.F.,.F.,
(4,2,2,2,2,2,2,2,2,2,2,2,2,2,4),
(0.,0.0791643643196287,0.157138872773325,0.233923507008953,0.309518244074838,0.383923054739535,
0.45713790096679,0.5291627319786,0.599997477839088,0.669642038413869,0.738096263025901,
0.805359909474051,0.871432550814523,0.936313322147835,1.),
.UNSPECIFIED.);
#3264=VERTEX_POINT('',#4400);
#3265=CIRCLE('',#4401,13.894);
#3266=VERTEX_POINT('',#4405);
#3267=B_SPLINE_CURVE_WITH_KNOTS('',3,
(#4406,#4407,#4408,#4409,#4410,#4411,#4412,#4413,#4414,#4415,#4416,#4417,#4418,#4419,
#4420,#4421,#4422,#4423,#4424,#4425,#4426,#4427,#4428,#4429,#4430,#4431,#4432,#4433,
#4434,#4435),
.UNSPECIFIED.,.F.,.F.,
(4,2,2,2,2,2,2,2,2,2,2,2,2,2,4),
(0.,0.0636866778521681,0.12856744918548,0.194640090525953,0.261903736974102,0.330357961586132,
0.400002522160914,0.470837268021406,0.542862099033218,0.616076945260474,0.690481755925174,
0.766076492991057,0.842861127226683,0.920835635680376,1.),
.UNSPECIFIED.);
#3268=VERTEX_POINT('',#4436);
#3269=B_SPLINE_CURVE_WITH_KNOTS('',3,
(#4437,#4438,#4439,#4440,#4441,#4442,#4443,#4444,#4445,#4446,#4447,#4448,#4449,#4450,
#4451,#4452,#4453,#4454,#4455,#4456,#4457,#4458,#4459,#4460,#4461,#4462,#4463,#4464,
#4465,#4466),
.UNSPECIFIED.,.F.,.F.,
(4,2,2,2,2,2,2,2,2,2,2,2,2,2,4),
(0.,0.0684364895459459,0.136903904609257,0.20543536139604,0.274068693079301,0.342849737544878,
0.411837031360814,0.481109002798209,0.550775666282663,0.620998739322871,0.692028404768448,
0.764275376683528,0.838464877200103,0.916004082576885,1.),
.UNSPECIFIED.);
#3270=VERTEX_POINT('',#4467);
#3271=CIRCLE('',#4468,10.48425);
#3272=VERTEX_POINT('',#4472);
#3273=B_SPLINE_CURVE_WITH_KNOTS('',3,
(#4473,#4474,#4475,#4476,#4477,#4478,#4479,#4480,#4481,#4482,#4483,#4484,#4485,#4486,
#4487,#4488,#4489,#4490,#4491,#4492,#4493,#4494,#4495,#4496,#4497,#4498,#4499,#4500,
#4501,#4502),
.UNSPECIFIED.,.F.,.F.,
(4,2,2,2,2,2,2,2,2,2,2,2,2,2,4),
(0.,0.0839959174230824,0.161535122799846,0.235724623316405,0.307971595231485,0.379001260677067,
0.449224333717288,0.518890997201741,0.588162968639136,0.657150262455076,0.725931306920668,
0.794564638603943,0.863096095390739,0.931563510454054,1.),
.UNSPECIFIED.);
#3274=VERTEX_POINT('',#4503);
#3275=B_SPLINE_CURVE_WITH_KNOTS('',3,
(#4504,#4505,#4506,#4507,#4508,#4509,#4510,#4511,#4512,#4513,#4514,#4515,#4516,#4517,
#4518,#4519,#4520,#4521,#4522,#4523,#4524,#4525,#4526,#4527,#4528,#4529,#4530,#4531,
#4532,#4533),
.UNSPECIFIED.,.F.,.F.,
(4,2,2,2,2,2,2,2,2,2,2,2,2,2,4),
(0.,0.0791643643196287,0.157138872773325,0.233923507008953,0.309518244074838,0.383923054739535,
0.45713790096679,0.5291627319786,0.599997477839088,0.669642038413869,0.738096263025901,
0.805359909474051,0.871432550814523,0.936313322147835,1.),
.UNSPECIFIED.);
#3276=VERTEX_POINT('',#4534);
#3277=CIRCLE('',#4535,13.894);
#3278=VERTEX_POINT('',#4539);
#3279=B_SPLINE_CURVE_WITH_KNOTS('',3,
(#4540,#4541,#4542,#4543,#4544,#4545,#4546,#4547,#4548,#4549,#4550,#4551,#4552,#4553,
#4554,#4555,#4556,#4557,#4558,#4559,#4560,#4561,#4562,#4563,#4564,#4565,#4566,#4567,
#4568,#4569),
.UNSPECIFIED.,.F.,.F.,
(4,2,2,2,2,2,2,2,2,2,2,2,2,2,4),
(0.,0.0636866778521681,0.12856744918548,0.194640090525953,0.261903736974102,0.330357961586132,
0.400002522160914,0.470837268021406,0.542862099033218,0.616076945260474,0.690481755925174,
0.766076492991057,0.842861127226683,0.920835635680376,1.),
.UNSPECIFIED.);
#3280=VERTEX_POINT('',#4570);
#3281=B_SPLINE_CURVE_WITH_KNOTS('',3,
(#4571,#4572,#4573,#4574,#4575,#4576,#4577,#4578,#4579,#4580,#4581,#4582,#4583,#4584,
#4585,#4586,#4587,#4588,#4589,#4590,#4591,#4592,#4593,#4594,#4595,#4596,#4597,#4598,
#4599,#4600),
.UNSPECIFIED.,.F.,.F.,
(4,2,2,2,2,2,2,2,2,2,2,2,2,2,4),
(0.,0.0684364895459459,0.136903904609257,0.20543536139604,0.274068693079301,0.342849737544878,
0.411837031360814,0.481109002798209,0.550775666282663,0.620998739322871,0.692028404768448,
0.764275376683528,0.838464877200103,0.916004082576885,1.),
.UNSPECIFIED.);
#3282=VERTEX_POINT('',#4601);
#3283=CIRCLE('',#4602,10.48425);
#3284=VERTEX_POINT('',#4606);
#3285=B_SPLINE_CURVE_WITH_KNOTS('',3,
(#4607,#4608,#4609,#4610,#4611,#4612,#4613,#4614,#4615,#4616,#4617,#4618,#4619,#4620,
#4621,#4622,#4623,#4624,#4625,#4626,#4627,#4628,#4629,#4630,#4631,#4632,#4633,#4634,
#4635,#4636),
.UNSPECIFIED.,.F.,.F.,
(4,2,2,2,2,2,2,2,2,2,2,2,2,2,4),
(0.,0.0839959174230824,0.161535122799846,0.235724623316405,0.307971595231485,0.379001260677067,
0.449224333717288,0.518890997201741,0.588162968639136,0.657150262455076,0.725931306920668,
0.794564638603943,0.863096095390739,0.931563510454054,1.),
.UNSPECIFIED.);
#3286=VERTEX_POINT('',#4637);
#3287=B_SPLINE_CURVE_WITH_KNOTS('',3,
(#4638,#4639,#4640,#4641,#4642,#4643,#4644,#4645,#4646,#4647,#4648,#4649,#4650,#4651,
#4652,#4653,#4654,#4655,#4656,#4657,#4658,#4659,#4660,#4661,#4662,#4663,#4664,#4665,
#4666,#4667),
.UNSPECIFIED.,.F.,.F.,
(4,2,2,2,2,2,2,2,2,2,2,2,2,2,4),
(0.,0.0791643643196287,0.157138872773325,0.233923507008953,0.309518244074838,0.383923054739535,
0.45713790096679,0.5291627319786,0.599997477839088,0.669642038413869,0.738096263025901,
0.805359909474051,0.871432550814523,0.936313322147835,1.),
.UNSPECIFIED.);
#3288=VERTEX_POINT('',#4668);
#3289=CIRCLE('',#4669,13.894);
#3290=VERTEX_POINT('',#4673);
#3291=B_SPLINE_CURVE_WITH_KNOTS('',3,
(#4674,#4675,#4676,#4677,#4678,#4679,#4680,#4681,#4682,#4683,#4684,#4685,#4686,#4687,
#4688,#4689,#4690,#4691,#4692,#4693,#4694,#4695,#4696,#4697,#4698,#4699,#4700,#4701,
#4702,#4703),
.UNSPECIFIED.,.F.,.F.,
(4,2,2,2,2,2,2,2,2,2,2,2,2,2,4),
(0.,0.0636866778521681,0.12856744918548,0.194640090525953,0.261903736974102,0.330357961586132,
0.400002522160914,0.470837268021406,0.542862099033218,0.616076945260474,0.690481755925174,
0.766076492991057,0.842861127226683,0.920835635680376,1.),
.UNSPECIFIED.);
#3292=VERTEX_POINT('',#4704);
#3293=B_SPLINE_CURVE_WITH_KNOTS('',3,
(#4705,#4706,#4707,#4708,#4709,#4710,#4711,#4712,#4713,#4714,#4715,#4716,#4717,#4718,
#4719,#4720,#4721,#4722,#4723,#4724,#4725,#4726,#4727,#4728,#4729,#4730,#4731,#4732,
#4733,#4734),
.UNSPECIFIED.,.F.,.F.,
(4,2,2,2,2,2,2,2,2,2,2,2,2,2,4),
(0.,0.0684364895459459,0.136903904609257,0.20543536139604,0.274068693079301,0.342849737544878,
0.411837031360814,0.481109002798209,0.550775666282663,0.620998739322871,0.692028404768448,
0.764275376683528,0.838464877200103,0.916004082576885,1.),
.UNSPECIFIED.);
#3294=VERTEX_POINT('',#4735);
#3295=CIRCLE('',#4736,10.48425);
#3296=VERTEX_POINT('',#4740);
#3297=B_SPLINE_CURVE_WITH_KNOTS('',3,
(#4741,#4742,#4743,#4744,#4745,#4746,#4747,#4748,#4749,#4750,#4751,#4752,#4753,#4754,
#4755,#4756,#4757,#4758,#4759,#4760,#4761,#4762,#4763,#4764,#4765,#4766,#4767,#4768,
#4769,#4770),
.UNSPECIFIED.,.F.,.F.,
(4,2,2,2,2,2,2,2,2,2,2,2,2,2,4),
(0.,0.0839959174230824,0.161535122799846,0.235724623316405,0.307971595231485,0.379001260677067,
0.449224333717288,0.518890997201741,0.588162968639136,0.657150262455076,0.725931306920668,
0.794564638603943,0.863096095390739,0.931563510454054,1.),
.UNSPECIFIED.);
#3298=VERTEX_POINT('',#4771);
#3299=B_SPLINE_CURVE_WITH_KNOTS('',3,
(#4772,#4773,#4774,#4775,#4776,#4777,#4778,#4779,#4780,#4781,#4782,#4783,#4784,#4785,
#4786,#4787,#4788,#4789,#4790,#4791,#4792,#4793,#4794,#4795,#4796,#4797,#4798,#4799,
#4800,#4801),
.UNSPECIFIED.,.F.,.F.,
(4,2,2,2,2,2,2,2,2,2,2,2,2,2,4),
(0.,0.0791643643196287,0.157138872773325,0.233923507008953,0.309518244074838,0.383923054739535,
0.45713790096679,0.5291627319786,0.599997477839088,0.669642038413869,0.738096263025901,
0.805359909474051,0.871432550814523,0.936313322147835,1.),
.UNSPECIFIED.);
#3300=VERTEX_POINT('',#4802);
#3301=CIRCLE('',#4803,13.894);
#3302=VERTEX_POINT('',#4807);
#3303=B_SPLINE_CURVE_WITH_KNOTS('',3,
(#4808,#4809,#4810,#4811,#4812,#4813,#4814,#4815,#4816,#4817,#4818,#4819,#4820,#4821,
#4822,#4823,#4824,#4825,#4826,#4827,#4828,#4829,#4830,#4831,#4832,#4833,#4834,#4835,
#4836,#4837),
.UNSPECIFIED.,.F.,.F.,
(4,2,2,2,2,2,2,2,2,2,2,2,2,2,4),
(0.,0.0636866778521681,0.12856744918548,0.194640090525953,0.261903736974102,0.330357961586132,
0.400002522160914,0.470837268021406,0.542862099033218,0.616076945260474,0.690481755925174,
0.766076492991057,0.842861127226683,0.920835635680376,1.),
.UNSPECIFIED.);
#3304=VERTEX_POINT('',#4838);
#3305=B_SPLINE_CURVE_WITH_KNOTS('',3,
(#4839,#4840,#4841,#4842,#4843,#4844,#4845,#4846,#4847,#4848,#4849,#4850,#4851,#4852,
#4853,#4854,#4855,#4856,#4857,#4858,#4859,#4860,#4861,#4862,#4863,#4864,#4865,#4866,
#4867,#4868),
.UNSPECIFIED.,.F.,.F.,
(4,2,2,2,2,2,2,2,2,2,2,2,2,2,4),
(0.,0.0684364895459459,0.136903904609257,0.20543536139604,0.274068693079301,0.342849737544878,
0.411837031360814,0.481109002798209,0.550775666282663,0.620998739322871,0.692028404768448,
0.764275376683528,0.838464877200103,0.916004082576885,1.),
.UNSPECIFIED.);
#3306=VERTEX_POINT('',#4869);
#3307=CIRCLE('',#4870,10.48425);
#3308=VERTEX_POINT('',#4874);
#3309=B_SPLINE_CURVE_WITH_KNOTS('',3,
(#4875,#4876,#4877,#4878,#4879,#4880,#4881,#4882,#4883,#4884,#4885,#4886,#4887,#4888,
#4889,#4890,#4891,#4892,#4893,#4894,#4895,#4896,#4897,#4898,#4899,#4900,#4901,#4902,
#4903,#4904),
.UNSPECIFIED.,.F.,.F.,
(4,2,2,2,2,2,2,2,2,2,2,2,2,2,4),
(0.,0.0839959174230824,0.161535122799846,0.235724623316405,0.307971595231485,0.379001260677067,
0.449224333717288,0.518890997201741,0.588162968639136,0.657150262455076,0.725931306920668,
0.794564638603943,0.863096095390739,0.931563510454054,1.),
.UNSPECIFIED.);
#3310=VERTEX_POINT('',#4905);
#3311=B_SPLINE_CURVE_WITH_KNOTS('',3,
(#4906,#4907,#4908,#4909,#4910,#4911,#4912,#4913,#4914,#4915,#4916,#4917,#4918,#4919,
#4920,#4921,#4922,#4923,#4924,#4925,#4926,#4927,#4928,#4929,#4930,#4931,#4932,#4933,
#4934,#4935),
.UNSPECIFIED.,.F.,.F.,
(4,2,2,2,2,2,2,2,2,2,2,2,2,2,4),
(0.,0.0791643643196287,0.157138872773325,0.233923507008953,0.309518244074838,0.383923054739535,
0.45713790096679,0.5291627319786,0.599997477839088,0.669642038413869,0.738096263025901,
0.805359909474051,0.871432550814523,0.936313322147835,1.),
.UNSPECIFIED.);
#3312=VERTEX_POINT('',#4936);
#3313=CIRCLE('',#4937,13.894);
#3314=VERTEX_POINT('',#4941);
#3315=B_SPLINE_CURVE_WITH_KNOTS('',3,
(#4942,#4943,#4944,#4945,#4946,#4947,#4948,#4949,#4950,#4951,#4952,#4953,#4954,#4955,
#4956,#4957,#4958,#4959,#4960,#4961,#4962,#4963,#4964,#4965,#4966,#4967,#4968,#4969,
#4970,#4971),
.UNSPECIFIED.,.F.,.F.,
(4,2,2,2,2,2,2,2,2,2,2,2,2,2,4),
(0.,0.0636866778521681,0.12856744918548,0.194640090525953,0.261903736974102,0.330357961586132,
0.400002522160914,0.470837268021406,0.542862099033218,0.616076945260474,0.690481755925174,
0.766076492991057,0.842861127226683,0.920835635680376,1.),
.UNSPECIFIED.);
#3316=VERTEX_POINT('',#4972);
#3317=B_SPLINE_CURVE_WITH_KNOTS('',3,
(#4973,#4974,#4975,#4976,#4977,#4978,#4979,#4980,#4981,#4982,#4983,#4984,#4985,#4986,
#4987,#4988,#4989,#4990,#4991,#4992,#4993,#4994,#4995,#4996,#4997,#4998,#4999,#5000,
#5001,#5002),
.UNSPECIFIED.,.F.,.F.,
(4,2,2,2,2,2,2,2,2,2,2,2,2,2,4),
(0.,0.0684364895459459,0.136903904609257,0.20543536139604,0.274068693079301,0.342849737544878,
0.411837031360814,0.481109002798209,0.550775666282663,0.620998739322871,0.692028404768448,
0.764275376683528,0.838464877200103,0.916004082576885,1.),
.UNSPECIFIED.);
#3318=VERTEX_POINT('',#5003);
#3319=CIRCLE('',#5004,10.48425);
#3320=VERTEX_POINT('',#5008);
#3321=B_SPLINE_CURVE_WITH_KNOTS('',3,
(#5009,#5010,#5011,#5012,#5013,#5014,#5015,#5016,#5017,#5018,#5019,#5020,#5021,#5022,
#5023,#5024,#5025,#5026,#5027,#5028,#5029,#5030,#5031,#5032,#5033,#5034,#5035,#5036,
#5037,#5038),
.UNSPECIFIED.,.F.,.F.,
(4,2,2,2,2,2,2,2,2,2,2,2,2,2,4),
(0.,0.0839959174230824,0.161535122799846,0.235724623316405,0.307971595231485,0.379001260677067,
0.449224333717288,0.518890997201741,0.588162968639136,0.657150262455076,0.725931306920668,
0.794564638603943,0.863096095390739,0.931563510454054,1.),
.UNSPECIFIED.);
#3322=VERTEX_POINT('',#5039);
#3323=B_SPLINE_CURVE_WITH_KNOTS('',3,
(#5040,#5041,#5042,#5043,#5044,#5045,#5046,#5047,#5048,#5049,#5050,#5051,#5052,#5053,
#5054,#5055,#5056,#5057,#5058,#5059,#5060,#5061,#5062,#5063,#5064,#5065,#5066,#5067,
#5068,#5069),
.UNSPECIFIED.,.F.,.F.,
(4,2,2,2,2,2,2,2,2,2,2,2,2,2,4),
(0.,0.0791643643196287,0.157138872773325,0.233923507008953,0.309518244074838,0.383923054739535,
0.45713790096679,0.5291627319786,0.599997477839088,0.669642038413869,0.738096263025901,
0.805359909474051,0.871432550814523,0.936313322147835,1.),
.UNSPECIFIED.);
#3324=VERTEX_POINT('',#5070);
#3325=CIRCLE('',#5071,13.894);
#3326=VERTEX_POINT('',#5075);
#3327=B_SPLINE_CURVE_WITH_KNOTS('',3,
(#5076,#5077,#5078,#5079,#5080,#5081,#5082,#5083,#5084,#5085,#5086,#5087,#5088,#5089,
#5090,#5091,#5092,#5093,#5094,#5095,#5096,#5097,#5098,#5099,#5100,#5101,#5102,#5103,
#5104,#5105),
.UNSPECIFIED.,.F.,.F.,
(4,2,2,2,2,2,2,2,2,2,2,2,2,2,4),
(0.,0.0636866778521681,0.12856744918548,0.194640090525953,0.261903736974102,0.330357961586132,
0.400002522160914,0.470837268021406,0.542862099033218,0.616076945260474,0.690481755925174,
0.766076492991057,0.842861127226683,0.920835635680376,1.),
.UNSPECIFIED.);
#3328=VERTEX_POINT('',#5106);
#3329=B_SPLINE_CURVE_WITH_KNOTS('',3,
(#5107,#5108,#5109,#5110,#5111,#5112,#5113,#5114,#5115,#5116,#5117,#5118,#5119,#5120,
#5121,#5122,#5123,#5124,#5125,#5126,#5127,#5128,#5129,#5130,#5131,#5132,#5133,#5134,
#5135,#5136),
.UNSPECIFIED.,.F.,.F.,
(4,2,2,2,2,2,2,2,2,2,2,2,2,2,4),
(0.,0.0684364895459459,0.136903904609257,0.20543536139604,0.274068693079301,0.342849737544878,
0.411837031360814,0.481109002798209,0.550775666282663,0.620998739322871,0.692028404768448,
0.764275376683528,0.838464877200103,0.916004082576885,1.),
.UNSPECIFIED.);
#3330=VERTEX_POINT('',#5137);
#3331=CIRCLE('',#5138,10.48425);
#3332=VERTEX_POINT('',#5142);
#3333=B_SPLINE_CURVE_WITH_KNOTS('',3,
(#5143,#5144,#5145,#5146,#5147,#5148,#5149,#5150,#5151,#5152,#5153,#5154,#5155,#5156,
#5157,#5158,#5159,#5160,#5161,#5162,#5163,#5164,#5165,#5166,#5167,#5168,#5169,#5170,
#5171,#5172),
.UNSPECIFIED.,.F.,.F.,
(4,2,2,2,2,2,2,2,2,2,2,2,2,2,4),
(0.,0.0839959174230824,0.161535122799846,0.235724623316405,0.307971595231485,0.379001260677067,
0.449224333717288,0.518890997201741,0.588162968639136,0.657150262455076,0.725931306920668,
0.794564638603943,0.863096095390739,0.931563510454054,1.),
.UNSPECIFIED.);
#3334=VERTEX_POINT('',#5173);
#3335=B_SPLINE_CURVE_WITH_KNOTS('',3,
(#5174,#5175,#5176,#5177,#5178,#5179,#5180,#5181,#5182,#5183,#5184,#5185,#5186,#5187,
#5188,#5189,#5190,#5191,#5192,#5193,#5194,#5195,#5196,#5197,#5198,#5199,#5200,#5201,
#5202,#5203),
.UNSPECIFIED.,.F.,.F.,
(4,2,2,2,2,2,2,2,2,2,2,2,2,2,4),
(0.,0.0791643643196287,0.157138872773325,0.233923507008953,0.309518244074838,0.383923054739535,
0.45713790096679,0.5291627319786,0.599997477839088,0.669642038413869,0.738096263025901,
0.805359909474051,0.871432550814523,0.936313322147835,1.),
.UNSPECIFIED.);
#3336=VERTEX_POINT('',#5204);
#3337=CIRCLE('',#5205,13.894);
#3338=VERTEX_POINT('',#5209);
#3339=B_SPLINE_CURVE_WITH_KNOTS('',3,
(#5210,#5211,#5212,#5213,#5214,#5215,#5216,#5217,#5218,#5219,#5220,#5221,#5222,#5223,
#5224,#5225,#5226,#5227,#5228,#5229,#5230,#5231,#5232,#5233,#5234,#5235,#5236,#5237,
#5238,#5239),
.UNSPECIFIED.,.F.,.F.,
(4,2,2,2,2,2,2,2,2,2,2,2,2,2,4),
(0.,0.0636866778521681,0.12856744918548,0.194640090525953,0.261903736974102,0.330357961586132,
0.400002522160914,0.470837268021406,0.542862099033218,0.616076945260474,0.690481755925174,
0.766076492991057,0.842861127226683,0.920835635680376,1.),
.UNSPECIFIED.);
#3340=VERTEX_POINT('',#5240);
#3341=B_SPLINE_CURVE_WITH_KNOTS('',3,
(#5241,#5242,#5243,#5244,#5245,#5246,#5247,#5248,#5249,#5250,#5251,#5252,#5253,#5254,
#5255,#5256,#5257,#5258,#5259,#5260,#5261,#5262,#5263,#5264,#5265,#5266,#5267,#5268,
#5269,#5270),
.UNSPECIFIED.,.F.,.F.,
(4,2,2,2,2,2,2,2,2,2,2,2,2,2,4),
(0.,0.0684364895459459,0.136903904609257,0.20543536139604,0.274068693079301,0.342849737544878,
0.411837031360814,0.481109002798209,0.550775666282663,0.620998739322871,0.692028404768448,
0.764275376683528,0.838464877200103,0.916004082576885,1.),
.UNSPECIFIED.);
#3342=VERTEX_POINT('',#5271);
#3343=CIRCLE('',#5272,10.48425);
#3344=VERTEX_POINT('',#5276);
#3345=B_SPLINE_CURVE_WITH_KNOTS('',3,
(#5277,#5278,#5279,#5280,#5281,#5282,#5283,#5284,#5285,#5286,#5287,#5288,#5289,#5290,
#5291,#5292,#5293,#5294,#5295,#5296,#5297,#5298,#5299,#5300,#5301,#5302,#5303,#5304,
#5305,#5306),
.UNSPECIFIED.,.F.,.F.,
(4,2,2,2,2,2,2,2,2,2,2,2,2,2,4),
(0.,0.0839959174230824,0.161535122799846,0.235724623316405,0.307971595231485,0.379001260677067,
0.449224333717288,0.518890997201741,0.588162968639136,0.657150262455076,0.725931306920668,
0.794564638603943,0.863096095390739,0.931563510454054,1.),
.UNSPECIFIED.);
#3346=VERTEX_POINT('',#5307);
#3347=B_SPLINE_CURVE_WITH_KNOTS('',3,
(#5308,#5309,#5310,#5311,#5312,#5313,#5314,#5315,#5316,#5317,#5318,#5319,#5320,#5321,
#5322,#5323,#5324,#5325,#5326,#5327,#5328,#5329,#5330,#5331,#5332,#5333,#5334,#5335,
#5336,#5337),
.UNSPECIFIED.,.F.,.F.,
(4,2,2,2,2,2,2,2,2,2,2,2,2,2,4),
(0.,0.0791643643196287,0.157138872773325,0.233923507008953,0.309518244074838,0.383923054739535,
0.45713790096679,0.5291627319786,0.599997477839088,0.669642038413869,0.738096263025901,
0.805359909474051,0.871432550814523,0.936313322147835,1.),
.UNSPECIFIED.);
#3348=VERTEX_POINT('',#5338);
#3349=CIRCLE('',#5339,13.894);
#3350=VERTEX_POINT('',#5343);
#3351=B_SPLINE_CURVE_WITH_KNOTS('',3,
(#5344,#5345,#5346,#5347,#5348,#5349,#5350,#5351,#5352,#5353,#5354,#5355,#5356,#5357,
#5358,#5359,#5360,#5361,#5362,#5363,#5364,#5365,#5366,#5367,#5368,#5369,#5370,#5371,
#5372,#5373),
.UNSPECIFIED.,.F.,.F.,
(4,2,2,2,2,2,2,2,2,2,2,2,2,2,4),
(0.,0.0636866778521681,0.12856744918548,0.194640090525953,0.261903736974102,0.330357961586132,
0.400002522160914,0.470837268021406,0.542862099033218,0.616076945260474,0.690481755925174,
0.766076492991057,0.842861127226683,0.920835635680376,1.),
.UNSPECIFIED.);
#3352=VERTEX_POINT('',#5374);
#3353=B_SPLINE_CURVE_WITH_KNOTS('',3,
(#5375,#5376,#5377,#5378,#5379,#5380,#5381,#5382,#5383,#5384,#5385,#5386,#5387,#5388,
#5389,#5390,#5391,#5392,#5393,#5394,#5395,#5396,#5397,#5398,#5399,#5400,#5401,#5402,
#5403,#5404),
.UNSPECIFIED.,.F.,.F.,
(4,2,2,2,2,2,2,2,2,2,2,2,2,2,4),
(0.,0.0684364895459459,0.136903904609257,0.20543536139604,0.274068693079301,0.342849737544878,
0.411837031360814,0.481109002798209,0.550775666282663,0.620998739322871,0.692028404768448,
0.764275376683528,0.838464877200103,0.916004082576885,1.),
.UNSPECIFIED.);
#3354=VERTEX_POINT('',#5405);
#3355=CIRCLE('',#5406,10.48425);
#3356=VERTEX_POINT('',#5410);
#3357=B_SPLINE_CURVE_WITH_KNOTS('',3,
(#5411,#5412,#5413,#5414,#5415,#5416,#5417,#5418,#5419,#5420,#5421,#5422,#5423,#5424,
#5425,#5426,#5427,#5428,#5429,#5430,#5431,#5432,#5433,#5434,#5435,#5436,#5437,#5438,
#5439,#5440),
.UNSPECIFIED.,.F.,.F.,
(4,2,2,2,2,2,2,2,2,2,2,2,2,2,4),
(0.,0.0839959174230824,0.161535122799846,0.235724623316405,0.307971595231485,0.379001260677067,
0.449224333717288,0.518890997201741,0.588162968639136,0.657150262455076,0.725931306920668,
0.794564638603943,0.863096095390739,0.931563510454054,1.),
.UNSPECIFIED.);
#3358=VERTEX_POINT('',#5441);
#3359=B_SPLINE_CURVE_WITH_KNOTS('',3,
(#5442,#5443,#5444,#5445,#5446,#5447,#5448,#5449,#5450,#5451,#5452,#5453,#5454,#5455,
#5456,#5457,#5458,#5459,#5460,#5461,#5462,#5463,#5464,#5465,#5466,#5467,#5468,#5469,
#5470,#5471),
.UNSPECIFIED.,.F.,.F.,
(4,2,2,2,2,2,2,2,2,2,2,2,2,2,4),
(0.,0.0791643643196287,0.157138872773325,0.233923507008953,0.309518244074838,0.383923054739535,
0.45713790096679,0.5291627319786,0.599997477839088,0.669642038413869,0.738096263025901,
0.805359909474051,0.871432550814523,0.936313322147835,1.),
.UNSPECIFIED.);
#3360=VERTEX_POINT('',#5472);
#3361=CIRCLE('',#5473,13.894);
#3362=VERTEX_POINT('',#5477);
#3363=B_SPLINE_CURVE_WITH_KNOTS('',3,
(#5478,#5479,#5480,#5481,#5482,#5483,#5484,#5485,#5486,#5487,#5488,#5489,#5490,#5491,
#5492,#5493,#5494,#5495,#5496,#5497,#5498,#5499,#5500,#5501,#5502,#5503,#5504,#5505,
#5506,#5507),
.UNSPECIFIED.,.F.,.F.,
(4,2,2,2,2,2,2,2,2,2,2,2,2,2,4),
(0.,0.0636866778521681,0.12856744918548,0.194640090525953,0.261903736974102,0.330357961586132,
0.400002522160914,0.470837268021406,0.542862099033218,0.616076945260474,0.690481755925174,
0.766076492991057,0.842861127226683,0.920835635680376,1.),
.UNSPECIFIED.);
#3364=VERTEX_POINT('',#5508);
#3365=B_SPLINE_CURVE_WITH_KNOTS('',3,
(#5509,#5510,#5511,#5512,#5513,#5514,#5515,#5516,#5517,#5518,#5519,#5520,#5521,#5522,
#5523,#5524,#5525,#5526,#5527,#5528,#5529,#5530,#5531,#5532,#5533,#5534,#5535,#5536,
#5537,#5538),
.UNSPECIFIED.,.F.,.F.,
(4,2,2,2,2,2,2,2,2,2,2,2,2,2,4),
(0.,0.0684364895459459,0.136903904609257,0.20543536139604,0.274068693079301,0.342849737544878,
0.411837031360814,0.481109002798209,0.550775666282663,0.620998739322871,0.692028404768448,
0.764275376683528,0.838464877200103,0.916004082576885,1.),
.UNSPECIFIED.);
#3366=VERTEX_POINT('',#5539);
#3367=CIRCLE('',#5540,10.48425);
#3368=VERTEX_POINT('',#5544);
#3369=B_SPLINE_CURVE_WITH_KNOTS('',3,
(#5545,#5546,#5547,#5548,#5549,#5550,#5551,#5552,#5553,#5554,#5555,#5556,#5557,#5558,
#5559,#5560,#5561,#5562,#5563,#5564,#5565,#5566,#5567,#5568,#5569,#5570,#5571,#5572,
#5573,#5574),
.UNSPECIFIED.,.F.,.F.,
(4,2,2,2,2,2,2,2,2,2,2,2,2,2,4),
(0.,0.0839959174230824,0.161535122799846,0.235724623316405,0.307971595231485,0.379001260677067,
0.449224333717288,0.518890997201741,0.588162968639136,0.657150262455076,0.725931306920668,
0.794564638603943,0.863096095390739,0.931563510454054,1.),
.UNSPECIFIED.);
#3370=VERTEX_POINT('',#5575);
#3371=B_SPLINE_CURVE_WITH_KNOTS('',3,
(#5576,#5577,#5578,#5579,#5580,#5581,#5582,#5583,#5584,#5585,#5586,#5587,#5588,#5589,
#5590,#5591,#5592,#5593,#5594,#5595,#5596,#5597,#5598,#5599,#5600,#5601,#5602,#5603,
#5604,#5605),
.UNSPECIFIED.,.F.,.F.,
(4,2,2,2,2,2,2,2,2,2,2,2,2,2,4),
(0.,0.0791643643196287,0.157138872773325,0.233923507008953,0.309518244074838,0.383923054739535,
0.45713790096679,0.5291627319786,0.599997477839088,0.669642038413869,0.738096263025901,
0.805359909474051,0.871432550814523,0.936313322147835,1.),
.UNSPECIFIED.);
#3372=VERTEX_POINT('',#5606);
#3373=CIRCLE('',#5607,13.894);
#3374=VERTEX_POINT('',#5611);
#3375=B_SPLINE_CURVE_WITH_KNOTS('',3,
(#5612,#5613,#5614,#5615,#5616,#5617,#5618,#5619,#5620,#5621,#5622,#5623,#5624,#5625,
#5626,#5627,#5628,#5629,#5630,#5631,#5632,#5633,#5634,#5635,#5636,#5637,#5638,#5639,
#5640,#5641),
.UNSPECIFIED.,.F.,.F.,
(4,2,2,2,2,2,2,2,2,2,2,2,2,2,4),
(0.,0.0636866778521681,0.12856744918548,0.194640090525953,0.261903736974102,0.330357961586132,
0.400002522160914,0.470837268021406,0.542862099033218,0.616076945260474,0.690481755925174,
0.766076492991057,0.842861127226683,0.920835635680376,1.),
.UNSPECIFIED.);
#3376=VERTEX_POINT('',#5642);
#3377=B_SPLINE_CURVE_WITH_KNOTS('',3,
(#5643,#5644,#5645,#5646,#5647,#5648,#5649,#5650,#5651,#5652,#5653,#5654,#5655,#5656,
#5657,#5658,#5659,#5660,#5661,#5662,#5663,#5664,#5665,#5666,#5667,#5668,#5669,#5670,
#5671,#5672),
.UNSPECIFIED.,.F.,.F.,
(4,2,2,2,2,2,2,2,2,2,2,2,2,2,4),
(0.,0.0684364895459459,0.136903904609257,0.20543536139604,0.274068693079301,0.342849737544878,
0.411837031360814,0.481109002798209,0.550775666282663,0.620998739322871,0.692028404768448,
0.764275376683528,0.838464877200103,0.916004082576885,1.),
.UNSPECIFIED.);
#3378=CIRCLE('',#5673,10.48425);
#3379=VERTEX_POINT('',#5677);
#3380=VERTEX_POINT('',#5678);
#3381=B_SPLINE_CURVE_WITH_KNOTS('',3,
(#5679,#5680,#5681,#5682,#5683,#5684,#5685,#5686,#5687,#5688,#5689,#5690,#5691,#5692,
#5693,#5694,#5695,#5696,#5697,#5698,#5699,#5700,#5701,#5702,#5703,#5704,#5705,#5706,
#5707,#5708),
.UNSPECIFIED.,.F.,.F.,
(4,2,2,2,2,2,2,2,2,2,2,2,2,2,4),
(0.,0.0839959174230824,0.161535122799846,0.235724623316405,0.307971595231485,0.379001260677067,
0.449224333717288,0.518890997201741,0.588162968639136,0.657150262455076,0.725931306920668,
0.794564638603943,0.863096095390739,0.931563510454054,1.),
.UNSPECIFIED.);
#3382=VERTEX_POINT('',#5709);
#3383=CIRCLE('',#5710,10.48425);
#3384=VERTEX_POINT('',#5714);
#3385=B_SPLINE_CURVE_WITH_KNOTS('',3,
(#5715,#5716,#5717,#5718,#5719,#5720,#5721,#5722,#5723,#5724,#5725,#5726,#5727,#5728,
#5729,#5730,#5731,#5732,#5733,#5734,#5735,#5736,#5737,#5738,#5739,#5740,#5741,#5742,
#5743,#5744),
.UNSPECIFIED.,.F.,.F.,
(4,2,2,2,2,2,2,2,2,2,2,2,2,2,4),
(0.,0.0684364895459459,0.136903904609257,0.20543536139604,0.274068693079301,0.342849737544878,
0.411837031360814,0.481109002798209,0.550775666282663,0.620998739322871,0.692028404768448,
0.764275376683528,0.838464877200103,0.916004082576885,1.),
.UNSPECIFIED.);
#3386=VERTEX_POINT('',#5745);
#3387=B_SPLINE_CURVE_WITH_KNOTS('',3,
(#5746,#5747,#5748,#5749,#5750,#5751,#5752,#5753,#5754,#5755,#5756,#5757,#5758,#5759,
#5760,#5761,#5762,#5763,#5764,#5765,#5766,#5767,#5768,#5769,#5770,#5771,#5772,#5773,
#5774,#5775),
.UNSPECIFIED.,.F.,.F.,
(4,2,2,2,2,2,2,2,2,2,2,2,2,2,4),
(0.,0.0636866778521681,0.12856744918548,0.194640090525953,0.261903736974102,0.330357961586132,
0.400002522160914,0.470837268021406,0.542862099033218,0.616076945260474,0.690481755925174,
0.766076492991057,0.842861127226683,0.920835635680376,1.),
.UNSPECIFIED.);
#3388=VERTEX_POINT('',#5776);
#3389=CIRCLE('',#5777,13.894);
#3390=VERTEX_POINT('',#5781);
#3391=B_SPLINE_CURVE_WITH_KNOTS('',3,
(#5782,#5783,#5784,#5785,#5786,#5787,#5788,#5789,#5790,#5791,#5792,#5793,#5794,#5795,
#5796,#5797,#5798,#5799,#5800,#5801,#5802,#5803,#5804,#5805,#5806,#5807,#5808,#5809,
#5810,#5811),
.UNSPECIFIED.,.F.,.F.,
(4,2,2,2,2,2,2,2,2,2,2,2,2,2,4),
(0.,0.0791643643196287,0.157138872773325,0.233923507008953,0.309518244074838,0.383923054739535,
0.45713790096679,0.5291627319786,0.599997477839088,0.669642038413869,0.738096263025901,
0.805359909474051,0.871432550814523,0.936313322147835,1.),
.UNSPECIFIED.);
#3392=VERTEX_POINT('',#5812);
#3393=B_SPLINE_CURVE_WITH_KNOTS('',3,
(#5813,#5814,#5815,#5816,#5817,#5818,#5819,#5820,#5821,#5822,#5823,#5824,#5825,#5826,
#5827,#5828,#5829,#5830,#5831,#5832,#5833,#5834,#5835,#5836,#5837,#5838,#5839,#5840,
#5841,#5842),
.UNSPECIFIED.,.F.,.F.,
(4,2,2,2,2,2,2,2,2,2,2,2,2,2,4),
(0.,0.0839959174230824,0.161535122799846,0.235724623316405,0.307971595231485,0.379001260677067,
0.449224333717288,0.518890997201741,0.588162968639136,0.657150262455076,0.725931306920668,
0.794564638603943,0.863096095390739,0.931563510454054,1.),
.UNSPECIFIED.);
#3394=VERTEX_POINT('',#5843);
#3395=CIRCLE('',#5844,10.48425);
#3396=VERTEX_POINT('',#5848);
#3397=B_SPLINE_CURVE_WITH_KNOTS('',3,
(#5849,#5850,#5851,#5852,#5853,#5854,#5855,#5856,#5857,#5858,#5859,#5860,#5861,#5862,
#5863,#5864,#5865,#5866,#5867,#5868,#5869,#5870,#5871,#5872,#5873,#5874,#5875,#5876,
#5877,#5878),
.UNSPECIFIED.,.F.,.F.,
(4,2,2,2,2,2,2,2,2,2,2,2,2,2,4),
(0.,0.0684364895459459,0.136903904609257,0.20543536139604,0.274068693079301,0.342849737544878,
0.411837031360814,0.481109002798209,0.550775666282663,0.620998739322871,0.692028404768448,
0.764275376683528,0.838464877200103,0.916004082576885,1.),
.UNSPECIFIED.);
#3398=VERTEX_POINT('',#5879);
#3399=B_SPLINE_CURVE_WITH_KNOTS('',3,
(#5880,#5881,#5882,#5883,#5884,#5885,#5886,#5887,#5888,#5889,#5890,#5891,#5892,#5893,
#5894,#5895,#5896,#5897,#5898,#5899,#5900,#5901,#5902,#5903,#5904,#5905,#5906,#5907,
#5908,#5909),
.UNSPECIFIED.,.F.,.F.,
(4,2,2,2,2,2,2,2,2,2,2,2,2,2,4),
(0.,0.0636866778521681,0.12856744918548,0.194640090525953,0.261903736974102,0.330357961586132,
0.400002522160914,0.470837268021406,0.542862099033218,0.616076945260474,0.690481755925174,
0.766076492991057,0.842861127226683,0.920835635680376,1.),
.UNSPECIFIED.);
#3400=VERTEX_POINT('',#5910);
#3401=CIRCLE('',#5911,13.894);
#3402=VERTEX_POINT('',#5915);
#3403=B_SPLINE_CURVE_WITH_KNOTS('',3,
(#5916,#5917,#5918,#5919,#5920,#5921,#5922,#5923,#5924,#5925,#5926,#5927,#5928,#5929,
#5930,#5931,#5932,#5933,#5934,#5935,#5936,#5937,#5938,#5939,#5940,#5941,#5942,#5943,
#5944,#5945),
.UNSPECIFIED.,.F.,.F.,
(4,2,2,2,2,2,2,2,2,2,2,2,2,2,4),
(0.,0.0791643643196287,0.157138872773325,0.233923507008953,0.309518244074838,0.383923054739535,
0.45713790096679,0.5291627319786,0.599997477839088,0.669642038413869,0.738096263025901,
0.805359909474051,0.871432550814523,0.936313322147835,1.),
.UNSPECIFIED.);
#3404=VERTEX_POINT('',#5946);
#3405=B_SPLINE_CURVE_WITH_KNOTS('',3,
(#5947,#5948,#5949,#5950,#5951,#5952,#5953,#5954,#5955,#5956,#5957,#5958,#5959,#5960,
#5961,#5962,#5963,#5964,#5965,#5966,#5967,#5968,#5969,#5970,#5971,#5972,#5973,#5974,
#5975,#5976),
.UNSPECIFIED.,.F.,.F.,
(4,2,2,2,2,2,2,2,2,2,2,2,2,2,4),
(0.,0.0839959174230824,0.161535122799846,0.235724623316405,0.307971595231485,0.379001260677067,
0.449224333717288,0.518890997201741,0.588162968639136,0.657150262455076,0.725931306920668,
0.794564638603943,0.863096095390739,0.931563510454054,1.),
.UNSPECIFIED.);
#3406=VERTEX_POINT('',#5977);
#3407=CIRCLE('',#5978,10.48425);
#3408=VERTEX_POINT('',#5982);
#3409=B_SPLINE_CURVE_WITH_KNOTS('',3,
(#5983,#5984,#5985,#5986,#5987,#5988,#5989,#5990,#5991,#5992,#5993,#5994,#5995,#5996,
#5997,#5998,#5999,#6000,#6001,#6002,#6003,#6004,#6005,#6006,#6007,#6008,#6009,#6010,
#6011,#6012),
.UNSPECIFIED.,.F.,.F.,
(4,2,2,2,2,2,2,2,2,2,2,2,2,2,4),
(0.,0.0684364895459459,0.136903904609257,0.20543536139604,0.274068693079301,0.342849737544878,
0.411837031360814,0.481109002798209,0.550775666282663,0.620998739322871,0.692028404768448,
0.764275376683528,0.838464877200103,0.916004082576885,1.),
.UNSPECIFIED.);
#3410=VERTEX_POINT('',#6013);
#3411=B_SPLINE_CURVE_WITH_KNOTS('',3,
(#6014,#6015,#6016,#6017,#6018,#6019,#6020,#6021,#6022,#6023,#6024,#6025,#6026,#6027,
#6028,#6029,#6030,#6031,#6032,#6033,#6034,#6035,#6036,#6037,#6038,#6039,#6040,#6041,
#6042,#6043),
.UNSPECIFIED.,.F.,.F.,
(4,2,2,2,2,2,2,2,2,2,2,2,2,2,4),
(0.,0.0636866778521681,0.12856744918548,0.194640090525953,0.261903736974102,0.330357961586132,
0.400002522160914,0.470837268021406,0.542862099033218,0.616076945260474,0.690481755925174,
0.766076492991057,0.842861127226683,0.920835635680376,1.),
.UNSPECIFIED.);
#3412=VERTEX_POINT('',#6044);
#3413=CIRCLE('',#6045,13.894);
#3414=VERTEX_POINT('',#6049);
#3415=B_SPLINE_CURVE_WITH_KNOTS('',3,
(#6050,#6051,#6052,#6053,#6054,#6055,#6056,#6057,#6058,#6059,#6060,#6061,#6062,#6063,
#6064,#6065,#6066,#6067,#6068,#6069,#6070,#6071,#6072,#6073,#6074,#6075,#6076,#6077,
#6078,#6079),
.UNSPECIFIED.,.F.,.F.,
(4,2,2,2,2,2,2,2,2,2,2,2,2,2,4),
(0.,0.0791643643196287,0.157138872773325,0.233923507008953,0.309518244074838,0.383923054739535,
0.45713790096679,0.5291627319786,0.599997477839088,0.669642038413869,0.738096263025901,
0.805359909474051,0.871432550814523,0.936313322147835,1.),
.UNSPECIFIED.);
#3416=VERTEX_POINT('',#6080);
#3417=B_SPLINE_CURVE_WITH_KNOTS('',3,
(#6081,#6082,#6083,#6084,#6085,#6086,#6087,#6088,#6089,#6090,#6091,#6092,#6093,#6094,
#6095,#6096,#6097,#6098,#6099,#6100,#6101,#6102,#6103,#6104,#6105,#6106,#6107,#6108,
#6109,#6110),
.UNSPECIFIED.,.F.,.F.,
(4,2,2,2,2,2,2,2,2,2,2,2,2,2,4),
(0.,0.0839959174230824,0.161535122799846,0.235724623316405,0.307971595231485,0.379001260677067,
0.449224333717288,0.518890997201741,0.588162968639136,0.657150262455076,0.725931306920668,
0.794564638603943,0.863096095390739,0.931563510454054,1.),
.UNSPECIFIED.);
#3418=VERTEX_POINT('',#6111);
#3419=CIRCLE('',#6112,10.48425);
#3420=VERTEX_POINT('',#6116);
#3421=B_SPLINE_CURVE_WITH_KNOTS('',3,
(#6117,#6118,#6119,#6120,#6121,#6122,#6123,#6124,#6125,#6126,#6127,#6128,#6129,#6130,
#6131,#6132,#6133,#6134,#6135,#6136,#6137,#6138,#6139,#6140,#6141,#6142,#6143,#6144,
#6145,#6146),
.UNSPECIFIED.,.F.,.F.,
(4,2,2,2,2,2,2,2,2,2,2,2,2,2,4),
(0.,0.0684364895459459,0.136903904609257,0.20543536139604,0.274068693079301,0.342849737544878,
0.411837031360814,0.481109002798209,0.550775666282663,0.620998739322871,0.692028404768448,
0.764275376683528,0.838464877200103,0.916004082576885,1.),
.UNSPECIFIED.);
#3422=VERTEX_POINT('',#6147);
#3423=B_SPLINE_CURVE_WITH_KNOTS('',3,
(#6148,#6149,#6150,#6151,#6152,#6153,#6154,#6155,#6156,#6157,#6158,#6159,#6160,#6161,
#6162,#6163,#6164,#6165,#6166,#6167,#6168,#6169,#6170,#6171,#6172,#6173,#6174,#6175,
#6176,#6177),
.UNSPECIFIED.,.F.,.F.,
(4,2,2,2,2,2,2,2,2,2,2,2,2,2,4),
(0.,0.0636866778521681,0.12856744918548,0.194640090525953,0.261903736974102,0.330357961586132,
0.400002522160914,0.470837268021406,0.542862099033218,0.616076945260474,0.690481755925174,
0.766076492991057,0.842861127226683,0.920835635680376,1.),
.UNSPECIFIED.);
#3424=VERTEX_POINT('',#6178);
#3425=CIRCLE('',#6179,13.894);
#3426=VERTEX_POINT('',#6183);
#3427=B_SPLINE_CURVE_WITH_KNOTS('',3,
(#6184,#6185,#6186,#6187,#6188,#6189,#6190,#6191,#6192,#6193,#6194,#6195,#6196,#6197,
#6198,#6199,#6200,#6201,#6202,#6203,#6204,#6205,#6206,#6207,#6208,#6209,#6210,#6211,
#6212,#6213),
.UNSPECIFIED.,.F.,.F.,
(4,2,2,2,2,2,2,2,2,2,2,2,2,2,4),
(0.,0.0791643643196287,0.157138872773325,0.233923507008953,0.309518244074838,0.383923054739535,
0.45713790096679,0.5291627319786,0.599997477839088,0.669642038413869,0.738096263025901,
0.805359909474051,0.871432550814523,0.936313322147835,1.),
.UNSPECIFIED.);
#3428=VERTEX_POINT('',#6214);
#3429=B_SPLINE_CURVE_WITH_KNOTS('',3,
(#6215,#6216,#6217,#6218,#6219,#6220,#6221,#6222,#6223,#6224,#6225,#6226,#6227,#6228,
#6229,#6230,#6231,#6232,#6233,#6234,#6235,#6236,#6237,#6238,#6239,#6240,#6241,#6242,
#6243,#6244),
.UNSPECIFIED.,.F.,.F.,
(4,2,2,2,2,2,2,2,2,2,2,2,2,2,4),
(0.,0.0839959174230824,0.161535122799846,0.235724623316405,0.307971595231485,0.379001260677067,
0.449224333717288,0.518890997201741,0.588162968639136,0.657150262455076,0.725931306920668,
0.794564638603943,0.863096095390739,0.931563510454054,1.),
.UNSPECIFIED.);
#3430=VERTEX_POINT('',#6245);
#3431=CIRCLE('',#6246,10.48425);
#3432=VERTEX_POINT('',#6250);
#3433=B_SPLINE_CURVE_WITH_KNOTS('',3,
(#6251,#6252,#6253,#6254,#6255,#6256,#6257,#6258,#6259,#6260,#6261,#6262,#6263,#6264,
#6265,#6266,#6267,#6268,#6269,#6270,#6271,#6272,#6273,#6274,#6275,#6276,#6277,#6278,
#6279,#6280),
.UNSPECIFIED.,.F.,.F.,
(4,2,2,2,2,2,2,2,2,2,2,2,2,2,4),
(0.,0.0684364895459459,0.136903904609257,0.20543536139604,0.274068693079301,0.342849737544878,
0.411837031360814,0.481109002798209,0.550775666282663,0.620998739322871,0.692028404768448,
0.764275376683528,0.838464877200103,0.916004082576885,1.),
.UNSPECIFIED.);
#3434=VERTEX_POINT('',#6281);
#3435=B_SPLINE_CURVE_WITH_KNOTS('',3,
(#6282,#6283,#6284,#6285,#6286,#6287,#6288,#6289,#6290,#6291,#6292,#6293,#6294,#6295,
#6296,#6297,#6298,#6299,#6300,#6301,#6302,#6303,#6304,#6305,#6306,#6307,#6308,#6309,
#6310,#6311),
.UNSPECIFIED.,.F.,.F.,
(4,2,2,2,2,2,2,2,2,2,2,2,2,2,4),
(0.,0.0636866778521681,0.12856744918548,0.194640090525953,0.261903736974102,0.330357961586132,
0.400002522160914,0.470837268021406,0.542862099033218,0.616076945260474,0.690481755925174,
0.766076492991057,0.842861127226683,0.920835635680376,1.),
.UNSPECIFIED.);
#3436=VERTEX_POINT('',#6312);
#3437=CIRCLE('',#6313,13.894);
#3438=VERTEX_POINT('',#6317);
#3439=B_SPLINE_CURVE_WITH_KNOTS('',3,
(#6318,#6319,#6320,#6321,#6322,#6323,#6324,#6325,#6326,#6327,#6328,#6329,#6330,#6331,
#6332,#6333,#6334,#6335,#6336,#6337,#6338,#6339,#6340,#6341,#6342,#6343,#6344,#6345,
#6346,#6347),
.UNSPECIFIED.,.F.,.F.,
(4,2,2,2,2,2,2,2,2,2,2,2,2,2,4),
(0.,0.0791643643196287,0.157138872773325,0.233923507008953,0.309518244074838,0.383923054739535,
0.45713790096679,0.5291627319786,0.599997477839088,0.669642038413869,0.738096263025901,
0.805359909474051,0.871432550814523,0.936313322147835,1.),
.UNSPECIFIED.);
#3440=VERTEX_POINT('',#6348);
#3441=B_SPLINE_CURVE_WITH_KNOTS('',3,
(#6349,#6350,#6351,#6352,#6353,#6354,#6355,#6356,#6357,#6358,#6359,#6360,#6361,#6362,
#6363,#6364,#6365,#6366,#6367,#6368,#6369,#6370,#6371,#6372,#6373,#6374,#6375,#6376,
#6377,#6378),
.UNSPECIFIED.,.F.,.F.,
(4,2,2,2,2,2,2,2,2,2,2,2,2,2,4),
(0.,0.0839959174230824,0.161535122799846,0.235724623316405,0.307971595231485,0.379001260677067,
0.449224333717288,0.518890997201741,0.588162968639136,0.657150262455076,0.725931306920668,
0.794564638603943,0.863096095390739,0.931563510454054,1.),
.UNSPECIFIED.);
#3442=VERTEX_POINT('',#6379);
#3443=CIRCLE('',#6380,10.48425);
#3444=VERTEX_POINT('',#6384);
#3445=B_SPLINE_CURVE_WITH_KNOTS('',3,
(#6385,#6386,#6387,#6388,#6389,#6390,#6391,#6392,#6393,#6394,#6395,#6396,#6397,#6398,
#6399,#6400,#6401,#6402,#6403,#6404,#6405,#6406,#6407,#6408,#6409,#6410,#6411,#6412,
#6413,#6414),
.UNSPECIFIED.,.F.,.F.,
(4,2,2,2,2,2,2,2,2,2,2,2,2,2,4),
(0.,0.0684364895459459,0.136903904609257,0.20543536139604,0.274068693079301,0.342849737544878,
0.411837031360814,0.481109002798209,0.550775666282663,0.620998739322871,0.692028404768448,
0.764275376683528,0.838464877200103,0.916004082576885,1.),
.UNSPECIFIED.);
#3446=VERTEX_POINT('',#6415);
#3447=B_SPLINE_CURVE_WITH_KNOTS('',3,
(#6416,#6417,#6418,#6419,#6420,#6421,#6422,#6423,#6424,#6425,#6426,#6427,#6428,#6429,
#6430,#6431,#6432,#6433,#6434,#6435,#6436,#6437,#6438,#6439,#6440,#6441,#6442,#6443,
#6444,#6445),
.UNSPECIFIED.,.F.,.F.,
(4,2,2,2,2,2,2,2,2,2,2,2,2,2,4),
(0.,0.0636866778521681,0.12856744918548,0.194640090525953,0.261903736974102,0.330357961586132,
0.400002522160914,0.470837268021406,0.542862099033218,0.616076945260474,0.690481755925174,
0.766076492991057,0.842861127226683,0.920835635680376,1.),
.UNSPECIFIED.);
#3448=VERTEX_POINT('',#6446);
#3449=CIRCLE('',#6447,13.894);
#3450=VERTEX_POINT('',#6451);
#3451=B_SPLINE_CURVE_WITH_KNOTS('',3,
(#6452,#6453,#6454,#6455,#6456,#6457,#6458,#6459,#6460,#6461,#6462,#6463,#6464,#6465,
#6466,#6467,#6468,#6469,#6470,#6471,#6472,#6473,#6474,#6475,#6476,#6477,#6478,#6479,
#6480,#6481),
.UNSPECIFIED.,.F.,.F.,
(4,2,2,2,2,2,2,2,2,2,2,2,2,2,4),
(0.,0.0791643643196287,0.157138872773325,0.233923507008953,0.309518244074838,0.383923054739535,
0.45713790096679,0.5291627319786,0.599997477839088,0.669642038413869,0.738096263025901,
0.805359909474051,0.871432550814523,0.936313322147835,1.),
.UNSPECIFIED.);
#3452=VERTEX_POINT('',#6482);
#3453=B_SPLINE_CURVE_WITH_KNOTS('',3,
(#6483,#6484,#6485,#6486,#6487,#6488,#6489,#6490,#6491,#6492,#6493,#6494,#6495,#6496,
#6497,#6498,#6499,#6500,#6501,#6502,#6503,#6504,#6505,#6506,#6507,#6508,#6509,#6510,
#6511,#6512),
.UNSPECIFIED.,.F.,.F.,
(4,2,2,2,2,2,2,2,2,2,2,2,2,2,4),
(0.,0.0839959174230824,0.161535122799846,0.235724623316405,0.307971595231485,0.379001260677067,
0.449224333717288,0.518890997201741,0.588162968639136,0.657150262455076,0.725931306920668,
0.794564638603943,0.863096095390739,0.931563510454054,1.),
.UNSPECIFIED.);
#3454=VERTEX_POINT('',#6513);
#3455=CIRCLE('',#6514,10.48425);
#3456=VERTEX_POINT('',#6518);
#3457=B_SPLINE_CURVE_WITH_KNOTS('',3,
(#6519,#6520,#6521,#6522,#6523,#6524,#6525,#6526,#6527,#6528,#6529,#6530,#6531,#6532,
#6533,#6534,#6535,#6536,#6537,#6538,#6539,#6540,#6541,#6542,#6543,#6544,#6545,#6546,
#6547,#6548),
.UNSPECIFIED.,.F.,.F.,
(4,2,2,2,2,2,2,2,2,2,2,2,2,2,4),
(0.,0.0684364895459459,0.136903904609257,0.20543536139604,0.274068693079301,0.342849737544878,
0.411837031360814,0.481109002798209,0.550775666282663,0.620998739322871,0.692028404768448,
0.764275376683528,0.838464877200103,0.916004082576885,1.),
.UNSPECIFIED.);
#3458=VERTEX_POINT('',#6549);
#3459=B_SPLINE_CURVE_WITH_KNOTS('',3,
(#6550,#6551,#6552,#6553,#6554,#6555,#6556,#6557,#6558,#6559,#6560,#6561,#6562,#6563,
#6564,#6565,#6566,#6567,#6568,#6569,#6570,#6571,#6572,#6573,#6574,#6575,#6576,#6577,
#6578,#6579),
.UNSPECIFIED.,.F.,.F.,
(4,2,2,2,2,2,2,2,2,2,2,2,2,2,4),
(0.,0.0636866778521681,0.12856744918548,0.194640090525953,0.261903736974102,0.330357961586132,
0.400002522160914,0.470837268021406,0.542862099033218,0.616076945260474,0.690481755925174,
0.766076492991057,0.842861127226683,0.920835635680376,1.),
.UNSPECIFIED.);
#3460=VERTEX_POINT('',#6580);
#3461=CIRCLE('',#6581,13.894);
#3462=VERTEX_POINT('',#6585);
#3463=B_SPLINE_CURVE_WITH_KNOTS('',3,
(#6586,#6587,#6588,#6589,#6590,#6591,#6592,#6593,#6594,#6595,#6596,#6597,#6598,#6599,
#6600,#6601,#6602,#6603,#6604,#6605,#6606,#6607,#6608,#6609,#6610,#6611,#6612,#6613,
#6614,#6615),
.UNSPECIFIED.,.F.,.F.,
(4,2,2,2,2,2,2,2,2,2,2,2,2,2,4),
(0.,0.0791643643196287,0.157138872773325,0.233923507008953,0.309518244074838,0.383923054739535,
0.45713790096679,0.5291627319786,0.599997477839088,0.669642038413869,0.738096263025901,
0.805359909474051,0.871432550814523,0.936313322147835,1.),
.UNSPECIFIED.);
#3464=VERTEX_POINT('',#6616);
#3465=B_SPLINE_CURVE_WITH_KNOTS('',3,
(#6617,#6618,#6619,#6620,#6621,#6622,#6623,#6624,#6625,#6626,#6627,#6628,#6629,#6630,
#6631,#6632,#6633,#6634,#6635,#6636,#6637,#6638,#6639,#6640,#6641,#6642,#6643,#6644,
#6645,#6646),
.UNSPECIFIED.,.F.,.F.,
(4,2,2,2,2,2,2,2,2,2,2,2,2,2,4),
(0.,0.0839959174230824,0.161535122799846,0.235724623316405,0.307971595231485,0.379001260677067,
0.449224333717288,0.518890997201741,0.588162968639136,0.657150262455076,0.725931306920668,
0.794564638603943,0.863096095390739,0.931563510454054,1.),
.UNSPECIFIED.);
#3466=VERTEX_POINT('',#6647);
#3467=CIRCLE('',#6648,10.48425);
#3468=VERTEX_POINT('',#6652);
#3469=B_SPLINE_CURVE_WITH_KNOTS('',3,
(#6653,#6654,#6655,#6656,#6657,#6658,#6659,#6660,#6661,#6662,#6663,#6664,#6665,#6666,
#6667,#6668,#6669,#6670,#6671,#6672,#6673,#6674,#6675,#6676,#6677,#6678,#6679,#6680,
#6681,#6682),
.UNSPECIFIED.,.F.,.F.,
(4,2,2,2,2,2,2,2,2,2,2,2,2,2,4),
(0.,0.0684364895459459,0.136903904609257,0.20543536139604,0.274068693079301,0.342849737544878,
0.411837031360814,0.481109002798209,0.550775666282663,0.620998739322871,0.692028404768448,
0.764275376683528,0.838464877200103,0.916004082576885,1.),
.UNSPECIFIED.);
#3470=VERTEX_POINT('',#6683);
#3471=B_SPLINE_CURVE_WITH_KNOTS('',3,
(#6684,#6685,#6686,#6687,#6688,#6689,#6690,#6691,#6692,#6693,#6694,#6695,#6696,#6697,
#6698,#6699,#6700,#6701,#6702,#6703,#6704,#6705,#6706,#6707,#6708,#6709,#6710,#6711,
#6712,#6713),
.UNSPECIFIED.,.F.,.F.,
(4,2,2,2,2,2,2,2,2,2,2,2,2,2,4),
(0.,0.0636866778521681,0.12856744918548,0.194640090525953,0.261903736974102,0.330357961586132,
0.400002522160914,0.470837268021406,0.542862099033218,0.616076945260474,0.690481755925174,
0.766076492991057,0.842861127226683,0.920835635680376,1.),
.UNSPECIFIED.);
#3472=VERTEX_POINT('',#6714);
#3473=CIRCLE('',#6715,13.894);
#3474=VERTEX_POINT('',#6719);
#3475=B_SPLINE_CURVE_WITH_KNOTS('',3,
(#6720,#6721,#6722,#6723,#6724,#6725,#6726,#6727,#6728,#6729,#6730,#6731,#6732,#6733,
#6734,#6735,#6736,#6737,#6738,#6739,#6740,#6741,#6742,#6743,#6744,#6745,#6746,#6747,
#6748,#6749),
.UNSPECIFIED.,.F.,.F.,
(4,2,2,2,2,2,2,2,2,2,2,2,2,2,4),
(0.,0.0791643643196287,0.157138872773325,0.233923507008953,0.309518244074838,0.383923054739535,
0.45713790096679,0.5291627319786,0.599997477839088,0.669642038413869,0.738096263025901,
0.805359909474051,0.871432550814523,0.936313322147835,1.),
.UNSPECIFIED.);
#3476=VERTEX_POINT('',#6750);
#3477=B_SPLINE_CURVE_WITH_KNOTS('',3,
(#6751,#6752,#6753,#6754,#6755,#6756,#6757,#6758,#6759,#6760,#6761,#6762,#6763,#6764,
#6765,#6766,#6767,#6768,#6769,#6770,#6771,#6772,#6773,#6774,#6775,#6776,#6777,#6778,
#6779,#6780),
.UNSPECIFIED.,.F.,.F.,
(4,2,2,2,2,2,2,2,2,2,2,2,2,2,4),
(0.,0.0839959174230824,0.161535122799846,0.235724623316405,0.307971595231485,0.379001260677067,
0.449224333717288,0.518890997201741,0.588162968639136,0.657150262455076,0.725931306920668,
0.794564638603943,0.863096095390739,0.931563510454054,1.),
.UNSPECIFIED.);
#3478=VERTEX_POINT('',#6781);
#3479=CIRCLE('',#6782,10.48425);
#3480=VERTEX_POINT('',#6786);
#3481=B_SPLINE_CURVE_WITH_KNOTS('',3,
(#6787,#6788,#6789,#6790,#6791,#6792,#6793,#6794,#6795,#6796,#6797,#6798,#6799,#6800,
#6801,#6802,#6803,#6804,#6805,#6806,#6807,#6808,#6809,#6810,#6811,#6812,#6813,#6814,
#6815,#6816),
.UNSPECIFIED.,.F.,.F.,
(4,2,2,2,2,2,2,2,2,2,2,2,2,2,4),
(0.,0.0684364895459459,0.136903904609257,0.20543536139604,0.274068693079301,0.342849737544878,
0.411837031360814,0.481109002798209,0.550775666282663,0.620998739322871,0.692028404768448,
0.764275376683528,0.838464877200103,0.916004082576885,1.),
.UNSPECIFIED.);
#3482=VERTEX_POINT('',#6817);
#3483=B_SPLINE_CURVE_WITH_KNOTS('',3,
(#6818,#6819,#6820,#6821,#6822,#6823,#6824,#6825,#6826,#6827,#6828,#6829,#6830,#6831,
#6832,#6833,#6834,#6835,#6836,#6837,#6838,#6839,#6840,#6841,#6842,#6843,#6844,#6845,
#6846,#6847),
.UNSPECIFIED.,.F.,.F.,
(4,2,2,2,2,2,2,2,2,2,2,2,2,2,4),
(0.,0.0636866778521681,0.12856744918548,0.194640090525953,0.261903736974102,0.330357961586132,
0.400002522160914,0.470837268021406,0.542862099033218,0.616076945260474,0.690481755925174,
0.766076492991057,0.842861127226683,0.920835635680376,1.),
.UNSPECIFIED.);
#3484=VERTEX_POINT('',#6848);
#3485=CIRCLE('',#6849,13.894);
#3486=VERTEX_POINT('',#6853);
#3487=B_SPLINE_CURVE_WITH_KNOTS('',3,
(#6854,#6855,#6856,#6857,#6858,#6859,#6860,#6861,#6862,#6863,#6864,#6865,#6866,#6867,
#6868,#6869,#6870,#6871,#6872,#6873,#6874,#6875,#6876,#6877,#6878,#6879,#6880,#6881,
#6882,#6883),
.UNSPECIFIED.,.F.,.F.,
(4,2,2,2,2,2,2,2,2,2,2,2,2,2,4),
(0.,0.0791643643196287,0.157138872773325,0.233923507008953,0.309518244074838,0.383923054739535,
0.45713790096679,0.5291627319786,0.599997477839088,0.669642038413869,0.738096263025901,
0.805359909474051,0.871432550814523,0.936313322147835,1.),
.UNSPECIFIED.);
#3488=VERTEX_POINT('',#6884);
#3489=B_SPLINE_CURVE_WITH_KNOTS('',3,
(#6885,#6886,#6887,#6888,#6889,#6890,#6891,#6892,#6893,#6894,#6895,#6896,#6897,#6898,
#6899,#6900,#6901,#6902,#6903,#6904,#6905,#6906,#6907,#6908,#6909,#6910,#6911,#6912,
#6913,#6914),
.UNSPECIFIED.,.F.,.F.,
(4,2,2,2,2,2,2,2,2,2,2,2,2,2,4),
(0.,0.0839959174230824,0.161535122799846,0.235724623316405,0.307971595231485,0.379001260677067,
0.449224333717288,0.518890997201741,0.588162968639136,0.657150262455076,0.725931306920668,
0.794564638603943,0.863096095390739,0.931563510454054,1.),
.UNSPECIFIED.);
#3490=VERTEX_POINT('',#6915);
#3491=CIRCLE('',#6916,10.48425);
#3492=VERTEX_POINT('',#6920);
#3493=B_SPLINE_CURVE_WITH_KNOTS('',3,
(#6921,#6922,#6923,#6924,#6925,#6926,#6927,#6928,#6929,#6930,#6931,#6932,#6933,#6934,
#6935,#6936,#6937,#6938,#6939,#6940,#6941,#6942,#6943,#6944,#6945,#6946,#6947,#6948,
#6949,#6950),
.UNSPECIFIED.,.F.,.F.,
(4,2,2,2,2,2,2,2,2,2,2,2,2,2,4),
(0.,0.0684364895459459,0.136903904609257,0.20543536139604,0.274068693079301,0.342849737544878,
0.411837031360814,0.481109002798209,0.550775666282663,0.620998739322871,0.692028404768448,
0.764275376683528,0.838464877200103,0.916004082576885,1.),
.UNSPECIFIED.);
#3494=VERTEX_POINT('',#6951);
#3495=B_SPLINE_CURVE_WITH_KNOTS('',3,
(#6952,#6953,#6954,#6955,#6956,#6957,#6958,#6959,#6960,#6961,#6962,#6963,#6964,#6965,
#6966,#6967,#6968,#6969,#6970,#6971,#6972,#6973,#6974,#6975,#6976,#6977,#6978,#6979,
#6980,#6981),
.UNSPECIFIED.,.F.,.F.,
(4,2,2,2,2,2,2,2,2,2,2,2,2,2,4),
(0.,0.0636866778521681,0.12856744918548,0.194640090525953,0.261903736974102,0.330357961586132,
0.400002522160914,0.470837268021406,0.542862099033218,0.616076945260474,0.690481755925174,
0.766076492991057,0.842861127226683,0.920835635680376,1.),
.UNSPECIFIED.);
#3496=VERTEX_POINT('',#6982);
#3497=CIRCLE('',#6983,13.894);
#3498=VERTEX_POINT('',#6987);
#3499=B_SPLINE_CURVE_WITH_KNOTS('',3,
(#6988,#6989,#6990,#6991,#6992,#6993,#6994,#6995,#6996,#6997,#6998,#6999,#7000,#7001,
#7002,#7003,#7004,#7005,#7006,#7007,#7008,#7009,#7010,#7011,#7012,#7013,#7014,#7015,
#7016,#7017),
.UNSPECIFIED.,.F.,.F.,
(4,2,2,2,2,2,2,2,2,2,2,2,2,2,4),
(0.,0.0791643643196287,0.157138872773325,0.233923507008953,0.309518244074838,0.383923054739535,
0.45713790096679,0.5291627319786,0.599997477839088,0.669642038413869,0.738096263025901,
0.805359909474051,0.871432550814523,0.936313322147835,1.),
.UNSPECIFIED.);
#3500=VERTEX_POINT('',#7018);
#3501=B_SPLINE_CURVE_WITH_KNOTS('',3,
(#7019,#7020,#7021,#7022,#7023,#7024,#7025,#7026,#7027,#7028,#7029,#7030,#7031,#7032,
#7033,#7034,#7035,#7036,#7037,#7038,#7039,#7040,#7041,#7042,#7043,#7044,#7045,#7046,
#7047,#7048),
.UNSPECIFIED.,.F.,.F.,
(4,2,2,2,2,2,2,2,2,2,2,2,2,2,4),
(0.,0.0839959174230824,0.161535122799846,0.235724623316405,0.307971595231485,0.379001260677067,
0.449224333717288,0.518890997201741,0.588162968639136,0.657150262455076,0.725931306920668,
0.794564638603943,0.863096095390739,0.931563510454054,1.),
.UNSPECIFIED.);
#3502=VERTEX_POINT('',#7049);
#3503=CIRCLE('',#7050,10.48425);
#3504=VERTEX_POINT('',#7054);
#3505=B_SPLINE_CURVE_WITH_KNOTS('',3,
(#7055,#7056,#7057,#7058,#7059,#7060,#7061,#7062,#7063,#7064,#7065,#7066,#7067,#7068,
#7069,#7070,#7071,#7072,#7073,#7074,#7075,#7076,#7077,#7078,#7079,#7080,#7081,#7082,
#7083,#7084),
.UNSPECIFIED.,.F.,.F.,
(4,2,2,2,2,2,2,2,2,2,2,2,2,2,4),
(0.,0.0684364895459459,0.136903904609257,0.20543536139604,0.274068693079301,0.342849737544878,
0.411837031360814,0.481109002798209,0.550775666282663,0.620998739322871,0.692028404768448,
0.764275376683528,0.838464877200103,0.916004082576885,1.),
.UNSPECIFIED.);
#3506=VERTEX_POINT('',#7085);
#3507=B_SPLINE_CURVE_WITH_KNOTS('',3,
(#7086,#7087,#7088,#7089,#7090,#7091,#7092,#7093,#7094,#7095,#7096,#7097,#7098,#7099,
#7100,#7101,#7102,#7103,#7104,#7105,#7106,#7107,#7108,#7109,#7110,#7111,#7112,#7113,
#7114,#7115),
.UNSPECIFIED.,.F.,.F.,
(4,2,2,2,2,2,2,2,2,2,2,2,2,2,4),
(0.,0.0636866778521681,0.12856744918548,0.194640090525953,0.261903736974102,0.330357961586132,
0.400002522160914,0.470837268021406,0.542862099033218,0.616076945260474,0.690481755925174,
0.766076492991057,0.842861127226683,0.920835635680376,1.),
.UNSPECIFIED.);
#3508=VERTEX_POINT('',#7116);
#3509=CIRCLE('',#7117,13.894);
#3510=VERTEX_POINT('',#7121);
#3511=B_SPLINE_CURVE_WITH_KNOTS('',3,
(#7122,#7123,#7124,#7125,#7126,#7127,#7128,#7129,#7130,#7131,#7132,#7133,#7134,#7135,
#7136,#7137,#7138,#7139,#7140,#7141,#7142,#7143,#7144,#7145,#7146,#7147,#7148,#7149,
#7150,#7151),
.UNSPECIFIED.,.F.,.F.,
(4,2,2,2,2,2,2,2,2,2,2,2,2,2,4),
(0.,0.0791643643196287,0.157138872773325,0.233923507008953,0.309518244074838,0.383923054739535,
0.45713790096679,0.5291627319786,0.599997477839088,0.669642038413869,0.738096263025901,
0.805359909474051,0.871432550814523,0.936313322147835,1.),
.UNSPECIFIED.);
#3512=VERTEX_POINT('',#7152);
#3513=B_SPLINE_CURVE_WITH_KNOTS('',3,
(#7153,#7154,#7155,#7156,#7157,#7158,#7159,#7160,#7161,#7162,#7163,#7164,#7165,#7166,
#7167,#7168,#7169,#7170,#7171,#7172,#7173,#7174,#7175,#7176,#7177,#7178,#7179,#7180,
#7181,#7182),
.UNSPECIFIED.,.F.,.F.,
(4,2,2,2,2,2,2,2,2,2,2,2,2,2,4),
(0.,0.0839959174230824,0.161535122799846,0.235724623316405,0.307971595231485,0.379001260677067,
0.449224333717288,0.518890997201741,0.588162968639136,0.657150262455076,0.725931306920668,
0.794564638603943,0.863096095390739,0.931563510454054,1.),
.UNSPECIFIED.);
#3514=VERTEX_POINT('',#7183);
#3515=CIRCLE('',#7184,10.48425);
#3516=VERTEX_POINT('',#7188);
#3517=B_SPLINE_CURVE_WITH_KNOTS('',3,
(#7189,#7190,#7191,#7192,#7193,#7194,#7195,#7196,#7197,#7198,#7199,#7200,#7201,#7202,
#7203,#7204,#7205,#7206,#7207,#7208,#7209,#7210,#7211,#7212,#7213,#7214,#7215,#7216,
#7217,#7218),
.UNSPECIFIED.,.F.,.F.,
(4,2,2,2,2,2,2,2,2,2,2,2,2,2,4),
(0.,0.0684364895459459,0.136903904609257,0.20543536139604,0.274068693079301,0.342849737544878,
0.411837031360814,0.481109002798209,0.550775666282663,0.620998739322871,0.692028404768448,
0.764275376683528,0.838464877200103,0.916004082576885,1.),
.UNSPECIFIED.);
#3518=VERTEX_POINT('',#7219);
#3519=B_SPLINE_CURVE_WITH_KNOTS('',3,
(#7220,#7221,#7222,#7223,#7224,#7225,#7226,#7227,#7228,#7229,#7230,#7231,#7232,#7233,
#7234,#7235,#7236,#7237,#7238,#7239,#7240,#7241,#7242,#7243,#7244,#7245,#7246,#7247,
#7248,#7249),
.UNSPECIFIED.,.F.,.F.,
(4,2,2,2,2,2,2,2,2,2,2,2,2,2,4),
(0.,0.0636866778521681,0.12856744918548,0.194640090525953,0.261903736974102,0.330357961586132,
0.400002522160914,0.470837268021406,0.542862099033218,0.616076945260474,0.690481755925174,
0.766076492991057,0.842861127226683,0.920835635680376,1.),
.UNSPECIFIED.);
#3520=VERTEX_POINT('',#7250);
#3521=CIRCLE('',#7251,13.894);
#3522=VERTEX_POINT('',#7255);
#3523=B_SPLINE_CURVE_WITH_KNOTS('',3,
(#7256,#7257,#7258,#7259,#7260,#7261,#7262,#7263,#7264,#7265,#7266,#7267,#7268,#7269,
#7270,#7271,#7272,#7273,#7274,#7275,#7276,#7277,#7278,#7279,#7280,#7281,#7282,#7283,
#7284,#7285),
.UNSPECIFIED.,.F.,.F.,
(4,2,2,2,2,2,2,2,2,2,2,2,2,2,4),
(0.,0.0791643643196287,0.157138872773325,0.233923507008953,0.309518244074838,0.383923054739535,
0.45713790096679,0.5291627319786,0.599997477839088,0.669642038413869,0.738096263025901,
0.805359909474051,0.871432550814523,0.936313322147835,1.),
.UNSPECIFIED.);
#3524=VERTEX_POINT('',#7286);
#3525=B_SPLINE_CURVE_WITH_KNOTS('',3,
(#7287,#7288,#7289,#7290,#7291,#7292,#7293,#7294,#7295,#7296,#7297,#7298,#7299,#7300,
#7301,#7302,#7303,#7304,#7305,#7306,#7307,#7308,#7309,#7310,#7311,#7312,#7313,#7314,
#7315,#7316),
.UNSPECIFIED.,.F.,.F.,
(4,2,2,2,2,2,2,2,2,2,2,2,2,2,4),
(0.,0.0839959174230824,0.161535122799846,0.235724623316405,0.307971595231485,0.379001260677067,
0.449224333717288,0.518890997201741,0.588162968639136,0.657150262455076,0.725931306920668,
0.794564638603943,0.863096095390739,0.931563510454054,1.),
.UNSPECIFIED.);
#3526=VERTEX_POINT('',#7317);
#3527=CIRCLE('',#7318,10.48425);
#3528=VERTEX_POINT('',#7322);
#3529=B_SPLINE_CURVE_WITH_KNOTS('',3,
(#7323,#7324,#7325,#7326,#7327,#7328,#7329,#7330,#7331,#7332,#7333,#7334,#7335,#7336,
#7337,#7338,#7339,#7340,#7341,#7342,#7343,#7344,#7345,#7346,#7347,#7348,#7349,#7350,
#7351,#7352),
.UNSPECIFIED.,.F.,.F.,
(4,2,2,2,2,2,2,2,2,2,2,2,2,2,4),
(0.,0.0684364895459459,0.136903904609257,0.20543536139604,0.274068693079301,0.342849737544878,
0.411837031360814,0.481109002798209,0.550775666282663,0.620998739322871,0.692028404768448,
0.764275376683528,0.838464877200103,0.916004082576885,1.),
.UNSPECIFIED.);
#3530=VERTEX_POINT('',#7353);
#3531=B_SPLINE_CURVE_WITH_KNOTS('',3,
(#7354,#7355,#7356,#7357,#7358,#7359,#7360,#7361,#7362,#7363,#7364,#7365,#7366,#7367,
#7368,#7369,#7370,#7371,#7372,#7373,#7374,#7375,#7376,#7377,#7378,#7379,#7380,#7381,
#7382,#7383),
.UNSPECIFIED.,.F.,.F.,
(4,2,2,2,2,2,2,2,2,2,2,2,2,2,4),
(0.,0.0636866778521681,0.12856744918548,0.194640090525953,0.261903736974102,0.330357961586132,
0.400002522160914,0.470837268021406,0.542862099033218,0.616076945260474,0.690481755925174,
0.766076492991057,0.842861127226683,0.920835635680376,1.),
.UNSPECIFIED.);
#3532=VERTEX_POINT('',#7384);
#3533=CIRCLE('',#7385,13.894);
#3534=B_SPLINE_CURVE_WITH_KNOTS('',3,
(#7389,#7390,#7391,#7392,#7393,#7394,#7395,#7396,#7397,#7398,#7399,#7400,#7401,#7402,
#7403,#7404,#7405,#7406,#7407,#7408,#7409,#7410,#7411,#7412,#7413,#7414,#7415,#7416,
#7417,#7418),
.UNSPECIFIED.,.F.,.F.,
(4,2,2,2,2,2,2,2,2,2,2,2,2,2,4),
(0.,0.0791643643196287,0.157138872773325,0.233923507008953,0.309518244074838,0.383923054739535,
0.45713790096679,0.5291627319786,0.599997477839088,0.669642038413869,0.738096263025901,
0.805359909474051,0.871432550814523,0.936313322147835,1.),
.UNSPECIFIED.);
#3535=LINE('',#7419,#7420);
#3536=LINE('',#7422,#7423);
#3537=LINE('',#7425,#7426);
#3538=LINE('',#7428,#7429);
#3539=LINE('',#7431,#7432);
#3540=LINE('',#7434,#7435);
#3541=LINE('',#7437,#7438);
#3542=LINE('',#7440,#7441);
#3543=LINE('',#7443,#7444);
#3544=LINE('',#7446,#7447);
#3545=LINE('',#7449,#7450);
#3546=LINE('',#7452,#7453);
#3547=LINE('',#7455,#7456);
#3548=LINE('',#7458,#7459);
#3549=LINE('',#7461,#7462);
#3550=LINE('',#7464,#7465);
#3551=LINE('',#7467,#7468);
#3552=LINE('',#7470,#7471);
#3553=LINE('',#7473,#7474);
#3554=LINE('',#7476,#7477);
#3555=LINE('',#7479,#7480);
#3556=LINE('',#7482,#7483);
#3557=LINE('',#7485,#7486);
#3558=LINE('',#7488,#7489);
#3559=LINE('',#7491,#7492);
#3560=LINE('',#7494,#7495);
#3561=LINE('',#7497,#7498);
#3562=LINE('',#7500,#7501);
#3563=LINE('',#7503,#7504);
#3564=LINE('',#7506,#7507);
#3565=LINE('',#7509,#7510);
#3566=LINE('',#7512,#7513);
#3567=LINE('',#7515,#7516);
#3568=LINE('',#7518,#7519);
#3569=LINE('',#7521,#7522);
#3570=LINE('',#7524,#7525);
#3571=LINE('',#7527,#7528);
#3572=LINE('',#7530,#7531);
#3573=LINE('',#7533,#7534);
#3574=LINE('',#7536,#7537);
#3575=LINE('',#7539,#7540);
#3576=LINE('',#7542,#7543);
#3577=LINE('',#7545,#7546);
#3578=LINE('',#7548,#7549);
#3579=LINE('',#7551,#7552);
#3580=LINE('',#7554,#7555);
#3581=LINE('',#7557,#7558);
#3582=LINE('',#7560,#7561);
#3583=LINE('',#7563,#7564);
#3584=LINE('',#7566,#7567);
#3585=LINE('',#7569,#7570);
#3586=LINE('',#7572,#7573);
#3587=LINE('',#7575,#7576);
#3588=LINE('',#7578,#7579);
#3589=LINE('',#7581,#7582);
#3590=LINE('',#7584,#7585);
#3591=LINE('',#7587,#7588);
#3592=LINE('',#7590,#7591);
#3593=LINE('',#7593,#7594);
#3594=LINE('',#7596,#7597);
#3595=LINE('',#7599,#7600);
#3596=LINE('',#7602,#7603);
#3597=LINE('',#7605,#7606);
#3598=LINE('',#7608,#7609);
#3599=LINE('',#7611,#7612);
#3600=LINE('',#7614,#7615);
#3601=LINE('',#7617,#7618);
#3602=LINE('',#7620,#7621);
#3603=LINE('',#7623,#7624);
#3604=LINE('',#7626,#7627);
#3605=LINE('',#7629,#7630);
#3606=LINE('',#7632,#7633);
#3607=LINE('',#7635,#7636);
#3608=LINE('',#7638,#7639);
#3609=LINE('',#7641,#7642);
#3610=LINE('',#7644,#7645);
#3611=LINE('',#7647,#7648);
#3612=LINE('',#7650,#7651);
#3613=LINE('',#7653,#7654);
#3614=LINE('',#7656,#7657);
#3615=CARTESIAN_POINT('',(-1.49999999999148,-1.67705098314962,-4.4032074430794));
#3616=CARTESIAN_POINT('',(1.49999999999148,-1.67705098314962,-4.40320745290587));
#3617=AXIS2_PLACEMENT_3D('',#3618,#3619,#3620);
#3618=CARTESIAN_POINT('',(-4.44089209850063E-16,-1.67705098315915,-4.01269495913296));
#3619=DIRECTION('',(0.,-1.,0.));
#3620=DIRECTION('',(-0.967741935483871,0.,-0.251943537932474));
#3621=CARTESIAN_POINT('',(1.49999999999148,-1.67705098314962,-7.));
#3622=CARTESIAN_POINT('',(1.49999999999148,-1.67705098314962,-4.40320745290587));
#3623=VECTOR('',#3624,1.);
#3624=DIRECTION('',(0.,0.,-1.));
#3625=CARTESIAN_POINT('',(-1.49999999999148,-1.67705098314962,-7.));
#3626=CARTESIAN_POINT('',(1.5,-1.67705098315915,-7.));
#3627=VECTOR('',#3628,1.);
#3628=DIRECTION('',(-1.,0.,0.));
#3629=CARTESIAN_POINT('',(-1.49999999999148,-1.67705098314962,-4.4032074430794));
#3630=VECTOR('',#3631,1.);
#3631=DIRECTION('',(0.,0.,-1.));
#3632=CARTESIAN_POINT('',(1.49999999999148,-1.67705098314962,-3.62218247527209));
#3633=CARTESIAN_POINT('',(-1.49999999999148,-1.67705098314962,-3.62218247518652));
#3634=AXIS2_PLACEMENT_3D('',#3635,#3636,#3637);
#3635=CARTESIAN_POINT('',(-4.44089209850063E-16,-1.67705098315915,-4.01269495913296));
#3636=DIRECTION('',(0.,-1.,0.));
#3637=DIRECTION('',(0.967741935483877,0.,0.25194353793245));
#3638=CARTESIAN_POINT('',(-1.49999999999148,-1.67705098314962,8.));
#3639=CARTESIAN_POINT('',(-1.49999999999148,-1.67705098314962,8.));
#3640=VECTOR('',#3641,1.);
#3641=DIRECTION('',(0.,0.,-1.));
#3642=CARTESIAN_POINT('',(1.49999999999148,-1.67705098314962,8.));
#3643=CARTESIAN_POINT('',(-1.5,-1.67705098315915,8.));
#3644=VECTOR('',#3645,1.);
#3645=DIRECTION('',(1.,0.,0.));
#3646=CARTESIAN_POINT('',(1.49999999999148,-1.67705098314962,8.));
#3647=VECTOR('',#3648,1.);
#3648=DIRECTION('',(0.,0.,-1.));
#3649=CARTESIAN_POINT('',(-1.55,-1.63095064303164,-4.01269495913296));
#3650=CARTESIAN_POINT('',(-1.49999999997251,-1.67705098314009,-3.62218247518924));
#3651=CARTESIAN_POINT('',(-1.50189030030252,-1.67536022611204,-3.62944340996055));
#3652=CARTESIAN_POINT('',(-1.50560924851393,-1.67202228914157,-3.64416587772478));
#3653=CARTESIAN_POINT('',(-1.51091085127812,-1.66723265873116,-3.66653274239922));
#3654=CARTESIAN_POINT('',(-1.5159844007419,-1.66262029216768,-3.68946336518351));
#3655=CARTESIAN_POINT('',(-1.52077813446213,-1.65823615563437,-3.71281712571587));
#3656=CARTESIAN_POINT('',(-1.52526565997571,-1.65410886869572,-3.73654239759171));
#3657=CARTESIAN_POINT('',(-1.5294111356946,-1.65027614531136,-3.76050373932658));
#3658=CARTESIAN_POINT('',(-1.5332153066395,-1.64674193704371,-3.78476158674728));
#3659=CARTESIAN_POINT('',(-1.53666386052323,-1.64352391094885,-3.80929627749033));
#3660=CARTESIAN_POINT('',(-1.53974822894668,-1.64063421747868,-3.83412891723424));
#3661=CARTESIAN_POINT('',(-1.54244904266298,-1.63809489557748,-3.85918785236063));
#3662=CARTESIAN_POINT('',(-1.54475774858379,-1.63591756636962,-3.88447756197002));
#3663=CARTESIAN_POINT('',(-1.54666080110706,-1.63411816294454,-3.90993748083096));
#3664=CARTESIAN_POINT('',(-1.54814989554295,-1.6327072375607,-3.93554613982643));
#3665=CARTESIAN_POINT('',(-1.54921646302868,-1.63169506152259,-3.96122701793382));
#3666=CARTESIAN_POINT('',(-1.5498570796935,-1.6310865103134,-3.98693665308436));
#3667=CARTESIAN_POINT('',(-1.54999997031738,-1.63095062182934,-4.00411072747456));
#3668=CARTESIAN_POINT('',(-1.54999999999959,-1.63095064303121,-4.01269495279908));
#3669=CARTESIAN_POINT('',(-1.54999999999959,-1.63095064303121,-4.0126949594271));
#3670=CARTESIAN_POINT('',(-1.54999997275158,-1.63095062338369,-4.02109912317721));
#3671=CARTESIAN_POINT('',(-1.54986291493003,-1.63108096149999,-4.03792575465626));
#3672=CARTESIAN_POINT('',(-1.54924759531514,-1.63166549249867,-4.06313620250916));
#3673=CARTESIAN_POINT('',(-1.54822028834166,-1.6326404655302,-4.08837070641267));
#3674=CARTESIAN_POINT('',(-1.54678158884366,-1.63400379634633,-4.11358765942353));
#3675=CARTESIAN_POINT('',(-1.54493523883589,-1.63574990107159,-4.13873692737047));
#3676=CARTESIAN_POINT('',(-1.5426855448967,-1.6378721157122,-4.16379667553877));
#3677=CARTESIAN_POINT('',(-1.54003872290074,-1.64036148287882,-4.18873430456338));
#3678=CARTESIAN_POINT('',(-1.53700121568827,-1.64320837565228,-4.2135287265016));
#3679=CARTESIAN_POINT('',(-1.53358668744296,-1.6463960428248,-4.23811909269306));
#3680=CARTESIAN_POINT('',(-1.52980229751537,-1.64991353257848,-4.2625081845566));
#3681=CARTESIAN_POINT('',(-1.52565437888138,-1.65375036684111,-4.28669987148403));
#3682=CARTESIAN_POINT('',(-1.52114085152734,-1.65790350389559,-4.31073721015597));
#3683=CARTESIAN_POINT('',(-1.51629309003116,-1.66233889972099,-4.33448607915066));
#3684=CARTESIAN_POINT('',(-1.5111403434369,-1.66702483396924,-4.35786499426199));
#3685=CARTESIAN_POINT('',(-1.50573491929901,-1.67190934520001,-4.38072095151076));
#3686=CARTESIAN_POINT('',(-1.50193461188845,-1.6753205905688,-4.39577629466194));
#3687=CARTESIAN_POINT('',(-1.49999999997251,-1.67705098314009,-4.40320744307668));
#3688=AXIS2_PLACEMENT_3D('',#3689,#3690,#3691);
#3689=CARTESIAN_POINT('',(0.,0.,-7.));
#3690=DIRECTION('',(0.,0.,-1.));
#3691=DIRECTION('',(-0.666666666659089,-0.745355992506707,0.));
#3692=CARTESIAN_POINT('',(1.4999999987746,-1.67705098314009,-4.40320745259124));
#3693=CARTESIAN_POINT('',(1.50123387566069,-1.67594736987289,-4.39846802034974));
#3694=CARTESIAN_POINT('',(1.50368292390887,-1.67375192790518,-4.38887491483194));
#3695=CARTESIAN_POINT('',(1.50725639927802,-1.67053455952131,-4.37429524977109));
#3696=CARTESIAN_POINT('',(1.51076506521628,-1.66736205807278,-4.35934918478123));
#3697=CARTESIAN_POINT('',(1.51419089347752,-1.66425146166307,-4.3440702430552));
#3698=CARTESIAN_POINT('',(1.517538540236,-1.66119939443896,-4.32839110745092));
#3699=CARTESIAN_POINT('',(1.52078825749779,-1.65822476778444,-4.31235250331466));
#3700=CARTESIAN_POINT('',(1.52393430068013,-1.65533383632917,-4.29592495639255));
#3701=CARTESIAN_POINT('',(1.52693824270172,-1.65256313164205,-4.27925891750701));
#3702=CARTESIAN_POINT('',(1.52978869892833,-1.64992462604341,-4.26238403604344));
#3703=CARTESIAN_POINT('',(1.53247647782991,-1.64742832244042,-4.24532464310299));
#3704=CARTESIAN_POINT('',(1.53501362193766,-1.6450644208204,-4.22795652277646));
#3705=CARTESIAN_POINT('',(1.53738727752348,-1.64284620090775,-4.21030069240497));
#3706=CARTESIAN_POINT('',(1.53959608272806,-1.64077625321345,-4.19229218480187));
#3707=CARTESIAN_POINT('',(1.54162413822482,-1.63887076166572,-4.17397288870835));
#3708=CARTESIAN_POINT('',(1.54346693043012,-1.63713522494746,-4.15527611184412));
#3709=CARTESIAN_POINT('',(1.5451024066625,-1.63559164349,-4.13631172438324));
#3710=CARTESIAN_POINT('',(1.54658277498871,-1.6341918318632,-4.11624963849787));
#3711=CARTESIAN_POINT('',(1.54790845228706,-1.6329361310436,-4.09431241558452));
#3712=CARTESIAN_POINT('',(1.54924387826173,-1.63166921495977,-4.0648472359274));
#3713=CARTESIAN_POINT('',(1.54990008014782,-1.63104560059138,-4.03733297186369));
#3714=CARTESIAN_POINT('',(1.55007014581033,-1.6308839752345,-4.00451235915883));
#3715=CARTESIAN_POINT('',(1.54957216757807,-1.63135732161025,-3.96650183663565));
#3716=CARTESIAN_POINT('',(1.54746215771467,-1.63336074123744,-3.91933940103319));
#3717=CARTESIAN_POINT('',(1.54397886772192,-1.63665432118778,-3.87435127116867));
#3718=CARTESIAN_POINT('',(1.5399688365775,-1.64042886530082,-3.83534364624321));
#3719=CARTESIAN_POINT('',(1.53497696370099,-1.64510389022974,-3.79603849885206));
#3720=CARTESIAN_POINT('',(1.52838378592188,-1.65123518970169,-3.75343951598365));
#3721=CARTESIAN_POINT('',(1.52069305279144,-1.6583222742119,-3.71176465728374));
#3722=CARTESIAN_POINT('',(1.51292658557876,-1.66540886393101,-3.67515485096094));
#3723=CARTESIAN_POINT('',(1.50610295141825,-1.67157932235401,-3.64611425814267));
#3724=CARTESIAN_POINT('',(1.50185530571087,-1.67539153313502,-3.62930878693488));
#3725=CARTESIAN_POINT('',(1.49999999998294,-1.67705098314009,-3.62218247527209));
#3726=AXIS2_PLACEMENT_3D('',#3727,#3728,#3729);
#3727=CARTESIAN_POINT('',(0.,0.,8.));
#3728=DIRECTION('',(0.,0.,-1.));
#3729=DIRECTION('',(-0.666666666659089,-0.745355992506707,0.));
#3730=CARTESIAN_POINT('',(-0.927361849549569,2.05,-5.25466919397039));
#3731=CARTESIAN_POINT('',(-0.927361849549569,2.05,-2.77072072429554));
#3732=CARTESIAN_POINT('',(-0.92736184954957,2.05,-5.25466919397039));
#3733=CARTESIAN_POINT('',(-0.962680780967959,2.03402812962685,-5.22829052414197));
#3734=CARTESIAN_POINT('',(-1.02977915075121,2.00149787271565,-5.17357546058538));
#3735=CARTESIAN_POINT('',(-1.12134740341316,1.95151085352205,-5.08521296830393));
#3736=CARTESIAN_POINT('',(-1.21146755984694,1.89699400603176,-4.98300313630368));
#3737=CARTESIAN_POINT('',(-1.30455215667624,1.83447898431978,-4.85583323104213));
#3738=CARTESIAN_POINT('',(-1.39432643862962,1.76699361244879,-4.69877225867118));
#3739=CARTESIAN_POINT('',(-1.46371697053045,1.70934823671944,-4.53252410483467));
#3740=CARTESIAN_POINT('',(-1.50747851255527,1.67050816875692,-4.38196269518886));
#3741=CARTESIAN_POINT('',(-1.53291348319129,1.64708353034164,-4.25249584707093));
#3742=CARTESIAN_POINT('',(-1.54671826531974,1.63407659159483,-4.1343735075039));
#3743=CARTESIAN_POINT('',(-1.54994248391354,1.63100529329083,-4.05413900553082));
#3744=CARTESIAN_POINT('',(-1.55005108643646,1.63090209365338,-3.97869746500758));
#3745=CARTESIAN_POINT('',(-1.547514512409,1.6333179780993,-3.90494942993583));
#3746=CARTESIAN_POINT('',(-1.53606549258723,1.64412498684009,-3.79556389261542));
#3747=CARTESIAN_POINT('',(-1.51582515662225,1.6628724920171,-3.68189662608632));
#3748=CARTESIAN_POINT('',(-1.48539746472035,1.69022621534827,-3.56393199273865));
#3749=CARTESIAN_POINT('',(-1.44229107263847,1.72733622917826,-3.43958692209577));
#3750=CARTESIAN_POINT('',(-1.38492507120409,1.77392052186665,-3.31157364232053));
#3751=CARTESIAN_POINT('',(-1.31323221081581,1.82785171446582,-3.18497002200004));
#3752=CARTESIAN_POINT('',(-1.23145826543093,1.88400806083167,-3.06795725909553));
#3753=CARTESIAN_POINT('',(-1.14783990581908,1.93598984200958,-2.968687015759));
#3754=CARTESIAN_POINT('',(-1.06814346597901,1.98090649717737,-2.88792275584275));
#3755=CARTESIAN_POINT('',(-0.996222388641762,2.0179180072224,-2.82412290038699));
#3756=CARTESIAN_POINT('',(-0.949403087978677,2.04003015284054,-2.787179871352));
#3757=CARTESIAN_POINT('',(-0.927361849549569,2.05,-2.77072072429554));
#3758=CARTESIAN_POINT('',(-0.927361849549571,2.05,-2.77072072429554));
#3759=VECTOR('',#3760,1.);
#3760=DIRECTION('',(0.,0.,-1.));
#3761=CARTESIAN_POINT('',(0.92736184954957,2.05,-2.77072072429554));
#3762=CARTESIAN_POINT('',(0.927361849767284,2.05,-5.25466919380782));
#3763=CARTESIAN_POINT('',(0.927361849807309,2.04999999993265,-5.25466919390223));
#3764=CARTESIAN_POINT('',(0.95200961819846,2.03885175838954,-5.23626431756337));
#3765=CARTESIAN_POINT('',(1.00001705124582,2.0160621474397,-5.19813721230179));
#3766=CARTESIAN_POINT('',(1.06803041610194,1.980828732088,-5.13722459802602));
#3767=CARTESIAN_POINT('',(1.13168152275954,1.94511663149534,-5.07311223258446));
#3768=CARTESIAN_POINT('',(1.19090810883294,1.90938239487751,-5.00611048475476));
#3769=CARTESIAN_POINT('',(1.24538410810403,1.87425369264462,-4.93685770152619));
#3770=CARTESIAN_POINT('',(1.29506960603267,1.84021830341436,-4.86577566379452));
#3771=CARTESIAN_POINT('',(1.33961958281299,1.80799165871361,-4.79388048497556));
#3772=CARTESIAN_POINT('',(1.37941846919389,1.77776572194759,-4.72117091899543));
#3773=CARTESIAN_POINT('',(1.41781539118746,1.74730889162033,-4.64128219495492));
#3774=CARTESIAN_POINT('',(1.45359540175243,1.71763384093949,-4.55395034670287));
#3775=CARTESIAN_POINT('',(1.48523935952937,1.69027525909382,-4.45964756134088));
#3776=CARTESIAN_POINT('',(1.50801868473889,1.66990726003269,-4.37420123404469));
#3777=CARTESIAN_POINT('',(1.52395399963142,1.65534258871504,-4.29834644684197));
#3778=CARTESIAN_POINT('',(1.53478006887764,1.64529711398894,-4.23264919466654));
#3779=CARTESIAN_POINT('',(1.54260790936529,1.63795172035407,-4.16830894428582));
#3780=CARTESIAN_POINT('',(1.54764488931433,1.63318806982689,-4.10542893680584));
#3781=CARTESIAN_POINT('',(1.54969790892637,1.63123773732197,-4.053575645416));
#3782=CARTESIAN_POINT('',(1.5500991333432,1.63085643133359,-4.01277624283434));
#3783=CARTESIAN_POINT('',(1.5497073802652,1.63122873412991,-3.97261837797106));
#3784=CARTESIAN_POINT('',(1.54777501788784,1.63306447949119,-3.92283269516111));
#3785=CARTESIAN_POINT('',(1.54233512058256,1.63821032376507,-3.8525323666541));
#3786=CARTESIAN_POINT('',(1.53068620949152,1.64914120272094,-3.76072865975715));
#3787=CARTESIAN_POINT('',(1.506137948485,1.67173453703624,-3.63745841374526));
#3788=CARTESIAN_POINT('',(1.46505347987201,1.70810604634442,-3.49889980336966));
#3789=CARTESIAN_POINT('',(1.40832030969244,1.75534278080505,-3.35978642125644));
#3790=CARTESIAN_POINT('',(1.34107207670246,1.80740569850019,-3.23112283994398));
#3791=CARTESIAN_POINT('',(1.26665876137425,1.86038697465532,-3.11599996206932));
#3792=CARTESIAN_POINT('',(1.19035959967423,1.91000508931067,-3.01770749174756));
#3793=CARTESIAN_POINT('',(1.12047877386539,1.95164551148054,-2.94032787001398));
#3794=CARTESIAN_POINT('',(1.05611986432771,1.98712562622701,-2.87718847096614));
#3795=CARTESIAN_POINT('',(0.993827855289251,2.01903781954411,-2.82225721648709));
#3796=CARTESIAN_POINT('',(0.949947028648747,2.03978408316244,-2.78758559816863));
#3797=CARTESIAN_POINT('',(0.92736184954957,2.05,-2.77072072429554));
#3798=CARTESIAN_POINT('',(0.927361849549571,2.05,-2.77072072429554));
#3799=VECTOR('',#3800,1.);
#3800=DIRECTION('',(-1.78783583988035E-16,1.78783583988035E-16,-1.));
#3801=CARTESIAN_POINT('',(-10.,-1.22464679914735E-15,0.));
#3802=AXIS2_PLACEMENT_3D('',#3803,#3804,#3805);
#3803=CARTESIAN_POINT('',(0.,0.,0.));
#3804=DIRECTION('',(0.,0.,-1.));
#3805=DIRECTION('',(-1.,0.,0.));
#3806=CARTESIAN_POINT('',(-10.,-1.22464679914735E-15,-7.));
#3807=AXIS2_PLACEMENT_3D('',#3808,#3809,#3810);
#3808=CARTESIAN_POINT('',(0.,0.,-7.));
#3809=DIRECTION('',(0.,0.,-1.));
#3810=DIRECTION('',(-1.,0.,0.));
#3811=CARTESIAN_POINT('',(-1.55,-9.87914469982093,-4.01269495913296));
#3812=CARTESIAN_POINT('',(-1.55,-9.87914469982094,-4.01269495854726));
#3813=CARTESIAN_POINT('',(-1.55000015743106,-9.87914461689329,-4.06505180933358));
#3814=CARTESIAN_POINT('',(-1.54473472791037,-9.87997301648978,-4.16887190033963));
#3815=CARTESIAN_POINT('',(-1.52146874331505,-9.8835945096788,-4.32163586321224));
#3816=CARTESIAN_POINT('',(-1.48363042630053,-9.88936368666636,-4.46993157065226));
#3817=CARTESIAN_POINT('',(-1.43119501550253,-9.89711516429091,-4.61449377747291));
#3818=CARTESIAN_POINT('',(-1.36276167039808,-9.90680917460385,-4.75699590673976));
#3819=CARTESIAN_POINT('',(-1.27720640117534,-9.91825436684854,-4.89615028595182));
#3820=CARTESIAN_POINT('',(-1.17474754783607,-9.9309657540606,-5.02854688300918));
#3821=CARTESIAN_POINT('',(-1.05838881878849,-9.94408682712271,-5.14918645775127));
#3822=CARTESIAN_POINT('',(-0.934258530857497,-9.95653373825877,-5.25285332600289));
#3823=CARTESIAN_POINT('',(-0.808136820609979,-9.967553748045,-5.33801907876303));
#3824=CARTESIAN_POINT('',(-0.678529897162349,-9.97724222623485,-5.40883566582254));
#3825=CARTESIAN_POINT('',(-0.535903470138243,-9.98601924516819,-5.47013706045851));
#3826=CARTESIAN_POINT('',(-0.370111895194388,-9.9936841535379,-5.52162307329655));
#3827=CARTESIAN_POINT('',(-0.188348040112275,-9.99882293029832,-5.55512595828562));
#3828=CARTESIAN_POINT('',(-0.0584416331436678,-10.0000297719901,-5.56288703515383));
#3829=CARTESIAN_POINT('',(0.0712904563517968,-9.99996714698918,-5.56248293780987));
#3830=CARTESIAN_POINT('',(0.204093532508155,-9.99853986975512,-5.55330536544729));
#3831=CARTESIAN_POINT('',(0.39520079357379,-9.99278061434064,-5.51566970718651));
#3832=CARTESIAN_POINT('',(0.573156680161943,-9.98404825240542,-5.45673559370344));
#3833=CARTESIAN_POINT('',(0.729812751149216,-9.97367553260478,-5.38333206960661));
#3834=CARTESIAN_POINT('',(0.862470011564677,-9.96298490081122,-5.30333075666918));
#3835=CARTESIAN_POINT('',(0.981194679214381,-9.95196353046176,-5.2155420046184));
#3836=CARTESIAN_POINT('',(1.09638833811763,-9.93994094246661,-5.11231601897003));
#3837=CARTESIAN_POINT('',(1.20975202020487,-9.9267685187115,-4.98712970961059));
#3838=CARTESIAN_POINT('',(1.31527321383705,-9.91329266619576,-4.83975704821431));
#3839=CARTESIAN_POINT('',(1.40416371970172,-9.90103212006244,-4.67775363201733));
#3840=CARTESIAN_POINT('',(1.47174411887098,-9.891159047167,-4.50966030685507));
#3841=CARTESIAN_POINT('',(1.51776598114185,-9.88416920486425,-4.34198161828229));
#3842=CARTESIAN_POINT('',(1.54408475972479,-9.88007515888503,-4.17765755534888));
#3843=CARTESIAN_POINT('',(1.54995462254877,-9.87915181882941,-4.06790578522042));
#3844=CARTESIAN_POINT('',(1.55004392364553,-9.87913780832201,-3.96095245742688));
#3845=CARTESIAN_POINT('',(1.54450803643072,-9.88000859627572,-3.85230812702766));
#3846=CARTESIAN_POINT('',(1.51901978125736,-9.88397560342086,-3.68941360324211));
#3847=CARTESIAN_POINT('',(1.47402342016954,-9.89081730635729,-3.52270616505296));
#3848=CARTESIAN_POINT('',(1.40784859037323,-9.90050452518114,-3.35561728550417));
#3849=CARTESIAN_POINT('',(1.32061337452802,-9.91257696946089,-3.19428056928473));
#3850=CARTESIAN_POINT('',(1.21675628229696,-9.92590641194289,-3.04707719043712));
#3851=CARTESIAN_POINT('',(1.10484082153522,-9.93899985373068,-2.92159675721898));
#3852=CARTESIAN_POINT('',(0.990817025670687,-9.95100644785564,-2.81777366923946));
#3853=CARTESIAN_POINT('',(0.872827327619077,-9.96208072585163,-2.7290344290191));
#3854=CARTESIAN_POINT('',(0.740520152998888,-9.97288593537348,-2.64778853837213));
#3855=CARTESIAN_POINT('',(0.583819422563551,-9.98343165530706,-2.57289960120475));
#3856=CARTESIAN_POINT('',(0.419025429963955,-9.99169265656978,-2.51701615543688));
#3857=CARTESIAN_POINT('',(0.269745485548456,-9.99664476987922,-2.48444532750346));
#3858=CARTESIAN_POINT('',(0.16061208056115,-9.99884299915525,-2.47017062434964));
#3859=CARTESIAN_POINT('',(0.0796429988221621,-9.99975659028137,-2.46426501844395));
#3860=CARTESIAN_POINT('',(0.0308499822313807,-9.99998246985668,-2.46280806707));
#3861=CARTESIAN_POINT('',(-0.0127983463585387,-10.0000114243852,-2.46262125383611));
#3862=CARTESIAN_POINT('',(-0.056095752257853,-9.99989955235842,-2.46334284124673));
#3863=CARTESIAN_POINT('',(-0.130210050796579,-9.99927585393907,-2.46737014365905));
#3864=CARTESIAN_POINT('',(-0.236397764448418,-9.99747508793623,-2.47903725592287));
#3865=CARTESIAN_POINT('',(-0.383103105406528,-9.99312442250891,-2.50752445201993));
#3866=CARTESIAN_POINT('',(-0.547187785417127,-9.98550757652768,-2.55865225050362));
#3867=CARTESIAN_POINT('',(-0.704581984381833,-9.97549614887234,-2.62891937258938));
#3868=CARTESIAN_POINT('',(-0.838594898776395,-9.96502810252392,-2.70642831248658));
#3869=CARTESIAN_POINT('',(-0.958711501236997,-9.95416009228829,-2.79186403355968));
#3870=CARTESIAN_POINT('',(-1.07560009731556,-9.94221934080539,-2.89274516050849));
#3871=CARTESIAN_POINT('',(-1.19114373188828,-9.92902805732184,-3.01560998821806));
#3872=CARTESIAN_POINT('',(-1.29969304467148,-9.91535908263051,-3.16130233132398));
#3873=CARTESIAN_POINT('',(-1.39235605639237,-9.90271093388537,-3.32303539303987));
#3874=CARTESIAN_POINT('',(-1.46430435544348,-9.89227196343553,-3.49362695357798));
#3875=CARTESIAN_POINT('',(-1.51438569558889,-9.88469225964575,-3.66685727548153));
#3876=CARTESIAN_POINT('',(-1.54359504234598,-9.88015271133353,-3.83989800508199));
#3877=CARTESIAN_POINT('',(-1.54999982804642,-9.8791447903984,-3.9555083548568));
#3878=CARTESIAN_POINT('',(-1.55,-9.87914469982094,-4.01269495854726));
#3879=CARTESIAN_POINT('',(2.8,-3.7,-7.));
#3880=CARTESIAN_POINT('',(-2.8,-3.7,-7.));
#3881=CARTESIAN_POINT('',(-2.8,-3.7,-7.));
#3882=VECTOR('',#3883,1.);
#3883=DIRECTION('',(1.,0.,0.));
#3884=CARTESIAN_POINT('',(2.8,-3.7,-1.));
#3885=CARTESIAN_POINT('',(2.8,-3.7,-1.));
#3886=VECTOR('',#3887,1.);
#3887=DIRECTION('',(0.,0.,-1.));
#3888=CARTESIAN_POINT('',(-2.8,-3.7,-1.));
#3889=CARTESIAN_POINT('',(-2.8,-3.7,-1.));
#3890=VECTOR('',#3891,1.);
#3891=DIRECTION('',(1.,0.,0.));
#3892=CARTESIAN_POINT('',(-2.8,-3.7,-1.));
#3893=VECTOR('',#3894,1.);
#3894=DIRECTION('',(0.,0.,-1.));
#3895=CARTESIAN_POINT('',(-1.55,-3.7,-4.01269495913296));
#3896=AXIS2_PLACEMENT_3D('',#3897,#3898,#3899);
#3897=CARTESIAN_POINT('',(-4.44089209850063E-16,-3.7,-4.01269495913296));
#3898=DIRECTION('',(0.,-1.,0.));
#3899=DIRECTION('',(-1.,0.,1.22464679914735E-16));
#3900=CARTESIAN_POINT('',(-2.8,-6.2,-7.));
#3901=CARTESIAN_POINT('',(2.8,-6.2,-7.));
#3902=CARTESIAN_POINT('',(2.8,-6.2,-7.));
#3903=VECTOR('',#3904,1.);
#3904=DIRECTION('',(-1.,0.,0.));
#3905=CARTESIAN_POINT('',(-2.8,-6.2,-1.));
#3906=CARTESIAN_POINT('',(-2.8,-6.2,-1.));
#3907=VECTOR('',#3908,1.);
#3908=DIRECTION('',(0.,0.,-1.));
#3909=CARTESIAN_POINT('',(2.8,-6.2,-1.));
#3910=CARTESIAN_POINT('',(2.8,-6.2,-1.));
#3911=VECTOR('',#3912,1.);
#3912=DIRECTION('',(-1.,0.,0.));
#3913=CARTESIAN_POINT('',(2.8,-6.2,-1.));
#3914=VECTOR('',#3915,1.);
#3915=DIRECTION('',(0.,0.,-1.));
#3916=CARTESIAN_POINT('',(-1.55,-6.2,-4.01269495913296));
#3917=AXIS2_PLACEMENT_3D('',#3918,#3919,#3920);
#3918=CARTESIAN_POINT('',(-4.44089209850063E-16,-6.2,-4.01269495913296));
#3919=DIRECTION('',(0.,-1.,0.));
#3920=DIRECTION('',(-1.,0.,1.22464679914735E-16));
#3921=AXIS2_PLACEMENT_3D('',#3922,#3923,#3924);
#3922=CARTESIAN_POINT('',(-3.66821940932862E-16,2.05,-4.01269495913296));
#3923=DIRECTION('',(0.,-1.,0.));
#3924=DIRECTION('',(0.598297967591797,0.,-0.801273699790231));
#3925=AXIS2_PLACEMENT_3D('',#3926,#3927,#3928);
#3926=CARTESIAN_POINT('',(-3.66821940932862E-16,2.05,-4.01269495913296));
#3927=DIRECTION('',(0.,-1.,0.));
#3928=DIRECTION('',(-0.598297967451335,0.,0.801273699895112));
#3929=CARTESIAN_POINT('',(-2.8,-6.2,-7.));
#3930=VECTOR('',#3931,1.);
#3931=DIRECTION('',(0.,1.,0.));
#3932=CARTESIAN_POINT('',(2.8,-3.7,-7.));
#3933=VECTOR('',#3934,1.);
#3934=DIRECTION('',(0.,-1.,0.));
#3935=CARTESIAN_POINT('',(10.2039394549208,-2.40813572350264,8.));
#3936=CARTESIAN_POINT('',(10.8288961247853,-1.88977205305293,8.));
#3937=CARTESIAN_POINT('',(10.8288961247853,-1.88977205305293,8.));
#3938=CARTESIAN_POINT('',(10.8044838388887,-1.89127359603428,8.));
#3939=CARTESIAN_POINT('',(10.7802693449423,-1.89399519272085,8.));
#3940=CARTESIAN_POINT('',(10.7340820893563,-1.90157550137874,8.));
#3941=CARTESIAN_POINT('',(10.7119729460764,-1.9062434707184,8.));
#3942=CARTESIAN_POINT('',(10.6694589122798,-1.91745285657634,8.));
#3943=CARTESIAN_POINT('',(10.6488292573949,-1.92390760487491,8.));
#3944=CARTESIAN_POINT('',(10.6089805980509,-1.93849627016201,8.));
#3945=CARTESIAN_POINT('',(10.5895640821407,-1.94661943982139,8.));
#3946=CARTESIAN_POINT('',(10.5520484717855,-1.96441096908767,8.));
#3947=CARTESIAN_POINT('',(10.5337722141632,-1.97411112222545,8.));
#3948=CARTESIAN_POINT('',(10.4985335811258,-1.99494128325061,8.));
#3949=CARTESIAN_POINT('',(10.4814106741079,-2.00613082527488,8.));
#3950=CARTESIAN_POINT('',(10.4485173699251,-2.02982776063924,8.));
#3951=CARTESIAN_POINT('',(10.4326011145315,-2.04241489205285,8.));
#3952=CARTESIAN_POINT('',(10.4021789944708,-2.06879223617991,8.));
#3953=CARTESIAN_POINT('',(10.3875409773955,-2.08267804599392,8.));
#3954=CARTESIAN_POINT('',(10.3597403296243,-2.11153280967697,8.));
#3955=CARTESIAN_POINT('',(10.346458855782,-2.12661039787841,8.));
#3956=CARTESIAN_POINT('',(10.3214364493363,-2.15772287279372,8.));
#3957=CARTESIAN_POINT('',(10.309589918645,-2.17387737869496,8.));
#3958=CARTESIAN_POINT('',(10.2874984590754,-2.2070120151155,8.));
#3959=CARTESIAN_POINT('',(10.2771613040533,-2.22412110008778,8.));
#3960=CARTESIAN_POINT('',(10.2581428260333,-2.25902791677198,8.));
#3961=CARTESIAN_POINT('',(10.2493828804162,-2.27696250273397,8.));
#3962=CARTESIAN_POINT('',(10.2335644030068,-2.31337882638918,8.));
#3963=CARTESIAN_POINT('',(10.2264411346275,-2.33200399556103,8.));
#3964=CARTESIAN_POINT('',(10.2139317290774,-2.36965642971896,8.));
#3965=CARTESIAN_POINT('',(10.208516541063,-2.38875684910829,8.));
#3966=CARTESIAN_POINT('',(10.2039394549208,-2.40813572350264,8.));
#3967=CARTESIAN_POINT('',(13.8829822561983,-0.553208526762288,8.));
#3968=CARTESIAN_POINT('',(13.8829822561983,-0.55320852676229,8.));
#3969=CARTESIAN_POINT('',(13.8122005502969,-0.607417047280154,8.));
#3970=CARTESIAN_POINT('',(13.7406061384212,-0.660492966016341,8.));
#3971=CARTESIAN_POINT('',(13.5968801958525,-0.763598881720834,8.));
#3972=CARTESIAN_POINT('',(13.5247688312675,-0.813732890427941,8.));
#3973=CARTESIAN_POINT('',(13.3800978167846,-0.910776277420484,8.));
#3974=CARTESIAN_POINT('',(13.3075526144589,-0.957866022546788,8.));
#3975=CARTESIAN_POINT('',(13.1620977028702,-1.0487694571697,8.));
#3976=CARTESIAN_POINT('',(13.0891994615433,-1.09277524064816,8.));
#3977=CARTESIAN_POINT('',(12.9431235899847,-1.17745189474404,8.));
#3978=CARTESIAN_POINT('',(12.8699540369641,-1.2183289258376,8.));
#3979=CARTESIAN_POINT('',(12.7234224048904,-1.29667925692506,8.));
#3980=CARTESIAN_POINT('',(12.6500644646526,-1.33437589593309,8.));
#3981=CARTESIAN_POINT('',(12.5032452503974,-1.40628312952644,8.));
#3982=CARTESIAN_POINT('',(12.4297834269137,-1.44073849913844,8.));
#3983=CARTESIAN_POINT('',(12.2828488320791,-1.50606228216074,8.));
#3984=CARTESIAN_POINT('',(12.2093697611519,-1.53720293435948,8.));
#3985=CARTESIAN_POINT('',(12.062497572598,-1.59577010011183,8.));
#3986=CARTESIAN_POINT('',(11.9890908370549,-1.6235052254804,8.));
#3987=CARTESIAN_POINT('',(11.8424668499929,-1.67509575193183,8.));
#3988=CARTESIAN_POINT('',(11.7692262164745,-1.69931005952604,8.));
#3989=CARTESIAN_POINT('',(11.6230481893477,-1.74363447491913,8.));
#3990=CARTESIAN_POINT('',(11.5500735453188,-1.76417723397453,8.));
#3991=CARTESIAN_POINT('',(11.404558134431,-1.80083738060583,8.));
#3992=CARTESIAN_POINT('',(11.331958600108,-1.81750516422441,8.));
#3993=CARTESIAN_POINT('',(11.1873548764233,-1.84591818834562,8.));
#3994=CARTESIAN_POINT('',(11.115253582264,-1.85842967118714,8.));
#3995=CARTESIAN_POINT('',(10.9718743212528,-1.87765265764689,8.));
#3996=CARTESIAN_POINT('',(10.9005403224064,-1.88486653103053,8.));
#3997=CARTESIAN_POINT('',(10.8288961247853,-1.88977205305293,8.));
#3998=CARTESIAN_POINT('',(13.8829822561983,0.553208526762295,8.));
#3999=AXIS2_PLACEMENT_3D('',#4000,#4001,#4002);
#4000=CARTESIAN_POINT('',(0.,0.,8.));
#4001=DIRECTION('',(0.,0.,1.));
#4002=DIRECTION('',(0.99920701426503,-0.0398163615058507,0.));
#4003=CARTESIAN_POINT('',(10.8288961247853,1.88977205305293,8.));
#4004=CARTESIAN_POINT('',(10.8288961247853,1.88977205305293,8.));
#4005=CARTESIAN_POINT('',(10.9005403224064,1.88486653103053,8.));
#4006=CARTESIAN_POINT('',(10.9718743212528,1.8776526576469,8.));
#4007=CARTESIAN_POINT('',(11.1152535822639,1.85842967118714,8.));
#4008=CARTESIAN_POINT('',(11.1873548764233,1.84591818834562,8.));
#4009=CARTESIAN_POINT('',(11.331958600108,1.81750516422441,8.));
#4010=CARTESIAN_POINT('',(11.404558134431,1.80083738060583,8.));
#4011=CARTESIAN_POINT('',(11.5500735453188,1.76417723397453,8.));
#4012=CARTESIAN_POINT('',(11.6230481893477,1.74363447491913,8.));
#4013=CARTESIAN_POINT('',(11.7692262164745,1.69931005952605,8.));
#4014=CARTESIAN_POINT('',(11.8424668499929,1.67509575193184,8.));
#4015=CARTESIAN_POINT('',(11.9890908370549,1.6235052254804,8.));
#4016=CARTESIAN_POINT('',(12.062497572598,1.59577010011184,8.));
#4017=CARTESIAN_POINT('',(12.2093697611519,1.53720293435948,8.));
#4018=CARTESIAN_POINT('',(12.2828488320791,1.50606228216074,8.));
#4019=CARTESIAN_POINT('',(12.4297834269137,1.44073849913844,8.));
#4020=CARTESIAN_POINT('',(12.5032452503974,1.40628312952645,8.));
#4021=CARTESIAN_POINT('',(12.6500644646526,1.33437589593309,8.));
#4022=CARTESIAN_POINT('',(12.7234224048904,1.29667925692507,8.));
#4023=CARTESIAN_POINT('',(12.8699540369641,1.2183289258376,8.));
#4024=CARTESIAN_POINT('',(12.9431235899847,1.17745189474404,8.));
#4025=CARTESIAN_POINT('',(13.0891994615433,1.09277524064816,8.));
#4026=CARTESIAN_POINT('',(13.1620977028702,1.0487694571697,8.));
#4027=CARTESIAN_POINT('',(13.3075526144589,0.957866022546791,8.));
#4028=CARTESIAN_POINT('',(13.3800978167846,0.910776277420489,8.));
#4029=CARTESIAN_POINT('',(13.5247688312675,0.813732890427946,8.));
#4030=CARTESIAN_POINT('',(13.5968801958525,0.763598881720839,8.));
#4031=CARTESIAN_POINT('',(13.7406061384212,0.660492966016345,8.));
#4032=CARTESIAN_POINT('',(13.8122005502969,0.607417047280158,8.));
#4033=CARTESIAN_POINT('',(13.8829822561983,0.553208526762295,8.));
#4034=CARTESIAN_POINT('',(10.2039394549208,2.40813572350264,8.));
#4035=CARTESIAN_POINT('',(10.2039394549208,2.40813572350264,8.));
#4036=CARTESIAN_POINT('',(10.208516541063,2.38875684910829,8.));
#4037=CARTESIAN_POINT('',(10.2139317290774,2.36965642971896,8.));
#4038=CARTESIAN_POINT('',(10.2264411346275,2.33200399556104,8.));
#4039=CARTESIAN_POINT('',(10.2335644030068,2.31337882638919,8.));
#4040=CARTESIAN_POINT('',(10.2493828804162,2.27696250273398,8.));
#4041=CARTESIAN_POINT('',(10.2581428260333,2.25902791677198,8.));
#4042=CARTESIAN_POINT('',(10.2771613040533,2.22412110008778,8.));
#4043=CARTESIAN_POINT('',(10.2874984590754,2.2070120151155,8.));
#4044=CARTESIAN_POINT('',(10.309589918645,2.17387737869496,8.));
#4045=CARTESIAN_POINT('',(10.3214364493363,2.15772287279372,8.));
#4046=CARTESIAN_POINT('',(10.346458855782,2.12661039787842,8.));
#4047=CARTESIAN_POINT('',(10.3597403296243,2.11153280967697,8.));
#4048=CARTESIAN_POINT('',(10.3875409773955,2.08267804599393,8.));
#4049=CARTESIAN_POINT('',(10.4021789944708,2.06879223617991,8.));
#4050=CARTESIAN_POINT('',(10.4326011145315,2.04241489205286,8.));
#4051=CARTESIAN_POINT('',(10.4485173699251,2.02982776063924,8.));
#4052=CARTESIAN_POINT('',(10.4814106741079,2.00613082527489,8.));
#4053=CARTESIAN_POINT('',(10.4985335811258,1.99494128325062,8.));
#4054=CARTESIAN_POINT('',(10.5337722141632,1.97411112222545,8.));
#4055=CARTESIAN_POINT('',(10.5520484717855,1.96441096908767,8.));
#4056=CARTESIAN_POINT('',(10.5895640821407,1.94661943982139,8.));
#4057=CARTESIAN_POINT('',(10.6089805980509,1.93849627016201,8.));
#4058=CARTESIAN_POINT('',(10.6488292573949,1.92390760487491,8.));
#4059=CARTESIAN_POINT('',(10.6694589122798,1.91745285657635,8.));
#4060=CARTESIAN_POINT('',(10.7119729460764,1.9062434707184,8.));
#4061=CARTESIAN_POINT('',(10.7340820893563,1.90157550137875,8.));
#4062=CARTESIAN_POINT('',(10.7802693449423,1.89399519272085,8.));
#4063=CARTESIAN_POINT('',(10.8044838388887,1.89127359603429,8.));
#4064=CARTESIAN_POINT('',(10.8288961247853,1.88977205305293,8.));
#4065=CARTESIAN_POINT('',(10.1542561478983,2.60970882386722,8.));
#4066=AXIS2_PLACEMENT_3D('',#4067,#4068,#4069);
#4067=CARTESIAN_POINT('',(0.,0.,8.));
#4068=DIRECTION('',(0.,0.,-1.));
#4069=DIRECTION('',(0.96852480128748,0.248917073120845,0.));
#4070=CARTESIAN_POINT('',(10.4667321877983,3.35912890535594,8.));
#4071=CARTESIAN_POINT('',(10.4667321877983,3.35912890535594,8.));
#4072=CARTESIAN_POINT('',(10.4458139839684,3.34645440013661,8.));
#4073=CARTESIAN_POINT('',(10.4256379034406,3.33279150951489,8.));
#4074=CARTESIAN_POINT('',(10.3882638647582,3.30461519161355,8.));
#4075=CARTESIAN_POINT('',(10.3708565041375,3.29020727883795,8.));
#4076=CARTESIAN_POINT('',(10.33842145809,3.26052460394383,8.));
#4077=CARTESIAN_POINT('',(10.3231544769691,3.24522212951254,8.));
#4078=CARTESIAN_POINT('',(10.2946499322469,3.2137859125558,8.));
#4079=CARTESIAN_POINT('',(10.2812324864081,3.19756989816965,8.));
#4080=CARTESIAN_POINT('',(10.2562821990792,3.16438190792983,8.));
#4081=CARTESIAN_POINT('',(10.2446072625766,3.14729944846887,8.));
#4082=CARTESIAN_POINT('',(10.2230852611237,3.11247904755018,8.));
#4083=CARTESIAN_POINT('',(10.2131237193912,3.09461378847653,8.));
#4084=CARTESIAN_POINT('',(10.1950106599692,3.05834491360984,8.));
#4085=CARTESIAN_POINT('',(10.1867670473625,3.03980290956039,8.));
#4086=CARTESIAN_POINT('',(10.1720877608744,3.00230906712743,8.));
#4087=CARTESIAN_POINT('',(10.1655794980347,2.98321116742891,8.));
#4088=CARTESIAN_POINT('',(10.1543727242559,2.94474193783981,8.));
#4089=CARTESIAN_POINT('',(10.1496194678285,2.92521918786115,8.));
#4090=CARTESIAN_POINT('',(10.1419219152976,2.88604196737879,8.));
#4091=CARTESIAN_POINT('',(10.1389397065391,2.8662325054665,8.));
#4092=CARTESIAN_POINT('',(10.1347771238896,2.82662682882385,8.));
#4093=CARTESIAN_POINT('',(10.1335750159262,2.80667357096994,8.));
#4094=CARTESIAN_POINT('',(10.1329569965401,2.76692679236763,8.));
#4095=CARTESIAN_POINT('',(10.1335350675866,2.74697555544591,8.));
#4096=CARTESIAN_POINT('',(10.136452010891,2.70737928923466,8.));
#4097=CARTESIAN_POINT('',(10.1388002176797,2.6875771730861,8.));
#4098=CARTESIAN_POINT('',(10.145221647795,2.64842418775284,8.));
#4099=CARTESIAN_POINT('',(10.1493031444236,2.62899504296076,8.));
#4100=CARTESIAN_POINT('',(10.1542561478983,2.60970882386722,8.));
#4101=CARTESIAN_POINT('',(12.5498591129097,5.96190173066586,8.));
#4102=CARTESIAN_POINT('',(12.549859114146,5.96190172806343,8.));
#4103=CARTESIAN_POINT('',(12.5123769817564,5.88100856803996,8.));
#4104=CARTESIAN_POINT('',(12.4736488876723,5.80074059379047,8.));
#4105=CARTESIAN_POINT('',(12.3943015939848,5.64265206351392,8.));
#4106=CARTESIAN_POINT('',(12.3537485872485,5.5647487813237,8.));
#4107=CARTESIAN_POINT('',(12.2707470763664,5.41158915680809,8.));
#4108=CARTESIAN_POINT('',(12.2283951855607,5.33617982169816,8.));
#4109=CARTESIAN_POINT('',(12.1418461901212,5.18809255985586,8.));
#4110=CARTESIAN_POINT('',(12.0977485103652,5.11524987176546,8.));
#4111=CARTESIAN_POINT('',(12.0077559529806,4.97238757577433,8.));
#4112=CARTESIAN_POINT('',(11.9619640349176,4.90218917550495,8.));
#4113=CARTESIAN_POINT('',(11.8686279327428,4.76471675786958,8.));
#4114=CARTESIAN_POINT('',(11.821191204185,4.69724690703116,8.));
#4115=CARTESIAN_POINT('',(11.7246062039295,4.56534592279224,8.));
#4116=CARTESIAN_POINT('',(11.6755711983303,4.50069779651969,8.));
#4117=CARTESIAN_POINT('',(11.5758245516132,4.37457254822966,8.));
#4118=CARTESIAN_POINT('',(11.5252338481705,4.31285144317736,8.));
#4119=CARTESIAN_POINT('',(11.4224025028607,4.19273788400677,8.));
#4120=CARTESIAN_POINT('',(11.3702932219888,4.13406583913592,8.));
#4121=CARTESIAN_POINT('',(11.2644394422394,4.02024513225774,8.));
#4122=CARTESIAN_POINT('',(11.2108410318019,3.96476780816028,8.));
#4123=CARTESIAN_POINT('',(11.1020053997849,3.85758817101744,8.));
#4124=CARTESIAN_POINT('',(11.0469362576603,3.80548545317639,8.));
#4125=CARTESIAN_POINT('',(10.9351255798944,3.70540012211138,8.));
#4126=CARTESIAN_POINT('',(10.8785877900426,3.65690284679251,8.));
#4127=CARTESIAN_POINT('',(10.7637517422711,3.56454366221729,8.));
#4128=CARTESIAN_POINT('',(10.7057235928934,3.5199581522152,8.));
#4129=CARTESIAN_POINT('',(10.5877009295211,3.43630537804098,8.));
#4130=CARTESIAN_POINT('',(10.5278902645301,3.39676724816665,8.));
#4131=CARTESIAN_POINT('',(10.4667321877983,3.35912890535594,8.));
#4132=CARTESIAN_POINT('',(12.0356814715073,6.94158537485606,8.));
#4133=AXIS2_PLACEMENT_3D('',#4134,#4135,#4136);
#4134=CARTESIAN_POINT('',(0.,0.,8.));
#4135=DIRECTION('',(0.,0.,1.));
#4136=DIRECTION('',(0.903257457385183,0.429099016169991,0.));
#4137=CARTESIAN_POINT('',(8.71029046192942,6.70574900832945,8.));
#4138=CARTESIAN_POINT('',(8.71029046192942,6.70574900832945,8.));
#4139=CARTESIAN_POINT('',(8.77600795817086,6.73470010307273,8.));
#4140=CARTESIAN_POINT('',(8.84252353140496,6.76146309763539,8.));
#4141=CARTESIAN_POINT('',(8.9784129292647,6.81107365342593,8.));
#4142=CARTESIAN_POINT('',(9.0480698306286,6.83350242768426,8.));
#4143=CARTESIAN_POINT('',(9.18931425979401,6.87554464542916,8.));
#4144=CARTESIAN_POINT('',(9.26134386019417,6.89452474186933,8.));
#4145=CARTESIAN_POINT('',(9.40722817722019,6.92968817746231,8.));
#4146=CARTESIAN_POINT('',(9.48139071164629,6.94541147572507,8.));
#4147=CARTESIAN_POINT('',(9.63142350950429,6.97409647148118,8.));
#4148=CARTESIAN_POINT('',(9.70752781960981,6.98669238644602,8.));
#4149=CARTESIAN_POINT('',(9.86133222555903,7.00915080829811,8.));
#4150=CARTESIAN_POINT('',(9.93921981730758,7.01870638540927,8.));
#4151=CARTESIAN_POINT('',(10.0964862007095,7.03510264493816,8.));
#4152=CARTESIAN_POINT('',(10.1760204694907,7.04167639372617,8.));
#4153=CARTESIAN_POINT('',(10.3364820675199,7.05211896742508,8.));
#4154=CARTESIAN_POINT('',(10.4175414904391,7.05574966441952,8.));
#4155=CARTESIAN_POINT('',(10.5809604060714,7.06030926211187,8.));
#4156=CARTESIAN_POINT('',(10.6634341379397,7.06102168063723,8.));
#4157=CARTESIAN_POINT('',(10.8295926689018,7.05974255272596,8.));
#4158=CARTESIAN_POINT('',(10.9133775940718,7.05755132601013,8.));
#4159=CARTESIAN_POINT('',(11.0820725580354,7.05045871479856,8.));
#4160=CARTESIAN_POINT('',(11.1670712523641,7.04537103059978,8.));
#4161=CARTESIAN_POINT('',(11.3381101127789,7.03247630456321,8.));
#4162=CARTESIAN_POINT('',(11.4242293950362,7.02449384253602,8.));
#4163=CARTESIAN_POINT('',(11.5974275271765,7.00579816352695,8.));
#4164=CARTESIAN_POINT('',(11.6845774050201,6.99491852551746,8.));
#4165=CARTESIAN_POINT('',(11.8597561151129,6.97041554711192,8.));
#4166=CARTESIAN_POINT('',(11.9478154278255,6.95669073723735,8.));
#4167=CARTESIAN_POINT('',(12.0356814714288,6.94158537499224,8.));
#4168=CARTESIAN_POINT('',(7.91602320362214,6.87430539779954,8.));
#4169=CARTESIAN_POINT('',(7.91602320362214,6.87430539779954,8.));
#4170=CARTESIAN_POINT('',(7.9290818241058,6.85927333468738,8.));
#4171=CARTESIAN_POINT('',(7.94275314244922,6.84487731659789,8.));
#4172=CARTESIAN_POINT('',(7.97132762960793,6.81735115251986,8.));
#4173=CARTESIAN_POINT('',(7.98629051821408,6.80416973212436,8.));
#4174=CARTESIAN_POINT('',(8.01722059379614,6.77927589191033,8.));
#4175=CARTESIAN_POINT('',(8.03331175810469,6.76746655441677,8.));
#4176=CARTESIAN_POINT('',(8.06637379064169,6.74539643068027,8.));
#4177=CARTESIAN_POINT('',(8.08347787508323,6.73505100376995,8.));
#4178=CARTESIAN_POINT('',(8.11843732441647,6.7159781534598,8.));
#4179=CARTESIAN_POINT('',(8.13643427962542,6.7071794061887,8.));
#4180=CARTESIAN_POINT('',(8.17304920822189,6.69125916989757,8.));
#4181=CARTESIAN_POINT('',(8.19181627388079,6.68408083722567,8.));
#4182=CARTESIAN_POINT('',(8.2298420022743,6.67145081807086,8.));
#4183=CARTESIAN_POINT('',(8.24925638028034,6.6659581698276,8.));
#4184=CARTESIAN_POINT('',(8.28845199283408,6.65674005566449,8.));
#4185=CARTESIAN_POINT('',(8.30839466871566,6.65299135700219,8.));
#4186=CARTESIAN_POINT('',(8.34853275807816,6.64729504345312,8.));
#4187=CARTESIAN_POINT('',(8.36889437873708,6.64534460770739,8.));
#4188=CARTESIAN_POINT('',(8.40977689720164,6.64327662543596,8.));
#4189=CARTESIAN_POINT('',(8.43046760557525,6.64318096680571,8.));
#4190=CARTESIAN_POINT('',(8.47195416473641,6.6448617234567,8.));
#4191=CARTESIAN_POINT('',(8.49292166091748,6.64669231879824,8.));
#4192=CARTESIAN_POINT('',(8.53498558725595,6.65229329258559,8.));
#4193=CARTESIAN_POINT('',(8.55625191058492,6.65616497546679,8.));
#4194=CARTESIAN_POINT('',(8.59910547933752,6.66599681385734,8.));
#4195=CARTESIAN_POINT('',(8.62085146699532,6.67213816347422,8.));
#4196=CARTESIAN_POINT('',(8.66527099584686,6.68689042142067,8.));
#4197=CARTESIAN_POINT('',(8.68797665446504,6.69573360367136,8.));
#4198=CARTESIAN_POINT('',(8.71029046192942,6.70574900832945,8.));
#4199=CARTESIAN_POINT('',(7.77835512944448,7.02970053008979,8.));
#4200=AXIS2_PLACEMENT_3D('',#4201,#4202,#4203);
#4201=CARTESIAN_POINT('',(0.,0.,8.));
#4202=DIRECTION('',(0.,0.,-1.));
#4203=DIRECTION('',(0.741908589498007,0.670501040140191,0.));
#4204=CARTESIAN_POINT('',(7.70676604438345,7.83849391343951,8.));
#4205=CARTESIAN_POINT('',(7.70676604438345,7.83849391343951,8.));
#4206=CARTESIAN_POINT('',(7.69413403102606,7.81755002238361,8.));
#4207=CARTESIAN_POINT('',(7.6826184608177,7.79607584141249,8.));
#4208=CARTESIAN_POINT('',(7.66261958089499,7.75375836913745,8.));
#4209=CARTESIAN_POINT('',(7.65390181947024,7.73291119210863,8.));
#4210=CARTESIAN_POINT('',(7.63897623933672,7.69155517128156,8.));
#4211=CARTESIAN_POINT('',(7.63256941336754,7.67091058319495,8.));
#4212=CARTESIAN_POINT('',(7.62193903094591,7.62982847302587,8.));
#4213=CARTESIAN_POINT('',(7.61759443032255,7.60923450738466,8.));
#4214=CARTESIAN_POINT('',(7.6109252761634,7.56825302477661,8.));
#4215=CARTESIAN_POINT('',(7.60852624803506,7.54770164458903,8.));
#4216=CARTESIAN_POINT('',(7.60565130933118,7.50686793799596,8.));
#4217=CARTESIAN_POINT('',(7.60513320204548,7.48641967742699,8.));
#4218=CARTESIAN_POINT('',(7.60594987101174,7.44588762520259,8.));
#4219=CARTESIAN_POINT('',(7.60726741349395,7.42563849818966,8.));
#4220=CARTESIAN_POINT('',(7.61169380820831,7.38561754490242,8.));
#4221=CARTESIAN_POINT('',(7.61480626418763,7.36568265398567,8.));
#4222=CARTESIAN_POINT('',(7.6227607012178,7.32641179538492,8.));
#4223=CARTESIAN_POINT('',(7.62762457596976,7.3069163103745,8.));
#4224=CARTESIAN_POINT('',(7.63901529387289,7.26864937340091,8.));
#4225=CARTESIAN_POINT('',(7.64558059513428,7.24972306447177,8.));
#4226=CARTESIAN_POINT('',(7.66030048692532,7.21271953082569,8.));
#4227=CARTESIAN_POINT('',(7.66850881446814,7.19449315100166,8.));
#4228=CARTESIAN_POINT('',(7.6864328345093,7.15901191845844,8.));
#4229=CARTESIAN_POINT('',(7.69621649310918,7.14161461851728,8.));
#4230=CARTESIAN_POINT('',(7.71720062056932,7.10790943715224,8.));
#4231=CARTESIAN_POINT('',(7.72848235664953,7.09146680019525,8.));
#4232=CARTESIAN_POINT('',(7.75236355017756,7.05978274078187,8.));
#4233=CARTESIAN_POINT('',(7.76500670975885,7.04447585351233,8.));
#4234=CARTESIAN_POINT('',(7.77835512944448,7.02970053008979,8.));
#4235=CARTESIAN_POINT('',(8.34171449124059,11.1112121456944,8.));
#4236=CARTESIAN_POINT('',(8.3417144912406,11.1112121456944,8.));
#4237=CARTESIAN_POINT('',(8.34611863718466,11.0221659942584,8.));
#4238=CARTESIAN_POINT('',(8.34912900052253,10.9330943900622,8.));
#4239=CARTESIAN_POINT('',(8.35233786446153,10.7562394223267,8.));
#4240=CARTESIAN_POINT('',(8.35263342070061,10.6684135697668,8.));
#4241=CARTESIAN_POINT('',(8.3503160592856,10.4942247319311,8.));
#4242=CARTESIAN_POINT('',(8.34785978778787,10.4077711767302,8.));
#4243=CARTESIAN_POINT('',(8.34004404032438,10.2364250947116,8.));
#4244=CARTESIAN_POINT('',(8.3348491691367,10.1514328840012,8.));
#4245=CARTESIAN_POINT('',(8.32155613629498,9.98311297644912,8.));
#4246=CARTESIAN_POINT('',(8.31363222976551,9.89967481452319,8.));
#4247=CARTESIAN_POINT('',(8.29487383367587,9.73457358449796,8.));
#4248=CARTESIAN_POINT('',(8.284225499636,9.65278705155637,8.));
#4249=CARTESIAN_POINT('',(8.26000117296325,9.49110924258184,8.));
#4250=CARTESIAN_POINT('',(8.24662631409561,9.41107846628341,8.));
#4251=CARTESIAN_POINT('',(8.21691837018138,9.25304552713488,8.));
#4252=CARTESIAN_POINT('',(8.200805754698,9.17488353057655,8.));
#4253=CARTESIAN_POINT('',(8.16557267459063,9.02074014686839,8.));
#4254=CARTESIAN_POINT('',(8.14669845665281,8.94457224090039,8.));
#4255=CARTESIAN_POINT('',(8.10586470948024,8.79459630585305,8.));
#4256=CARTESIAN_POINT('',(8.08418727202402,8.72056515162882,8.));
#4257=CARTESIAN_POINT('',(8.03762696680024,8.57508385595101,8.));
#4258=CARTESIAN_POINT('',(8.01307900338566,8.50335728407587,8.));
#4259=CARTESIAN_POINT('',(7.96058753755311,8.36277511176516,8.));
#4260=CARTESIAN_POINT('',(7.93306361847336,8.29355848606601,8.));
#4261=CARTESIAN_POINT('',(7.87430280123508,8.15841151717414,8.));
#4262=CARTESIAN_POINT('',(7.84364134634642,8.09196598303931,8.));
#4263=CARTESIAN_POINT('',(7.7780128504643,7.96304726358872,8.));
#4264=CARTESIAN_POINT('',(7.7434274218816,7.90024258629178,8.));
#4265=CARTESIAN_POINT('',(7.70676604438345,7.83849391343951,8.));
#4266=CARTESIAN_POINT('',(7.43115110740643,11.7397286688787,8.));
#4267=AXIS2_PLACEMENT_3D('',#4268,#4269,#4270);
#4268=CARTESIAN_POINT('',(0.,0.,8.));
#4269=DIRECTION('',(0.,0.,1.));
#4270=DIRECTION('',(0.600382502608363,0.799712980113315,0.));
#4271=CARTESIAN_POINT('',(4.59626222462486,9.98551967883377,8.));
#4272=CARTESIAN_POINT('',(4.59626222462486,9.98551967883377,8.));
#4273=CARTESIAN_POINT('',(4.64099793307945,10.0416950434356,8.));
#4274=CARTESIAN_POINT('',(4.68745716447282,10.0963038264192,8.));
#4275=CARTESIAN_POINT('',(4.78472607577628,10.2033827440005,8.));
#4276=CARTESIAN_POINT('',(4.83598102769889,10.2556136134721,8.));
#4277=CARTESIAN_POINT('',(4.94150876580318,10.3584797076614,8.));
#4278=CARTESIAN_POINT('',(4.99646731887952,10.4087595728009,8.));
#4279=CARTESIAN_POINT('',(5.10930020310979,10.5076910712891,8.));
#4280=CARTESIAN_POINT('',(5.16766088505144,10.5560784087243,8.));
#4281=CARTESIAN_POINT('',(5.28717774774257,10.6512014287936,8.));
#4282=CARTESIAN_POINT('',(5.34871115414643,10.6977219939962,8.));
#4283=CARTESIAN_POINT('',(5.47446124312398,10.7890844103589,8.));
#4284=CARTESIAN_POINT('',(5.53898658245554,10.8337416223908,8.));
#4285=CARTESIAN_POINT('',(5.67061932753353,10.9213451217392,8.));
#4286=CARTESIAN_POINT('',(5.73798845168284,10.9641273048889,8.));
#4287=CARTESIAN_POINT('',(5.87521723457005,11.0479439675212,8.));
#4288=CARTESIAN_POINT('',(5.94530452000584,11.0888289821953,8.));
#4289=CARTESIAN_POINT('',(6.08788583285534,11.1688108622911,8.));
#4290=CARTESIAN_POINT('',(6.16058161829926,11.2077691318513,8.));
#4291=CARTESIAN_POINT('',(6.30830213113372,11.2838542399055,8.));
#4292=CARTESIAN_POINT('',(6.38350831181446,11.3208508012009,8.));
#4293=CARTESIAN_POINT('',(6.53617638493371,11.392967064627,8.));
#4294=CARTESIAN_POINT('',(6.61380335573895,11.4279630068446,8.));
#4295=CARTESIAN_POINT('',(6.77124322330039,11.496031015731,8.));
#4296=CARTESIAN_POINT('',(6.85120769577411,11.5289845226543,8.));
#4297=CARTESIAN_POINT('',(7.01325534076219,11.5929195063823,8.));
#4298=CARTESIAN_POINT('',(7.09547874512016,11.6237866330246,8.));
#4299=CARTESIAN_POINT('',(7.26197889138713,11.6834999289778,8.));
#4300=CARTESIAN_POINT('',(7.346329777624,11.7122704165052,8.));
#4301=CARTESIAN_POINT('',(7.43115110724026,11.7397286689839,8.));
#4302=CARTESIAN_POINT('',(3.81464143479484,9.76565454982135,8.));
#4303=CARTESIAN_POINT('',(3.81464143479484,9.76565454982135,8.));
#4304=CARTESIAN_POINT('',(3.83319001704067,9.75841296249436,8.));
#4305=CARTESIAN_POINT('',(3.85198553143782,9.75201929995818,8.));
#4306=CARTESIAN_POINT('',(3.89007902955699,9.74092531842409,8.));
#4307=CARTESIAN_POINT('',(3.90945372093272,9.73620735136422,8.));
#4308=CARTESIAN_POINT('',(3.94840968711938,9.72853887338111,8.));
#4309=CARTESIAN_POINT('',(3.9681457782959,9.72556016125781,8.));
#4310=CARTESIAN_POINT('',(4.00767725213636,9.72138272984322,8.));
#4311=CARTESIAN_POINT('',(4.02762992637831,9.7201709736241,8.));
#4312=CARTESIAN_POINT('',(4.06744857693999,9.71952926957764,8.));
#4313=CARTESIAN_POINT('',(4.08747307111501,9.72010196790008,8.));
#4314=CARTESIAN_POINT('',(4.12729248297851,9.72302110450778,8.));
#4315=CARTESIAN_POINT('',(4.14724583187929,9.72538649687227,8.));
#4316=CARTESIAN_POINT('',(4.18678540477977,9.73187460742583,8.));
#4317=CARTESIAN_POINT('',(4.20652854368406,9.73603342027226,8.));
#4318=CARTESIAN_POINT('',(4.24551840625308,9.74608629493755,8.));
#4319=CARTESIAN_POINT('',(4.26491887591345,9.75203481071339,8.));
#4320=CARTESIAN_POINT('',(4.30310659789916,9.76564407576567,8.));
#4321=CARTESIAN_POINT('',(4.32204233029029,9.77337956762253,8.));
#4322=CARTESIAN_POINT('',(4.35920304188952,9.79054751392134,8.));
#4323=CARTESIAN_POINT('',(4.37756820907605,9.80007826403799,8.));
#4324=CARTESIAN_POINT('',(4.41352164630664,9.82084626551283,8.));
#4325=CARTESIAN_POINT('',(4.43123672206918,9.83221125852361,8.));
#4326=CARTESIAN_POINT('',(4.46587957680322,9.85671875578977,8.));
#4327=CARTESIAN_POINT('',(4.48291071018865,9.8700299139615,8.));
#4328=CARTESIAN_POINT('',(4.5162865777375,9.89865062091176,8.));
#4329=CARTESIAN_POINT('',(4.5326876660683,9.91419438029922,8.));
#4330=CARTESIAN_POINT('',(4.56516348943888,9.94789964033848,8.));
#4331=CARTESIAN_POINT('',(4.58115871997228,9.96628173504468,8.));
#4332=CARTESIAN_POINT('',(4.59626222462486,9.98551967883377,8.));
#4333=CARTESIAN_POINT('',(3.62052669017608,9.83927256194393,8.));
#4334=AXIS2_PLACEMENT_3D('',#4335,#4336,#4337);
#4335=CARTESIAN_POINT('',(0.,0.,8.));
#4336=DIRECTION('',(0.,0.,-1.));
#4337=DIRECTION('',(0.345330060822289,0.938481299276909,0.));
#4338=CARTESIAN_POINT('',(3.1812726767995,10.5221544300461,8.));
#4339=CARTESIAN_POINT('',(3.1812726767995,10.5221544300461,8.));
#4340=CARTESIAN_POINT('',(3.1798206959425,10.4977391461933,8.));
#4341=CARTESIAN_POINT('',(3.17960371441062,10.4733731509413,8.));
#4342=CARTESIAN_POINT('',(3.18156149562527,10.42660894721,8.));
#4343=CARTESIAN_POINT('',(3.18353046747851,10.4040983429495,8.));
#4344=CARTESIAN_POINT('',(3.18953362379477,10.3605431421669,8.));
#4345=CARTESIAN_POINT('',(3.1934546795962,10.3392858667614,8.));
#4346=CARTESIAN_POINT('',(3.203133751978,10.2979692797266,8.));
#4347=CARTESIAN_POINT('',(3.20885729221473,10.2777151921745,8.));
#4348=CARTESIAN_POINT('',(3.22199709407117,10.2383285809833,8.));
#4349=CARTESIAN_POINT('',(3.22942356274987,10.2190163535991,8.));
#4350=CARTESIAN_POINT('',(3.24585430060537,10.1815238514126,8.));
#4351=CARTESIAN_POINT('',(3.2548983199017,10.1631770394164,8.));
#4352=CARTESIAN_POINT('',(3.27445762823801,10.1276672145348,8.));
#4353=CARTESIAN_POINT('',(3.2850344927045,10.1103497955286,8.));
#4354=CARTESIAN_POINT('',(3.30755253493612,10.0769700494804,8.));
#4355=CARTESIAN_POINT('',(3.31957268357876,10.060765010613,8.));
#4356=CARTESIAN_POINT('',(3.34486606575562,10.0296890034408,8.));
#4357=CARTESIAN_POINT('',(3.35823281659735,10.0146869640685,8.));
#4358=CARTESIAN_POINT('',(3.38610232873596,9.98609680469773,8.));
#4359=CARTESIAN_POINT('',(3.40071110861871,9.97238943804066,8.));
#4360=CARTESIAN_POINT('',(3.43094132503488,9.94646511100856,8.));
#4361=CARTESIAN_POINT('',(3.44667965916491,9.9341410531804,8.));
#4362=CARTESIAN_POINT('',(3.47903954164979,9.91105368947671,8.));
#4363=CARTESIAN_POINT('',(3.49578746952364,9.90019583827244,8.));
#4364=CARTESIAN_POINT('',(3.53003157042457,9.88010319261288,8.));
#4365=CARTESIAN_POINT('',(3.54766232602004,9.87078684481904,8.));
#4366=CARTESIAN_POINT('',(3.58353238932303,9.85383014750285,8.));
#4367=CARTESIAN_POINT('',(3.60184081636359,9.84615214116131,8.));
#4368=CARTESIAN_POINT('',(3.62052669017608,9.83927256194393,8.));
#4369=CARTESIAN_POINT('',(2.22258360694933,13.715077765369,8.));
#4370=CARTESIAN_POINT('',(2.22258360694934,13.715077765369,8.));
#4371=CARTESIAN_POINT('',(2.26786509446698,13.6382780226921,8.));
#4372=CARTESIAN_POINT('',(2.31192427726498,13.5608080196414,8.));
#4373=CARTESIAN_POINT('',(2.39695418677304,13.4057019562216,8.));
#4374=CARTESIAN_POINT('',(2.43803059761493,13.3280733776973,8.));
#4375=CARTESIAN_POINT('',(2.51692826524002,13.1727598900865,8.));
#4376=CARTESIAN_POINT('',(2.55493031524913,13.095067582413,8.));
#4377=CARTESIAN_POINT('',(2.62763830931555,12.9397160026644,8.));
#4378=CARTESIAN_POINT('',(2.66253632908026,12.8620449605406,8.));
#4379=CARTESIAN_POINT('',(2.7289880944071,12.7068275037729,8.));
#4380=CARTESIAN_POINT('',(2.76074747090358,12.6292642575488,8.));
#4381=CARTESIAN_POINT('',(2.82086410338007,12.474356917247,8.));
#4382=CARTESIAN_POINT('',(2.84944356886038,12.3969900112646,8.));
#4383=CARTESIAN_POINT('',(2.90312941707633,12.2425738151617,8.));
#4384=CARTESIAN_POINT('',(2.92847872392225,12.1654944752119,8.));
#4385=CARTESIAN_POINT('',(2.97561521474213,12.0117572870605,8.));
#4386=CARTESIAN_POINT('',(2.9976718932472,11.9350603704534,8.));
#4387=CARTESIAN_POINT('',(3.03810855239022,11.7821995537861,8.));
#4388=CARTESIAN_POINT('',(3.05679325325706,11.7059849360554,8.));
#4389=CARTESIAN_POINT('',(3.09033405803855,11.5542114521523,8.));
#4390=CARTESIAN_POINT('',(3.10554363324336,11.478586113062,8.));
#4391=CARTESIAN_POINT('',(3.13192505962714,11.3281311704493,8.));
#4392=CARTESIAN_POINT('',(3.14352191750583,11.2532124377578,8.));
#4393=CARTESIAN_POINT('',(3.16237482583806,11.1043391056789,8.));
#4394=CARTESIAN_POINT('',(3.17017017569238,11.0302598243964,8.));
#4395=CARTESIAN_POINT('',(3.18094598407197,10.8832856130635,8.));
#4396=CARTESIAN_POINT('',(3.18467539347679,10.8102019259107,8.));
#4397=CARTESIAN_POINT('',(3.18647576258231,10.6655509861709,8.));
#4398=CARTESIAN_POINT('',(3.18503867529658,10.5938675561417,8.));
#4399=CARTESIAN_POINT('',(3.1812726767995,10.5221544300461,8.));
#4400=CARTESIAN_POINT('',(1.12423357958481,13.8484416039688,8.));
#4401=AXIS2_PLACEMENT_3D('',#4402,#4403,#4404);
#4402=CARTESIAN_POINT('',(0.,0.,8.));
#4403=DIRECTION('',(0.,0.,1.));
#4404=DIRECTION('',(0.159967151788494,0.987122338086155,0.));
#4405=CARTESIAN_POINT('',(-0.57071429737679,10.9777281294747,8.));
#4406=CARTESIAN_POINT('',(-0.57071429737679,10.9777281294747,8.));
#4407=CARTESIAN_POINT('',(-0.557208788392269,11.0482586648912,8.));
#4408=CARTESIAN_POINT('',(-0.541449148857425,11.1182030222216,8.));
#4409=CARTESIAN_POINT('',(-0.505083859472417,11.2582198120165,8.));
#4410=CARTESIAN_POINT('',(-0.483972748787432,11.3282873139557,8.));
#4411=CARTESIAN_POINT('',(-0.438336834796838,11.4684119020814,8.));
#4412=CARTESIAN_POINT('',(-0.413039671231742,11.5384730247548,8.));
#4413=CARTESIAN_POINT('',(-0.359106873790721,11.6785085720884,8.));
#4414=CARTESIAN_POINT('',(-0.329917773243902,11.7484749928203,8.));
#4415=CARTESIAN_POINT('',(-0.268296718627838,11.8882444996615,8.));
#4416=CARTESIAN_POINT('',(-0.235430777774827,11.9580324142477,8.));
#4417=CARTESIAN_POINT('',(-0.166542835700851,12.0973687965686,8.));
#4418=CARTESIAN_POINT('',(-0.130161726412499,12.1668972144225,8.));
#4419=CARTESIAN_POINT('',(-0.0543180952092517,12.3056390476263,8.));
#4420=CARTESIAN_POINT('',(-0.0145475701485407,12.3748287825593,8.));
#4421=CARTESIAN_POINT('',(0.0680109372233644,12.5128181468163,8.));
#4422=CARTESIAN_POINT('',(0.111069932725758,12.5815912150261,8.));
#4423=CARTESIAN_POINT('',(0.200149982309733,12.7186724926816,8.));
#4424=CARTESIAN_POINT('',(0.246414092963303,12.7869517432184,8.));
#4425=CARTESIAN_POINT('',(0.34185559840491,12.9229709059078,8.));
#4426=CARTESIAN_POINT('',(0.391254204935142,12.9906797888785,8.));
#4427=CARTESIAN_POINT('',(0.492920971508134,13.1254839600865,8.));
#4428=CARTESIAN_POINT('',(0.545392815284821,13.1925463801052,8.));
#4429=CARTESIAN_POINT('',(0.653166113690718,13.3259835633873,8.));
#4430=CARTESIAN_POINT('',(0.708656879413407,13.3923237879577,8.));
#4431=CARTESIAN_POINT('',(0.822430874668371,13.5242427001508,8.));
#4432=CARTESIAN_POINT('',(0.880891414501788,13.5897853047202,8.));
#4433=CARTESIAN_POINT('',(1.00056981997744,13.7200352785526,8.));
#4434=CARTESIAN_POINT('',(1.06188850824009,13.7847100915114,8.));
#4435=CARTESIAN_POINT('',(1.12423357946206,13.8484416039788,8.));
#4436=CARTESIAN_POINT('',(-1.16062871533114,10.4198099333744,8.));
#4437=CARTESIAN_POINT('',(-1.16062871533114,10.4198099333744,8.));
#4438=CARTESIAN_POINT('',(-1.14083942798102,10.4220177822187,8.));
#4439=CARTESIAN_POINT('',(-1.12122554336802,10.4250911862709,8.));
#4440=CARTESIAN_POINT('',(-1.08233979563108,10.4329708847532,8.));
#4441=CARTESIAN_POINT('',(-1.0629918097896,10.4377972004247,8.));
#4442=CARTESIAN_POINT('',(-1.02493429538142,10.4491108405633,8.));
#4443=CARTESIAN_POINT('',(-1.00607457797978,10.4556451408603,8.));
#4444=CARTESIAN_POINT('',(-0.969129847086817,10.4703174009612,8.));
#4445=CARTESIAN_POINT('',(-0.950899500257485,10.4785169141798,8.));
#4446=CARTESIAN_POINT('',(-0.915343621444288,10.4964533630607,8.));
#4447=CARTESIAN_POINT('',(-0.897878958597382,10.5062663086928,8.));
#4448=CARTESIAN_POINT('',(-0.863977210848843,10.5273560791819,8.));
#4449=CARTESIAN_POINT('',(-0.847408650475433,10.5387233136982,8.));
#4450=CARTESIAN_POINT('',(-0.815413272715972,10.5628432060225,8.));
#4451=CARTESIAN_POINT('',(-0.799864288105795,10.5757007460546,8.));
#4452=CARTESIAN_POINT('',(-0.770012283157275,10.6027216171128,8.));
#4453=CARTESIAN_POINT('',(-0.755598433516301,10.6170046140499,8.));
#4454=CARTESIAN_POINT('',(-0.728109425802361,10.6468017390895,8.));
#4455=CARTESIAN_POINT('',(-0.714937529769517,10.6624510505873,8.));
#4456=CARTESIAN_POINT('',(-0.69001169622788,10.6949219558555,8.));
#4457=CARTESIAN_POINT('',(-0.678179308706603,10.7118957347253,8.));
#4458=CARTESIAN_POINT('',(-0.655995492590233,10.7469932821676,8.));
#4459=CARTESIAN_POINT('',(-0.645591147613614,10.7652890899119,8.));
#4460=CARTESIAN_POINT('',(-0.62630562501191,10.8030887383805,8.));
#4461=CARTESIAN_POINT('',(-0.617411308981226,10.8227899459225,8.));
#4462=CARTESIAN_POINT('',(-0.601159151668751,10.8636428623871,8.));
#4463=CARTESIAN_POINT('',(-0.593860254347002,10.8850281435921,8.));
#4464=CARTESIAN_POINT('',(-0.580767956215471,10.9299649368415,8.));
#4465=CARTESIAN_POINT('',(-0.57514746831864,10.9536748276343,8.));
#4466=CARTESIAN_POINT('',(-0.57071429737679,10.9777281294747,8.));
#4467=CARTESIAN_POINT('',(-1.36672078173512,10.3947858259453,8.));
#4468=AXIS2_PLACEMENT_3D('',#4469,#4470,#4471);
#4469=CARTESIAN_POINT('',(0.,0.,8.));
#4470=DIRECTION('',(0.,0.,-1.));
#4471=DIRECTION('',(-0.130359423109437,0.991466802674994,0.));
#4472=CARTESIAN_POINT('',(-2.07301192254739,10.7953161724364,8.));
#4473=CARTESIAN_POINT('',(-2.07301192254739,10.7953161724364,8.));
#4474=CARTESIAN_POINT('',(-2.06295123958791,10.7730227430813,8.));
#4475=CARTESIAN_POINT('',(-2.05181992458928,10.7513468894186,8.));
#4476=CARTESIAN_POINT('',(-2.02835398631972,10.710849069736,8.));
#4477=CARTESIAN_POINT('',(-2.01614934891139,10.6918319463978,8.));
#4478=CARTESIAN_POINT('',(-1.99059270691151,10.6560555372619,8.));
#4479=CARTESIAN_POINT('',(-1.97724203596975,10.6390553601549,8.));
#4480=CARTESIAN_POINT('',(-1.94947086762172,10.6069694284252,8.));
#4481=CARTESIAN_POINT('',(-1.934990380617,10.5916951863323,8.));
#4482=CARTESIAN_POINT('',(-1.9050517929985,10.5629264445217,8.));
#4483=CARTESIAN_POINT('',(-1.8895011419884,10.549277568497,8.));
#4484=CARTESIAN_POINT('',(-1.85752881160435,10.5237153511344,8.));
#4485=CARTESIAN_POINT('',(-1.84099454155453,10.5116730212363,8.));
#4486=CARTESIAN_POINT('',(-1.80717339567282,10.489320296638,8.));
#4487=CARTESIAN_POINT('',(-1.78976024140628,10.4789017976353,8.));
#4488=CARTESIAN_POINT('',(-1.75430916376084,10.4598101563763,8.));
#4489=CARTESIAN_POINT('',(-1.73613499365041,10.4510473486708,8.));
#4490=CARTESIAN_POINT('',(-1.69929707536527,10.4352853316639,8.));
#4491=CARTESIAN_POINT('',(-1.68048960996481,10.4282135243557,8.));
#4492=CARTESIAN_POINT('',(-1.64252587295765,10.4158498035508,8.));
#4493=CARTESIAN_POINT('',(-1.62322030986979,10.4105015716753,8.));
#4494=CARTESIAN_POINT('',(-1.58440514709583,10.4015954021582,8.));
#4495=CARTESIAN_POINT('',(-1.5647422690603,10.3979969594534,8.));
#4496=CARTESIAN_POINT('',(-1.52535978323012,10.3925925013808,8.));
#4497=CARTESIAN_POINT('',(-1.50548433452379,10.3907615017731,8.));
#4498=CARTESIAN_POINT('',(-1.46582517101232,10.3888843747969,8.));
#4499=CARTESIAN_POINT('',(-1.44588438953488,10.3888285791717,8.));
#4500=CARTESIAN_POINT('',(-1.40624285567852,10.3904838189574,8.));
#4501=CARTESIAN_POINT('',(-1.38646340117321,10.3921936322667,8.));
#4502=CARTESIAN_POINT('',(-1.36672078173512,10.3947858259453,8.));
#4503=CARTESIAN_POINT('',(-4.40571439665793,13.1769843536023,8.));
#4504=CARTESIAN_POINT('',(-4.40571439665792,13.1769843536024,8.));
#4505=CARTESIAN_POINT('',(-4.32992901065591,13.1300249151945,8.));
#4506=CARTESIAN_POINT('',(-4.25491443620609,13.0819039573734,8.));
#4507=CARTESIAN_POINT('',(-4.10754280867578,12.9840797281682,8.));
#4508=CARTESIAN_POINT('',(-4.03509565393054,12.9344321954935,8.));
#4509=CARTESIAN_POINT('',(-3.89305746209828,12.833574506389,8.));
#4510=CARTESIAN_POINT('',(-3.82330290226508,12.7824418176369,8.));
#4511=CARTESIAN_POINT('',(-3.68672769188305,12.6786739148893,8.));
#4512=CARTESIAN_POINT('',(-3.6197314969273,12.6261175410651,8.));
#4513=CARTESIAN_POINT('',(-3.48875823203772,12.5195609838542,8.));
#4514=CARTESIAN_POINT('',(-3.42459126292864,12.4656414583034,8.));
#4515=CARTESIAN_POINT('',(-3.29937159790243,12.3564154125523,8.));
#4516=CARTESIAN_POINT('',(-3.23811154402358,12.3011919593174,8.));
#4517=CARTESIAN_POINT('',(-3.1188143017606,12.1894122656964,8.));
#4518=CARTESIAN_POINT('',(-3.06054804990725,12.1329423099711,8.));
#4519=CARTESIAN_POINT('',(-2.94736552634381,12.0187202098882,8.));
#4520=CARTESIAN_POINT('',(-2.89219247308401,11.9610587125291,8.));
#4521=CARTESIAN_POINT('',(-2.78534962598569,11.8444990338286,8.));
#4522=CARTESIAN_POINT('',(-2.73338644610771,11.7856975547716,8.));
#4523=CARTESIAN_POINT('',(-2.6331548835371,11.6668959981062,8.));
#4524=CARTESIAN_POINT('',(-2.58454262605543,11.6070013279512,8.));
#4525=CARTESIAN_POINT('',(-2.49126313491796,11.4860401525776,8.));
#4526=CARTESIAN_POINT('',(-2.44617815612872,11.4250922378607,8.));
#4527=CARTESIAN_POINT('',(-2.36029984772844,11.3020328322748,8.));
#4528=CARTESIAN_POINT('',(-2.31897104964753,11.2400615659986,8.));
#4529=CARTESIAN_POINT('',(-2.24112722348727,11.1149301328098,8.));
#4530=CARTESIAN_POINT('',(-2.20386131253936,11.0519508846119,8.));
#4531=CARTESIAN_POINT('',(-2.13504452131147,10.9247055116444,8.));
#4532=CARTESIAN_POINT('',(-2.10300404792185,10.8605651388236,8.));
#4533=CARTESIAN_POINT('',(-2.07301192254739,10.7953161724364,8.));
#4534=CARTESIAN_POINT('',(-5.44023231288686,12.7846434593156,8.));
#4535=AXIS2_PLACEMENT_3D('',#4536,#4537,#4538);
#4536=CARTESIAN_POINT('',(0.,0.,8.));
#4537=DIRECTION('',(0.,0.,1.));
#4538=DIRECTION('',(-0.317094745692955,0.948393864517227,0.));
#4539=CARTESIAN_POINT('',(-5.6069470517023,9.45507136161843,8.));
#4540=CARTESIAN_POINT('',(-5.6069470517023,9.45507136161843,8.));
#4541=CARTESIAN_POINT('',(-5.62776569153717,9.52379937217092,8.));
#4542=CARTESIAN_POINT('',(-5.64631598735403,9.59305589450441,8.));
#4543=CARTESIAN_POINT('',(-5.67918516943634,9.73393439735622,8.));
#4544=CARTESIAN_POINT('',(-5.69305420103045,9.80578691147364,8.));
#4545=CARTESIAN_POINT('',(-5.71776474907641,9.9510691390806,8.));
#4546=CARTESIAN_POINT('',(-5.72792425033145,10.0248613604114,8.));
#4547=CARTESIAN_POINT('',(-5.74524689361275,10.1739205003076,8.));
#4548=CARTESIAN_POINT('',(-5.75191624562924,10.2494375405333,8.));
#4549=CARTESIAN_POINT('',(-5.76230764008657,10.4018340245342,8.));
#4550=CARTESIAN_POINT('',(-5.76563835575631,10.4789017183077,8.));
#4551=CARTESIAN_POINT('',(-5.76939395792536,10.6342917805827,8.));
#4552=CARTESIAN_POINT('',(-5.76949155237828,10.7127632816365,8.));
#4553=CARTESIAN_POINT('',(-5.7668118969436,10.8708593667291,8.));
#4554=CARTESIAN_POINT('',(-5.76375091897612,10.9506061189989,8.));
#4555=CARTESIAN_POINT('',(-5.75477584622055,11.1111564844814,8.));
#4556=CARTESIAN_POINT('',(-5.748609437604,11.1920625251053,8.));
#4557=CARTESIAN_POINT('',(-5.73343781711427,11.3548395316181,8.));
#4558=CARTESIAN_POINT('',(-5.7242039314588,11.4367978096877,8.));
#4559=CARTESIAN_POINT('',(-5.7029059321119,11.6015906760488,8.));
#4560=CARTESIAN_POINT('',(-5.69063152517051,11.6845005915867,8.));
#4561=CARTESIAN_POINT('',(-5.66325669614829,11.8511106595193,8.));
#4562=CARTESIAN_POINT('',(-5.64796064645513,11.9348763651027,8.));
#4563=CARTESIAN_POINT('',(-5.61454348106052,12.1031138721827,8.));
#4564=CARTESIAN_POINT('',(-5.5962386877797,12.1876430684376,8.));
#4565=CARTESIAN_POINT('',(-5.55680259344549,12.3573248761075,8.));
#4566=CARTESIAN_POINT('',(-5.53549752328658,12.4425279377713,8.));
#4567=CARTESIAN_POINT('',(-5.49005773901558,12.6134758901602,8.));
#4568=CARTESIAN_POINT('',(-5.46581862123783,12.6992388083175,8.));
#4569=CARTESIAN_POINT('',(-5.44023231288754,12.7846434593153,8.));
#4570=CARTESIAN_POINT('',(-5.87001281386704,8.68691243351381,8.));
#4571=CARTESIAN_POINT('',(-5.87001281386704,8.68691243351381,8.));
#4572=CARTESIAN_POINT('',(-5.85351630865777,8.69806392696649,8.));
#4573=CARTESIAN_POINT('',(-5.83757735842083,8.70990031777722,8.));
#4574=CARTESIAN_POINT('',(-5.80680761724858,8.73494855231434,8.));
#4575=CARTESIAN_POINT('',(-5.79191872732914,8.74821349996029,8.));
#4576=CARTESIAN_POINT('',(-5.76347818260759,8.77591743960891,8.));
#4577=CARTESIAN_POINT('',(-5.74981537295332,8.79046782287509,8.));
#4578=CARTESIAN_POINT('',(-5.72392097762315,8.82062853652227,8.));
#4579=CARTESIAN_POINT('',(-5.71158931096555,8.83636090951512,8.));
#4580=CARTESIAN_POINT('',(-5.68844162724214,8.86876648704241,8.));
#4581=CARTESIAN_POINT('',(-5.67753773950957,8.88557165239862,8.));
#4582=CARTESIAN_POINT('',(-5.65732013772483,8.92000064450938,8.));
#4583=CARTESIAN_POINT('',(-5.64793202338755,8.93776562473972,8.));
#4584=CARTESIAN_POINT('',(-5.6308105962277,8.97399172217951,8.));
#4585=CARTESIAN_POINT('',(-5.62301785090024,8.99260248192615,8.));
#4586=CARTESIAN_POINT('',(-5.60914243815027,9.03040119345452,8.));
#4587=CARTESIAN_POINT('',(-5.60301724777572,9.04974660908339,8.));
#4588=CARTESIAN_POINT('',(-5.59252435472236,9.08890543185799,8.));
#4589=CARTESIAN_POINT('',(-5.58813381769037,9.10888349432728,8.));
#4590=CARTESIAN_POINT('',(-5.58115307028186,9.1492186654847,8.));
#4591=CARTESIAN_POINT('',(-5.57856411981123,9.16974698492482,8.));
#4592=CARTESIAN_POINT('',(-5.57523196973737,9.21113365318694,8.));
#4593=CARTESIAN_POINT('',(-5.57452186559487,9.23216892659886,8.));
#4594=CARTESIAN_POINT('',(-5.57501175593781,9.27460128234099,8.));
#4595=CARTESIAN_POINT('',(-5.57629183787637,9.2961792300306,8.));
#4596=CARTESIAN_POINT('',(-5.58088656418083,9.33990544517848,8.));
#4597=CARTESIAN_POINT('',(-5.5843619472833,9.36223313799751,8.));
#4598=CARTESIAN_POINT('',(-5.59365246211346,9.40810698667082,8.));
#4599=CARTESIAN_POINT('',(-5.59969430289613,9.43171302330472,8.));
#4600=CARTESIAN_POINT('',(-5.6069470517023,9.45507136161843,8.));
#4601=CARTESIAN_POINT('',(-6.04086899332173,8.56897892797176,8.));
#4602=AXIS2_PLACEMENT_3D('',#4603,#4604,#4605);
#4603=CARTESIAN_POINT('',(0.,0.,8.));
#4604=DIRECTION('',(0.,0.,-1.));
#4605=DIRECTION('',(-0.576185134208144,0.817319210050482,0.));
#4606=CARTESIAN_POINT('',(-6.85239447294056,8.59540107738456,8.));
#4607=CARTESIAN_POINT('',(-6.85239447294056,8.59540107738457,8.));
#4608=CARTESIAN_POINT('',(-6.83312590738626,8.58033665852745,8.));
#4609=CARTESIAN_POINT('',(-6.81319634597641,8.56631662330585,8.));
#4610=CARTESIAN_POINT('',(-6.77359801431428,8.54136275010973,8.));
#4611=CARTESIAN_POINT('',(-6.75395364669928,8.53019570146936,8.));
#4612=CARTESIAN_POINT('',(-6.71469823770704,8.51039402816068,8.));
#4613=CARTESIAN_POINT('',(-6.69497642944467,8.50154548505307,8.));
#4614=CARTESIAN_POINT('',(-6.65547520512009,8.4860407089104,8.));
#4615=CARTESIAN_POINT('',(-6.63555507641137,8.4792454570655,8.));
#4616=CARTESIAN_POINT('',(-6.59567627265511,8.46768515668347,8.));
#4617=CARTESIAN_POINT('',(-6.57556390605437,8.46282642502877,8.));
#4618=CARTESIAN_POINT('',(-6.53537445872441,8.4550504884297,8.));
#4619=CARTESIAN_POINT('',(-6.51513773992996,8.45207139328347,8.));
#4620=CARTESIAN_POINT('',(-6.47480277343534,8.44799650879441,8.));
#4621=CARTESIAN_POINT('',(-6.45454247315996,8.44686368236029,8.));
#4622=CARTESIAN_POINT('',(-6.41427977475748,8.44643381082361,8.));
#4623=CARTESIAN_POINT('',(-6.39411506652907,8.44712068792216,8.));
#4624=CARTESIAN_POINT('',(-6.35417173526973,8.45028354922395,8.));
#4625=CARTESIAN_POINT('',(-6.33423211897926,8.4527620398096,8.));
#4626=CARTESIAN_POINT('',(-6.29487119173926,8.45945713700805,8.));
#4627=CARTESIAN_POINT('',(-6.27529151729246,8.46369325538355,8.));
#4628=CARTESIAN_POINT('',(-6.2367834941788,8.47384553948687,8.));
#4629=CARTESIAN_POINT('',(-6.21770060063234,8.47979707176307,8.));
#4630=CARTESIAN_POINT('',(-6.18031756435016,8.49331361553532,8.));
#4631=CARTESIAN_POINT('',(-6.16186782058485,8.50092892746825,8.));
#4632=CARTESIAN_POINT('',(-6.12587903087859,8.51769734634399,8.));
#4633=CARTESIAN_POINT('',(-6.10819641624318,8.52691488499261,8.));
#4634=CARTESIAN_POINT('',(-6.07386480950767,8.54680286639323,8.));
#4635=CARTESIAN_POINT('',(-6.05714556219652,8.5575088017297,8.));
#4636=CARTESIAN_POINT('',(-6.04086899332173,8.56897892797176,8.));
#4637=CARTESIAN_POINT('',(-10.024716326605,9.6202026263015,8.));
#4638=CARTESIAN_POINT('',(-10.024716326605,9.6202026263015,8.));
#4639=CARTESIAN_POINT('',(-9.93578856073882,9.61384133357939,8.));
#4640=CARTESIAN_POINT('',(-9.84700352962,9.60609335250432,8.));
#4641=CARTESIAN_POINT('',(-9.67105124791399,9.58796130951484,8.));
#4642=CARTESIAN_POINT('',(-9.58383011933467,9.57766847410801,8.));
#4643=CARTESIAN_POINT('',(-9.41119064129825,9.55437186461658,8.));
#4644=CARTESIAN_POINT('',(-9.32566350066516,9.54151267756341,8.));
#4645=CARTESIAN_POINT('',(-9.15650880875634,9.51310042779742,8.));
#4646=CARTESIAN_POINT('',(-9.07276245948225,9.49769875414302,8.));
#4647=CARTESIAN_POINT('',(-8.90727209161716,9.46421391960016,8.));
#4648=CARTESIAN_POINT('',(-8.82539740922258,9.44629042822567,8.));
#4649=CARTESIAN_POINT('',(-8.66376102784359,9.40776804779032,8.));
#4650=CARTESIAN_POINT('',(-8.58385432564618,9.38733907492421,8.));
#4651=CARTESIAN_POINT('',(-8.42627524985099,9.34380326450238,8.));
#4652=CARTESIAN_POINT('',(-8.34844014910536,9.3208792793214,8.));
#4653=CARTESIAN_POINT('',(-8.19514034494946,9.27233917391057,8.));
#4654=CARTESIAN_POINT('',(-8.11949039852938,9.24692264994803,8.));
#4655=CARTESIAN_POINT('',(-7.9707177721501,9.19336652690813,8.));
#4656=CARTESIAN_POINT('',(-7.89738025154684,9.16544889674221,8.));
#4657=CARTESIAN_POINT('',(-7.75341977425075,9.10683527223253,8.));
#4658=CARTESIAN_POINT('',(-7.68254131684006,9.07639241813637,8.));
#4659=CARTESIAN_POINT('',(-7.54373296822876,9.01263575753977,8.));
#4660=CARTESIAN_POINT('',(-7.4754882938367,8.97962109355716,8.));
#4661=CARTESIAN_POINT('',(-7.34225827087707,8.91056704125735,8.));
#4662=CARTESIAN_POINT('',(-7.27686395414389,8.87490066025668,8.));
#4663=CARTESIAN_POINT('',(-7.14978519265647,8.80027810855819,8.));
#4664=CARTESIAN_POINT('',(-7.08751995126072,8.76183108609505,8.));
#4665=CARTESIAN_POINT('',(-6.96745183544854,8.68114166137383,8.));
#4666=CARTESIAN_POINT('',(-6.90927388770757,8.63923813219941,8.));
#4667=CARTESIAN_POINT('',(-6.85239447294056,8.59540107738457,8.));
#4668=CARTESIAN_POINT('',(-10.758406544255,8.79203756978613,8.));
#4669=AXIS2_PLACEMENT_3D('',#4670,#4671,#4672);
#4670=CARTESIAN_POINT('',(0.,0.,8.));
#4671=DIRECTION('',(0.,0.,1.));
#4672=DIRECTION('',(-0.721514058342093,0.692399785972471,0.));
#4673=CARTESIAN_POINT('',(-9.35869580751981,5.76637169077759,8.));
#4674=CARTESIAN_POINT('',(-9.35869580751981,5.76637169077759,8.));
#4675=CARTESIAN_POINT('',(-9.40906929667971,5.81755241751075,8.));
#4676=CARTESIAN_POINT('',(-9.45767987863194,5.87025527021236,8.));
#4677=CARTESIAN_POINT('',(-9.55225359868308,5.97972191888773,8.));
#4678=CARTESIAN_POINT('',(-9.59792554455803,6.03689890011574,8.));
#4679=CARTESIAN_POINT('',(-9.68732166587761,6.15405635969978,8.));
#4680=CARTESIAN_POINT('',(-9.73061041265052,6.21467477107384,8.));
#4681=CARTESIAN_POINT('',(-9.81522008783887,6.33860985093976,8.));
#4682=CARTESIAN_POINT('',(-9.8562200242461,6.40237746682248,8.));
#4683=CARTESIAN_POINT('',(-9.93624332453653,6.53248873007534,8.));
#4684=CARTESIAN_POINT('',(-9.97500766990856,6.59918092315907,8.));
#4685=CARTESIAN_POINT('',(-10.0505464531236,6.73502667477415,8.));
#4686=CARTESIAN_POINT('',(-10.0871003936048,6.80446438382056,8.));
#4687=CARTESIAN_POINT('',(-10.1581985907054,6.94569681297158,8.));
#4688=CARTESIAN_POINT('',(-10.1925483929947,7.01773156268575,8.));
#4689=CARTESIAN_POINT('',(-10.2592128358624,7.16406277550335,8.));
#4690=CARTESIAN_POINT('',(-10.2913516640325,7.23856718965791,8.));
#4691=CARTESIAN_POINT('',(-10.3535641080534,7.38974967451149,8.));
#4692=CARTESIAN_POINT('',(-10.3834758193193,7.46661132631247,8.));
#4693=CARTESIAN_POINT('',(-10.4412004410487,7.62242583663128,8.));
#4694=CARTESIAN_POINT('',(-10.4688621524038,7.70154312225947,8.));
#4695=CARTESIAN_POINT('',(-10.5220505043589,7.8617907282222,8.));
#4696=CARTESIAN_POINT('',(-10.5474343893966,7.94307000570723,8.));
#4697=CARTESIAN_POINT('',(-10.5960288268847,8.10756665119506,8.));
#4698=CARTESIAN_POINT('',(-10.6191034135897,8.19092019895959,8.));
#4699=CARTESIAN_POINT('',(-10.6630395541318,8.3594928448567,8.));
#4700=CARTESIAN_POINT('',(-10.6837706884668,8.44483736899588,8.));
#4701=CARTESIAN_POINT('',(-10.7229792323682,8.61732118419503,8.));
#4702=CARTESIAN_POINT('',(-10.7413725748452,8.70452495655629,8.));
#4703=CARTESIAN_POINT('',(-10.7584065442612,8.79203756977855,8.));
#4704=CARTESIAN_POINT('',(-9.23464771806911,4.96394798377873,8.));
#4705=CARTESIAN_POINT('',(-9.23464771806911,4.96394798377873,8.));
#4706=CARTESIAN_POINT('',(-9.2252231455397,4.98148844907993,8.));
#4707=CARTESIAN_POINT('',(-9.21661055109293,4.99937625215843,8.));
#4708=CARTESIAN_POINT('',(-9.20100579337236,5.03585477408183,8.));
#4709=CARTESIAN_POINT('',(-9.19398686462493,5.05451951405649,8.));
#4710=CARTESIAN_POINT('',(-9.18167867563998,5.09226711451035,8.));
#4711=CARTESIAN_POINT('',(-9.17634275877016,5.11150026329051,8.));
#4712=CARTESIAN_POINT('',(-9.16743079291164,5.1502399744634,8.));
#4713=CARTESIAN_POINT('',(-9.16382284264433,5.16990111017345,8.));
#4714=CARTESIAN_POINT('',(-9.15838620939192,5.20935208906516,8.));
#4715=CARTESIAN_POINT('',(-9.15654104604713,5.22929961328661,8.));
#4716=CARTESIAN_POINT('',(-9.15463919914656,5.26918055984077,8.));
#4717=CARTESIAN_POINT('',(-9.15458223470103,5.28927354290567,8.));
#4718=CARTESIAN_POINT('',(-9.15625707076754,5.32930688310928,8.));
#4719=CARTESIAN_POINT('',(-9.15800578876457,5.34940736179643,8.));
#4720=CARTESIAN_POINT('',(-9.16328565805732,5.38932468450774,8.));
#4721=CARTESIAN_POINT('',(-9.16685233424745,5.40930071724532,8.));
#4722=CARTESIAN_POINT('',(-9.17575935120013,5.44885042337224,8.));
#4723=CARTESIAN_POINT('',(-9.18115599229132,5.46858050346303,8.));
#4724=CARTESIAN_POINT('',(-9.19371953612009,5.50753963888904,8.));
#4725=CARTESIAN_POINT('',(-9.2009671200527,5.52691970830881,8.));
#4726=CARTESIAN_POINT('',(-9.21724999144651,5.56511431045526,8.));
#4727=CARTESIAN_POINT('',(-9.22639680443949,5.58407012189869,8.));
#4728=CARTESIAN_POINT('',(-9.24654987975333,5.6214144435791,8.));
#4729=CARTESIAN_POINT('',(-9.25771110831566,5.63992588364313,8.));
#4730=CARTESIAN_POINT('',(-9.28210012181317,5.67650824854194,8.));
#4731=CARTESIAN_POINT('',(-9.29555361695398,5.69466334762804,8.));
#4732=CARTESIAN_POINT('',(-9.32509859976108,5.73096510583394,8.));
#4733=CARTESIAN_POINT('',(-9.34141865631202,5.74905942979971,8.));
#4734=CARTESIAN_POINT('',(-9.35869580751981,5.76637169077759,8.));
#4735=CARTESIAN_POINT('',(-9.33112691890161,4.78012222499066,8.));
#4736=AXIS2_PLACEMENT_3D('',#4737,#4738,#4739);
#4737=CARTESIAN_POINT('',(0.,0.,8.));
#4738=DIRECTION('',(0.,0.,-1.));
#4739=DIRECTION('',(-0.890013774843371,0.455933636167647,0.));
#4740=CARTESIAN_POINT('',(-10.0619760298885,4.42638318131613,8.));
#4741=CARTESIAN_POINT('',(-10.0619760298885,4.42638318131613,8.));
#4742=CARTESIAN_POINT('',(-10.0379137778965,4.42199884977126,8.));
#4743=CARTESIAN_POINT('',(-10.0137515924172,4.41884645410025,8.));
#4744=CARTESIAN_POINT('',(-9.96709236793468,4.41515315901303,8.));
#4745=CARTESIAN_POINT('',(-9.94450855799331,4.41439442133649,8.));
#4746=CARTESIAN_POINT('',(-9.90054732312986,4.41510380857405,8.));
#4747=CARTESIAN_POINT('',(-9.87897240614624,4.4164339940553,8.));
#4748=CARTESIAN_POINT('',(-9.83679038029651,4.42106233086109,8.));
#4749=CARTESIAN_POINT('',(-9.81599407130739,4.42430277957023,8.));
#4750=CARTESIAN_POINT('',(-9.77531080476225,4.43259924611751,8.));
#4751=CARTESIAN_POINT('',(-9.75524422337879,4.43764373570084,8.));
#4752=CARTESIAN_POINT('',(-9.71604457715088,4.44943545322996,8.));
#4753=CARTESIAN_POINT('',(-9.69674139800871,4.45620206763165,8.));
#4754=CARTESIAN_POINT('',(-9.65913286563606,4.47133853018063,8.));
#4755=CARTESIAN_POINT('',(-9.64066680998184,4.47975089319906,8.));
#4756=CARTESIAN_POINT('',(-9.60481618980821,4.49808126977328,8.));
#4757=CARTESIAN_POINT('',(-9.58728043510586,4.50806047641032,8.));
#4758=CARTESIAN_POINT('',(-9.55338222669452,4.52942364261313,8.));
#4759=CARTESIAN_POINT('',(-9.53687838530776,4.54088463876857,8.));
#4760=CARTESIAN_POINT('',(-9.50513738191501,4.56510478788683,8.));
#4761=CARTESIAN_POINT('',(-9.48976906356437,4.5779548128443,8.));
#4762=CARTESIAN_POINT('',(-9.46038990413438,4.60483978462823,8.));
#4763=CARTESIAN_POINT('',(-9.44625865601468,4.61897786756475,8.));
#4764=CARTESIAN_POINT('',(-9.41943907237832,4.64831893589557,8.));
#4765=CARTESIAN_POINT('',(-9.40664164750714,4.66363598317983,8.));
#4766=CARTESIAN_POINT('',(-9.38256782961586,4.69520850522434,8.));
#4767=CARTESIAN_POINT('',(-9.37119425573686,4.71158775112584,8.));
#4768=CARTESIAN_POINT('',(-9.35003753348459,4.74515237727859,8.));
#4769=CARTESIAN_POINT('',(-9.3402086714378,4.76240183387714,8.));
#4770=CARTESIAN_POINT('',(-9.33112691890162,4.78012222499066,8.));
#4771=CARTESIAN_POINT('',(-13.3471765570552,3.85954841332464,8.));
#4772=CARTESIAN_POINT('',(-13.3471765570552,3.85954841332465,8.));
#4773=CARTESIAN_POINT('',(-13.2654786907889,3.89524256178903,8.));
#4774=CARTESIAN_POINT('',(-13.1832627836548,3.92964252655101,8.));
#4775=CARTESIAN_POINT('',(-13.0190383950571,3.99535650231132,8.));
#4776=CARTESIAN_POINT('',(-12.9370246020727,4.0267763287219,8.));
#4777=CARTESIAN_POINT('',(-12.773333461719,4.0863777713235,8.));
#4778=CARTESIAN_POINT('',(-12.6916269774913,4.1147379707531,8.));
#4779=CARTESIAN_POINT('',(-12.5286441054369,4.1681902779854,8.));
#4780=CARTESIAN_POINT('',(-12.4473328812103,4.1934716423247,8.));
#4781=CARTESIAN_POINT('',(-12.2852372592725,4.24072950250768,8.));
#4782=CARTESIAN_POINT('',(-12.2044113666321,4.26290810118188,8.));
#4783=CARTESIAN_POINT('',(-12.0433872159447,4.30391439917502,8.));
#4784=CARTESIAN_POINT('',(-11.963139527922,4.32295993816556,8.));
#4785=CARTESIAN_POINT('',(-11.8033780858255,4.35764154044712,8.));
#4786=CARTESIAN_POINT('',(-11.7238052197538,4.37351513455148,8.));
#4787=CARTESIAN_POINT('',(-11.5655072726746,4.40177697699065,8.));
#4788=CARTESIAN_POINT('',(-11.4867109241384,4.41442804576213,8.));
#4789=CARTESIAN_POINT('',(-11.3300905342772,4.43614454075009,8.));
#4790=CARTESIAN_POINT('',(-11.2521794151059,4.44550635210229,8.));
#4791=CARTESIAN_POINT('',(-11.0974696335211,4.46050833475279,8.));
#4792=CARTESIAN_POINT('',(-11.0205623765961,4.46649138771274,8.));
#4793=CARTESIAN_POINT('',(-10.8680244903559,4.47454512448475,8.));
#4794=CARTESIAN_POINT('',(-10.7922541528268,4.477026972885,8.));
#4795=CARTESIAN_POINT('',(-10.642193807972,4.47779772506163,8.));
#4796=CARTESIAN_POINT('',(-10.5677150224632,4.47660696739722,8.));
#4797=CARTESIAN_POINT('',(-10.4205135384403,4.469588424484,8.));
#4798=CARTESIAN_POINT('',(-10.3475131830229,4.4644813772651,8.));
#4799=CARTESIAN_POINT('',(-10.2036999009814,4.44883287558075,8.));
#4800=CARTESIAN_POINT('',(-10.1327123455962,4.43876578359431,8.));
#4801=CARTESIAN_POINT('',(-10.0619760298885,4.42638318131613,8.));
#4802=CARTESIAN_POINT('',(-13.6119594891901,2.78528182858515,8.));
#4803=AXIS2_PLACEMENT_3D('',#4804,#4805,#4806);
#4804=CARTESIAN_POINT('',(0.,0.,8.));
#4805=DIRECTION('',(0.,0.,1.));
#4806=DIRECTION('',(-0.960643195412061,0.277785260783407,0.));
#4807=CARTESIAN_POINT('',(-10.9664801383454,0.756665757891779,8.));
#4808=CARTESIAN_POINT('',(-10.9664801383454,0.756665757891779,8.));
#4809=CARTESIAN_POINT('',(-11.0348685175302,0.778574313105668,8.));
#4810=CARTESIAN_POINT('',(-11.1024032871135,0.802649907759685,8.));
#4811=CARTESIAN_POINT('',(-11.2370158456067,0.855627212263212,8.));
#4812=CARTESIAN_POINT('',(-11.3040278133691,0.885030103259797,8.));
#4813=CARTESIAN_POINT('',(-11.437629933908,0.947223432730658,8.));
#4814=CARTESIAN_POINT('',(-11.5041309959991,0.980781086633241,8.));
#4815=CARTESIAN_POINT('',(-11.636644646166,1.05120007325121,8.));
#4816=CARTESIAN_POINT('',(-11.7025825756358,1.08860987247535,8.));
#4817=CARTESIAN_POINT('',(-11.8339054080481,1.16662899257956,8.));
#4818=CARTESIAN_POINT('',(-11.8992229387587,1.20766730726608,8.));
#4819=CARTESIAN_POINT('',(-12.0292398781262,1.29284812364502,8.));
#4820=CARTESIAN_POINT('',(-12.0938760973942,1.33734469835661,8.));
#4821=CARTESIAN_POINT('',(-12.2224644069005,1.42935882408282,8.));
#4822=CARTESIAN_POINT('',(-12.2863558637021,1.4771792781947,8.));
#4823=CARTESIAN_POINT('',(-12.4133878017258,1.57576862097316,8.));
#4824=CARTESIAN_POINT('',(-12.4764692484635,1.62680334525111,8.));
#4825=CARTESIAN_POINT('',(-12.601813635811,1.73175722311197,8.));
#4826=CARTESIAN_POINT('',(-12.6640185314225,1.78591417050005,8.));
#4827=CARTESIAN_POINT('',(-12.7875417590472,1.89705509823091,8.));
#4828=CARTESIAN_POINT('',(-12.8488026239871,1.95425493727863,8.));
#4829=CARTESIAN_POINT('',(-12.9703693464757,2.07142928593847,8.));
#4830=CARTESIAN_POINT('',(-13.0306180240911,2.13160203237483,8.));
#4831=CARTESIAN_POINT('',(-13.1500916644598,2.25467361718862,8.));
#4832=CARTESIAN_POINT('',(-13.2092595214155,2.31775622318913,8.));
#4833=CARTESIAN_POINT('',(-13.3265026565235,2.44660174565897,8.));
#4834=CARTESIAN_POINT('',(-13.3845207423136,2.51253633030626,8.));
#4835=CARTESIAN_POINT('',(-13.4993954094937,2.64704204490894,8.));
#4836=CARTESIAN_POINT('',(-13.5562075191278,2.71570933814551,8.));
#4837=CARTESIAN_POINT('',(-13.6119594891985,2.78528182854431,8.));
#4838=CARTESIAN_POINT('',(-10.4837361196309,0.103802873018151,8.));
#4839=CARTESIAN_POINT('',(-10.4837361196309,0.103802873018151,8.));
#4840=CARTESIAN_POINT('',(-10.4835425357694,0.12371400095288,8.));
#4841=CARTESIAN_POINT('',(-10.4842293387075,0.143555336185275,8.));
#4842=CARTESIAN_POINT('',(-10.4873644263747,0.183107355736147,8.));
#4843=CARTESIAN_POINT('',(-10.4898234107881,0.202896021045812,8.));
#4844=CARTESIAN_POINT('',(-10.4964672353064,0.242039761948831,8.));
#4845=CARTESIAN_POINT('',(-10.5006806054712,0.261549593642016,8.));
#4846=CARTESIAN_POINT('',(-10.5107926930616,0.299993501375031,8.));
#4847=CARTESIAN_POINT('',(-10.5167349971104,0.319079270553478,8.));
#4848=CARTESIAN_POINT('',(-10.5302548814885,0.356537906981367,8.));
#4849=CARTESIAN_POINT('',(-10.5378911472172,0.375058052662637,8.));
#4850=CARTESIAN_POINT('',(-10.554740745406,0.41125470942215,8.));
#4851=CARTESIAN_POINT('',(-10.5640279807202,0.429072635048133,8.));
#4852=CARTESIAN_POINT('',(-10.5841153952542,0.46374206222896,8.));
#4853=CARTESIAN_POINT('',(-10.5950049663569,0.480727482426421,8.));
#4854=CARTESIAN_POINT('',(-10.6182305632667,0.513618838743391,8.));
#4855=CARTESIAN_POINT('',(-10.6306720234895,0.529649220226798,8.));
#4856=CARTESIAN_POINT('',(-10.6569384602055,0.560529448657999,8.));
#4857=CARTESIAN_POINT('',(-10.6708859739825,0.575491622794731,8.));
#4858=CARTESIAN_POINT('',(-10.7001156525645,0.604149654071715,8.));
#4859=CARTESIAN_POINT('',(-10.7155394367642,0.61794173312221,8.));
#4860=CARTESIAN_POINT('',(-10.7477071200192,0.644194346096094,8.));
#4861=CARTESIAN_POINT('',(-10.7646154255221,0.656728147611644,8.));
#4862=CARTESIAN_POINT('',(-10.7998148591233,0.680429301181205,8.));
#4863=CARTESIAN_POINT('',(-10.8183003313532,0.691633485788026,8.));
#4864=CARTESIAN_POINT('',(-10.8568964029709,0.712691421504745,8.));
#4865=CARTESIAN_POINT('',(-10.8772459765455,0.722514812449953,8.));
#4866=CARTESIAN_POINT('',(-10.9202770278241,0.740928184867074,8.));
#4867=CARTESIAN_POINT('',(-10.9431365718655,0.749365604604395,8.));
#4868=CARTESIAN_POINT('',(-10.9664801383454,0.756665757891779,8.));
#4869=CARTESIAN_POINT('',(-10.4837361196309,-0.103802873018149,8.));
#4870=AXIS2_PLACEMENT_3D('',#4871,#4872,#4873);
#4871=CARTESIAN_POINT('',(0.,0.,8.));
#4872=DIRECTION('',(0.,0.,-1.));
#4873=DIRECTION('',(-0.999950985490701,-0.00990083916523832,0.));
#4874=CARTESIAN_POINT('',(-10.9664801383454,-0.756665757891779,8.));
#4875=CARTESIAN_POINT('',(-10.9664801383454,-0.756665757891779,8.));
#4876=CARTESIAN_POINT('',(-10.9431365718655,-0.749365604604395,8.));
#4877=CARTESIAN_POINT('',(-10.9202770278241,-0.740928184867072,8.));
#4878=CARTESIAN_POINT('',(-10.8772459765455,-0.722514812449952,8.));
#4879=CARTESIAN_POINT('',(-10.8568964029709,-0.712691421504745,8.));
#4880=CARTESIAN_POINT('',(-10.8183003313532,-0.691633485788026,8.));
#4881=CARTESIAN_POINT('',(-10.7998148591233,-0.680429301181204,8.));
#4882=CARTESIAN_POINT('',(-10.7646154255221,-0.656728147611642,8.));
#4883=CARTESIAN_POINT('',(-10.7477071200192,-0.644194346096092,8.));
#4884=CARTESIAN_POINT('',(-10.7155394367642,-0.617941733122208,8.));
#4885=CARTESIAN_POINT('',(-10.7001156525645,-0.604149654071714,8.));
#4886=CARTESIAN_POINT('',(-10.6708859739825,-0.575491622794729,8.));
#4887=CARTESIAN_POINT('',(-10.6569384602055,-0.560529448658,8.));
#4888=CARTESIAN_POINT('',(-10.6306720234895,-0.529649220226798,8.));
#4889=CARTESIAN_POINT('',(-10.6182305632667,-0.51361883874339,8.));
#4890=CARTESIAN_POINT('',(-10.5950049663569,-0.480727482426422,8.));
#4891=CARTESIAN_POINT('',(-10.5841153952542,-0.463742062228959,8.));
#4892=CARTESIAN_POINT('',(-10.5640279807202,-0.429072635048133,8.));
#4893=CARTESIAN_POINT('',(-10.554740745406,-0.411254709422149,8.));
#4894=CARTESIAN_POINT('',(-10.5378911472172,-0.375058052662636,8.));
#4895=CARTESIAN_POINT('',(-10.5302548814885,-0.356537906981366,8.));
#4896=CARTESIAN_POINT('',(-10.5167349971104,-0.319079270553477,8.));
#4897=CARTESIAN_POINT('',(-10.5107926930616,-0.299993501375031,8.));
#4898=CARTESIAN_POINT('',(-10.5006806054712,-0.261549593642016,8.));
#4899=CARTESIAN_POINT('',(-10.4964672353064,-0.242039761948831,8.));
#4900=CARTESIAN_POINT('',(-10.4898234107881,-0.202896021045812,8.));
#4901=CARTESIAN_POINT('',(-10.4873644263747,-0.183107355736147,8.));
#4902=CARTESIAN_POINT('',(-10.4842293387075,-0.143555336185275,8.));
#4903=CARTESIAN_POINT('',(-10.4835425357694,-0.123714000952878,8.));
#4904=CARTESIAN_POINT('',(-10.4837361196309,-0.10380287301815,8.));
#4905=CARTESIAN_POINT('',(-13.6119594891985,-2.78528182854431,8.));
#4906=CARTESIAN_POINT('',(-13.6119594891985,-2.78528182854431,8.));
#4907=CARTESIAN_POINT('',(-13.5562075191278,-2.71570933814551,8.));
#4908=CARTESIAN_POINT('',(-13.4993954094937,-2.64704204490894,8.));
#4909=CARTESIAN_POINT('',(-13.3845207423136,-2.51253633030626,8.));
#4910=CARTESIAN_POINT('',(-13.3265026565235,-2.44660174565897,8.));
#4911=CARTESIAN_POINT('',(-13.2092595214155,-2.31775622318913,8.));
#4912=CARTESIAN_POINT('',(-13.1500916644598,-2.25467361718861,8.));
#4913=CARTESIAN_POINT('',(-13.0306180240911,-2.13160203237483,8.));
#4914=CARTESIAN_POINT('',(-12.9703693464757,-2.07142928593847,8.));
#4915=CARTESIAN_POINT('',(-12.8488026239871,-1.95425493727863,8.));
#4916=CARTESIAN_POINT('',(-12.7875417590472,-1.89705509823091,8.));
#4917=CARTESIAN_POINT('',(-12.6640185314225,-1.78591417050005,8.));
#4918=CARTESIAN_POINT('',(-12.601813635811,-1.73175722311197,8.));
#4919=CARTESIAN_POINT('',(-12.4764692484635,-1.62680334525111,8.));
#4920=CARTESIAN_POINT('',(-12.4133878017258,-1.57576862097316,8.));
#4921=CARTESIAN_POINT('',(-12.2863558637021,-1.47717927819469,8.));
#4922=CARTESIAN_POINT('',(-12.2224644069005,-1.42935882408282,8.));
#4923=CARTESIAN_POINT('',(-12.0938760973942,-1.33734469835661,8.));
#4924=CARTESIAN_POINT('',(-12.0292398781262,-1.29284812364502,8.));
#4925=CARTESIAN_POINT('',(-11.8992229387587,-1.20766730726608,8.));
#4926=CARTESIAN_POINT('',(-11.8339054080481,-1.16662899257955,8.));
#4927=CARTESIAN_POINT('',(-11.7025825756358,-1.08860987247534,8.));
#4928=CARTESIAN_POINT('',(-11.636644646166,-1.05120007325121,8.));
#4929=CARTESIAN_POINT('',(-11.5041309959991,-0.98078108663324,8.));
#4930=CARTESIAN_POINT('',(-11.437629933908,-0.947223432730656,8.));
#4931=CARTESIAN_POINT('',(-11.3040278133691,-0.885030103259796,8.));
#4932=CARTESIAN_POINT('',(-11.2370158456067,-0.855627212263211,8.));
#4933=CARTESIAN_POINT('',(-11.1024032871135,-0.802649907759684,8.));
#4934=CARTESIAN_POINT('',(-11.0348685175302,-0.778574313105667,8.));
#4935=CARTESIAN_POINT('',(-10.9664801383454,-0.756665757891779,8.));
#4936=CARTESIAN_POINT('',(-13.3471765570854,-3.85954841322,8.));
#4937=AXIS2_PLACEMENT_3D('',#4938,#4939,#4940);
#4938=CARTESIAN_POINT('',(0.,0.,8.));
#4939=DIRECTION('',(0.,0.,1.));
#4940=DIRECTION('',(-0.979700553418633,-0.200466519975839,0.));
#4941=CARTESIAN_POINT('',(-10.0619760298885,-4.42638318131613,8.));
#4942=CARTESIAN_POINT('',(-10.0619760298885,-4.42638318131613,8.));
#4943=CARTESIAN_POINT('',(-10.1327123455962,-4.43876578359431,8.));
#4944=CARTESIAN_POINT('',(-10.2036999009814,-4.44883287558075,8.));
#4945=CARTESIAN_POINT('',(-10.3475131830229,-4.46448137726509,8.));
#4946=CARTESIAN_POINT('',(-10.4205135384403,-4.469588424484,8.));
#4947=CARTESIAN_POINT('',(-10.5677150224632,-4.47660696739722,8.));
#4948=CARTESIAN_POINT('',(-10.642193807972,-4.47779772506163,8.));
#4949=CARTESIAN_POINT('',(-10.7922541528268,-4.477026972885,8.));
#4950=CARTESIAN_POINT('',(-10.8680244903559,-4.47454512448475,8.));
#4951=CARTESIAN_POINT('',(-11.0205623765961,-4.46649138771274,8.));
#4952=CARTESIAN_POINT('',(-11.0974696335211,-4.46050833475279,8.));
#4953=CARTESIAN_POINT('',(-11.2521794151059,-4.44550635210229,8.));
#4954=CARTESIAN_POINT('',(-11.3300905342772,-4.43614454075009,8.));
#4955=CARTESIAN_POINT('',(-11.4867109241384,-4.41442804576213,8.));
#4956=CARTESIAN_POINT('',(-11.5655072726746,-4.40177697699065,8.));
#4957=CARTESIAN_POINT('',(-11.7238052197538,-4.37351513455148,8.));
#4958=CARTESIAN_POINT('',(-11.8033780858255,-4.35764154044712,8.));
#4959=CARTESIAN_POINT('',(-11.963139527922,-4.32295993816556,8.));
#4960=CARTESIAN_POINT('',(-12.0433872159447,-4.30391439917502,8.));
#4961=CARTESIAN_POINT('',(-12.2044113666321,-4.26290810118188,8.));
#4962=CARTESIAN_POINT('',(-12.2852372592725,-4.24072950250768,8.));
#4963=CARTESIAN_POINT('',(-12.4473328812103,-4.1934716423247,8.));
#4964=CARTESIAN_POINT('',(-12.528644105437,-4.1681902779854,8.));
#4965=CARTESIAN_POINT('',(-12.6916269774913,-4.1147379707531,8.));
#4966=CARTESIAN_POINT('',(-12.773333461719,-4.0863777713235,8.));
#4967=CARTESIAN_POINT('',(-12.9370246020727,-4.0267763287219,8.));
#4968=CARTESIAN_POINT('',(-13.0190383950571,-3.99535650231132,8.));
#4969=CARTESIAN_POINT('',(-13.1832627836548,-3.929642526551,8.));
#4970=CARTESIAN_POINT('',(-13.2654786907889,-3.89524256178903,8.));
#4971=CARTESIAN_POINT('',(-13.3471765570552,-3.85954841332465,8.));
#4972=CARTESIAN_POINT('',(-9.33112691890162,-4.78012222499066,8.));
#4973=CARTESIAN_POINT('',(-9.33112691890162,-4.78012222499066,8.));
#4974=CARTESIAN_POINT('',(-9.3402086714378,-4.76240183387714,8.));
#4975=CARTESIAN_POINT('',(-9.35003753348459,-4.74515237727859,8.));
#4976=CARTESIAN_POINT('',(-9.37119425573686,-4.71158775112584,8.));
#4977=CARTESIAN_POINT('',(-9.38256782961586,-4.69520850522434,8.));
#4978=CARTESIAN_POINT('',(-9.40664164750714,-4.66363598317983,8.));
#4979=CARTESIAN_POINT('',(-9.41943907237832,-4.64831893589557,8.));
#4980=CARTESIAN_POINT('',(-9.44625865601469,-4.61897786756475,8.));
#4981=CARTESIAN_POINT('',(-9.46038990413438,-4.60483978462823,8.));
#4982=CARTESIAN_POINT('',(-9.48976906356438,-4.57795481284429,8.));
#4983=CARTESIAN_POINT('',(-9.50513738191501,-4.56510478788683,8.));
#4984=CARTESIAN_POINT('',(-9.53687838530776,-4.54088463876857,8.));
#4985=CARTESIAN_POINT('',(-9.55338222669453,-4.52942364261313,8.));
#4986=CARTESIAN_POINT('',(-9.58728043510587,-4.50806047641032,8.));
#4987=CARTESIAN_POINT('',(-9.60481618980821,-4.49808126977328,8.));
#4988=CARTESIAN_POINT('',(-9.64066680998185,-4.47975089319906,8.));
#4989=CARTESIAN_POINT('',(-9.65913286563606,-4.47133853018063,8.));
#4990=CARTESIAN_POINT('',(-9.69674139800871,-4.45620206763165,8.));
#4991=CARTESIAN_POINT('',(-9.71604457715089,-4.44943545322996,8.));
#4992=CARTESIAN_POINT('',(-9.7552442233788,-4.43764373570084,8.));
#4993=CARTESIAN_POINT('',(-9.77531080476225,-4.43259924611751,8.));
#4994=CARTESIAN_POINT('',(-9.81599407130739,-4.42430277957023,8.));
#4995=CARTESIAN_POINT('',(-9.83679038029651,-4.42106233086109,8.));
#4996=CARTESIAN_POINT('',(-9.87897240614624,-4.4164339940553,8.));
#4997=CARTESIAN_POINT('',(-9.90054732312987,-4.41510380857405,8.));
#4998=CARTESIAN_POINT('',(-9.94450855799331,-4.41439442133649,8.));
#4999=CARTESIAN_POINT('',(-9.96709236793468,-4.41515315901303,8.));
#5000=CARTESIAN_POINT('',(-10.0137515924172,-4.41884645410025,8.));
#5001=CARTESIAN_POINT('',(-10.0379137778965,-4.42199884977126,8.));
#5002=CARTESIAN_POINT('',(-10.0619760298885,-4.42638318131613,8.));
#5003=CARTESIAN_POINT('',(-9.23464771806911,-4.96394798377873,8.));
#5004=AXIS2_PLACEMENT_3D('',#5005,#5006,#5007);
#5005=CARTESIAN_POINT('',(0.,0.,8.));
#5006=DIRECTION('',(0.,0.,-1.));
#5007=DIRECTION('',(-0.880811476077842,-0.473467151563414,0.));
#5008=CARTESIAN_POINT('',(-9.35869580751981,-5.76637169077759,8.));
#5009=CARTESIAN_POINT('',(-9.35869580751981,-5.76637169077759,8.));
#5010=CARTESIAN_POINT('',(-9.34141865631203,-5.74905942979971,8.));
#5011=CARTESIAN_POINT('',(-9.32509859976108,-5.73096510583394,8.));
#5012=CARTESIAN_POINT('',(-9.29555361695398,-5.69466334762804,8.));
#5013=CARTESIAN_POINT('',(-9.28210012181317,-5.67650824854194,8.));
#5014=CARTESIAN_POINT('',(-9.25771110831567,-5.63992588364313,8.));
#5015=CARTESIAN_POINT('',(-9.24654987975333,-5.6214144435791,8.));
#5016=CARTESIAN_POINT('',(-9.22639680443949,-5.58407012189869,8.));
#5017=CARTESIAN_POINT('',(-9.21724999144651,-5.56511431045526,8.));
#5018=CARTESIAN_POINT('',(-9.2009671200527,-5.52691970830881,8.));
#5019=CARTESIAN_POINT('',(-9.19371953612009,-5.50753963888904,8.));
#5020=CARTESIAN_POINT('',(-9.18115599229132,-5.46858050346303,8.));
#5021=CARTESIAN_POINT('',(-9.17575935120013,-5.44885042337224,8.));
#5022=CARTESIAN_POINT('',(-9.16685233424745,-5.40930071724532,8.));
#5023=CARTESIAN_POINT('',(-9.16328565805732,-5.38932468450773,8.));
#5024=CARTESIAN_POINT('',(-9.15800578876457,-5.34940736179643,8.));
#5025=CARTESIAN_POINT('',(-9.15625707076754,-5.32930688310928,8.));
#5026=CARTESIAN_POINT('',(-9.15458223470103,-5.28927354290567,8.));
#5027=CARTESIAN_POINT('',(-9.15463919914656,-5.26918055984077,8.));
#5028=CARTESIAN_POINT('',(-9.15654104604713,-5.22929961328661,8.));
#5029=CARTESIAN_POINT('',(-9.15838620939192,-5.20935208906516,8.));
#5030=CARTESIAN_POINT('',(-9.16382284264433,-5.16990111017344,8.));
#5031=CARTESIAN_POINT('',(-9.16743079291164,-5.1502399744634,8.));
#5032=CARTESIAN_POINT('',(-9.17634275877017,-5.11150026329051,8.));
#5033=CARTESIAN_POINT('',(-9.18167867563998,-5.09226711451035,8.));
#5034=CARTESIAN_POINT('',(-9.19398686462493,-5.05451951405649,8.));
#5035=CARTESIAN_POINT('',(-9.20100579337236,-5.03585477408183,8.));
#5036=CARTESIAN_POINT('',(-9.21661055109293,-4.99937625215843,8.));
#5037=CARTESIAN_POINT('',(-9.22522314553971,-4.98148844907992,8.));
#5038=CARTESIAN_POINT('',(-9.23464771806911,-4.96394798377873,8.));
#5039=CARTESIAN_POINT('',(-10.7584065442612,-8.79203756977855,8.));
#5040=CARTESIAN_POINT('',(-10.7584065442612,-8.79203756977855,8.));
#5041=CARTESIAN_POINT('',(-10.7413725748452,-8.70452495655629,8.));
#5042=CARTESIAN_POINT('',(-10.7229792323682,-8.61732118419504,8.));
#5043=CARTESIAN_POINT('',(-10.6837706884668,-8.44483736899588,8.));
#5044=CARTESIAN_POINT('',(-10.6630395541318,-8.3594928448567,8.));
#5045=CARTESIAN_POINT('',(-10.6191034135897,-8.19092019895959,8.));
#5046=CARTESIAN_POINT('',(-10.5960288268847,-8.10756665119506,8.));
#5047=CARTESIAN_POINT('',(-10.5474343893966,-7.94307000570723,8.));
#5048=CARTESIAN_POINT('',(-10.5220505043589,-7.8617907282222,8.));
#5049=CARTESIAN_POINT('',(-10.4688621524038,-7.70154312225947,8.));
#5050=CARTESIAN_POINT('',(-10.4412004410487,-7.62242583663128,8.));
#5051=CARTESIAN_POINT('',(-10.3834758193193,-7.46661132631247,8.));
#5052=CARTESIAN_POINT('',(-10.3535641080534,-7.38974967451149,8.));
#5053=CARTESIAN_POINT('',(-10.2913516640325,-7.23856718965791,8.));
#5054=CARTESIAN_POINT('',(-10.2592128358624,-7.16406277550335,8.));
#5055=CARTESIAN_POINT('',(-10.1925483929947,-7.01773156268575,8.));
#5056=CARTESIAN_POINT('',(-10.1581985907054,-6.94569681297157,8.));
#5057=CARTESIAN_POINT('',(-10.0871003936048,-6.80446438382056,8.));
#5058=CARTESIAN_POINT('',(-10.0505464531236,-6.73502667477415,8.));
#5059=CARTESIAN_POINT('',(-9.97500766990856,-6.59918092315906,8.));
#5060=CARTESIAN_POINT('',(-9.93624332453653,-6.53248873007534,8.));
#5061=CARTESIAN_POINT('',(-9.8562200242461,-6.40237746682248,8.));
#5062=CARTESIAN_POINT('',(-9.81522008783887,-6.33860985093976,8.));
#5063=CARTESIAN_POINT('',(-9.73061041265052,-6.21467477107384,8.));
#5064=CARTESIAN_POINT('',(-9.68732166587762,-6.15405635969978,8.));
#5065=CARTESIAN_POINT('',(-9.59792554455803,-6.03689890011574,8.));
#5066=CARTESIAN_POINT('',(-9.55225359868309,-5.97972191888773,8.));
#5067=CARTESIAN_POINT('',(-9.45767987863194,-5.87025527021236,8.));
#5068=CARTESIAN_POINT('',(-9.40906929667972,-5.81755241751075,8.));
#5069=CARTESIAN_POINT('',(-9.35869580751981,-5.76637169077759,8.));
#5070=CARTESIAN_POINT('',(-10.0247163267421,-9.62020262615868,8.));
#5071=AXIS2_PLACEMENT_3D('',#5072,#5073,#5074);
#5072=CARTESIAN_POINT('',(0.,0.,8.));
#5073=DIRECTION('',(0.,0.,1.));
#5074=DIRECTION('',(-0.774320321308566,-0.632793836892079,0.));
#5075=CARTESIAN_POINT('',(-6.85239447294056,-8.59540107738456,8.));
#5076=CARTESIAN_POINT('',(-6.85239447294056,-8.59540107738456,8.));
#5077=CARTESIAN_POINT('',(-6.90927388770757,-8.63923813219941,8.));
#5078=CARTESIAN_POINT('',(-6.96745183544854,-8.68114166137383,8.));
#5079=CARTESIAN_POINT('',(-7.08751995126072,-8.76183108609505,8.));
#5080=CARTESIAN_POINT('',(-7.14978519265647,-8.80027810855819,8.));
#5081=CARTESIAN_POINT('',(-7.27686395414389,-8.87490066025668,8.));
#5082=CARTESIAN_POINT('',(-7.34225827087707,-8.91056704125735,8.));
#5083=CARTESIAN_POINT('',(-7.4754882938367,-8.97962109355716,8.));
#5084=CARTESIAN_POINT('',(-7.54373296822876,-9.01263575753977,8.));
#5085=CARTESIAN_POINT('',(-7.68254131684006,-9.07639241813637,8.));
#5086=CARTESIAN_POINT('',(-7.75341977425076,-9.10683527223253,8.));
#5087=CARTESIAN_POINT('',(-7.89738025154684,-9.16544889674221,8.));
#5088=CARTESIAN_POINT('',(-7.9707177721501,-9.19336652690813,8.));
#5089=CARTESIAN_POINT('',(-8.11949039852938,-9.24692264994803,8.));
#5090=CARTESIAN_POINT('',(-8.19514034494946,-9.27233917391057,8.));
#5091=CARTESIAN_POINT('',(-8.34844014910536,-9.3208792793214,8.));
#5092=CARTESIAN_POINT('',(-8.42627524985099,-9.34380326450238,8.));
#5093=CARTESIAN_POINT('',(-8.58385432564618,-9.38733907492421,8.));
#5094=CARTESIAN_POINT('',(-8.66376102784359,-9.40776804779032,8.));
#5095=CARTESIAN_POINT('',(-8.82539740922258,-9.44629042822567,8.));
#5096=CARTESIAN_POINT('',(-8.90727209161716,-9.46421391960016,8.));
#5097=CARTESIAN_POINT('',(-9.07276245948225,-9.49769875414302,8.));
#5098=CARTESIAN_POINT('',(-9.15650880875635,-9.51310042779742,8.));
#5099=CARTESIAN_POINT('',(-9.32566350066516,-9.54151267756341,8.));
#5100=CARTESIAN_POINT('',(-9.41119064129825,-9.55437186461658,8.));
#5101=CARTESIAN_POINT('',(-9.58383011933468,-9.57766847410801,8.));
#5102=CARTESIAN_POINT('',(-9.67105124791399,-9.58796130951484,8.));
#5103=CARTESIAN_POINT('',(-9.84700352962,-9.60609335250432,8.));
#5104=CARTESIAN_POINT('',(-9.93578856073882,-9.61384133357939,8.));
#5105=CARTESIAN_POINT('',(-10.024716326605,-9.6202026263015,8.));
#5106=CARTESIAN_POINT('',(-6.04086899332173,-8.56897892797176,8.));
#5107=CARTESIAN_POINT('',(-6.04086899332173,-8.56897892797176,8.));
#5108=CARTESIAN_POINT('',(-6.05714556219652,-8.5575088017297,8.));
#5109=CARTESIAN_POINT('',(-6.07386480950767,-8.54680286639323,8.));
#5110=CARTESIAN_POINT('',(-6.10819641624318,-8.52691488499261,8.));
#5111=CARTESIAN_POINT('',(-6.12587903087859,-8.51769734634399,8.));
#5112=CARTESIAN_POINT('',(-6.16186782058485,-8.50092892746825,8.));
#5113=CARTESIAN_POINT('',(-6.18031756435016,-8.49331361553531,8.));
#5114=CARTESIAN_POINT('',(-6.21770060063234,-8.47979707176307,8.));
#5115=CARTESIAN_POINT('',(-6.23678349417881,-8.47384553948687,8.));
#5116=CARTESIAN_POINT('',(-6.27529151729246,-8.46369325538355,8.));
#5117=CARTESIAN_POINT('',(-6.29487119173926,-8.45945713700806,8.));
#5118=CARTESIAN_POINT('',(-6.33423211897926,-8.4527620398096,8.));
#5119=CARTESIAN_POINT('',(-6.35417173526973,-8.45028354922395,8.));
#5120=CARTESIAN_POINT('',(-6.39411506652907,-8.44712068792216,8.));
#5121=CARTESIAN_POINT('',(-6.41427977475748,-8.44643381082361,8.));
#5122=CARTESIAN_POINT('',(-6.45454247315996,-8.44686368236029,8.));
#5123=CARTESIAN_POINT('',(-6.47480277343534,-8.44799650879441,8.));
#5124=CARTESIAN_POINT('',(-6.51513773992996,-8.45207139328347,8.));
#5125=CARTESIAN_POINT('',(-6.53537445872442,-8.4550504884297,8.));
#5126=CARTESIAN_POINT('',(-6.57556390605437,-8.46282642502877,8.));
#5127=CARTESIAN_POINT('',(-6.59567627265512,-8.46768515668347,8.));
#5128=CARTESIAN_POINT('',(-6.63555507641137,-8.4792454570655,8.));
#5129=CARTESIAN_POINT('',(-6.65547520512009,-8.4860407089104,8.));
#5130=CARTESIAN_POINT('',(-6.69497642944467,-8.50154548505308,8.));
#5131=CARTESIAN_POINT('',(-6.71469823770704,-8.51039402816068,8.));
#5132=CARTESIAN_POINT('',(-6.75395364669928,-8.53019570146936,8.));
#5133=CARTESIAN_POINT('',(-6.77359801431428,-8.54136275010973,8.));
#5134=CARTESIAN_POINT('',(-6.81319634597641,-8.56631662330584,8.));
#5135=CARTESIAN_POINT('',(-6.83312590738626,-8.58033665852745,8.));
#5136=CARTESIAN_POINT('',(-6.85239447294056,-8.59540107738456,8.));
#5137=CARTESIAN_POINT('',(-5.87001281386704,-8.6869124335138,8.));
#5138=AXIS2_PLACEMENT_3D('',#5139,#5140,#5141);
#5139=CARTESIAN_POINT('',(0.,0.,8.));
#5140=DIRECTION('',(0.,0.,-1.));
#5141=DIRECTION('',(-0.559888672424545,-0.828567845436136,0.));
#5142=CARTESIAN_POINT('',(-5.6069470517023,-9.45507136161843,8.));
#5143=CARTESIAN_POINT('',(-5.6069470517023,-9.45507136161843,8.));
#5144=CARTESIAN_POINT('',(-5.59969430289613,-9.43171302330472,8.));
#5145=CARTESIAN_POINT('',(-5.59365246211346,-9.40810698667082,8.));
#5146=CARTESIAN_POINT('',(-5.5843619472833,-9.36223313799751,8.));
#5147=CARTESIAN_POINT('',(-5.58088656418084,-9.33990544517848,8.));
#5148=CARTESIAN_POINT('',(-5.57629183787637,-9.2961792300306,8.));
#5149=CARTESIAN_POINT('',(-5.57501175593781,-9.27460128234099,8.));
#5150=CARTESIAN_POINT('',(-5.57452186559487,-9.23216892659886,8.));
#5151=CARTESIAN_POINT('',(-5.57523196973737,-9.21113365318694,8.));
#5152=CARTESIAN_POINT('',(-5.57856411981123,-9.16974698492482,8.));
#5153=CARTESIAN_POINT('',(-5.58115307028186,-9.1492186654847,8.));
#5154=CARTESIAN_POINT('',(-5.58813381769037,-9.10888349432728,8.));
#5155=CARTESIAN_POINT('',(-5.59252435472236,-9.08890543185799,8.));
#5156=CARTESIAN_POINT('',(-5.60301724777572,-9.04974660908339,8.));
#5157=CARTESIAN_POINT('',(-5.60914243815027,-9.03040119345452,8.));
#5158=CARTESIAN_POINT('',(-5.62301785090024,-8.99260248192615,8.));
#5159=CARTESIAN_POINT('',(-5.6308105962277,-8.97399172217951,8.));
#5160=CARTESIAN_POINT('',(-5.64793202338755,-8.93776562473972,8.));
#5161=CARTESIAN_POINT('',(-5.65732013772483,-8.92000064450938,8.));
#5162=CARTESIAN_POINT('',(-5.67753773950957,-8.88557165239861,8.));
#5163=CARTESIAN_POINT('',(-5.68844162724214,-8.8687664870424,8.));
#5164=CARTESIAN_POINT('',(-5.71158931096555,-8.83636090951511,8.));
#5165=CARTESIAN_POINT('',(-5.72392097762315,-8.82062853652227,8.));
#5166=CARTESIAN_POINT('',(-5.74981537295332,-8.79046782287509,8.));
#5167=CARTESIAN_POINT('',(-5.76347818260759,-8.77591743960891,8.));
#5168=CARTESIAN_POINT('',(-5.79191872732914,-8.74821349996028,8.));
#5169=CARTESIAN_POINT('',(-5.80680761724859,-8.73494855231434,8.));
#5170=CARTESIAN_POINT('',(-5.83757735842083,-8.70990031777722,8.));
#5171=CARTESIAN_POINT('',(-5.85351630865777,-8.69806392696649,8.));
#5172=CARTESIAN_POINT('',(-5.87001281386704,-8.6869124335138,8.));
#5173=CARTESIAN_POINT('',(-5.44023231288755,-12.7846434593153,8.));
#5174=CARTESIAN_POINT('',(-5.44023231288755,-12.7846434593153,8.));
#5175=CARTESIAN_POINT('',(-5.46581862123784,-12.6992388083175,8.));
#5176=CARTESIAN_POINT('',(-5.49005773901558,-12.6134758901602,8.));
#5177=CARTESIAN_POINT('',(-5.53549752328658,-12.4425279377713,8.));
#5178=CARTESIAN_POINT('',(-5.55680259344549,-12.3573248761075,8.));
#5179=CARTESIAN_POINT('',(-5.5962386877797,-12.1876430684376,8.));
#5180=CARTESIAN_POINT('',(-5.61454348106052,-12.1031138721827,8.));
#5181=CARTESIAN_POINT('',(-5.64796064645513,-11.9348763651027,8.));
#5182=CARTESIAN_POINT('',(-5.66325669614829,-11.8511106595193,8.));
#5183=CARTESIAN_POINT('',(-5.6906315251705,-11.6845005915867,8.));
#5184=CARTESIAN_POINT('',(-5.7029059321119,-11.6015906760488,8.));
#5185=CARTESIAN_POINT('',(-5.7242039314588,-11.4367978096877,8.));
#5186=CARTESIAN_POINT('',(-5.73343781711427,-11.3548395316181,8.));
#5187=CARTESIAN_POINT('',(-5.74860943760401,-11.1920625251053,8.));
#5188=CARTESIAN_POINT('',(-5.75477584622055,-11.1111564844814,8.));
#5189=CARTESIAN_POINT('',(-5.76375091897612,-10.9506061189989,8.));
#5190=CARTESIAN_POINT('',(-5.7668118969436,-10.8708593667291,8.));
#5191=CARTESIAN_POINT('',(-5.76949155237828,-10.7127632816365,8.));
#5192=CARTESIAN_POINT('',(-5.76939395792536,-10.6342917805827,8.));
#5193=CARTESIAN_POINT('',(-5.76563835575631,-10.4789017183077,8.));
#5194=CARTESIAN_POINT('',(-5.76230764008657,-10.4018340245342,8.));
#5195=CARTESIAN_POINT('',(-5.75191624562924,-10.2494375405333,8.));
#5196=CARTESIAN_POINT('',(-5.74524689361275,-10.1739205003076,8.));
#5197=CARTESIAN_POINT('',(-5.72792425033146,-10.0248613604114,8.));
#5198=CARTESIAN_POINT('',(-5.71776474907642,-9.95106913908059,8.));
#5199=CARTESIAN_POINT('',(-5.69305420103045,-9.80578691147364,8.));
#5200=CARTESIAN_POINT('',(-5.67918516943634,-9.73393439735622,8.));
#5201=CARTESIAN_POINT('',(-5.64631598735404,-9.59305589450441,8.));
#5202=CARTESIAN_POINT('',(-5.62776569153717,-9.52379937217092,8.));
#5203=CARTESIAN_POINT('',(-5.6069470517023,-9.45507136161843,8.));
#5204=CARTESIAN_POINT('',(-4.40571439681519,-13.1769843535498,8.));
#5205=AXIS2_PLACEMENT_3D('',#5206,#5207,#5208);
#5206=CARTESIAN_POINT('',(0.,0.,8.));
#5207=DIRECTION('',(0.,0.,1.));
#5208=DIRECTION('',(-0.391552635158165,-0.920155711768773,0.));
#5209=CARTESIAN_POINT('',(-2.07301192254739,-10.7953161724364,8.));
#5210=CARTESIAN_POINT('',(-2.07301192254739,-10.7953161724364,8.));
#5211=CARTESIAN_POINT('',(-2.10300404792186,-10.8605651388236,8.));
#5212=CARTESIAN_POINT('',(-2.13504452131147,-10.9247055116444,8.));
#5213=CARTESIAN_POINT('',(-2.20386131253936,-11.0519508846118,8.));
#5214=CARTESIAN_POINT('',(-2.24112722348727,-11.1149301328098,8.));
#5215=CARTESIAN_POINT('',(-2.31897104964753,-11.2400615659986,8.));
#5216=CARTESIAN_POINT('',(-2.36029984772844,-11.3020328322748,8.));
#5217=CARTESIAN_POINT('',(-2.44617815612872,-11.4250922378607,8.));
#5218=CARTESIAN_POINT('',(-2.49126313491796,-11.4860401525776,8.));
#5219=CARTESIAN_POINT('',(-2.58454262605543,-11.6070013279512,8.));
#5220=CARTESIAN_POINT('',(-2.6331548835371,-11.6668959981062,8.));
#5221=CARTESIAN_POINT('',(-2.73338644610771,-11.7856975547716,8.));
#5222=CARTESIAN_POINT('',(-2.78534962598569,-11.8444990338286,8.));
#5223=CARTESIAN_POINT('',(-2.89219247308401,-11.9610587125291,8.));
#5224=CARTESIAN_POINT('',(-2.94736552634381,-12.0187202098882,8.));
#5225=CARTESIAN_POINT('',(-3.06054804990725,-12.1329423099711,8.));
#5226=CARTESIAN_POINT('',(-3.1188143017606,-12.1894122656964,8.));
#5227=CARTESIAN_POINT('',(-3.23811154402358,-12.3011919593174,8.));
#5228=CARTESIAN_POINT('',(-3.29937159790243,-12.3564154125523,8.));
#5229=CARTESIAN_POINT('',(-3.42459126292864,-12.4656414583034,8.));
#5230=CARTESIAN_POINT('',(-3.48875823203771,-12.5195609838542,8.));
#5231=CARTESIAN_POINT('',(-3.6197314969273,-12.6261175410651,8.));
#5232=CARTESIAN_POINT('',(-3.68672769188305,-12.6786739148893,8.));
#5233=CARTESIAN_POINT('',(-3.82330290226508,-12.7824418176369,8.));
#5234=CARTESIAN_POINT('',(-3.89305746209828,-12.833574506389,8.));
#5235=CARTESIAN_POINT('',(-4.03509565393054,-12.9344321954935,8.));
#5236=CARTESIAN_POINT('',(-4.10754280867578,-12.9840797281682,8.));
#5237=CARTESIAN_POINT('',(-4.25491443620609,-13.0819039573734,8.));
#5238=CARTESIAN_POINT('',(-4.32992901065591,-13.1300249151945,8.));
#5239=CARTESIAN_POINT('',(-4.40571439665792,-13.1769843536023,8.));
#5240=CARTESIAN_POINT('',(-1.36672078173512,-10.3947858259453,8.));
#5241=CARTESIAN_POINT('',(-1.36672078173512,-10.3947858259453,8.));
#5242=CARTESIAN_POINT('',(-1.38646340117321,-10.3921936322667,8.));
#5243=CARTESIAN_POINT('',(-1.40624285567852,-10.3904838189574,8.));
#5244=CARTESIAN_POINT('',(-1.44588438953488,-10.3888285791717,8.));
#5245=CARTESIAN_POINT('',(-1.46582517101232,-10.3888843747969,8.));
#5246=CARTESIAN_POINT('',(-1.50548433452379,-10.3907615017731,8.));
#5247=CARTESIAN_POINT('',(-1.52535978323012,-10.3925925013808,8.));
#5248=CARTESIAN_POINT('',(-1.5647422690603,-10.3979969594534,8.));
#5249=CARTESIAN_POINT('',(-1.58440514709583,-10.4015954021582,8.));
#5250=CARTESIAN_POINT('',(-1.62322030986979,-10.4105015716753,8.));
#5251=CARTESIAN_POINT('',(-1.64252587295765,-10.4158498035508,8.));
#5252=CARTESIAN_POINT('',(-1.68048960996481,-10.4282135243557,8.));
#5253=CARTESIAN_POINT('',(-1.69929707536527,-10.4352853316639,8.));
#5254=CARTESIAN_POINT('',(-1.73613499365041,-10.4510473486708,8.));
#5255=CARTESIAN_POINT('',(-1.75430916376084,-10.4598101563763,8.));
#5256=CARTESIAN_POINT('',(-1.78976024140628,-10.4789017976353,8.));
#5257=CARTESIAN_POINT('',(-1.80717339567281,-10.489320296638,8.));
#5258=CARTESIAN_POINT('',(-1.84099454155453,-10.5116730212363,8.));
#5259=CARTESIAN_POINT('',(-1.85752881160435,-10.5237153511344,8.));
#5260=CARTESIAN_POINT('',(-1.8895011419884,-10.549277568497,8.));
#5261=CARTESIAN_POINT('',(-1.9050517929985,-10.5629264445217,8.));
#5262=CARTESIAN_POINT('',(-1.934990380617,-10.5916951863323,8.));
#5263=CARTESIAN_POINT('',(-1.94947086762173,-10.6069694284252,8.));
#5264=CARTESIAN_POINT('',(-1.97724203596975,-10.6390553601549,8.));
#5265=CARTESIAN_POINT('',(-1.99059270691151,-10.6560555372619,8.));
#5266=CARTESIAN_POINT('',(-2.01614934891139,-10.6918319463978,8.));
#5267=CARTESIAN_POINT('',(-2.02835398631972,-10.710849069736,8.));
#5268=CARTESIAN_POINT('',(-2.05181992458929,-10.7513468894186,8.));
#5269=CARTESIAN_POINT('',(-2.06295123958791,-10.7730227430813,8.));
#5270=CARTESIAN_POINT('',(-2.07301192254739,-10.7953161724364,8.));
#5271=CARTESIAN_POINT('',(-1.16062871533114,-10.4198099333744,8.));
#5272=AXIS2_PLACEMENT_3D('',#5273,#5274,#5275);
#5273=CARTESIAN_POINT('',(0.,0.,8.));
#5274=DIRECTION('',(0.,0.,-1.));
#5275=DIRECTION('',(-0.110702121308738,-0.993853631244433,0.));
#5276=CARTESIAN_POINT('',(-0.57071429737679,-10.9777281294747,8.));
#5277=CARTESIAN_POINT('',(-0.57071429737679,-10.9777281294747,8.));
#5278=CARTESIAN_POINT('',(-0.575147468318641,-10.9536748276343,8.));
#5279=CARTESIAN_POINT('',(-0.580767956215472,-10.9299649368415,8.));
#5280=CARTESIAN_POINT('',(-0.593860254347002,-10.8850281435921,8.));
#5281=CARTESIAN_POINT('',(-0.601159151668752,-10.8636428623871,8.));
#5282=CARTESIAN_POINT('',(-0.617411308981226,-10.8227899459225,8.));
#5283=CARTESIAN_POINT('',(-0.62630562501191,-10.8030887383805,8.));
#5284=CARTESIAN_POINT('',(-0.645591147613616,-10.7652890899119,8.));
#5285=CARTESIAN_POINT('',(-0.655995492590234,-10.7469932821676,8.));
#5286=CARTESIAN_POINT('',(-0.678179308706604,-10.7118957347253,8.));
#5287=CARTESIAN_POINT('',(-0.69001169622788,-10.6949219558554,8.));
#5288=CARTESIAN_POINT('',(-0.714937529769519,-10.6624510505873,8.));
#5289=CARTESIAN_POINT('',(-0.728109425802361,-10.6468017390895,8.));
#5290=CARTESIAN_POINT('',(-0.755598433516301,-10.6170046140499,8.));
#5291=CARTESIAN_POINT('',(-0.770012283157276,-10.6027216171128,8.));
#5292=CARTESIAN_POINT('',(-0.799864288105794,-10.5757007460546,8.));
#5293=CARTESIAN_POINT('',(-0.815413272715972,-10.5628432060225,8.));
#5294=CARTESIAN_POINT('',(-0.847408650475434,-10.5387233136982,8.));
#5295=CARTESIAN_POINT('',(-0.863977210848843,-10.5273560791819,8.));
#5296=CARTESIAN_POINT('',(-0.897878958597383,-10.5062663086928,8.));
#5297=CARTESIAN_POINT('',(-0.915343621444288,-10.4964533630607,8.));
#5298=CARTESIAN_POINT('',(-0.950899500257486,-10.4785169141798,8.));
#5299=CARTESIAN_POINT('',(-0.969129847086817,-10.4703174009612,8.));
#5300=CARTESIAN_POINT('',(-1.00607457797978,-10.4556451408603,8.));
#5301=CARTESIAN_POINT('',(-1.02493429538142,-10.4491108405633,8.));
#5302=CARTESIAN_POINT('',(-1.0629918097896,-10.4377972004247,8.));
#5303=CARTESIAN_POINT('',(-1.08233979563108,-10.4329708847532,8.));
#5304=CARTESIAN_POINT('',(-1.12122554336801,-10.4250911862709,8.));
#5305=CARTESIAN_POINT('',(-1.14083942798102,-10.4220177822187,8.));
#5306=CARTESIAN_POINT('',(-1.16062871533114,-10.4198099333744,8.));
#5307=CARTESIAN_POINT('',(1.12423357946207,-13.8484416039788,8.));
#5308=CARTESIAN_POINT('',(1.12423357946206,-13.8484416039788,8.));
#5309=CARTESIAN_POINT('',(1.06188850824008,-13.7847100915114,8.));
#5310=CARTESIAN_POINT('',(1.00056981997744,-13.7200352785526,8.));
#5311=CARTESIAN_POINT('',(0.880891414501789,-13.5897853047202,8.));
#5312=CARTESIAN_POINT('',(0.82243087466837,-13.5242427001508,8.));
#5313=CARTESIAN_POINT('',(0.708656879413406,-13.3923237879577,8.));
#5314=CARTESIAN_POINT('',(0.653166113690716,-13.3259835633873,8.));
#5315=CARTESIAN_POINT('',(0.545392815284821,-13.1925463801052,8.));
#5316=CARTESIAN_POINT('',(0.492920971508132,-13.1254839600865,8.));
#5317=CARTESIAN_POINT('',(0.391254204935142,-12.9906797888785,8.));
#5318=CARTESIAN_POINT('',(0.341855598404909,-12.9229709059078,8.));
#5319=CARTESIAN_POINT('',(0.246414092963304,-12.7869517432184,8.));
#5320=CARTESIAN_POINT('',(0.200149982309734,-12.7186724926816,8.));
#5321=CARTESIAN_POINT('',(0.111069932725757,-12.5815912150261,8.));
#5322=CARTESIAN_POINT('',(0.0680109372233639,-12.5128181468163,8.));
#5323=CARTESIAN_POINT('',(-0.014547570148542,-12.3748287825593,8.));
#5324=CARTESIAN_POINT('',(-0.0543180952092532,-12.3056390476263,8.));
#5325=CARTESIAN_POINT('',(-0.1301617264125,-12.1668972144225,8.));
#5326=CARTESIAN_POINT('',(-0.166542835700852,-12.0973687965686,8.));
#5327=CARTESIAN_POINT('',(-0.235430777774828,-11.9580324142476,8.));
#5328=CARTESIAN_POINT('',(-0.268296718627839,-11.8882444996615,8.));
#5329=CARTESIAN_POINT('',(-0.329917773243904,-11.7484749928203,8.));
#5330=CARTESIAN_POINT('',(-0.359106873790722,-11.6785085720884,8.));
#5331=CARTESIAN_POINT('',(-0.413039671231743,-11.5384730247548,8.));
#5332=CARTESIAN_POINT('',(-0.43833683479684,-11.4684119020814,8.));
#5333=CARTESIAN_POINT('',(-0.483972748787432,-11.3282873139557,8.));
#5334=CARTESIAN_POINT('',(-0.505083859472418,-11.2582198120165,8.));
#5335=CARTESIAN_POINT('',(-0.541449148857426,-11.1182030222216,8.));
#5336=CARTESIAN_POINT('',(-0.55720878839227,-11.0482586648912,8.));
#5337=CARTESIAN_POINT('',(-0.57071429737679,-10.9777281294747,8.));
#5338=CARTESIAN_POINT('',(2.22258360686789,-13.7150777653822,8.));
#5339=AXIS2_PLACEMENT_3D('',#5340,#5341,#5342);
#5340=CARTESIAN_POINT('',(0.,0.,8.));
#5341=DIRECTION('',(0.,0.,1.));
#5342=DIRECTION('',(0.0809150409861857,-0.996721002157677,0.));
#5343=CARTESIAN_POINT('',(3.1812726767995,-10.5221544300461,8.));
#5344=CARTESIAN_POINT('',(3.1812726767995,-10.5221544300461,8.));
#5345=CARTESIAN_POINT('',(3.18503867529658,-10.5938675561417,8.));
#5346=CARTESIAN_POINT('',(3.18647576258231,-10.6655509861709,8.));
#5347=CARTESIAN_POINT('',(3.18467539347679,-10.8102019259107,8.));
#5348=CARTESIAN_POINT('',(3.18094598407197,-10.8832856130635,8.));
#5349=CARTESIAN_POINT('',(3.17017017569238,-11.0302598243964,8.));
#5350=CARTESIAN_POINT('',(3.16237482583806,-11.1043391056789,8.));
#5351=CARTESIAN_POINT('',(3.14352191750583,-11.2532124377578,8.));
#5352=CARTESIAN_POINT('',(3.13192505962714,-11.3281311704493,8.));
#5353=CARTESIAN_POINT('',(3.10554363324336,-11.478586113062,8.));
#5354=CARTESIAN_POINT('',(3.09033405803855,-11.5542114521523,8.));
#5355=CARTESIAN_POINT('',(3.05679325325706,-11.7059849360554,8.));
#5356=CARTESIAN_POINT('',(3.03810855239022,-11.7821995537861,8.));
#5357=CARTESIAN_POINT('',(2.9976718932472,-11.9350603704535,8.));
#5358=CARTESIAN_POINT('',(2.97561521474213,-12.0117572870605,8.));
#5359=CARTESIAN_POINT('',(2.92847872392225,-12.1654944752119,8.));
#5360=CARTESIAN_POINT('',(2.90312941707633,-12.2425738151617,8.));
#5361=CARTESIAN_POINT('',(2.84944356886038,-12.3969900112646,8.));
#5362=CARTESIAN_POINT('',(2.82086410338007,-12.474356917247,8.));
#5363=CARTESIAN_POINT('',(2.76074747090358,-12.6292642575488,8.));
#5364=CARTESIAN_POINT('',(2.7289880944071,-12.7068275037729,8.));
#5365=CARTESIAN_POINT('',(2.66253632908026,-12.8620449605406,8.));
#5366=CARTESIAN_POINT('',(2.62763830931555,-12.9397160026644,8.));
#5367=CARTESIAN_POINT('',(2.55493031524913,-13.095067582413,8.));
#5368=CARTESIAN_POINT('',(2.51692826524003,-13.1727598900865,8.));
#5369=CARTESIAN_POINT('',(2.43803059761493,-13.3280733776973,8.));
#5370=CARTESIAN_POINT('',(2.39695418677304,-13.4057019562216,8.));
#5371=CARTESIAN_POINT('',(2.31192427726498,-13.5608080196414,8.));
#5372=CARTESIAN_POINT('',(2.26786509446698,-13.6382780226921,8.));
#5373=CARTESIAN_POINT('',(2.22258360694934,-13.715077765369,8.));
#5374=CARTESIAN_POINT('',(3.62052669017608,-9.83927256194393,8.));
#5375=CARTESIAN_POINT('',(3.62052669017608,-9.83927256194393,8.));
#5376=CARTESIAN_POINT('',(3.60184081636359,-9.84615214116131,8.));
#5377=CARTESIAN_POINT('',(3.58353238932303,-9.85383014750285,8.));
#5378=CARTESIAN_POINT('',(3.54766232602004,-9.87078684481904,8.));
#5379=CARTESIAN_POINT('',(3.53003157042457,-9.88010319261288,8.));
#5380=CARTESIAN_POINT('',(3.49578746952364,-9.90019583827244,8.));
#5381=CARTESIAN_POINT('',(3.47903954164979,-9.91105368947671,8.));
#5382=CARTESIAN_POINT('',(3.44667965916491,-9.9341410531804,8.));
#5383=CARTESIAN_POINT('',(3.43094132503489,-9.94646511100856,8.));
#5384=CARTESIAN_POINT('',(3.40071110861871,-9.97238943804066,8.));
#5385=CARTESIAN_POINT('',(3.38610232873596,-9.98609680469773,8.));
#5386=CARTESIAN_POINT('',(3.35823281659735,-10.0146869640685,8.));
#5387=CARTESIAN_POINT('',(3.34486606575562,-10.0296890034408,8.));
#5388=CARTESIAN_POINT('',(3.31957268357876,-10.060765010613,8.));
#5389=CARTESIAN_POINT('',(3.30755253493612,-10.0769700494804,8.));
#5390=CARTESIAN_POINT('',(3.2850344927045,-10.1103497955286,8.));
#5391=CARTESIAN_POINT('',(3.27445762823801,-10.1276672145348,8.));
#5392=CARTESIAN_POINT('',(3.2548983199017,-10.1631770394164,8.));
#5393=CARTESIAN_POINT('',(3.24585430060537,-10.1815238514126,8.));
#5394=CARTESIAN_POINT('',(3.22942356274987,-10.2190163535991,8.));
#5395=CARTESIAN_POINT('',(3.22199709407117,-10.2383285809833,8.));
#5396=CARTESIAN_POINT('',(3.20885729221473,-10.2777151921745,8.));
#5397=CARTESIAN_POINT('',(3.20313375197799,-10.2979692797266,8.));
#5398=CARTESIAN_POINT('',(3.1934546795962,-10.3392858667614,8.));
#5399=CARTESIAN_POINT('',(3.18953362379477,-10.3605431421669,8.));
#5400=CARTESIAN_POINT('',(3.18353046747851,-10.4040983429495,8.));
#5401=CARTESIAN_POINT('',(3.18156149562527,-10.42660894721,8.));
#5402=CARTESIAN_POINT('',(3.17960371441061,-10.4733731509413,8.));
#5403=CARTESIAN_POINT('',(3.1798206959425,-10.4977391461933,8.));
#5404=CARTESIAN_POINT('',(3.1812726767995,-10.5221544300461,8.));
#5405=CARTESIAN_POINT('',(3.81464143479484,-9.76565454982134,8.));
#5406=AXIS2_PLACEMENT_3D('',#5407,#5408,#5409);
#5407=CARTESIAN_POINT('',(0.,0.,8.));
#5408=DIRECTION('',(0.,0.,-1.));
#5409=DIRECTION('',(0.363844951693716,-0.931459527369277,0.));
#5410=CARTESIAN_POINT('',(4.59626222462486,-9.98551967883377,8.));
#5411=CARTESIAN_POINT('',(4.59626222462486,-9.98551967883377,8.));
#5412=CARTESIAN_POINT('',(4.58115871997228,-9.96628173504468,8.));
#5413=CARTESIAN_POINT('',(4.56516348943888,-9.94789964033848,8.));
#5414=CARTESIAN_POINT('',(4.5326876660683,-9.91419438029922,8.));
#5415=CARTESIAN_POINT('',(4.5162865777375,-9.89865062091176,8.));
#5416=CARTESIAN_POINT('',(4.48291071018865,-9.8700299139615,8.));
#5417=CARTESIAN_POINT('',(4.46587957680322,-9.85671875578977,8.));
#5418=CARTESIAN_POINT('',(4.43123672206918,-9.83221125852361,8.));
#5419=CARTESIAN_POINT('',(4.41352164630664,-9.82084626551283,8.));
#5420=CARTESIAN_POINT('',(4.37756820907605,-9.80007826403799,8.));
#5421=CARTESIAN_POINT('',(4.35920304188952,-9.79054751392134,8.));
#5422=CARTESIAN_POINT('',(4.32204233029029,-9.77337956762253,8.));
#5423=CARTESIAN_POINT('',(4.30310659789916,-9.76564407576567,8.));
#5424=CARTESIAN_POINT('',(4.26491887591345,-9.75203481071339,8.));
#5425=CARTESIAN_POINT('',(4.24551840625308,-9.74608629493755,8.));
#5426=CARTESIAN_POINT('',(4.20652854368406,-9.73603342027226,8.));
#5427=CARTESIAN_POINT('',(4.18678540477977,-9.73187460742583,8.));
#5428=CARTESIAN_POINT('',(4.14724583187929,-9.72538649687227,8.));
#5429=CARTESIAN_POINT('',(4.12729248297851,-9.72302110450778,8.));
#5430=CARTESIAN_POINT('',(4.08747307111501,-9.72010196790008,8.));
#5431=CARTESIAN_POINT('',(4.06744857693999,-9.71952926957765,8.));
#5432=CARTESIAN_POINT('',(4.02762992637831,-9.7201709736241,8.));
#5433=CARTESIAN_POINT('',(4.00767725213636,-9.72138272984323,8.));
#5434=CARTESIAN_POINT('',(3.9681457782959,-9.72556016125781,8.));
#5435=CARTESIAN_POINT('',(3.94840968711938,-9.72853887338111,8.));
#5436=CARTESIAN_POINT('',(3.90945372093272,-9.73620735136422,8.));
#5437=CARTESIAN_POINT('',(3.89007902955699,-9.74092531842409,8.));
#5438=CARTESIAN_POINT('',(3.85198553143782,-9.75201929995818,8.));
#5439=CARTESIAN_POINT('',(3.83319001704067,-9.75841296249436,8.));
#5440=CARTESIAN_POINT('',(3.81464143479484,-9.76565454982134,8.));
#5441=CARTESIAN_POINT('',(7.43115110724027,-11.7397286689839,8.));
#5442=CARTESIAN_POINT('',(7.43115110724026,-11.7397286689839,8.));
#5443=CARTESIAN_POINT('',(7.346329777624,-11.7122704165052,8.));
#5444=CARTESIAN_POINT('',(7.26197889138713,-11.6834999289778,8.));
#5445=CARTESIAN_POINT('',(7.09547874512016,-11.6237866330246,8.));
#5446=CARTESIAN_POINT('',(7.01325534076219,-11.5929195063823,8.));
#5447=CARTESIAN_POINT('',(6.85120769577411,-11.5289845226543,8.));
#5448=CARTESIAN_POINT('',(6.77124322330039,-11.496031015731,8.));
#5449=CARTESIAN_POINT('',(6.61380335573895,-11.4279630068446,8.));
#5450=CARTESIAN_POINT('',(6.53617638493371,-11.392967064627,8.));
#5451=CARTESIAN_POINT('',(6.38350831181446,-11.3208508012009,8.));
#5452=CARTESIAN_POINT('',(6.30830213113372,-11.2838542399055,8.));
#5453=CARTESIAN_POINT('',(6.16058161829926,-11.2077691318513,8.));
#5454=CARTESIAN_POINT('',(6.08788583285534,-11.1688108622911,8.));
#5455=CARTESIAN_POINT('',(5.94530452000584,-11.0888289821953,8.));
#5456=CARTESIAN_POINT('',(5.87521723457005,-11.0479439675212,8.));
#5457=CARTESIAN_POINT('',(5.73798845168284,-10.9641273048889,8.));
#5458=CARTESIAN_POINT('',(5.67061932753352,-10.9213451217392,8.));
#5459=CARTESIAN_POINT('',(5.53898658245554,-10.8337416223908,8.));
#5460=CARTESIAN_POINT('',(5.47446124312398,-10.7890844103589,8.));
#5461=CARTESIAN_POINT('',(5.34871115414643,-10.6977219939962,8.));
#5462=CARTESIAN_POINT('',(5.28717774774257,-10.6512014287936,8.));
#5463=CARTESIAN_POINT('',(5.16766088505143,-10.5560784087243,8.));
#5464=CARTESIAN_POINT('',(5.10930020310979,-10.5076910712891,8.));
#5465=CARTESIAN_POINT('',(4.99646731887952,-10.4087595728009,8.));
#5466=CARTESIAN_POINT('',(4.94150876580318,-10.3584797076614,8.));
#5467=CARTESIAN_POINT('',(4.83598102769889,-10.2556136134721,8.));
#5468=CARTESIAN_POINT('',(4.78472607577628,-10.2033827440005,8.));
#5469=CARTESIAN_POINT('',(4.68745716447282,-10.0963038264192,8.));
#5470=CARTESIAN_POINT('',(4.64099793307945,-10.0416950434356,8.));
#5471=CARTESIAN_POINT('',(4.59626222462486,-9.98551967883377,8.));
#5472=CARTESIAN_POINT('',(8.34171449123788,-11.1112121456964,8.));
#5473=AXIS2_PLACEMENT_3D('',#5474,#5475,#5476);
#5474=CARTESIAN_POINT('',(0.,0.,8.));
#5475=DIRECTION('',(0.,0.,1.));
#5476=DIRECTION('',(0.534846056372554,-0.844949522742469,0.));
#5477=CARTESIAN_POINT('',(7.70676604438345,-7.83849391343951,8.));
#5478=CARTESIAN_POINT('',(7.70676604438345,-7.83849391343951,8.));
#5479=CARTESIAN_POINT('',(7.7434274218816,-7.90024258629178,8.));
#5480=CARTESIAN_POINT('',(7.7780128504643,-7.96304726358872,8.));
#5481=CARTESIAN_POINT('',(7.84364134634641,-8.09196598303931,8.));
#5482=CARTESIAN_POINT('',(7.87430280123508,-8.15841151717414,8.));
#5483=CARTESIAN_POINT('',(7.93306361847336,-8.29355848606601,8.));
#5484=CARTESIAN_POINT('',(7.9605875375531,-8.36277511176516,8.));
#5485=CARTESIAN_POINT('',(8.01307900338566,-8.50335728407587,8.));
#5486=CARTESIAN_POINT('',(8.03762696680024,-8.57508385595101,8.));
#5487=CARTESIAN_POINT('',(8.08418727202402,-8.72056515162882,8.));
#5488=CARTESIAN_POINT('',(8.10586470948024,-8.79459630585304,8.));
#5489=CARTESIAN_POINT('',(8.1466984566528,-8.94457224090039,8.));
#5490=CARTESIAN_POINT('',(8.16557267459063,-9.02074014686839,8.));
#5491=CARTESIAN_POINT('',(8.200805754698,-9.17488353057655,8.));
#5492=CARTESIAN_POINT('',(8.21691837018138,-9.25304552713488,8.));
#5493=CARTESIAN_POINT('',(8.24662631409561,-9.41107846628341,8.));
#5494=CARTESIAN_POINT('',(8.26000117296325,-9.49110924258184,8.));
#5495=CARTESIAN_POINT('',(8.284225499636,-9.65278705155637,8.));
#5496=CARTESIAN_POINT('',(8.29487383367587,-9.73457358449796,8.));
#5497=CARTESIAN_POINT('',(8.31363222976551,-9.89967481452319,8.));
#5498=CARTESIAN_POINT('',(8.32155613629498,-9.98311297644911,8.));
#5499=CARTESIAN_POINT('',(8.3348491691367,-10.1514328840012,8.));
#5500=CARTESIAN_POINT('',(8.34004404032438,-10.2364250947116,8.));
#5501=CARTESIAN_POINT('',(8.34785978778787,-10.4077711767302,8.));
#5502=CARTESIAN_POINT('',(8.3503160592856,-10.4942247319311,8.));
#5503=CARTESIAN_POINT('',(8.35263342070061,-10.6684135697668,8.));
#5504=CARTESIAN_POINT('',(8.35233786446153,-10.7562394223267,8.));
#5505=CARTESIAN_POINT('',(8.34912900052252,-10.9330943900622,8.));
#5506=CARTESIAN_POINT('',(8.34611863718466,-11.0221659942584,8.));
#5507=CARTESIAN_POINT('',(8.3417144912406,-11.1112121456944,8.));
#5508=CARTESIAN_POINT('',(7.77835512944448,-7.02970053008979,8.));
#5509=CARTESIAN_POINT('',(7.77835512944448,-7.02970053008979,8.));
#5510=CARTESIAN_POINT('',(7.76500670975884,-7.04447585351233,8.));
#5511=CARTESIAN_POINT('',(7.75236355017756,-7.05978274078187,8.));
#5512=CARTESIAN_POINT('',(7.72848235664953,-7.09146680019525,8.));
#5513=CARTESIAN_POINT('',(7.71720062056932,-7.10790943715224,8.));
#5514=CARTESIAN_POINT('',(7.69621649310918,-7.14161461851728,8.));
#5515=CARTESIAN_POINT('',(7.6864328345093,-7.15901191845844,8.));
#5516=CARTESIAN_POINT('',(7.66850881446814,-7.19449315100166,8.));
#5517=CARTESIAN_POINT('',(7.66030048692532,-7.21271953082569,8.));
#5518=CARTESIAN_POINT('',(7.64558059513428,-7.24972306447177,8.));
#5519=CARTESIAN_POINT('',(7.63901529387289,-7.26864937340091,8.));
#5520=CARTESIAN_POINT('',(7.62762457596976,-7.3069163103745,8.));
#5521=CARTESIAN_POINT('',(7.62276070121779,-7.32641179538491,8.));
#5522=CARTESIAN_POINT('',(7.61480626418763,-7.36568265398567,8.));
#5523=CARTESIAN_POINT('',(7.61169380820831,-7.38561754490242,8.));
#5524=CARTESIAN_POINT('',(7.60726741349395,-7.42563849818966,8.));
#5525=CARTESIAN_POINT('',(7.60594987101174,-7.44588762520259,8.));
#5526=CARTESIAN_POINT('',(7.60513320204548,-7.48641967742698,8.));
#5527=CARTESIAN_POINT('',(7.60565130933118,-7.50686793799596,8.));
#5528=CARTESIAN_POINT('',(7.60852624803505,-7.54770164458903,8.));
#5529=CARTESIAN_POINT('',(7.6109252761634,-7.56825302477661,8.));
#5530=CARTESIAN_POINT('',(7.61759443032255,-7.60923450738466,8.));
#5531=CARTESIAN_POINT('',(7.6219390309459,-7.62982847302587,8.));
#5532=CARTESIAN_POINT('',(7.63256941336754,-7.67091058319495,8.));
#5533=CARTESIAN_POINT('',(7.63897623933672,-7.69155517128156,8.));
#5534=CARTESIAN_POINT('',(7.65390181947024,-7.73291119210863,8.));
#5535=CARTESIAN_POINT('',(7.66261958089499,-7.75375836913745,8.));
#5536=CARTESIAN_POINT('',(7.6826184608177,-7.79607584141249,8.));
#5537=CARTESIAN_POINT('',(7.69413403102606,-7.8175500223836,8.));
#5538=CARTESIAN_POINT('',(7.70676604438345,-7.83849391343951,8.));
#5539=CARTESIAN_POINT('',(7.91602320362213,-6.87430539779954,8.));
#5540=AXIS2_PLACEMENT_3D('',#5541,#5542,#5543);
#5541=CARTESIAN_POINT('',(0.,0.,8.));
#5542=DIRECTION('',(0.,0.,-1.));
#5543=DIRECTION('',(0.755039531070142,-0.655679271078002,0.));
#5544=CARTESIAN_POINT('',(8.71029046192942,-6.70574900832945,8.));
#5545=CARTESIAN_POINT('',(8.71029046192942,-6.70574900832945,8.));
#5546=CARTESIAN_POINT('',(8.68797665446504,-6.69573360367135,8.));
#5547=CARTESIAN_POINT('',(8.66527099584686,-6.68689042142067,8.));
#5548=CARTESIAN_POINT('',(8.62085146699532,-6.67213816347421,8.));
#5549=CARTESIAN_POINT('',(8.59910547933752,-6.66599681385734,8.));
#5550=CARTESIAN_POINT('',(8.55625191058492,-6.65616497546679,8.));
#5551=CARTESIAN_POINT('',(8.53498558725595,-6.65229329258559,8.));
#5552=CARTESIAN_POINT('',(8.49292166091748,-6.64669231879824,8.));
#5553=CARTESIAN_POINT('',(8.47195416473641,-6.6448617234567,8.));
#5554=CARTESIAN_POINT('',(8.43046760557524,-6.6431809668057,8.));
#5555=CARTESIAN_POINT('',(8.40977689720164,-6.64327662543596,8.));
#5556=CARTESIAN_POINT('',(8.36889437873708,-6.64534460770739,8.));
#5557=CARTESIAN_POINT('',(8.34853275807816,-6.64729504345311,8.));
#5558=CARTESIAN_POINT('',(8.30839466871566,-6.65299135700219,8.));
#5559=CARTESIAN_POINT('',(8.28845199283408,-6.65674005566448,8.));
#5560=CARTESIAN_POINT('',(8.24925638028034,-6.6659581698276,8.));
#5561=CARTESIAN_POINT('',(8.2298420022743,-6.67145081807086,8.));
#5562=CARTESIAN_POINT('',(8.19181627388079,-6.68408083722567,8.));
#5563=CARTESIAN_POINT('',(8.17304920822188,-6.69125916989757,8.));
#5564=CARTESIAN_POINT('',(8.13643427962542,-6.70717940618869,8.));
#5565=CARTESIAN_POINT('',(8.11843732441647,-6.7159781534598,8.));
#5566=CARTESIAN_POINT('',(8.08347787508323,-6.73505100376995,8.));
#5567=CARTESIAN_POINT('',(8.06637379064169,-6.74539643068027,8.));
#5568=CARTESIAN_POINT('',(8.03331175810469,-6.76746655441677,8.));
#5569=CARTESIAN_POINT('',(8.01722059379614,-6.77927589191033,8.));
#5570=CARTESIAN_POINT('',(7.98629051821408,-6.80416973212436,8.));
#5571=CARTESIAN_POINT('',(7.97132762960793,-6.81735115251986,8.));
#5572=CARTESIAN_POINT('',(7.94275314244922,-6.84487731659788,8.));
#5573=CARTESIAN_POINT('',(7.9290818241058,-6.85927333468738,8.));
#5574=CARTESIAN_POINT('',(7.91602320362214,-6.87430539779954,8.));
#5575=CARTESIAN_POINT('',(12.0356814714288,-6.94158537499224,8.));
#5576=CARTESIAN_POINT('',(12.0356814714288,-6.94158537499224,8.));
#5577=CARTESIAN_POINT('',(11.9478154278255,-6.95669073723735,8.));
#5578=CARTESIAN_POINT('',(11.8597561151129,-6.97041554711192,8.));
#5579=CARTESIAN_POINT('',(11.6845774050201,-6.99491852551746,8.));
#5580=CARTESIAN_POINT('',(11.5974275271765,-7.00579816352695,8.));
#5581=CARTESIAN_POINT('',(11.4242293950362,-7.02449384253602,8.));
#5582=CARTESIAN_POINT('',(11.3381101127789,-7.03247630456321,8.));
#5583=CARTESIAN_POINT('',(11.1670712523641,-7.04537103059978,8.));
#5584=CARTESIAN_POINT('',(11.0820725580354,-7.05045871479856,8.));
#5585=CARTESIAN_POINT('',(10.9133775940718,-7.05755132601013,8.));
#5586=CARTESIAN_POINT('',(10.8295926689018,-7.05974255272595,8.));
#5587=CARTESIAN_POINT('',(10.6634341379397,-7.06102168063723,8.));
#5588=CARTESIAN_POINT('',(10.5809604060714,-7.06030926211187,8.));
#5589=CARTESIAN_POINT('',(10.4175414904391,-7.05574966441952,8.));
#5590=CARTESIAN_POINT('',(10.3364820675199,-7.05211896742508,8.));
#5591=CARTESIAN_POINT('',(10.1760204694907,-7.04167639372616,8.));
#5592=CARTESIAN_POINT('',(10.0964862007095,-7.03510264493816,8.));
#5593=CARTESIAN_POINT('',(9.93921981730757,-7.01870638540927,8.));
#5594=CARTESIAN_POINT('',(9.86133222555903,-7.00915080829811,8.));
#5595=CARTESIAN_POINT('',(9.70752781960981,-6.98669238644602,8.));
#5596=CARTESIAN_POINT('',(9.63142350950429,-6.97409647148118,8.));
#5597=CARTESIAN_POINT('',(9.48139071164629,-6.94541147572507,8.));
#5598=CARTESIAN_POINT('',(9.40722817722019,-6.92968817746231,8.));
#5599=CARTESIAN_POINT('',(9.26134386019416,-6.89452474186933,8.));
#5600=CARTESIAN_POINT('',(9.18931425979401,-6.87554464542916,8.));
#5601=CARTESIAN_POINT('',(9.0480698306286,-6.83350242768426,8.));
#5602=CARTESIAN_POINT('',(8.9784129292647,-6.81107365342593,8.));
#5603=CARTESIAN_POINT('',(8.84252353140496,-6.76146309763539,8.));
#5604=CARTESIAN_POINT('',(8.77600795817086,-6.73470010307273,8.));
#5605=CARTESIAN_POINT('',(8.71029046192942,-6.70574900832945,8.));
#5606=CARTESIAN_POINT('',(12.5498591141366,-5.96190172808327,8.));
#5607=AXIS2_PLACEMENT_3D('',#5608,#5609,#5610);
#5608=CARTESIAN_POINT('',(0.,0.,8.));
#5609=DIRECTION('',(0.,0.,1.));
#5610=DIRECTION('',(0.866250285837683,-0.49961029041257,0.));
#5611=CARTESIAN_POINT('',(10.4667321877983,-3.35912890535594,8.));
#5612=CARTESIAN_POINT('',(10.4667321877983,-3.35912890535594,8.));
#5613=CARTESIAN_POINT('',(10.5278902645301,-3.39676724816664,8.));
#5614=CARTESIAN_POINT('',(10.5877009295211,-3.43630537804097,8.));
#5615=CARTESIAN_POINT('',(10.7057235928934,-3.5199581522152,8.));
#5616=CARTESIAN_POINT('',(10.7637517422711,-3.56454366221729,8.));
#5617=CARTESIAN_POINT('',(10.8785877900426,-3.6569028467925,8.));
#5618=CARTESIAN_POINT('',(10.9351255798944,-3.70540012211138,8.));
#5619=CARTESIAN_POINT('',(11.0469362576603,-3.80548545317639,8.));
#5620=CARTESIAN_POINT('',(11.1020053997849,-3.85758817101744,8.));
#5621=CARTESIAN_POINT('',(11.2108410318019,-3.96476780816028,8.));
#5622=CARTESIAN_POINT('',(11.2644394422394,-4.02024513225774,8.));
#5623=CARTESIAN_POINT('',(11.3702932219888,-4.13406583913592,8.));
#5624=CARTESIAN_POINT('',(11.4224025028607,-4.19273788400676,8.));
#5625=CARTESIAN_POINT('',(11.5252338481705,-4.31285144317736,8.));
#5626=CARTESIAN_POINT('',(11.5758245516132,-4.37457254822966,8.));
#5627=CARTESIAN_POINT('',(11.6755711983303,-4.50069779651969,8.));
#5628=CARTESIAN_POINT('',(11.7246062039295,-4.56534592279223,8.));
#5629=CARTESIAN_POINT('',(11.821191204185,-4.69724690703115,8.));
#5630=CARTESIAN_POINT('',(11.8686279327428,-4.76471675786958,8.));
#5631=CARTESIAN_POINT('',(11.9619640349176,-4.90218917550494,8.));
#5632=CARTESIAN_POINT('',(12.0077559529806,-4.97238757577433,8.));
#5633=CARTESIAN_POINT('',(12.0977485103652,-5.11524987176546,8.));
#5634=CARTESIAN_POINT('',(12.1418461901212,-5.18809255985586,8.));
#5635=CARTESIAN_POINT('',(12.2283951855607,-5.33617982169816,8.));
#5636=CARTESIAN_POINT('',(12.2707470763664,-5.41158915680808,8.));
#5637=CARTESIAN_POINT('',(12.3537485872485,-5.56474878132369,8.));
#5638=CARTESIAN_POINT('',(12.3943015939848,-5.64265206351392,8.));
#5639=CARTESIAN_POINT('',(12.4736488876723,-5.80074059379046,8.));
#5640=CARTESIAN_POINT('',(12.5123769817565,-5.88100856803996,8.));
#5641=CARTESIAN_POINT('',(12.549859114146,-5.96190172806343,8.));
#5642=CARTESIAN_POINT('',(10.1542561478983,-2.60970882386721,8.));
#5643=CARTESIAN_POINT('',(10.1542561478983,-2.60970882386721,8.));
#5644=CARTESIAN_POINT('',(10.1493031444236,-2.62899504296076,8.));
#5645=CARTESIAN_POINT('',(10.145221647795,-2.64842418775283,8.));
#5646=CARTESIAN_POINT('',(10.1388002176797,-2.6875771730861,8.));
#5647=CARTESIAN_POINT('',(10.136452010891,-2.70737928923465,8.));
#5648=CARTESIAN_POINT('',(10.1335350675866,-2.74697555544591,8.));
#5649=CARTESIAN_POINT('',(10.1329569965401,-2.76692679236763,8.));
#5650=CARTESIAN_POINT('',(10.1335750159262,-2.80667357096993,8.));
#5651=CARTESIAN_POINT('',(10.1347771238896,-2.82662682882384,8.));
#5652=CARTESIAN_POINT('',(10.1389397065391,-2.86623250546649,8.));
#5653=CARTESIAN_POINT('',(10.1419219152976,-2.88604196737879,8.));
#5654=CARTESIAN_POINT('',(10.1496194678285,-2.92521918786114,8.));
#5655=CARTESIAN_POINT('',(10.1543727242559,-2.94474193783981,8.));
#5656=CARTESIAN_POINT('',(10.1655794980347,-2.98321116742891,8.));
#5657=CARTESIAN_POINT('',(10.1720877608744,-3.00230906712743,8.));
#5658=CARTESIAN_POINT('',(10.1867670473625,-3.03980290956038,8.));
#5659=CARTESIAN_POINT('',(10.1950106599692,-3.05834491360983,8.));
#5660=CARTESIAN_POINT('',(10.2131237193912,-3.09461378847653,8.));
#5661=CARTESIAN_POINT('',(10.2230852611237,-3.11247904755018,8.));
#5662=CARTESIAN_POINT('',(10.2446072625766,-3.14729944846887,8.));
#5663=CARTESIAN_POINT('',(10.2562821990792,-3.16438190792983,8.));
#5664=CARTESIAN_POINT('',(10.2812324864081,-3.19756989816965,8.));
#5665=CARTESIAN_POINT('',(10.2946499322469,-3.21378591255579,8.));
#5666=CARTESIAN_POINT('',(10.3231544769691,-3.24522212951254,8.));
#5667=CARTESIAN_POINT('',(10.33842145809,-3.26052460394382,8.));
#5668=CARTESIAN_POINT('',(10.3708565041375,-3.29020727883795,8.));
#5669=CARTESIAN_POINT('',(10.3882638647582,-3.30461519161354,8.));
#5670=CARTESIAN_POINT('',(10.4256379034406,-3.33279150951489,8.));
#5671=CARTESIAN_POINT('',(10.4458139839684,-3.34645440013661,8.));
#5672=CARTESIAN_POINT('',(10.4667321877983,-3.35912890535594,8.));
#5673=AXIS2_PLACEMENT_3D('',#5674,#5675,#5676);
#5674=CARTESIAN_POINT('',(0.,0.,8.));
#5675=DIRECTION('',(0.,0.,-1.));
#5676=DIRECTION('',(0.973263653091146,-0.229690795574565,0.));
#5677=CARTESIAN_POINT('',(10.8288961247853,-1.88977205305293,0.));
#5678=CARTESIAN_POINT('',(10.2039394549208,-2.40813572350264,0.));
#5679=CARTESIAN_POINT('',(10.8288961247853,-1.88977205305293,0.));
#5680=CARTESIAN_POINT('',(10.8044838388887,-1.89127359603428,0.));
#5681=CARTESIAN_POINT('',(10.7802693449423,-1.89399519272085,0.));
#5682=CARTESIAN_POINT('',(10.7340820893563,-1.90157550137874,0.));
#5683=CARTESIAN_POINT('',(10.7119729460764,-1.9062434707184,0.));
#5684=CARTESIAN_POINT('',(10.6694589122798,-1.91745285657634,0.));
#5685=CARTESIAN_POINT('',(10.6488292573949,-1.92390760487491,0.));
#5686=CARTESIAN_POINT('',(10.6089805980509,-1.93849627016201,0.));
#5687=CARTESIAN_POINT('',(10.5895640821407,-1.94661943982139,0.));
#5688=CARTESIAN_POINT('',(10.5520484717855,-1.96441096908767,0.));
#5689=CARTESIAN_POINT('',(10.5337722141632,-1.97411112222545,0.));
#5690=CARTESIAN_POINT('',(10.4985335811258,-1.99494128325061,0.));
#5691=CARTESIAN_POINT('',(10.4814106741079,-2.00613082527488,0.));
#5692=CARTESIAN_POINT('',(10.4485173699251,-2.02982776063924,0.));
#5693=CARTESIAN_POINT('',(10.4326011145315,-2.04241489205285,0.));
#5694=CARTESIAN_POINT('',(10.4021789944708,-2.06879223617991,0.));
#5695=CARTESIAN_POINT('',(10.3875409773955,-2.08267804599392,0.));
#5696=CARTESIAN_POINT('',(10.3597403296243,-2.11153280967697,0.));
#5697=CARTESIAN_POINT('',(10.346458855782,-2.12661039787841,0.));
#5698=CARTESIAN_POINT('',(10.3214364493363,-2.15772287279372,0.));
#5699=CARTESIAN_POINT('',(10.309589918645,-2.17387737869496,0.));
#5700=CARTESIAN_POINT('',(10.2874984590754,-2.2070120151155,0.));
#5701=CARTESIAN_POINT('',(10.2771613040533,-2.22412110008778,0.));
#5702=CARTESIAN_POINT('',(10.2581428260333,-2.25902791677198,0.));
#5703=CARTESIAN_POINT('',(10.2493828804162,-2.27696250273397,0.));
#5704=CARTESIAN_POINT('',(10.2335644030068,-2.31337882638918,0.));
#5705=CARTESIAN_POINT('',(10.2264411346275,-2.33200399556103,0.));
#5706=CARTESIAN_POINT('',(10.2139317290774,-2.36965642971896,0.));
#5707=CARTESIAN_POINT('',(10.208516541063,-2.38875684910829,0.));
#5708=CARTESIAN_POINT('',(10.2039394549208,-2.40813572350264,0.));
#5709=CARTESIAN_POINT('',(10.1542561478983,-2.60970882386721,0.));
#5710=AXIS2_PLACEMENT_3D('',#5711,#5712,#5713);
#5711=CARTESIAN_POINT('',(0.,0.,0.));
#5712=DIRECTION('',(0.,0.,-1.));
#5713=DIRECTION('',(0.973263653091146,-0.229690795574565,0.));
#5714=CARTESIAN_POINT('',(10.4667321877983,-3.35912890535594,0.));
#5715=CARTESIAN_POINT('',(10.1542561478983,-2.60970882386721,0.));
#5716=CARTESIAN_POINT('',(10.1493031444236,-2.62899504296076,0.));
#5717=CARTESIAN_POINT('',(10.145221647795,-2.64842418775283,0.));
#5718=CARTESIAN_POINT('',(10.1388002176797,-2.6875771730861,0.));
#5719=CARTESIAN_POINT('',(10.136452010891,-2.70737928923465,0.));
#5720=CARTESIAN_POINT('',(10.1335350675866,-2.74697555544591,0.));
#5721=CARTESIAN_POINT('',(10.1329569965401,-2.76692679236763,0.));
#5722=CARTESIAN_POINT('',(10.1335750159262,-2.80667357096993,0.));
#5723=CARTESIAN_POINT('',(10.1347771238896,-2.82662682882384,0.));
#5724=CARTESIAN_POINT('',(10.1389397065391,-2.86623250546649,0.));
#5725=CARTESIAN_POINT('',(10.1419219152976,-2.88604196737879,0.));
#5726=CARTESIAN_POINT('',(10.1496194678285,-2.92521918786114,0.));
#5727=CARTESIAN_POINT('',(10.1543727242559,-2.94474193783981,0.));
#5728=CARTESIAN_POINT('',(10.1655794980347,-2.98321116742891,0.));
#5729=CARTESIAN_POINT('',(10.1720877608744,-3.00230906712743,0.));
#5730=CARTESIAN_POINT('',(10.1867670473625,-3.03980290956038,0.));
#5731=CARTESIAN_POINT('',(10.1950106599692,-3.05834491360983,0.));
#5732=CARTESIAN_POINT('',(10.2131237193912,-3.09461378847653,0.));
#5733=CARTESIAN_POINT('',(10.2230852611237,-3.11247904755018,0.));
#5734=CARTESIAN_POINT('',(10.2446072625766,-3.14729944846887,0.));
#5735=CARTESIAN_POINT('',(10.2562821990792,-3.16438190792983,0.));
#5736=CARTESIAN_POINT('',(10.2812324864081,-3.19756989816965,0.));
#5737=CARTESIAN_POINT('',(10.2946499322469,-3.21378591255579,0.));
#5738=CARTESIAN_POINT('',(10.3231544769691,-3.24522212951254,0.));
#5739=CARTESIAN_POINT('',(10.33842145809,-3.26052460394382,0.));
#5740=CARTESIAN_POINT('',(10.3708565041375,-3.29020727883795,0.));
#5741=CARTESIAN_POINT('',(10.3882638647582,-3.30461519161354,0.));
#5742=CARTESIAN_POINT('',(10.4256379034406,-3.33279150951489,0.));
#5743=CARTESIAN_POINT('',(10.4458139839684,-3.34645440013661,0.));
#5744=CARTESIAN_POINT('',(10.4667321877983,-3.35912890535594,0.));
#5745=CARTESIAN_POINT('',(12.5498591141366,-5.96190172808327,0.));
#5746=CARTESIAN_POINT('',(10.4667321877983,-3.35912890535594,0.));
#5747=CARTESIAN_POINT('',(10.5278902645301,-3.39676724816664,0.));
#5748=CARTESIAN_POINT('',(10.5877009295211,-3.43630537804097,0.));
#5749=CARTESIAN_POINT('',(10.7057235928934,-3.5199581522152,0.));
#5750=CARTESIAN_POINT('',(10.7637517422711,-3.56454366221729,0.));
#5751=CARTESIAN_POINT('',(10.8785877900426,-3.6569028467925,0.));
#5752=CARTESIAN_POINT('',(10.9351255798944,-3.70540012211138,0.));
#5753=CARTESIAN_POINT('',(11.0469362576603,-3.80548545317639,0.));
#5754=CARTESIAN_POINT('',(11.1020053997849,-3.85758817101744,0.));
#5755=CARTESIAN_POINT('',(11.2108410318019,-3.96476780816028,0.));
#5756=CARTESIAN_POINT('',(11.2644394422394,-4.02024513225774,0.));
#5757=CARTESIAN_POINT('',(11.3702932219888,-4.13406583913592,0.));
#5758=CARTESIAN_POINT('',(11.4224025028607,-4.19273788400676,0.));
#5759=CARTESIAN_POINT('',(11.5252338481705,-4.31285144317736,0.));
#5760=CARTESIAN_POINT('',(11.5758245516132,-4.37457254822966,0.));
#5761=CARTESIAN_POINT('',(11.6755711983303,-4.50069779651969,0.));
#5762=CARTESIAN_POINT('',(11.7246062039295,-4.56534592279223,0.));
#5763=CARTESIAN_POINT('',(11.821191204185,-4.69724690703115,0.));
#5764=CARTESIAN_POINT('',(11.8686279327428,-4.76471675786958,0.));
#5765=CARTESIAN_POINT('',(11.9619640349176,-4.90218917550494,0.));
#5766=CARTESIAN_POINT('',(12.0077559529806,-4.97238757577433,0.));
#5767=CARTESIAN_POINT('',(12.0977485103652,-5.11524987176546,0.));
#5768=CARTESIAN_POINT('',(12.1418461901212,-5.18809255985586,0.));
#5769=CARTESIAN_POINT('',(12.2283951855607,-5.33617982169816,0.));
#5770=CARTESIAN_POINT('',(12.2707470763664,-5.41158915680808,0.));
#5771=CARTESIAN_POINT('',(12.3537485872485,-5.56474878132369,0.));
#5772=CARTESIAN_POINT('',(12.3943015939848,-5.64265206351392,0.));
#5773=CARTESIAN_POINT('',(12.4736488876723,-5.80074059379046,0.));
#5774=CARTESIAN_POINT('',(12.5123769817565,-5.88100856803996,0.));
#5775=CARTESIAN_POINT('',(12.549859114146,-5.96190172806343,0.));
#5776=CARTESIAN_POINT('',(12.0356814714288,-6.94158537499224,0.));
#5777=AXIS2_PLACEMENT_3D('',#5778,#5779,#5780);
#5778=CARTESIAN_POINT('',(0.,0.,0.));
#5779=DIRECTION('',(0.,0.,1.));
#5780=DIRECTION('',(0.866250285837683,-0.49961029041257,0.));
#5781=CARTESIAN_POINT('',(8.71029046192942,-6.70574900832945,0.));
#5782=CARTESIAN_POINT('',(12.0356814714288,-6.94158537499224,0.));
#5783=CARTESIAN_POINT('',(11.9478154278255,-6.95669073723735,0.));
#5784=CARTESIAN_POINT('',(11.8597561151129,-6.97041554711192,0.));
#5785=CARTESIAN_POINT('',(11.6845774050201,-6.99491852551746,0.));
#5786=CARTESIAN_POINT('',(11.5974275271765,-7.00579816352695,0.));
#5787=CARTESIAN_POINT('',(11.4242293950362,-7.02449384253602,0.));
#5788=CARTESIAN_POINT('',(11.3381101127789,-7.03247630456321,0.));
#5789=CARTESIAN_POINT('',(11.1670712523641,-7.04537103059978,0.));
#5790=CARTESIAN_POINT('',(11.0820725580354,-7.05045871479856,0.));
#5791=CARTESIAN_POINT('',(10.9133775940718,-7.05755132601013,0.));
#5792=CARTESIAN_POINT('',(10.8295926689018,-7.05974255272595,0.));
#5793=CARTESIAN_POINT('',(10.6634341379397,-7.06102168063723,0.));
#5794=CARTESIAN_POINT('',(10.5809604060714,-7.06030926211187,0.));
#5795=CARTESIAN_POINT('',(10.4175414904391,-7.05574966441952,0.));
#5796=CARTESIAN_POINT('',(10.3364820675199,-7.05211896742508,0.));
#5797=CARTESIAN_POINT('',(10.1760204694907,-7.04167639372616,0.));
#5798=CARTESIAN_POINT('',(10.0964862007095,-7.03510264493816,0.));
#5799=CARTESIAN_POINT('',(9.93921981730757,-7.01870638540927,0.));
#5800=CARTESIAN_POINT('',(9.86133222555903,-7.00915080829811,0.));
#5801=CARTESIAN_POINT('',(9.70752781960981,-6.98669238644602,0.));
#5802=CARTESIAN_POINT('',(9.63142350950429,-6.97409647148118,0.));
#5803=CARTESIAN_POINT('',(9.48139071164629,-6.94541147572507,0.));
#5804=CARTESIAN_POINT('',(9.40722817722019,-6.92968817746231,0.));
#5805=CARTESIAN_POINT('',(9.26134386019416,-6.89452474186933,0.));
#5806=CARTESIAN_POINT('',(9.18931425979401,-6.87554464542916,0.));
#5807=CARTESIAN_POINT('',(9.0480698306286,-6.83350242768426,0.));
#5808=CARTESIAN_POINT('',(8.9784129292647,-6.81107365342593,0.));
#5809=CARTESIAN_POINT('',(8.84252353140496,-6.76146309763539,0.));
#5810=CARTESIAN_POINT('',(8.77600795817086,-6.73470010307273,0.));
#5811=CARTESIAN_POINT('',(8.71029046192942,-6.70574900832945,0.));
#5812=CARTESIAN_POINT('',(7.91602320362213,-6.87430539779954,0.));
#5813=CARTESIAN_POINT('',(8.71029046192942,-6.70574900832945,0.));
#5814=CARTESIAN_POINT('',(8.68797665446504,-6.69573360367135,0.));
#5815=CARTESIAN_POINT('',(8.66527099584686,-6.68689042142067,0.));
#5816=CARTESIAN_POINT('',(8.62085146699532,-6.67213816347421,0.));
#5817=CARTESIAN_POINT('',(8.59910547933752,-6.66599681385734,0.));
#5818=CARTESIAN_POINT('',(8.55625191058492,-6.65616497546679,0.));
#5819=CARTESIAN_POINT('',(8.53498558725595,-6.65229329258559,0.));
#5820=CARTESIAN_POINT('',(8.49292166091748,-6.64669231879824,0.));
#5821=CARTESIAN_POINT('',(8.47195416473641,-6.6448617234567,0.));
#5822=CARTESIAN_POINT('',(8.43046760557524,-6.6431809668057,0.));
#5823=CARTESIAN_POINT('',(8.40977689720164,-6.64327662543596,0.));
#5824=CARTESIAN_POINT('',(8.36889437873708,-6.64534460770739,0.));
#5825=CARTESIAN_POINT('',(8.34853275807816,-6.64729504345311,0.));
#5826=CARTESIAN_POINT('',(8.30839466871566,-6.65299135700219,0.));
#5827=CARTESIAN_POINT('',(8.28845199283408,-6.65674005566448,0.));
#5828=CARTESIAN_POINT('',(8.24925638028034,-6.6659581698276,0.));
#5829=CARTESIAN_POINT('',(8.2298420022743,-6.67145081807086,0.));
#5830=CARTESIAN_POINT('',(8.19181627388079,-6.68408083722567,0.));
#5831=CARTESIAN_POINT('',(8.17304920822188,-6.69125916989757,0.));
#5832=CARTESIAN_POINT('',(8.13643427962542,-6.70717940618869,0.));
#5833=CARTESIAN_POINT('',(8.11843732441647,-6.7159781534598,0.));
#5834=CARTESIAN_POINT('',(8.08347787508323,-6.73505100376995,0.));
#5835=CARTESIAN_POINT('',(8.06637379064169,-6.74539643068027,0.));
#5836=CARTESIAN_POINT('',(8.03331175810469,-6.76746655441677,0.));
#5837=CARTESIAN_POINT('',(8.01722059379614,-6.77927589191033,0.));
#5838=CARTESIAN_POINT('',(7.98629051821408,-6.80416973212436,0.));
#5839=CARTESIAN_POINT('',(7.97132762960793,-6.81735115251986,0.));
#5840=CARTESIAN_POINT('',(7.94275314244922,-6.84487731659788,0.));
#5841=CARTESIAN_POINT('',(7.9290818241058,-6.85927333468738,0.));
#5842=CARTESIAN_POINT('',(7.91602320362214,-6.87430539779954,0.));
#5843=CARTESIAN_POINT('',(7.77835512944448,-7.02970053008979,0.));
#5844=AXIS2_PLACEMENT_3D('',#5845,#5846,#5847);
#5845=CARTESIAN_POINT('',(0.,0.,0.));
#5846=DIRECTION('',(0.,0.,-1.));
#5847=DIRECTION('',(0.755039531070142,-0.655679271078002,0.));
#5848=CARTESIAN_POINT('',(7.70676604438345,-7.83849391343951,0.));
#5849=CARTESIAN_POINT('',(7.77835512944448,-7.02970053008979,0.));
#5850=CARTESIAN_POINT('',(7.76500670975884,-7.04447585351233,0.));
#5851=CARTESIAN_POINT('',(7.75236355017756,-7.05978274078187,0.));
#5852=CARTESIAN_POINT('',(7.72848235664953,-7.09146680019525,0.));
#5853=CARTESIAN_POINT('',(7.71720062056932,-7.10790943715224,0.));
#5854=CARTESIAN_POINT('',(7.69621649310918,-7.14161461851728,0.));
#5855=CARTESIAN_POINT('',(7.6864328345093,-7.15901191845844,0.));
#5856=CARTESIAN_POINT('',(7.66850881446814,-7.19449315100166,0.));
#5857=CARTESIAN_POINT('',(7.66030048692532,-7.21271953082569,0.));
#5858=CARTESIAN_POINT('',(7.64558059513428,-7.24972306447177,0.));
#5859=CARTESIAN_POINT('',(7.63901529387289,-7.26864937340091,0.));
#5860=CARTESIAN_POINT('',(7.62762457596976,-7.3069163103745,0.));
#5861=CARTESIAN_POINT('',(7.62276070121779,-7.32641179538491,0.));
#5862=CARTESIAN_POINT('',(7.61480626418763,-7.36568265398567,0.));
#5863=CARTESIAN_POINT('',(7.61169380820831,-7.38561754490242,0.));
#5864=CARTESIAN_POINT('',(7.60726741349395,-7.42563849818966,0.));
#5865=CARTESIAN_POINT('',(7.60594987101174,-7.44588762520259,0.));
#5866=CARTESIAN_POINT('',(7.60513320204548,-7.48641967742698,0.));
#5867=CARTESIAN_POINT('',(7.60565130933118,-7.50686793799596,0.));
#5868=CARTESIAN_POINT('',(7.60852624803505,-7.54770164458903,0.));
#5869=CARTESIAN_POINT('',(7.6109252761634,-7.56825302477661,0.));
#5870=CARTESIAN_POINT('',(7.61759443032255,-7.60923450738466,0.));
#5871=CARTESIAN_POINT('',(7.6219390309459,-7.62982847302587,0.));
#5872=CARTESIAN_POINT('',(7.63256941336754,-7.67091058319495,0.));
#5873=CARTESIAN_POINT('',(7.63897623933672,-7.69155517128156,0.));
#5874=CARTESIAN_POINT('',(7.65390181947024,-7.73291119210863,0.));
#5875=CARTESIAN_POINT('',(7.66261958089499,-7.75375836913745,0.));
#5876=CARTESIAN_POINT('',(7.6826184608177,-7.79607584141249,0.));
#5877=CARTESIAN_POINT('',(7.69413403102606,-7.8175500223836,0.));
#5878=CARTESIAN_POINT('',(7.70676604438345,-7.83849391343951,0.));
#5879=CARTESIAN_POINT('',(8.34171449123788,-11.1112121456964,0.));
#5880=CARTESIAN_POINT('',(7.70676604438345,-7.83849391343951,0.));
#5881=CARTESIAN_POINT('',(7.7434274218816,-7.90024258629178,0.));
#5882=CARTESIAN_POINT('',(7.7780128504643,-7.96304726358872,0.));
#5883=CARTESIAN_POINT('',(7.84364134634641,-8.09196598303931,0.));
#5884=CARTESIAN_POINT('',(7.87430280123508,-8.15841151717414,0.));
#5885=CARTESIAN_POINT('',(7.93306361847336,-8.29355848606601,0.));
#5886=CARTESIAN_POINT('',(7.9605875375531,-8.36277511176516,0.));
#5887=CARTESIAN_POINT('',(8.01307900338566,-8.50335728407587,0.));
#5888=CARTESIAN_POINT('',(8.03762696680024,-8.57508385595101,0.));
#5889=CARTESIAN_POINT('',(8.08418727202402,-8.72056515162882,0.));
#5890=CARTESIAN_POINT('',(8.10586470948024,-8.79459630585304,0.));
#5891=CARTESIAN_POINT('',(8.1466984566528,-8.94457224090039,0.));
#5892=CARTESIAN_POINT('',(8.16557267459063,-9.02074014686839,0.));
#5893=CARTESIAN_POINT('',(8.200805754698,-9.17488353057655,0.));
#5894=CARTESIAN_POINT('',(8.21691837018138,-9.25304552713488,0.));
#5895=CARTESIAN_POINT('',(8.24662631409561,-9.41107846628341,0.));
#5896=CARTESIAN_POINT('',(8.26000117296325,-9.49110924258184,0.));
#5897=CARTESIAN_POINT('',(8.284225499636,-9.65278705155637,0.));
#5898=CARTESIAN_POINT('',(8.29487383367587,-9.73457358449796,0.));
#5899=CARTESIAN_POINT('',(8.31363222976551,-9.89967481452319,0.));
#5900=CARTESIAN_POINT('',(8.32155613629498,-9.98311297644911,0.));
#5901=CARTESIAN_POINT('',(8.3348491691367,-10.1514328840012,0.));
#5902=CARTESIAN_POINT('',(8.34004404032438,-10.2364250947116,0.));
#5903=CARTESIAN_POINT('',(8.34785978778787,-10.4077711767302,0.));
#5904=CARTESIAN_POINT('',(8.3503160592856,-10.4942247319311,0.));
#5905=CARTESIAN_POINT('',(8.35263342070061,-10.6684135697668,0.));
#5906=CARTESIAN_POINT('',(8.35233786446153,-10.7562394223267,0.));
#5907=CARTESIAN_POINT('',(8.34912900052252,-10.9330943900622,0.));
#5908=CARTESIAN_POINT('',(8.34611863718466,-11.0221659942584,0.));
#5909=CARTESIAN_POINT('',(8.3417144912406,-11.1112121456944,0.));
#5910=CARTESIAN_POINT('',(7.43115110724027,-11.7397286689839,0.));
#5911=AXIS2_PLACEMENT_3D('',#5912,#5913,#5914);
#5912=CARTESIAN_POINT('',(0.,0.,0.));
#5913=DIRECTION('',(0.,0.,1.));
#5914=DIRECTION('',(0.534846056372554,-0.844949522742469,0.));
#5915=CARTESIAN_POINT('',(4.59626222462486,-9.98551967883377,0.));
#5916=CARTESIAN_POINT('',(7.43115110724026,-11.7397286689839,0.));
#5917=CARTESIAN_POINT('',(7.346329777624,-11.7122704165052,0.));
#5918=CARTESIAN_POINT('',(7.26197889138713,-11.6834999289778,0.));
#5919=CARTESIAN_POINT('',(7.09547874512016,-11.6237866330246,0.));
#5920=CARTESIAN_POINT('',(7.01325534076219,-11.5929195063823,0.));
#5921=CARTESIAN_POINT('',(6.85120769577411,-11.5289845226543,0.));
#5922=CARTESIAN_POINT('',(6.77124322330039,-11.496031015731,0.));
#5923=CARTESIAN_POINT('',(6.61380335573895,-11.4279630068446,0.));
#5924=CARTESIAN_POINT('',(6.53617638493371,-11.392967064627,0.));
#5925=CARTESIAN_POINT('',(6.38350831181446,-11.3208508012009,0.));
#5926=CARTESIAN_POINT('',(6.30830213113372,-11.2838542399055,0.));
#5927=CARTESIAN_POINT('',(6.16058161829926,-11.2077691318513,0.));
#5928=CARTESIAN_POINT('',(6.08788583285534,-11.1688108622911,0.));
#5929=CARTESIAN_POINT('',(5.94530452000584,-11.0888289821953,0.));
#5930=CARTESIAN_POINT('',(5.87521723457005,-11.0479439675212,0.));
#5931=CARTESIAN_POINT('',(5.73798845168284,-10.9641273048889,0.));
#5932=CARTESIAN_POINT('',(5.67061932753352,-10.9213451217392,0.));
#5933=CARTESIAN_POINT('',(5.53898658245554,-10.8337416223908,0.));
#5934=CARTESIAN_POINT('',(5.47446124312398,-10.7890844103589,0.));
#5935=CARTESIAN_POINT('',(5.34871115414643,-10.6977219939962,0.));
#5936=CARTESIAN_POINT('',(5.28717774774257,-10.6512014287936,0.));
#5937=CARTESIAN_POINT('',(5.16766088505143,-10.5560784087243,0.));
#5938=CARTESIAN_POINT('',(5.10930020310979,-10.5076910712891,0.));
#5939=CARTESIAN_POINT('',(4.99646731887952,-10.4087595728009,0.));
#5940=CARTESIAN_POINT('',(4.94150876580318,-10.3584797076614,0.));
#5941=CARTESIAN_POINT('',(4.83598102769889,-10.2556136134721,0.));
#5942=CARTESIAN_POINT('',(4.78472607577628,-10.2033827440005,0.));
#5943=CARTESIAN_POINT('',(4.68745716447282,-10.0963038264192,0.));
#5944=CARTESIAN_POINT('',(4.64099793307945,-10.0416950434356,0.));
#5945=CARTESIAN_POINT('',(4.59626222462486,-9.98551967883377,0.));
#5946=CARTESIAN_POINT('',(3.81464143479484,-9.76565454982134,0.));
#5947=CARTESIAN_POINT('',(4.59626222462486,-9.98551967883377,0.));
#5948=CARTESIAN_POINT('',(4.58115871997228,-9.96628173504468,0.));
#5949=CARTESIAN_POINT('',(4.56516348943888,-9.94789964033848,0.));
#5950=CARTESIAN_POINT('',(4.5326876660683,-9.91419438029922,0.));
#5951=CARTESIAN_POINT('',(4.5162865777375,-9.89865062091176,0.));
#5952=CARTESIAN_POINT('',(4.48291071018865,-9.8700299139615,0.));
#5953=CARTESIAN_POINT('',(4.46587957680322,-9.85671875578977,0.));
#5954=CARTESIAN_POINT('',(4.43123672206918,-9.83221125852361,0.));
#5955=CARTESIAN_POINT('',(4.41352164630664,-9.82084626551283,0.));
#5956=CARTESIAN_POINT('',(4.37756820907605,-9.80007826403799,0.));
#5957=CARTESIAN_POINT('',(4.35920304188952,-9.79054751392134,0.));
#5958=CARTESIAN_POINT('',(4.32204233029029,-9.77337956762253,0.));
#5959=CARTESIAN_POINT('',(4.30310659789916,-9.76564407576567,0.));
#5960=CARTESIAN_POINT('',(4.26491887591345,-9.75203481071339,0.));
#5961=CARTESIAN_POINT('',(4.24551840625308,-9.74608629493755,0.));
#5962=CARTESIAN_POINT('',(4.20652854368406,-9.73603342027226,0.));
#5963=CARTESIAN_POINT('',(4.18678540477977,-9.73187460742583,0.));
#5964=CARTESIAN_POINT('',(4.14724583187929,-9.72538649687227,0.));
#5965=CARTESIAN_POINT('',(4.12729248297851,-9.72302110450778,0.));
#5966=CARTESIAN_POINT('',(4.08747307111501,-9.72010196790008,0.));
#5967=CARTESIAN_POINT('',(4.06744857693999,-9.71952926957765,0.));
#5968=CARTESIAN_POINT('',(4.02762992637831,-9.7201709736241,0.));
#5969=CARTESIAN_POINT('',(4.00767725213636,-9.72138272984323,0.));
#5970=CARTESIAN_POINT('',(3.9681457782959,-9.72556016125781,0.));
#5971=CARTESIAN_POINT('',(3.94840968711938,-9.72853887338111,0.));
#5972=CARTESIAN_POINT('',(3.90945372093272,-9.73620735136422,0.));
#5973=CARTESIAN_POINT('',(3.89007902955699,-9.74092531842409,0.));
#5974=CARTESIAN_POINT('',(3.85198553143782,-9.75201929995818,0.));
#5975=CARTESIAN_POINT('',(3.83319001704067,-9.75841296249436,0.));
#5976=CARTESIAN_POINT('',(3.81464143479484,-9.76565454982134,0.));
#5977=CARTESIAN_POINT('',(3.62052669017608,-9.83927256194393,0.));
#5978=AXIS2_PLACEMENT_3D('',#5979,#5980,#5981);
#5979=CARTESIAN_POINT('',(0.,0.,0.));
#5980=DIRECTION('',(0.,0.,-1.));
#5981=DIRECTION('',(0.363844951693716,-0.931459527369277,0.));
#5982=CARTESIAN_POINT('',(3.1812726767995,-10.5221544300461,0.));
#5983=CARTESIAN_POINT('',(3.62052669017608,-9.83927256194393,0.));
#5984=CARTESIAN_POINT('',(3.60184081636359,-9.84615214116131,0.));
#5985=CARTESIAN_POINT('',(3.58353238932303,-9.85383014750285,0.));
#5986=CARTESIAN_POINT('',(3.54766232602004,-9.87078684481904,0.));
#5987=CARTESIAN_POINT('',(3.53003157042457,-9.88010319261288,0.));
#5988=CARTESIAN_POINT('',(3.49578746952364,-9.90019583827244,0.));
#5989=CARTESIAN_POINT('',(3.47903954164979,-9.91105368947671,0.));
#5990=CARTESIAN_POINT('',(3.44667965916491,-9.9341410531804,0.));
#5991=CARTESIAN_POINT('',(3.43094132503489,-9.94646511100856,0.));
#5992=CARTESIAN_POINT('',(3.40071110861871,-9.97238943804066,0.));
#5993=CARTESIAN_POINT('',(3.38610232873596,-9.98609680469773,0.));
#5994=CARTESIAN_POINT('',(3.35823281659735,-10.0146869640685,0.));
#5995=CARTESIAN_POINT('',(3.34486606575562,-10.0296890034408,0.));
#5996=CARTESIAN_POINT('',(3.31957268357876,-10.060765010613,0.));
#5997=CARTESIAN_POINT('',(3.30755253493612,-10.0769700494804,0.));
#5998=CARTESIAN_POINT('',(3.2850344927045,-10.1103497955286,0.));
#5999=CARTESIAN_POINT('',(3.27445762823801,-10.1276672145348,0.));
#6000=CARTESIAN_POINT('',(3.2548983199017,-10.1631770394164,0.));
#6001=CARTESIAN_POINT('',(3.24585430060537,-10.1815238514126,0.));
#6002=CARTESIAN_POINT('',(3.22942356274987,-10.2190163535991,0.));
#6003=CARTESIAN_POINT('',(3.22199709407117,-10.2383285809833,0.));
#6004=CARTESIAN_POINT('',(3.20885729221473,-10.2777151921745,0.));
#6005=CARTESIAN_POINT('',(3.20313375197799,-10.2979692797266,0.));
#6006=CARTESIAN_POINT('',(3.1934546795962,-10.3392858667614,0.));
#6007=CARTESIAN_POINT('',(3.18953362379477,-10.3605431421669,0.));
#6008=CARTESIAN_POINT('',(3.18353046747851,-10.4040983429495,0.));
#6009=CARTESIAN_POINT('',(3.18156149562527,-10.42660894721,0.));
#6010=CARTESIAN_POINT('',(3.17960371441061,-10.4733731509413,0.));
#6011=CARTESIAN_POINT('',(3.1798206959425,-10.4977391461933,0.));
#6012=CARTESIAN_POINT('',(3.1812726767995,-10.5221544300461,0.));
#6013=CARTESIAN_POINT('',(2.22258360686789,-13.7150777653822,0.));
#6014=CARTESIAN_POINT('',(3.1812726767995,-10.5221544300461,0.));
#6015=CARTESIAN_POINT('',(3.18503867529658,-10.5938675561417,0.));
#6016=CARTESIAN_POINT('',(3.18647576258231,-10.6655509861709,0.));
#6017=CARTESIAN_POINT('',(3.18467539347679,-10.8102019259107,0.));
#6018=CARTESIAN_POINT('',(3.18094598407197,-10.8832856130635,0.));
#6019=CARTESIAN_POINT('',(3.17017017569238,-11.0302598243964,0.));
#6020=CARTESIAN_POINT('',(3.16237482583806,-11.1043391056789,0.));
#6021=CARTESIAN_POINT('',(3.14352191750583,-11.2532124377578,0.));
#6022=CARTESIAN_POINT('',(3.13192505962714,-11.3281311704493,0.));
#6023=CARTESIAN_POINT('',(3.10554363324336,-11.478586113062,0.));
#6024=CARTESIAN_POINT('',(3.09033405803855,-11.5542114521523,0.));
#6025=CARTESIAN_POINT('',(3.05679325325706,-11.7059849360554,0.));
#6026=CARTESIAN_POINT('',(3.03810855239022,-11.7821995537861,0.));
#6027=CARTESIAN_POINT('',(2.9976718932472,-11.9350603704535,0.));
#6028=CARTESIAN_POINT('',(2.97561521474213,-12.0117572870605,0.));
#6029=CARTESIAN_POINT('',(2.92847872392225,-12.1654944752119,0.));
#6030=CARTESIAN_POINT('',(2.90312941707633,-12.2425738151617,0.));
#6031=CARTESIAN_POINT('',(2.84944356886038,-12.3969900112646,0.));
#6032=CARTESIAN_POINT('',(2.82086410338007,-12.474356917247,0.));
#6033=CARTESIAN_POINT('',(2.76074747090358,-12.6292642575488,0.));
#6034=CARTESIAN_POINT('',(2.7289880944071,-12.7068275037729,0.));
#6035=CARTESIAN_POINT('',(2.66253632908026,-12.8620449605406,0.));
#6036=CARTESIAN_POINT('',(2.62763830931555,-12.9397160026644,0.));
#6037=CARTESIAN_POINT('',(2.55493031524913,-13.095067582413,0.));
#6038=CARTESIAN_POINT('',(2.51692826524003,-13.1727598900865,0.));
#6039=CARTESIAN_POINT('',(2.43803059761493,-13.3280733776973,0.));
#6040=CARTESIAN_POINT('',(2.39695418677304,-13.4057019562216,0.));
#6041=CARTESIAN_POINT('',(2.31192427726498,-13.5608080196414,0.));
#6042=CARTESIAN_POINT('',(2.26786509446698,-13.6382780226921,0.));
#6043=CARTESIAN_POINT('',(2.22258360694934,-13.715077765369,0.));
#6044=CARTESIAN_POINT('',(1.12423357946207,-13.8484416039788,0.));
#6045=AXIS2_PLACEMENT_3D('',#6046,#6047,#6048);
#6046=CARTESIAN_POINT('',(0.,0.,0.));
#6047=DIRECTION('',(0.,0.,1.));
#6048=DIRECTION('',(0.0809150409861857,-0.996721002157677,0.));
#6049=CARTESIAN_POINT('',(-0.57071429737679,-10.9777281294747,0.));
#6050=CARTESIAN_POINT('',(1.12423357946206,-13.8484416039788,0.));
#6051=CARTESIAN_POINT('',(1.06188850824008,-13.7847100915114,0.));
#6052=CARTESIAN_POINT('',(1.00056981997744,-13.7200352785526,0.));
#6053=CARTESIAN_POINT('',(0.880891414501789,-13.5897853047202,0.));
#6054=CARTESIAN_POINT('',(0.82243087466837,-13.5242427001508,0.));
#6055=CARTESIAN_POINT('',(0.708656879413406,-13.3923237879577,0.));
#6056=CARTESIAN_POINT('',(0.653166113690716,-13.3259835633873,0.));
#6057=CARTESIAN_POINT('',(0.545392815284821,-13.1925463801052,0.));
#6058=CARTESIAN_POINT('',(0.492920971508132,-13.1254839600865,0.));
#6059=CARTESIAN_POINT('',(0.391254204935142,-12.9906797888785,0.));
#6060=CARTESIAN_POINT('',(0.341855598404909,-12.9229709059078,0.));
#6061=CARTESIAN_POINT('',(0.246414092963304,-12.7869517432184,0.));
#6062=CARTESIAN_POINT('',(0.200149982309734,-12.7186724926816,0.));
#6063=CARTESIAN_POINT('',(0.111069932725757,-12.5815912150261,0.));
#6064=CARTESIAN_POINT('',(0.0680109372233639,-12.5128181468163,0.));
#6065=CARTESIAN_POINT('',(-0.014547570148542,-12.3748287825593,0.));
#6066=CARTESIAN_POINT('',(-0.0543180952092532,-12.3056390476263,0.));
#6067=CARTESIAN_POINT('',(-0.1301617264125,-12.1668972144225,0.));
#6068=CARTESIAN_POINT('',(-0.166542835700852,-12.0973687965686,0.));
#6069=CARTESIAN_POINT('',(-0.235430777774828,-11.9580324142476,0.));
#6070=CARTESIAN_POINT('',(-0.268296718627839,-11.8882444996615,0.));
#6071=CARTESIAN_POINT('',(-0.329917773243904,-11.7484749928203,0.));
#6072=CARTESIAN_POINT('',(-0.359106873790722,-11.6785085720884,0.));
#6073=CARTESIAN_POINT('',(-0.413039671231743,-11.5384730247548,0.));
#6074=CARTESIAN_POINT('',(-0.43833683479684,-11.4684119020814,0.));
#6075=CARTESIAN_POINT('',(-0.483972748787432,-11.3282873139557,0.));
#6076=CARTESIAN_POINT('',(-0.505083859472418,-11.2582198120165,0.));
#6077=CARTESIAN_POINT('',(-0.541449148857426,-11.1182030222216,0.));
#6078=CARTESIAN_POINT('',(-0.55720878839227,-11.0482586648912,0.));
#6079=CARTESIAN_POINT('',(-0.57071429737679,-10.9777281294747,0.));
#6080=CARTESIAN_POINT('',(-1.16062871533114,-10.4198099333744,0.));
#6081=CARTESIAN_POINT('',(-0.57071429737679,-10.9777281294747,0.));
#6082=CARTESIAN_POINT('',(-0.575147468318641,-10.9536748276343,0.));
#6083=CARTESIAN_POINT('',(-0.580767956215472,-10.9299649368415,0.));
#6084=CARTESIAN_POINT('',(-0.593860254347002,-10.8850281435921,0.));
#6085=CARTESIAN_POINT('',(-0.601159151668752,-10.8636428623871,0.));
#6086=CARTESIAN_POINT('',(-0.617411308981226,-10.8227899459225,0.));
#6087=CARTESIAN_POINT('',(-0.62630562501191,-10.8030887383805,0.));
#6088=CARTESIAN_POINT('',(-0.645591147613616,-10.7652890899119,0.));
#6089=CARTESIAN_POINT('',(-0.655995492590234,-10.7469932821676,0.));
#6090=CARTESIAN_POINT('',(-0.678179308706604,-10.7118957347253,0.));
#6091=CARTESIAN_POINT('',(-0.69001169622788,-10.6949219558554,0.));
#6092=CARTESIAN_POINT('',(-0.714937529769519,-10.6624510505873,0.));
#6093=CARTESIAN_POINT('',(-0.728109425802361,-10.6468017390895,0.));
#6094=CARTESIAN_POINT('',(-0.755598433516301,-10.6170046140499,0.));
#6095=CARTESIAN_POINT('',(-0.770012283157276,-10.6027216171128,0.));
#6096=CARTESIAN_POINT('',(-0.799864288105794,-10.5757007460546,0.));
#6097=CARTESIAN_POINT('',(-0.815413272715972,-10.5628432060225,0.));
#6098=CARTESIAN_POINT('',(-0.847408650475434,-10.5387233136982,0.));
#6099=CARTESIAN_POINT('',(-0.863977210848843,-10.5273560791819,0.));
#6100=CARTESIAN_POINT('',(-0.897878958597383,-10.5062663086928,0.));
#6101=CARTESIAN_POINT('',(-0.915343621444288,-10.4964533630607,0.));
#6102=CARTESIAN_POINT('',(-0.950899500257486,-10.4785169141798,0.));
#6103=CARTESIAN_POINT('',(-0.969129847086817,-10.4703174009612,0.));
#6104=CARTESIAN_POINT('',(-1.00607457797978,-10.4556451408603,0.));
#6105=CARTESIAN_POINT('',(-1.02493429538142,-10.4491108405633,0.));
#6106=CARTESIAN_POINT('',(-1.0629918097896,-10.4377972004247,0.));
#6107=CARTESIAN_POINT('',(-1.08233979563108,-10.4329708847532,0.));
#6108=CARTESIAN_POINT('',(-1.12122554336801,-10.4250911862709,0.));
#6109=CARTESIAN_POINT('',(-1.14083942798102,-10.4220177822187,0.));
#6110=CARTESIAN_POINT('',(-1.16062871533114,-10.4198099333744,0.));
#6111=CARTESIAN_POINT('',(-1.36672078173512,-10.3947858259453,0.));
#6112=AXIS2_PLACEMENT_3D('',#6113,#6114,#6115);
#6113=CARTESIAN_POINT('',(0.,0.,0.));
#6114=DIRECTION('',(0.,0.,-1.));
#6115=DIRECTION('',(-0.110702121308738,-0.993853631244433,0.));
#6116=CARTESIAN_POINT('',(-2.07301192254739,-10.7953161724364,0.));
#6117=CARTESIAN_POINT('',(-1.36672078173512,-10.3947858259453,0.));
#6118=CARTESIAN_POINT('',(-1.38646340117321,-10.3921936322667,0.));
#6119=CARTESIAN_POINT('',(-1.40624285567852,-10.3904838189574,0.));
#6120=CARTESIAN_POINT('',(-1.44588438953488,-10.3888285791717,0.));
#6121=CARTESIAN_POINT('',(-1.46582517101232,-10.3888843747969,0.));
#6122=CARTESIAN_POINT('',(-1.50548433452379,-10.3907615017731,0.));
#6123=CARTESIAN_POINT('',(-1.52535978323012,-10.3925925013808,0.));
#6124=CARTESIAN_POINT('',(-1.5647422690603,-10.3979969594534,0.));
#6125=CARTESIAN_POINT('',(-1.58440514709583,-10.4015954021582,0.));
#6126=CARTESIAN_POINT('',(-1.62322030986979,-10.4105015716753,0.));
#6127=CARTESIAN_POINT('',(-1.64252587295765,-10.4158498035508,0.));
#6128=CARTESIAN_POINT('',(-1.68048960996481,-10.4282135243557,0.));
#6129=CARTESIAN_POINT('',(-1.69929707536527,-10.4352853316639,0.));
#6130=CARTESIAN_POINT('',(-1.73613499365041,-10.4510473486708,0.));
#6131=CARTESIAN_POINT('',(-1.75430916376084,-10.4598101563763,0.));
#6132=CARTESIAN_POINT('',(-1.78976024140628,-10.4789017976353,0.));
#6133=CARTESIAN_POINT('',(-1.80717339567281,-10.489320296638,0.));
#6134=CARTESIAN_POINT('',(-1.84099454155453,-10.5116730212363,0.));
#6135=CARTESIAN_POINT('',(-1.85752881160435,-10.5237153511344,0.));
#6136=CARTESIAN_POINT('',(-1.8895011419884,-10.549277568497,0.));
#6137=CARTESIAN_POINT('',(-1.9050517929985,-10.5629264445217,0.));
#6138=CARTESIAN_POINT('',(-1.934990380617,-10.5916951863323,0.));
#6139=CARTESIAN_POINT('',(-1.94947086762173,-10.6069694284252,0.));
#6140=CARTESIAN_POINT('',(-1.97724203596975,-10.6390553601549,0.));
#6141=CARTESIAN_POINT('',(-1.99059270691151,-10.6560555372619,0.));
#6142=CARTESIAN_POINT('',(-2.01614934891139,-10.6918319463978,0.));
#6143=CARTESIAN_POINT('',(-2.02835398631972,-10.710849069736,0.));
#6144=CARTESIAN_POINT('',(-2.05181992458929,-10.7513468894186,0.));
#6145=CARTESIAN_POINT('',(-2.06295123958791,-10.7730227430813,0.));
#6146=CARTESIAN_POINT('',(-2.07301192254739,-10.7953161724364,0.));
#6147=CARTESIAN_POINT('',(-4.40571439681519,-13.1769843535498,0.));
#6148=CARTESIAN_POINT('',(-2.07301192254739,-10.7953161724364,0.));
#6149=CARTESIAN_POINT('',(-2.10300404792186,-10.8605651388236,0.));
#6150=CARTESIAN_POINT('',(-2.13504452131147,-10.9247055116444,0.));
#6151=CARTESIAN_POINT('',(-2.20386131253936,-11.0519508846118,0.));
#6152=CARTESIAN_POINT('',(-2.24112722348727,-11.1149301328098,0.));
#6153=CARTESIAN_POINT('',(-2.31897104964753,-11.2400615659986,0.));
#6154=CARTESIAN_POINT('',(-2.36029984772844,-11.3020328322748,0.));
#6155=CARTESIAN_POINT('',(-2.44617815612872,-11.4250922378607,0.));
#6156=CARTESIAN_POINT('',(-2.49126313491796,-11.4860401525776,0.));
#6157=CARTESIAN_POINT('',(-2.58454262605543,-11.6070013279512,0.));
#6158=CARTESIAN_POINT('',(-2.6331548835371,-11.6668959981062,0.));
#6159=CARTESIAN_POINT('',(-2.73338644610771,-11.7856975547716,0.));
#6160=CARTESIAN_POINT('',(-2.78534962598569,-11.8444990338286,0.));
#6161=CARTESIAN_POINT('',(-2.89219247308401,-11.9610587125291,0.));
#6162=CARTESIAN_POINT('',(-2.94736552634381,-12.0187202098882,0.));
#6163=CARTESIAN_POINT('',(-3.06054804990725,-12.1329423099711,0.));
#6164=CARTESIAN_POINT('',(-3.1188143017606,-12.1894122656964,0.));
#6165=CARTESIAN_POINT('',(-3.23811154402358,-12.3011919593174,0.));
#6166=CARTESIAN_POINT('',(-3.29937159790243,-12.3564154125523,0.));
#6167=CARTESIAN_POINT('',(-3.42459126292864,-12.4656414583034,0.));
#6168=CARTESIAN_POINT('',(-3.48875823203771,-12.5195609838542,0.));
#6169=CARTESIAN_POINT('',(-3.6197314969273,-12.6261175410651,0.));
#6170=CARTESIAN_POINT('',(-3.68672769188305,-12.6786739148893,0.));
#6171=CARTESIAN_POINT('',(-3.82330290226508,-12.7824418176369,0.));
#6172=CARTESIAN_POINT('',(-3.89305746209828,-12.833574506389,0.));
#6173=CARTESIAN_POINT('',(-4.03509565393054,-12.9344321954935,0.));
#6174=CARTESIAN_POINT('',(-4.10754280867578,-12.9840797281682,0.));
#6175=CARTESIAN_POINT('',(-4.25491443620609,-13.0819039573734,0.));
#6176=CARTESIAN_POINT('',(-4.32992901065591,-13.1300249151945,0.));
#6177=CARTESIAN_POINT('',(-4.40571439665792,-13.1769843536023,0.));
#6178=CARTESIAN_POINT('',(-5.44023231288755,-12.7846434593153,0.));
#6179=AXIS2_PLACEMENT_3D('',#6180,#6181,#6182);
#6180=CARTESIAN_POINT('',(0.,0.,0.));
#6181=DIRECTION('',(0.,0.,1.));
#6182=DIRECTION('',(-0.391552635158165,-0.920155711768773,0.));
#6183=CARTESIAN_POINT('',(-5.6069470517023,-9.45507136161843,0.));
#6184=CARTESIAN_POINT('',(-5.44023231288755,-12.7846434593153,0.));
#6185=CARTESIAN_POINT('',(-5.46581862123784,-12.6992388083175,0.));
#6186=CARTESIAN_POINT('',(-5.49005773901558,-12.6134758901602,0.));
#6187=CARTESIAN_POINT('',(-5.53549752328658,-12.4425279377713,0.));
#6188=CARTESIAN_POINT('',(-5.55680259344549,-12.3573248761075,0.));
#6189=CARTESIAN_POINT('',(-5.5962386877797,-12.1876430684376,0.));
#6190=CARTESIAN_POINT('',(-5.61454348106052,-12.1031138721827,0.));
#6191=CARTESIAN_POINT('',(-5.64796064645513,-11.9348763651027,0.));
#6192=CARTESIAN_POINT('',(-5.66325669614829,-11.8511106595193,0.));
#6193=CARTESIAN_POINT('',(-5.6906315251705,-11.6845005915867,0.));
#6194=CARTESIAN_POINT('',(-5.7029059321119,-11.6015906760488,0.));
#6195=CARTESIAN_POINT('',(-5.7242039314588,-11.4367978096877,0.));
#6196=CARTESIAN_POINT('',(-5.73343781711427,-11.3548395316181,0.));
#6197=CARTESIAN_POINT('',(-5.74860943760401,-11.1920625251053,0.));
#6198=CARTESIAN_POINT('',(-5.75477584622055,-11.1111564844814,0.));
#6199=CARTESIAN_POINT('',(-5.76375091897612,-10.9506061189989,0.));
#6200=CARTESIAN_POINT('',(-5.7668118969436,-10.8708593667291,0.));
#6201=CARTESIAN_POINT('',(-5.76949155237828,-10.7127632816365,0.));
#6202=CARTESIAN_POINT('',(-5.76939395792536,-10.6342917805827,0.));
#6203=CARTESIAN_POINT('',(-5.76563835575631,-10.4789017183077,0.));
#6204=CARTESIAN_POINT('',(-5.76230764008657,-10.4018340245342,0.));
#6205=CARTESIAN_POINT('',(-5.75191624562924,-10.2494375405333,0.));
#6206=CARTESIAN_POINT('',(-5.74524689361275,-10.1739205003076,0.));
#6207=CARTESIAN_POINT('',(-5.72792425033146,-10.0248613604114,0.));
#6208=CARTESIAN_POINT('',(-5.71776474907642,-9.95106913908059,0.));
#6209=CARTESIAN_POINT('',(-5.69305420103045,-9.80578691147364,0.));
#6210=CARTESIAN_POINT('',(-5.67918516943634,-9.73393439735622,0.));
#6211=CARTESIAN_POINT('',(-5.64631598735404,-9.59305589450441,0.));
#6212=CARTESIAN_POINT('',(-5.62776569153717,-9.52379937217092,0.));
#6213=CARTESIAN_POINT('',(-5.6069470517023,-9.45507136161843,0.));
#6214=CARTESIAN_POINT('',(-5.87001281386704,-8.6869124335138,0.));
#6215=CARTESIAN_POINT('',(-5.6069470517023,-9.45507136161843,0.));
#6216=CARTESIAN_POINT('',(-5.59969430289613,-9.43171302330472,0.));
#6217=CARTESIAN_POINT('',(-5.59365246211346,-9.40810698667082,0.));
#6218=CARTESIAN_POINT('',(-5.5843619472833,-9.36223313799751,0.));
#6219=CARTESIAN_POINT('',(-5.58088656418084,-9.33990544517848,0.));
#6220=CARTESIAN_POINT('',(-5.57629183787637,-9.2961792300306,0.));
#6221=CARTESIAN_POINT('',(-5.57501175593781,-9.27460128234099,0.));
#6222=CARTESIAN_POINT('',(-5.57452186559487,-9.23216892659886,0.));
#6223=CARTESIAN_POINT('',(-5.57523196973737,-9.21113365318694,0.));
#6224=CARTESIAN_POINT('',(-5.57856411981123,-9.16974698492482,0.));
#6225=CARTESIAN_POINT('',(-5.58115307028186,-9.1492186654847,0.));
#6226=CARTESIAN_POINT('',(-5.58813381769037,-9.10888349432728,0.));
#6227=CARTESIAN_POINT('',(-5.59252435472236,-9.08890543185799,0.));
#6228=CARTESIAN_POINT('',(-5.60301724777572,-9.04974660908339,0.));
#6229=CARTESIAN_POINT('',(-5.60914243815027,-9.03040119345452,0.));
#6230=CARTESIAN_POINT('',(-5.62301785090024,-8.99260248192615,0.));
#6231=CARTESIAN_POINT('',(-5.6308105962277,-8.97399172217951,0.));
#6232=CARTESIAN_POINT('',(-5.64793202338755,-8.93776562473972,0.));
#6233=CARTESIAN_POINT('',(-5.65732013772483,-8.92000064450938,0.));
#6234=CARTESIAN_POINT('',(-5.67753773950957,-8.88557165239861,0.));
#6235=CARTESIAN_POINT('',(-5.68844162724214,-8.8687664870424,0.));
#6236=CARTESIAN_POINT('',(-5.71158931096555,-8.83636090951511,0.));
#6237=CARTESIAN_POINT('',(-5.72392097762315,-8.82062853652227,0.));
#6238=CARTESIAN_POINT('',(-5.74981537295332,-8.79046782287509,0.));
#6239=CARTESIAN_POINT('',(-5.76347818260759,-8.77591743960891,0.));
#6240=CARTESIAN_POINT('',(-5.79191872732914,-8.74821349996028,0.));
#6241=CARTESIAN_POINT('',(-5.80680761724859,-8.73494855231434,0.));
#6242=CARTESIAN_POINT('',(-5.83757735842083,-8.70990031777722,0.));
#6243=CARTESIAN_POINT('',(-5.85351630865777,-8.69806392696649,0.));
#6244=CARTESIAN_POINT('',(-5.87001281386704,-8.6869124335138,0.));
#6245=CARTESIAN_POINT('',(-6.04086899332173,-8.56897892797176,0.));
#6246=AXIS2_PLACEMENT_3D('',#6247,#6248,#6249);
#6247=CARTESIAN_POINT('',(0.,0.,0.));
#6248=DIRECTION('',(0.,0.,-1.));
#6249=DIRECTION('',(-0.559888672424545,-0.828567845436136,0.));
#6250=CARTESIAN_POINT('',(-6.85239447294056,-8.59540107738456,0.));
#6251=CARTESIAN_POINT('',(-6.04086899332173,-8.56897892797176,0.));
#6252=CARTESIAN_POINT('',(-6.05714556219652,-8.5575088017297,0.));
#6253=CARTESIAN_POINT('',(-6.07386480950767,-8.54680286639323,0.));
#6254=CARTESIAN_POINT('',(-6.10819641624318,-8.52691488499261,0.));
#6255=CARTESIAN_POINT('',(-6.12587903087859,-8.51769734634399,0.));
#6256=CARTESIAN_POINT('',(-6.16186782058485,-8.50092892746825,0.));
#6257=CARTESIAN_POINT('',(-6.18031756435016,-8.49331361553531,0.));
#6258=CARTESIAN_POINT('',(-6.21770060063234,-8.47979707176307,0.));
#6259=CARTESIAN_POINT('',(-6.23678349417881,-8.47384553948687,0.));
#6260=CARTESIAN_POINT('',(-6.27529151729246,-8.46369325538355,0.));
#6261=CARTESIAN_POINT('',(-6.29487119173926,-8.45945713700806,0.));
#6262=CARTESIAN_POINT('',(-6.33423211897926,-8.4527620398096,0.));
#6263=CARTESIAN_POINT('',(-6.35417173526973,-8.45028354922395,0.));
#6264=CARTESIAN_POINT('',(-6.39411506652907,-8.44712068792216,0.));
#6265=CARTESIAN_POINT('',(-6.41427977475748,-8.44643381082361,0.));
#6266=CARTESIAN_POINT('',(-6.45454247315996,-8.44686368236029,0.));
#6267=CARTESIAN_POINT('',(-6.47480277343534,-8.44799650879441,0.));
#6268=CARTESIAN_POINT('',(-6.51513773992996,-8.45207139328347,0.));
#6269=CARTESIAN_POINT('',(-6.53537445872442,-8.4550504884297,0.));
#6270=CARTESIAN_POINT('',(-6.57556390605437,-8.46282642502877,0.));
#6271=CARTESIAN_POINT('',(-6.59567627265512,-8.46768515668347,0.));
#6272=CARTESIAN_POINT('',(-6.63555507641137,-8.4792454570655,0.));
#6273=CARTESIAN_POINT('',(-6.65547520512009,-8.4860407089104,0.));
#6274=CARTESIAN_POINT('',(-6.69497642944467,-8.50154548505308,0.));
#6275=CARTESIAN_POINT('',(-6.71469823770704,-8.51039402816068,0.));
#6276=CARTESIAN_POINT('',(-6.75395364669928,-8.53019570146936,0.));
#6277=CARTESIAN_POINT('',(-6.77359801431428,-8.54136275010973,0.));
#6278=CARTESIAN_POINT('',(-6.81319634597641,-8.56631662330584,0.));
#6279=CARTESIAN_POINT('',(-6.83312590738626,-8.58033665852745,0.));
#6280=CARTESIAN_POINT('',(-6.85239447294056,-8.59540107738456,0.));
#6281=CARTESIAN_POINT('',(-10.0247163267421,-9.62020262615868,0.));
#6282=CARTESIAN_POINT('',(-6.85239447294056,-8.59540107738456,0.));
#6283=CARTESIAN_POINT('',(-6.90927388770757,-8.63923813219941,0.));
#6284=CARTESIAN_POINT('',(-6.96745183544854,-8.68114166137383,0.));
#6285=CARTESIAN_POINT('',(-7.08751995126072,-8.76183108609505,0.));
#6286=CARTESIAN_POINT('',(-7.14978519265647,-8.80027810855819,0.));
#6287=CARTESIAN_POINT('',(-7.27686395414389,-8.87490066025668,0.));
#6288=CARTESIAN_POINT('',(-7.34225827087707,-8.91056704125735,0.));
#6289=CARTESIAN_POINT('',(-7.4754882938367,-8.97962109355716,0.));
#6290=CARTESIAN_POINT('',(-7.54373296822876,-9.01263575753977,0.));
#6291=CARTESIAN_POINT('',(-7.68254131684006,-9.07639241813637,0.));
#6292=CARTESIAN_POINT('',(-7.75341977425076,-9.10683527223253,0.));
#6293=CARTESIAN_POINT('',(-7.89738025154684,-9.16544889674221,0.));
#6294=CARTESIAN_POINT('',(-7.9707177721501,-9.19336652690813,0.));
#6295=CARTESIAN_POINT('',(-8.11949039852938,-9.24692264994803,0.));
#6296=CARTESIAN_POINT('',(-8.19514034494946,-9.27233917391057,0.));
#6297=CARTESIAN_POINT('',(-8.34844014910536,-9.3208792793214,0.));
#6298=CARTESIAN_POINT('',(-8.42627524985099,-9.34380326450238,0.));
#6299=CARTESIAN_POINT('',(-8.58385432564618,-9.38733907492421,0.));
#6300=CARTESIAN_POINT('',(-8.66376102784359,-9.40776804779032,0.));
#6301=CARTESIAN_POINT('',(-8.82539740922258,-9.44629042822567,0.));
#6302=CARTESIAN_POINT('',(-8.90727209161716,-9.46421391960016,0.));
#6303=CARTESIAN_POINT('',(-9.07276245948225,-9.49769875414302,0.));
#6304=CARTESIAN_POINT('',(-9.15650880875635,-9.51310042779742,0.));
#6305=CARTESIAN_POINT('',(-9.32566350066516,-9.54151267756341,0.));
#6306=CARTESIAN_POINT('',(-9.41119064129825,-9.55437186461658,0.));
#6307=CARTESIAN_POINT('',(-9.58383011933468,-9.57766847410801,0.));
#6308=CARTESIAN_POINT('',(-9.67105124791399,-9.58796130951484,0.));
#6309=CARTESIAN_POINT('',(-9.84700352962,-9.60609335250432,0.));
#6310=CARTESIAN_POINT('',(-9.93578856073882,-9.61384133357939,0.));
#6311=CARTESIAN_POINT('',(-10.024716326605,-9.6202026263015,0.));
#6312=CARTESIAN_POINT('',(-10.7584065442612,-8.79203756977855,0.));
#6313=AXIS2_PLACEMENT_3D('',#6314,#6315,#6316);
#6314=CARTESIAN_POINT('',(0.,0.,0.));
#6315=DIRECTION('',(0.,0.,1.));
#6316=DIRECTION('',(-0.774320321308566,-0.632793836892079,0.));
#6317=CARTESIAN_POINT('',(-9.35869580751981,-5.76637169077759,0.));
#6318=CARTESIAN_POINT('',(-10.7584065442612,-8.79203756977855,0.));
#6319=CARTESIAN_POINT('',(-10.7413725748452,-8.70452495655629,0.));
#6320=CARTESIAN_POINT('',(-10.7229792323682,-8.61732118419504,0.));
#6321=CARTESIAN_POINT('',(-10.6837706884668,-8.44483736899588,0.));
#6322=CARTESIAN_POINT('',(-10.6630395541318,-8.3594928448567,0.));
#6323=CARTESIAN_POINT('',(-10.6191034135897,-8.19092019895959,0.));
#6324=CARTESIAN_POINT('',(-10.5960288268847,-8.10756665119506,0.));
#6325=CARTESIAN_POINT('',(-10.5474343893966,-7.94307000570723,0.));
#6326=CARTESIAN_POINT('',(-10.5220505043589,-7.8617907282222,0.));
#6327=CARTESIAN_POINT('',(-10.4688621524038,-7.70154312225947,0.));
#6328=CARTESIAN_POINT('',(-10.4412004410487,-7.62242583663128,0.));
#6329=CARTESIAN_POINT('',(-10.3834758193193,-7.46661132631247,0.));
#6330=CARTESIAN_POINT('',(-10.3535641080534,-7.38974967451149,0.));
#6331=CARTESIAN_POINT('',(-10.2913516640325,-7.23856718965791,0.));
#6332=CARTESIAN_POINT('',(-10.2592128358624,-7.16406277550335,0.));
#6333=CARTESIAN_POINT('',(-10.1925483929947,-7.01773156268575,0.));
#6334=CARTESIAN_POINT('',(-10.1581985907054,-6.94569681297157,0.));
#6335=CARTESIAN_POINT('',(-10.0871003936048,-6.80446438382056,0.));
#6336=CARTESIAN_POINT('',(-10.0505464531236,-6.73502667477415,0.));
#6337=CARTESIAN_POINT('',(-9.97500766990856,-6.59918092315906,0.));
#6338=CARTESIAN_POINT('',(-9.93624332453653,-6.53248873007534,0.));
#6339=CARTESIAN_POINT('',(-9.8562200242461,-6.40237746682248,0.));
#6340=CARTESIAN_POINT('',(-9.81522008783887,-6.33860985093976,0.));
#6341=CARTESIAN_POINT('',(-9.73061041265052,-6.21467477107384,0.));
#6342=CARTESIAN_POINT('',(-9.68732166587762,-6.15405635969978,0.));
#6343=CARTESIAN_POINT('',(-9.59792554455803,-6.03689890011574,0.));
#6344=CARTESIAN_POINT('',(-9.55225359868309,-5.97972191888773,0.));
#6345=CARTESIAN_POINT('',(-9.45767987863194,-5.87025527021236,0.));
#6346=CARTESIAN_POINT('',(-9.40906929667972,-5.81755241751075,0.));
#6347=CARTESIAN_POINT('',(-9.35869580751981,-5.76637169077759,0.));
#6348=CARTESIAN_POINT('',(-9.23464771806911,-4.96394798377873,0.));
#6349=CARTESIAN_POINT('',(-9.35869580751981,-5.76637169077759,0.));
#6350=CARTESIAN_POINT('',(-9.34141865631203,-5.74905942979971,0.));
#6351=CARTESIAN_POINT('',(-9.32509859976108,-5.73096510583394,0.));
#6352=CARTESIAN_POINT('',(-9.29555361695398,-5.69466334762804,0.));
#6353=CARTESIAN_POINT('',(-9.28210012181317,-5.67650824854194,0.));
#6354=CARTESIAN_POINT('',(-9.25771110831567,-5.63992588364313,0.));
#6355=CARTESIAN_POINT('',(-9.24654987975333,-5.6214144435791,0.));
#6356=CARTESIAN_POINT('',(-9.22639680443949,-5.58407012189869,0.));
#6357=CARTESIAN_POINT('',(-9.21724999144651,-5.56511431045526,0.));
#6358=CARTESIAN_POINT('',(-9.2009671200527,-5.52691970830881,0.));
#6359=CARTESIAN_POINT('',(-9.19371953612009,-5.50753963888904,0.));
#6360=CARTESIAN_POINT('',(-9.18115599229132,-5.46858050346303,0.));
#6361=CARTESIAN_POINT('',(-9.17575935120013,-5.44885042337224,0.));
#6362=CARTESIAN_POINT('',(-9.16685233424745,-5.40930071724532,0.));
#6363=CARTESIAN_POINT('',(-9.16328565805732,-5.38932468450773,0.));
#6364=CARTESIAN_POINT('',(-9.15800578876457,-5.34940736179643,0.));
#6365=CARTESIAN_POINT('',(-9.15625707076754,-5.32930688310928,0.));
#6366=CARTESIAN_POINT('',(-9.15458223470103,-5.28927354290567,0.));
#6367=CARTESIAN_POINT('',(-9.15463919914656,-5.26918055984077,0.));
#6368=CARTESIAN_POINT('',(-9.15654104604713,-5.22929961328661,0.));
#6369=CARTESIAN_POINT('',(-9.15838620939192,-5.20935208906516,0.));
#6370=CARTESIAN_POINT('',(-9.16382284264433,-5.16990111017344,0.));
#6371=CARTESIAN_POINT('',(-9.16743079291164,-5.1502399744634,0.));
#6372=CARTESIAN_POINT('',(-9.17634275877017,-5.11150026329051,0.));
#6373=CARTESIAN_POINT('',(-9.18167867563998,-5.09226711451035,0.));
#6374=CARTESIAN_POINT('',(-9.19398686462493,-5.05451951405649,0.));
#6375=CARTESIAN_POINT('',(-9.20100579337236,-5.03585477408183,0.));
#6376=CARTESIAN_POINT('',(-9.21661055109293,-4.99937625215843,0.));
#6377=CARTESIAN_POINT('',(-9.22522314553971,-4.98148844907992,0.));
#6378=CARTESIAN_POINT('',(-9.23464771806911,-4.96394798377873,0.));
#6379=CARTESIAN_POINT('',(-9.33112691890162,-4.78012222499066,0.));
#6380=AXIS2_PLACEMENT_3D('',#6381,#6382,#6383);
#6381=CARTESIAN_POINT('',(0.,0.,0.));
#6382=DIRECTION('',(0.,0.,-1.));
#6383=DIRECTION('',(-0.880811476077842,-0.473467151563414,0.));
#6384=CARTESIAN_POINT('',(-10.0619760298885,-4.42638318131613,0.));
#6385=CARTESIAN_POINT('',(-9.33112691890162,-4.78012222499066,0.));
#6386=CARTESIAN_POINT('',(-9.3402086714378,-4.76240183387714,0.));
#6387=CARTESIAN_POINT('',(-9.35003753348459,-4.74515237727859,0.));
#6388=CARTESIAN_POINT('',(-9.37119425573686,-4.71158775112584,0.));
#6389=CARTESIAN_POINT('',(-9.38256782961586,-4.69520850522434,0.));
#6390=CARTESIAN_POINT('',(-9.40664164750714,-4.66363598317983,0.));
#6391=CARTESIAN_POINT('',(-9.41943907237832,-4.64831893589557,0.));
#6392=CARTESIAN_POINT('',(-9.44625865601469,-4.61897786756475,0.));
#6393=CARTESIAN_POINT('',(-9.46038990413438,-4.60483978462823,0.));
#6394=CARTESIAN_POINT('',(-9.48976906356438,-4.57795481284429,0.));
#6395=CARTESIAN_POINT('',(-9.50513738191501,-4.56510478788683,0.));
#6396=CARTESIAN_POINT('',(-9.53687838530776,-4.54088463876857,0.));
#6397=CARTESIAN_POINT('',(-9.55338222669453,-4.52942364261313,0.));
#6398=CARTESIAN_POINT('',(-9.58728043510587,-4.50806047641032,0.));
#6399=CARTESIAN_POINT('',(-9.60481618980821,-4.49808126977328,0.));
#6400=CARTESIAN_POINT('',(-9.64066680998185,-4.47975089319906,0.));
#6401=CARTESIAN_POINT('',(-9.65913286563606,-4.47133853018063,0.));
#6402=CARTESIAN_POINT('',(-9.69674139800871,-4.45620206763165,0.));
#6403=CARTESIAN_POINT('',(-9.71604457715089,-4.44943545322996,0.));
#6404=CARTESIAN_POINT('',(-9.7552442233788,-4.43764373570084,0.));
#6405=CARTESIAN_POINT('',(-9.77531080476225,-4.43259924611751,0.));
#6406=CARTESIAN_POINT('',(-9.81599407130739,-4.42430277957023,0.));
#6407=CARTESIAN_POINT('',(-9.83679038029651,-4.42106233086109,0.));
#6408=CARTESIAN_POINT('',(-9.87897240614624,-4.4164339940553,0.));
#6409=CARTESIAN_POINT('',(-9.90054732312987,-4.41510380857405,0.));
#6410=CARTESIAN_POINT('',(-9.94450855799331,-4.41439442133649,0.));
#6411=CARTESIAN_POINT('',(-9.96709236793468,-4.41515315901303,0.));
#6412=CARTESIAN_POINT('',(-10.0137515924172,-4.41884645410025,0.));
#6413=CARTESIAN_POINT('',(-10.0379137778965,-4.42199884977126,0.));
#6414=CARTESIAN_POINT('',(-10.0619760298885,-4.42638318131613,0.));
#6415=CARTESIAN_POINT('',(-13.3471765570854,-3.85954841322,0.));
#6416=CARTESIAN_POINT('',(-10.0619760298885,-4.42638318131613,0.));
#6417=CARTESIAN_POINT('',(-10.1327123455962,-4.43876578359431,0.));
#6418=CARTESIAN_POINT('',(-10.2036999009814,-4.44883287558075,0.));
#6419=CARTESIAN_POINT('',(-10.3475131830229,-4.46448137726509,0.));
#6420=CARTESIAN_POINT('',(-10.4205135384403,-4.469588424484,0.));
#6421=CARTESIAN_POINT('',(-10.5677150224632,-4.47660696739722,0.));
#6422=CARTESIAN_POINT('',(-10.642193807972,-4.47779772506163,0.));
#6423=CARTESIAN_POINT('',(-10.7922541528268,-4.477026972885,0.));
#6424=CARTESIAN_POINT('',(-10.8680244903559,-4.47454512448475,0.));
#6425=CARTESIAN_POINT('',(-11.0205623765961,-4.46649138771274,0.));
#6426=CARTESIAN_POINT('',(-11.0974696335211,-4.46050833475279,0.));
#6427=CARTESIAN_POINT('',(-11.2521794151059,-4.44550635210229,0.));
#6428=CARTESIAN_POINT('',(-11.3300905342772,-4.43614454075009,0.));
#6429=CARTESIAN_POINT('',(-11.4867109241384,-4.41442804576213,0.));
#6430=CARTESIAN_POINT('',(-11.5655072726746,-4.40177697699065,0.));
#6431=CARTESIAN_POINT('',(-11.7238052197538,-4.37351513455148,0.));
#6432=CARTESIAN_POINT('',(-11.8033780858255,-4.35764154044712,0.));
#6433=CARTESIAN_POINT('',(-11.963139527922,-4.32295993816556,0.));
#6434=CARTESIAN_POINT('',(-12.0433872159447,-4.30391439917502,0.));
#6435=CARTESIAN_POINT('',(-12.2044113666321,-4.26290810118188,0.));
#6436=CARTESIAN_POINT('',(-12.2852372592725,-4.24072950250768,0.));
#6437=CARTESIAN_POINT('',(-12.4473328812103,-4.1934716423247,0.));
#6438=CARTESIAN_POINT('',(-12.528644105437,-4.1681902779854,0.));
#6439=CARTESIAN_POINT('',(-12.6916269774913,-4.1147379707531,0.));
#6440=CARTESIAN_POINT('',(-12.773333461719,-4.0863777713235,0.));
#6441=CARTESIAN_POINT('',(-12.9370246020727,-4.0267763287219,0.));
#6442=CARTESIAN_POINT('',(-13.0190383950571,-3.99535650231132,0.));
#6443=CARTESIAN_POINT('',(-13.1832627836548,-3.929642526551,0.));
#6444=CARTESIAN_POINT('',(-13.2654786907889,-3.89524256178903,0.));
#6445=CARTESIAN_POINT('',(-13.3471765570552,-3.85954841332465,0.));
#6446=CARTESIAN_POINT('',(-13.6119594891985,-2.78528182854431,0.));
#6447=AXIS2_PLACEMENT_3D('',#6448,#6449,#6450);
#6448=CARTESIAN_POINT('',(0.,0.,0.));
#6449=DIRECTION('',(0.,0.,1.));
#6450=DIRECTION('',(-0.979700553418633,-0.200466519975839,0.));
#6451=CARTESIAN_POINT('',(-10.9664801383454,-0.756665757891779,0.));
#6452=CARTESIAN_POINT('',(-13.6119594891985,-2.78528182854431,0.));
#6453=CARTESIAN_POINT('',(-13.5562075191278,-2.71570933814551,0.));
#6454=CARTESIAN_POINT('',(-13.4993954094937,-2.64704204490894,0.));
#6455=CARTESIAN_POINT('',(-13.3845207423136,-2.51253633030626,0.));
#6456=CARTESIAN_POINT('',(-13.3265026565235,-2.44660174565897,0.));
#6457=CARTESIAN_POINT('',(-13.2092595214155,-2.31775622318913,0.));
#6458=CARTESIAN_POINT('',(-13.1500916644598,-2.25467361718861,0.));
#6459=CARTESIAN_POINT('',(-13.0306180240911,-2.13160203237483,0.));
#6460=CARTESIAN_POINT('',(-12.9703693464757,-2.07142928593847,0.));
#6461=CARTESIAN_POINT('',(-12.8488026239871,-1.95425493727863,0.));
#6462=CARTESIAN_POINT('',(-12.7875417590472,-1.89705509823091,0.));
#6463=CARTESIAN_POINT('',(-12.6640185314225,-1.78591417050005,0.));
#6464=CARTESIAN_POINT('',(-12.601813635811,-1.73175722311197,0.));
#6465=CARTESIAN_POINT('',(-12.4764692484635,-1.62680334525111,0.));
#6466=CARTESIAN_POINT('',(-12.4133878017258,-1.57576862097316,0.));
#6467=CARTESIAN_POINT('',(-12.2863558637021,-1.47717927819469,0.));
#6468=CARTESIAN_POINT('',(-12.2224644069005,-1.42935882408282,0.));
#6469=CARTESIAN_POINT('',(-12.0938760973942,-1.33734469835661,0.));
#6470=CARTESIAN_POINT('',(-12.0292398781262,-1.29284812364502,0.));
#6471=CARTESIAN_POINT('',(-11.8992229387587,-1.20766730726608,0.));
#6472=CARTESIAN_POINT('',(-11.8339054080481,-1.16662899257955,0.));
#6473=CARTESIAN_POINT('',(-11.7025825756358,-1.08860987247534,0.));
#6474=CARTESIAN_POINT('',(-11.636644646166,-1.05120007325121,0.));
#6475=CARTESIAN_POINT('',(-11.5041309959991,-0.98078108663324,0.));
#6476=CARTESIAN_POINT('',(-11.437629933908,-0.947223432730656,0.));
#6477=CARTESIAN_POINT('',(-11.3040278133691,-0.885030103259796,0.));
#6478=CARTESIAN_POINT('',(-11.2370158456067,-0.855627212263211,0.));
#6479=CARTESIAN_POINT('',(-11.1024032871135,-0.802649907759684,0.));
#6480=CARTESIAN_POINT('',(-11.0348685175302,-0.778574313105667,0.));
#6481=CARTESIAN_POINT('',(-10.9664801383454,-0.756665757891779,0.));
#6482=CARTESIAN_POINT('',(-10.4837361196309,-0.103802873018149,0.));
#6483=CARTESIAN_POINT('',(-10.9664801383454,-0.756665757891779,0.));
#6484=CARTESIAN_POINT('',(-10.9431365718655,-0.749365604604395,0.));
#6485=CARTESIAN_POINT('',(-10.9202770278241,-0.740928184867072,0.));
#6486=CARTESIAN_POINT('',(-10.8772459765455,-0.722514812449952,0.));
#6487=CARTESIAN_POINT('',(-10.8568964029709,-0.712691421504745,0.));
#6488=CARTESIAN_POINT('',(-10.8183003313532,-0.691633485788026,0.));
#6489=CARTESIAN_POINT('',(-10.7998148591233,-0.680429301181204,0.));
#6490=CARTESIAN_POINT('',(-10.7646154255221,-0.656728147611642,0.));
#6491=CARTESIAN_POINT('',(-10.7477071200192,-0.644194346096092,0.));
#6492=CARTESIAN_POINT('',(-10.7155394367642,-0.617941733122208,0.));
#6493=CARTESIAN_POINT('',(-10.7001156525645,-0.604149654071714,0.));
#6494=CARTESIAN_POINT('',(-10.6708859739825,-0.575491622794729,0.));
#6495=CARTESIAN_POINT('',(-10.6569384602055,-0.560529448658,0.));
#6496=CARTESIAN_POINT('',(-10.6306720234895,-0.529649220226798,0.));
#6497=CARTESIAN_POINT('',(-10.6182305632667,-0.51361883874339,0.));
#6498=CARTESIAN_POINT('',(-10.5950049663569,-0.480727482426422,0.));
#6499=CARTESIAN_POINT('',(-10.5841153952542,-0.463742062228959,0.));
#6500=CARTESIAN_POINT('',(-10.5640279807202,-0.429072635048133,0.));
#6501=CARTESIAN_POINT('',(-10.554740745406,-0.411254709422149,0.));
#6502=CARTESIAN_POINT('',(-10.5378911472172,-0.375058052662636,0.));
#6503=CARTESIAN_POINT('',(-10.5302548814885,-0.356537906981366,0.));
#6504=CARTESIAN_POINT('',(-10.5167349971104,-0.319079270553477,0.));
#6505=CARTESIAN_POINT('',(-10.5107926930616,-0.299993501375031,0.));
#6506=CARTESIAN_POINT('',(-10.5006806054712,-0.261549593642016,0.));
#6507=CARTESIAN_POINT('',(-10.4964672353064,-0.242039761948831,0.));
#6508=CARTESIAN_POINT('',(-10.4898234107881,-0.202896021045812,0.));
#6509=CARTESIAN_POINT('',(-10.4873644263747,-0.183107355736147,0.));
#6510=CARTESIAN_POINT('',(-10.4842293387075,-0.143555336185275,0.));
#6511=CARTESIAN_POINT('',(-10.4835425357694,-0.123714000952878,0.));
#6512=CARTESIAN_POINT('',(-10.4837361196309,-0.10380287301815,0.));
#6513=CARTESIAN_POINT('',(-10.4837361196309,0.103802873018151,0.));
#6514=AXIS2_PLACEMENT_3D('',#6515,#6516,#6517);
#6515=CARTESIAN_POINT('',(0.,0.,0.));
#6516=DIRECTION('',(0.,0.,-1.));
#6517=DIRECTION('',(-0.999950985490701,-0.00990083916523832,0.));
#6518=CARTESIAN_POINT('',(-10.9664801383454,0.756665757891779,0.));
#6519=CARTESIAN_POINT('',(-10.4837361196309,0.103802873018151,0.));
#6520=CARTESIAN_POINT('',(-10.4835425357694,0.12371400095288,0.));
#6521=CARTESIAN_POINT('',(-10.4842293387075,0.143555336185275,0.));
#6522=CARTESIAN_POINT('',(-10.4873644263747,0.183107355736147,0.));
#6523=CARTESIAN_POINT('',(-10.4898234107881,0.202896021045812,0.));
#6524=CARTESIAN_POINT('',(-10.4964672353064,0.242039761948831,0.));
#6525=CARTESIAN_POINT('',(-10.5006806054712,0.261549593642016,0.));
#6526=CARTESIAN_POINT('',(-10.5107926930616,0.299993501375031,0.));
#6527=CARTESIAN_POINT('',(-10.5167349971104,0.319079270553478,0.));
#6528=CARTESIAN_POINT('',(-10.5302548814885,0.356537906981367,0.));
#6529=CARTESIAN_POINT('',(-10.5378911472172,0.375058052662637,0.));
#6530=CARTESIAN_POINT('',(-10.554740745406,0.41125470942215,0.));
#6531=CARTESIAN_POINT('',(-10.5640279807202,0.429072635048133,0.));
#6532=CARTESIAN_POINT('',(-10.5841153952542,0.46374206222896,0.));
#6533=CARTESIAN_POINT('',(-10.5950049663569,0.480727482426421,0.));
#6534=CARTESIAN_POINT('',(-10.6182305632667,0.513618838743391,0.));
#6535=CARTESIAN_POINT('',(-10.6306720234895,0.529649220226798,0.));
#6536=CARTESIAN_POINT('',(-10.6569384602055,0.560529448657999,0.));
#6537=CARTESIAN_POINT('',(-10.6708859739825,0.575491622794731,0.));
#6538=CARTESIAN_POINT('',(-10.7001156525645,0.604149654071715,0.));
#6539=CARTESIAN_POINT('',(-10.7155394367642,0.61794173312221,0.));
#6540=CARTESIAN_POINT('',(-10.7477071200192,0.644194346096094,0.));
#6541=CARTESIAN_POINT('',(-10.7646154255221,0.656728147611644,0.));
#6542=CARTESIAN_POINT('',(-10.7998148591233,0.680429301181205,0.));
#6543=CARTESIAN_POINT('',(-10.8183003313532,0.691633485788026,0.));
#6544=CARTESIAN_POINT('',(-10.8568964029709,0.712691421504745,0.));
#6545=CARTESIAN_POINT('',(-10.8772459765455,0.722514812449953,0.));
#6546=CARTESIAN_POINT('',(-10.9202770278241,0.740928184867074,0.));
#6547=CARTESIAN_POINT('',(-10.9431365718655,0.749365604604395,0.));
#6548=CARTESIAN_POINT('',(-10.9664801383454,0.756665757891779,0.));
#6549=CARTESIAN_POINT('',(-13.6119594891901,2.78528182858515,0.));
#6550=CARTESIAN_POINT('',(-10.9664801383454,0.756665757891779,0.));
#6551=CARTESIAN_POINT('',(-11.0348685175302,0.778574313105668,0.));
#6552=CARTESIAN_POINT('',(-11.1024032871135,0.802649907759685,0.));
#6553=CARTESIAN_POINT('',(-11.2370158456067,0.855627212263212,0.));
#6554=CARTESIAN_POINT('',(-11.3040278133691,0.885030103259797,0.));
#6555=CARTESIAN_POINT('',(-11.437629933908,0.947223432730658,0.));
#6556=CARTESIAN_POINT('',(-11.5041309959991,0.980781086633241,0.));
#6557=CARTESIAN_POINT('',(-11.636644646166,1.05120007325121,0.));
#6558=CARTESIAN_POINT('',(-11.7025825756358,1.08860987247535,0.));
#6559=CARTESIAN_POINT('',(-11.8339054080481,1.16662899257956,0.));
#6560=CARTESIAN_POINT('',(-11.8992229387587,1.20766730726608,0.));
#6561=CARTESIAN_POINT('',(-12.0292398781262,1.29284812364502,0.));
#6562=CARTESIAN_POINT('',(-12.0938760973942,1.33734469835661,0.));
#6563=CARTESIAN_POINT('',(-12.2224644069005,1.42935882408282,0.));
#6564=CARTESIAN_POINT('',(-12.2863558637021,1.4771792781947,0.));
#6565=CARTESIAN_POINT('',(-12.4133878017258,1.57576862097316,0.));
#6566=CARTESIAN_POINT('',(-12.4764692484635,1.62680334525111,0.));
#6567=CARTESIAN_POINT('',(-12.601813635811,1.73175722311197,0.));
#6568=CARTESIAN_POINT('',(-12.6640185314225,1.78591417050005,0.));
#6569=CARTESIAN_POINT('',(-12.7875417590472,1.89705509823091,0.));
#6570=CARTESIAN_POINT('',(-12.8488026239871,1.95425493727863,0.));
#6571=CARTESIAN_POINT('',(-12.9703693464757,2.07142928593847,0.));
#6572=CARTESIAN_POINT('',(-13.0306180240911,2.13160203237483,0.));
#6573=CARTESIAN_POINT('',(-13.1500916644598,2.25467361718862,0.));
#6574=CARTESIAN_POINT('',(-13.2092595214155,2.31775622318913,0.));
#6575=CARTESIAN_POINT('',(-13.3265026565235,2.44660174565897,0.));
#6576=CARTESIAN_POINT('',(-13.3845207423136,2.51253633030626,0.));
#6577=CARTESIAN_POINT('',(-13.4993954094937,2.64704204490894,0.));
#6578=CARTESIAN_POINT('',(-13.5562075191278,2.71570933814551,0.));
#6579=CARTESIAN_POINT('',(-13.6119594891985,2.78528182854431,0.));
#6580=CARTESIAN_POINT('',(-13.3471765570552,3.85954841332464,0.));
#6581=AXIS2_PLACEMENT_3D('',#6582,#6583,#6584);
#6582=CARTESIAN_POINT('',(0.,0.,0.));
#6583=DIRECTION('',(0.,0.,1.));
#6584=DIRECTION('',(-0.960643195412061,0.277785260783407,0.));
#6585=CARTESIAN_POINT('',(-10.0619760298885,4.42638318131613,0.));
#6586=CARTESIAN_POINT('',(-13.3471765570552,3.85954841332465,0.));
#6587=CARTESIAN_POINT('',(-13.2654786907889,3.89524256178903,0.));
#6588=CARTESIAN_POINT('',(-13.1832627836548,3.92964252655101,0.));
#6589=CARTESIAN_POINT('',(-13.0190383950571,3.99535650231132,0.));
#6590=CARTESIAN_POINT('',(-12.9370246020727,4.0267763287219,0.));
#6591=CARTESIAN_POINT('',(-12.773333461719,4.0863777713235,0.));
#6592=CARTESIAN_POINT('',(-12.6916269774913,4.1147379707531,0.));
#6593=CARTESIAN_POINT('',(-12.5286441054369,4.1681902779854,0.));
#6594=CARTESIAN_POINT('',(-12.4473328812103,4.1934716423247,0.));
#6595=CARTESIAN_POINT('',(-12.2852372592725,4.24072950250768,0.));
#6596=CARTESIAN_POINT('',(-12.2044113666321,4.26290810118188,0.));
#6597=CARTESIAN_POINT('',(-12.0433872159447,4.30391439917502,0.));
#6598=CARTESIAN_POINT('',(-11.963139527922,4.32295993816556,0.));
#6599=CARTESIAN_POINT('',(-11.8033780858255,4.35764154044712,0.));
#6600=CARTESIAN_POINT('',(-11.7238052197538,4.37351513455148,0.));
#6601=CARTESIAN_POINT('',(-11.5655072726746,4.40177697699065,0.));
#6602=CARTESIAN_POINT('',(-11.4867109241384,4.41442804576213,0.));
#6603=CARTESIAN_POINT('',(-11.3300905342772,4.43614454075009,0.));
#6604=CARTESIAN_POINT('',(-11.2521794151059,4.44550635210229,0.));
#6605=CARTESIAN_POINT('',(-11.0974696335211,4.46050833475279,0.));
#6606=CARTESIAN_POINT('',(-11.0205623765961,4.46649138771274,0.));
#6607=CARTESIAN_POINT('',(-10.8680244903559,4.47454512448475,0.));
#6608=CARTESIAN_POINT('',(-10.7922541528268,4.477026972885,0.));
#6609=CARTESIAN_POINT('',(-10.642193807972,4.47779772506163,0.));
#6610=CARTESIAN_POINT('',(-10.5677150224632,4.47660696739722,0.));
#6611=CARTESIAN_POINT('',(-10.4205135384403,4.469588424484,0.));
#6612=CARTESIAN_POINT('',(-10.3475131830229,4.4644813772651,0.));
#6613=CARTESIAN_POINT('',(-10.2036999009814,4.44883287558075,0.));
#6614=CARTESIAN_POINT('',(-10.1327123455962,4.43876578359431,0.));
#6615=CARTESIAN_POINT('',(-10.0619760298885,4.42638318131613,0.));
#6616=CARTESIAN_POINT('',(-9.33112691890161,4.78012222499066,0.));
#6617=CARTESIAN_POINT('',(-10.0619760298885,4.42638318131613,0.));
#6618=CARTESIAN_POINT('',(-10.0379137778965,4.42199884977126,0.));
#6619=CARTESIAN_POINT('',(-10.0137515924172,4.41884645410025,0.));
#6620=CARTESIAN_POINT('',(-9.96709236793468,4.41515315901303,0.));
#6621=CARTESIAN_POINT('',(-9.94450855799331,4.41439442133649,0.));
#6622=CARTESIAN_POINT('',(-9.90054732312986,4.41510380857405,0.));
#6623=CARTESIAN_POINT('',(-9.87897240614624,4.4164339940553,0.));
#6624=CARTESIAN_POINT('',(-9.83679038029651,4.42106233086109,0.));
#6625=CARTESIAN_POINT('',(-9.81599407130739,4.42430277957023,0.));
#6626=CARTESIAN_POINT('',(-9.77531080476225,4.43259924611751,0.));
#6627=CARTESIAN_POINT('',(-9.75524422337879,4.43764373570084,0.));
#6628=CARTESIAN_POINT('',(-9.71604457715088,4.44943545322996,0.));
#6629=CARTESIAN_POINT('',(-9.69674139800871,4.45620206763165,0.));
#6630=CARTESIAN_POINT('',(-9.65913286563606,4.47133853018063,0.));
#6631=CARTESIAN_POINT('',(-9.64066680998184,4.47975089319906,0.));
#6632=CARTESIAN_POINT('',(-9.60481618980821,4.49808126977328,0.));
#6633=CARTESIAN_POINT('',(-9.58728043510586,4.50806047641032,0.));
#6634=CARTESIAN_POINT('',(-9.55338222669452,4.52942364261313,0.));
#6635=CARTESIAN_POINT('',(-9.53687838530776,4.54088463876857,0.));
#6636=CARTESIAN_POINT('',(-9.50513738191501,4.56510478788683,0.));
#6637=CARTESIAN_POINT('',(-9.48976906356437,4.5779548128443,0.));
#6638=CARTESIAN_POINT('',(-9.46038990413438,4.60483978462823,0.));
#6639=CARTESIAN_POINT('',(-9.44625865601468,4.61897786756475,0.));
#6640=CARTESIAN_POINT('',(-9.41943907237832,4.64831893589557,0.));
#6641=CARTESIAN_POINT('',(-9.40664164750714,4.66363598317983,0.));
#6642=CARTESIAN_POINT('',(-9.38256782961586,4.69520850522434,0.));
#6643=CARTESIAN_POINT('',(-9.37119425573686,4.71158775112584,0.));
#6644=CARTESIAN_POINT('',(-9.35003753348459,4.74515237727859,0.));
#6645=CARTESIAN_POINT('',(-9.3402086714378,4.76240183387714,0.));
#6646=CARTESIAN_POINT('',(-9.33112691890162,4.78012222499066,0.));
#6647=CARTESIAN_POINT('',(-9.23464771806911,4.96394798377873,0.));
#6648=AXIS2_PLACEMENT_3D('',#6649,#6650,#6651);
#6649=CARTESIAN_POINT('',(0.,0.,0.));
#6650=DIRECTION('',(0.,0.,-1.));
#6651=DIRECTION('',(-0.890013774843371,0.455933636167647,0.));
#6652=CARTESIAN_POINT('',(-9.35869580751981,5.76637169077759,0.));
#6653=CARTESIAN_POINT('',(-9.23464771806911,4.96394798377873,0.));
#6654=CARTESIAN_POINT('',(-9.2252231455397,4.98148844907993,0.));
#6655=CARTESIAN_POINT('',(-9.21661055109293,4.99937625215843,0.));
#6656=CARTESIAN_POINT('',(-9.20100579337236,5.03585477408183,0.));
#6657=CARTESIAN_POINT('',(-9.19398686462493,5.05451951405649,0.));
#6658=CARTESIAN_POINT('',(-9.18167867563998,5.09226711451035,0.));
#6659=CARTESIAN_POINT('',(-9.17634275877016,5.11150026329051,0.));
#6660=CARTESIAN_POINT('',(-9.16743079291164,5.1502399744634,0.));
#6661=CARTESIAN_POINT('',(-9.16382284264433,5.16990111017345,0.));
#6662=CARTESIAN_POINT('',(-9.15838620939192,5.20935208906516,0.));
#6663=CARTESIAN_POINT('',(-9.15654104604713,5.22929961328661,0.));
#6664=CARTESIAN_POINT('',(-9.15463919914656,5.26918055984077,0.));
#6665=CARTESIAN_POINT('',(-9.15458223470103,5.28927354290567,0.));
#6666=CARTESIAN_POINT('',(-9.15625707076754,5.32930688310928,0.));
#6667=CARTESIAN_POINT('',(-9.15800578876457,5.34940736179643,0.));
#6668=CARTESIAN_POINT('',(-9.16328565805732,5.38932468450774,0.));
#6669=CARTESIAN_POINT('',(-9.16685233424745,5.40930071724532,0.));
#6670=CARTESIAN_POINT('',(-9.17575935120013,5.44885042337224,0.));
#6671=CARTESIAN_POINT('',(-9.18115599229132,5.46858050346303,0.));
#6672=CARTESIAN_POINT('',(-9.19371953612009,5.50753963888904,0.));
#6673=CARTESIAN_POINT('',(-9.2009671200527,5.52691970830881,0.));
#6674=CARTESIAN_POINT('',(-9.21724999144651,5.56511431045526,0.));
#6675=CARTESIAN_POINT('',(-9.22639680443949,5.58407012189869,0.));
#6676=CARTESIAN_POINT('',(-9.24654987975333,5.6214144435791,0.));
#6677=CARTESIAN_POINT('',(-9.25771110831566,5.63992588364313,0.));
#6678=CARTESIAN_POINT('',(-9.28210012181317,5.67650824854194,0.));
#6679=CARTESIAN_POINT('',(-9.29555361695398,5.69466334762804,0.));
#6680=CARTESIAN_POINT('',(-9.32509859976108,5.73096510583394,0.));
#6681=CARTESIAN_POINT('',(-9.34141865631202,5.74905942979971,0.));
#6682=CARTESIAN_POINT('',(-9.35869580751981,5.76637169077759,0.));
#6683=CARTESIAN_POINT('',(-10.758406544255,8.79203756978613,0.));
#6684=CARTESIAN_POINT('',(-9.35869580751981,5.76637169077759,0.));
#6685=CARTESIAN_POINT('',(-9.40906929667971,5.81755241751075,0.));
#6686=CARTESIAN_POINT('',(-9.45767987863194,5.87025527021236,0.));
#6687=CARTESIAN_POINT('',(-9.55225359868308,5.97972191888773,0.));
#6688=CARTESIAN_POINT('',(-9.59792554455803,6.03689890011574,0.));
#6689=CARTESIAN_POINT('',(-9.68732166587761,6.15405635969978,0.));
#6690=CARTESIAN_POINT('',(-9.73061041265052,6.21467477107384,0.));
#6691=CARTESIAN_POINT('',(-9.81522008783887,6.33860985093976,0.));
#6692=CARTESIAN_POINT('',(-9.8562200242461,6.40237746682248,0.));
#6693=CARTESIAN_POINT('',(-9.93624332453653,6.53248873007534,0.));
#6694=CARTESIAN_POINT('',(-9.97500766990856,6.59918092315907,0.));
#6695=CARTESIAN_POINT('',(-10.0505464531236,6.73502667477415,0.));
#6696=CARTESIAN_POINT('',(-10.0871003936048,6.80446438382056,0.));
#6697=CARTESIAN_POINT('',(-10.1581985907054,6.94569681297158,0.));
#6698=CARTESIAN_POINT('',(-10.1925483929947,7.01773156268575,0.));
#6699=CARTESIAN_POINT('',(-10.2592128358624,7.16406277550335,0.));
#6700=CARTESIAN_POINT('',(-10.2913516640325,7.23856718965791,0.));
#6701=CARTESIAN_POINT('',(-10.3535641080534,7.38974967451149,0.));
#6702=CARTESIAN_POINT('',(-10.3834758193193,7.46661132631247,0.));
#6703=CARTESIAN_POINT('',(-10.4412004410487,7.62242583663128,0.));
#6704=CARTESIAN_POINT('',(-10.4688621524038,7.70154312225947,0.));
#6705=CARTESIAN_POINT('',(-10.5220505043589,7.8617907282222,0.));
#6706=CARTESIAN_POINT('',(-10.5474343893966,7.94307000570723,0.));
#6707=CARTESIAN_POINT('',(-10.5960288268847,8.10756665119506,0.));
#6708=CARTESIAN_POINT('',(-10.6191034135897,8.19092019895959,0.));
#6709=CARTESIAN_POINT('',(-10.6630395541318,8.3594928448567,0.));
#6710=CARTESIAN_POINT('',(-10.6837706884668,8.44483736899588,0.));
#6711=CARTESIAN_POINT('',(-10.7229792323682,8.61732118419503,0.));
#6712=CARTESIAN_POINT('',(-10.7413725748452,8.70452495655629,0.));
#6713=CARTESIAN_POINT('',(-10.7584065442612,8.79203756977855,0.));
#6714=CARTESIAN_POINT('',(-10.024716326605,9.6202026263015,0.));
#6715=AXIS2_PLACEMENT_3D('',#6716,#6717,#6718);
#6716=CARTESIAN_POINT('',(0.,0.,0.));
#6717=DIRECTION('',(0.,0.,1.));
#6718=DIRECTION('',(-0.721514058342093,0.692399785972471,0.));
#6719=CARTESIAN_POINT('',(-6.85239447294056,8.59540107738456,0.));
#6720=CARTESIAN_POINT('',(-10.024716326605,9.6202026263015,0.));
#6721=CARTESIAN_POINT('',(-9.93578856073882,9.61384133357939,0.));
#6722=CARTESIAN_POINT('',(-9.84700352962,9.60609335250432,0.));
#6723=CARTESIAN_POINT('',(-9.67105124791399,9.58796130951484,0.));
#6724=CARTESIAN_POINT('',(-9.58383011933467,9.57766847410801,0.));
#6725=CARTESIAN_POINT('',(-9.41119064129825,9.55437186461658,0.));
#6726=CARTESIAN_POINT('',(-9.32566350066516,9.54151267756341,0.));
#6727=CARTESIAN_POINT('',(-9.15650880875634,9.51310042779742,0.));
#6728=CARTESIAN_POINT('',(-9.07276245948225,9.49769875414302,0.));
#6729=CARTESIAN_POINT('',(-8.90727209161716,9.46421391960016,0.));
#6730=CARTESIAN_POINT('',(-8.82539740922258,9.44629042822567,0.));
#6731=CARTESIAN_POINT('',(-8.66376102784359,9.40776804779032,0.));
#6732=CARTESIAN_POINT('',(-8.58385432564618,9.38733907492421,0.));
#6733=CARTESIAN_POINT('',(-8.42627524985099,9.34380326450238,0.));
#6734=CARTESIAN_POINT('',(-8.34844014910536,9.3208792793214,0.));
#6735=CARTESIAN_POINT('',(-8.19514034494946,9.27233917391057,0.));
#6736=CARTESIAN_POINT('',(-8.11949039852938,9.24692264994803,0.));
#6737=CARTESIAN_POINT('',(-7.9707177721501,9.19336652690813,0.));
#6738=CARTESIAN_POINT('',(-7.89738025154684,9.16544889674221,0.));
#6739=CARTESIAN_POINT('',(-7.75341977425075,9.10683527223253,0.));
#6740=CARTESIAN_POINT('',(-7.68254131684006,9.07639241813637,0.));
#6741=CARTESIAN_POINT('',(-7.54373296822876,9.01263575753977,0.));
#6742=CARTESIAN_POINT('',(-7.4754882938367,8.97962109355716,0.));
#6743=CARTESIAN_POINT('',(-7.34225827087707,8.91056704125735,0.));
#6744=CARTESIAN_POINT('',(-7.27686395414389,8.87490066025668,0.));
#6745=CARTESIAN_POINT('',(-7.14978519265647,8.80027810855819,0.));
#6746=CARTESIAN_POINT('',(-7.08751995126072,8.76183108609505,0.));
#6747=CARTESIAN_POINT('',(-6.96745183544854,8.68114166137383,0.));
#6748=CARTESIAN_POINT('',(-6.90927388770757,8.63923813219941,0.));
#6749=CARTESIAN_POINT('',(-6.85239447294056,8.59540107738457,0.));
#6750=CARTESIAN_POINT('',(-6.04086899332173,8.56897892797176,0.));
#6751=CARTESIAN_POINT('',(-6.85239447294056,8.59540107738457,0.));
#6752=CARTESIAN_POINT('',(-6.83312590738626,8.58033665852745,0.));
#6753=CARTESIAN_POINT('',(-6.81319634597641,8.56631662330585,0.));
#6754=CARTESIAN_POINT('',(-6.77359801431428,8.54136275010973,0.));
#6755=CARTESIAN_POINT('',(-6.75395364669928,8.53019570146936,0.));
#6756=CARTESIAN_POINT('',(-6.71469823770704,8.51039402816068,0.));
#6757=CARTESIAN_POINT('',(-6.69497642944467,8.50154548505307,0.));
#6758=CARTESIAN_POINT('',(-6.65547520512009,8.4860407089104,0.));
#6759=CARTESIAN_POINT('',(-6.63555507641137,8.4792454570655,0.));
#6760=CARTESIAN_POINT('',(-6.59567627265511,8.46768515668347,0.));
#6761=CARTESIAN_POINT('',(-6.57556390605437,8.46282642502877,0.));
#6762=CARTESIAN_POINT('',(-6.53537445872441,8.4550504884297,0.));
#6763=CARTESIAN_POINT('',(-6.51513773992996,8.45207139328347,0.));
#6764=CARTESIAN_POINT('',(-6.47480277343534,8.44799650879441,0.));
#6765=CARTESIAN_POINT('',(-6.45454247315996,8.44686368236029,0.));
#6766=CARTESIAN_POINT('',(-6.41427977475748,8.44643381082361,0.));
#6767=CARTESIAN_POINT('',(-6.39411506652907,8.44712068792216,0.));
#6768=CARTESIAN_POINT('',(-6.35417173526973,8.45028354922395,0.));
#6769=CARTESIAN_POINT('',(-6.33423211897926,8.4527620398096,0.));
#6770=CARTESIAN_POINT('',(-6.29487119173926,8.45945713700805,0.));
#6771=CARTESIAN_POINT('',(-6.27529151729246,8.46369325538355,0.));
#6772=CARTESIAN_POINT('',(-6.2367834941788,8.47384553948687,0.));
#6773=CARTESIAN_POINT('',(-6.21770060063234,8.47979707176307,0.));
#6774=CARTESIAN_POINT('',(-6.18031756435016,8.49331361553532,0.));
#6775=CARTESIAN_POINT('',(-6.16186782058485,8.50092892746825,0.));
#6776=CARTESIAN_POINT('',(-6.12587903087859,8.51769734634399,0.));
#6777=CARTESIAN_POINT('',(-6.10819641624318,8.52691488499261,0.));
#6778=CARTESIAN_POINT('',(-6.07386480950767,8.54680286639323,0.));
#6779=CARTESIAN_POINT('',(-6.05714556219652,8.5575088017297,0.));
#6780=CARTESIAN_POINT('',(-6.04086899332173,8.56897892797176,0.));
#6781=CARTESIAN_POINT('',(-5.87001281386704,8.68691243351381,0.));
#6782=AXIS2_PLACEMENT_3D('',#6783,#6784,#6785);
#6783=CARTESIAN_POINT('',(0.,0.,0.));
#6784=DIRECTION('',(0.,0.,-1.));
#6785=DIRECTION('',(-0.576185134208144,0.817319210050482,0.));
#6786=CARTESIAN_POINT('',(-5.6069470517023,9.45507136161843,0.));
#6787=CARTESIAN_POINT('',(-5.87001281386704,8.68691243351381,0.));
#6788=CARTESIAN_POINT('',(-5.85351630865777,8.69806392696649,0.));
#6789=CARTESIAN_POINT('',(-5.83757735842083,8.70990031777722,0.));
#6790=CARTESIAN_POINT('',(-5.80680761724858,8.73494855231434,0.));
#6791=CARTESIAN_POINT('',(-5.79191872732914,8.74821349996029,0.));
#6792=CARTESIAN_POINT('',(-5.76347818260759,8.77591743960891,0.));
#6793=CARTESIAN_POINT('',(-5.74981537295332,8.79046782287509,0.));
#6794=CARTESIAN_POINT('',(-5.72392097762315,8.82062853652227,0.));
#6795=CARTESIAN_POINT('',(-5.71158931096555,8.83636090951512,0.));
#6796=CARTESIAN_POINT('',(-5.68844162724214,8.86876648704241,0.));
#6797=CARTESIAN_POINT('',(-5.67753773950957,8.88557165239862,0.));
#6798=CARTESIAN_POINT('',(-5.65732013772483,8.92000064450938,0.));
#6799=CARTESIAN_POINT('',(-5.64793202338755,8.93776562473972,0.));
#6800=CARTESIAN_POINT('',(-5.6308105962277,8.97399172217951,0.));
#6801=CARTESIAN_POINT('',(-5.62301785090024,8.99260248192615,0.));
#6802=CARTESIAN_POINT('',(-5.60914243815027,9.03040119345452,0.));
#6803=CARTESIAN_POINT('',(-5.60301724777572,9.04974660908339,0.));
#6804=CARTESIAN_POINT('',(-5.59252435472236,9.08890543185799,0.));
#6805=CARTESIAN_POINT('',(-5.58813381769037,9.10888349432728,0.));
#6806=CARTESIAN_POINT('',(-5.58115307028186,9.1492186654847,0.));
#6807=CARTESIAN_POINT('',(-5.57856411981123,9.16974698492482,0.));
#6808=CARTESIAN_POINT('',(-5.57523196973737,9.21113365318694,0.));
#6809=CARTESIAN_POINT('',(-5.57452186559487,9.23216892659886,0.));
#6810=CARTESIAN_POINT('',(-5.57501175593781,9.27460128234099,0.));
#6811=CARTESIAN_POINT('',(-5.57629183787637,9.2961792300306,0.));
#6812=CARTESIAN_POINT('',(-5.58088656418083,9.33990544517848,0.));
#6813=CARTESIAN_POINT('',(-5.5843619472833,9.36223313799751,0.));
#6814=CARTESIAN_POINT('',(-5.59365246211346,9.40810698667082,0.));
#6815=CARTESIAN_POINT('',(-5.59969430289613,9.43171302330472,0.));
#6816=CARTESIAN_POINT('',(-5.6069470517023,9.45507136161843,0.));
#6817=CARTESIAN_POINT('',(-5.44023231288686,12.7846434593156,0.));
#6818=CARTESIAN_POINT('',(-5.6069470517023,9.45507136161843,0.));
#6819=CARTESIAN_POINT('',(-5.62776569153717,9.52379937217092,0.));
#6820=CARTESIAN_POINT('',(-5.64631598735403,9.59305589450441,0.));
#6821=CARTESIAN_POINT('',(-5.67918516943634,9.73393439735622,0.));
#6822=CARTESIAN_POINT('',(-5.69305420103045,9.80578691147364,0.));
#6823=CARTESIAN_POINT('',(-5.71776474907641,9.9510691390806,0.));
#6824=CARTESIAN_POINT('',(-5.72792425033145,10.0248613604114,0.));
#6825=CARTESIAN_POINT('',(-5.74524689361275,10.1739205003076,0.));
#6826=CARTESIAN_POINT('',(-5.75191624562924,10.2494375405333,0.));
#6827=CARTESIAN_POINT('',(-5.76230764008657,10.4018340245342,0.));
#6828=CARTESIAN_POINT('',(-5.76563835575631,10.4789017183077,0.));
#6829=CARTESIAN_POINT('',(-5.76939395792536,10.6342917805827,0.));
#6830=CARTESIAN_POINT('',(-5.76949155237828,10.7127632816365,0.));
#6831=CARTESIAN_POINT('',(-5.7668118969436,10.8708593667291,0.));
#6832=CARTESIAN_POINT('',(-5.76375091897612,10.9506061189989,0.));
#6833=CARTESIAN_POINT('',(-5.75477584622055,11.1111564844814,0.));
#6834=CARTESIAN_POINT('',(-5.748609437604,11.1920625251053,0.));
#6835=CARTESIAN_POINT('',(-5.73343781711427,11.3548395316181,0.));
#6836=CARTESIAN_POINT('',(-5.7242039314588,11.4367978096877,0.));
#6837=CARTESIAN_POINT('',(-5.7029059321119,11.6015906760488,0.));
#6838=CARTESIAN_POINT('',(-5.69063152517051,11.6845005915867,0.));
#6839=CARTESIAN_POINT('',(-5.66325669614829,11.8511106595193,0.));
#6840=CARTESIAN_POINT('',(-5.64796064645513,11.9348763651027,0.));
#6841=CARTESIAN_POINT('',(-5.61454348106052,12.1031138721827,0.));
#6842=CARTESIAN_POINT('',(-5.5962386877797,12.1876430684376,0.));
#6843=CARTESIAN_POINT('',(-5.55680259344549,12.3573248761075,0.));
#6844=CARTESIAN_POINT('',(-5.53549752328658,12.4425279377713,0.));
#6845=CARTESIAN_POINT('',(-5.49005773901558,12.6134758901602,0.));
#6846=CARTESIAN_POINT('',(-5.46581862123783,12.6992388083175,0.));
#6847=CARTESIAN_POINT('',(-5.44023231288754,12.7846434593153,0.));
#6848=CARTESIAN_POINT('',(-4.40571439665793,13.1769843536023,0.));
#6849=AXIS2_PLACEMENT_3D('',#6850,#6851,#6852);
#6850=CARTESIAN_POINT('',(0.,0.,0.));
#6851=DIRECTION('',(0.,0.,1.));
#6852=DIRECTION('',(-0.317094745692955,0.948393864517227,0.));
#6853=CARTESIAN_POINT('',(-2.07301192254739,10.7953161724364,0.));
#6854=CARTESIAN_POINT('',(-4.40571439665792,13.1769843536024,0.));
#6855=CARTESIAN_POINT('',(-4.32992901065591,13.1300249151945,0.));
#6856=CARTESIAN_POINT('',(-4.25491443620609,13.0819039573734,0.));
#6857=CARTESIAN_POINT('',(-4.10754280867578,12.9840797281682,0.));
#6858=CARTESIAN_POINT('',(-4.03509565393054,12.9344321954935,0.));
#6859=CARTESIAN_POINT('',(-3.89305746209828,12.833574506389,0.));
#6860=CARTESIAN_POINT('',(-3.82330290226508,12.7824418176369,0.));
#6861=CARTESIAN_POINT('',(-3.68672769188305,12.6786739148893,0.));
#6862=CARTESIAN_POINT('',(-3.6197314969273,12.6261175410651,0.));
#6863=CARTESIAN_POINT('',(-3.48875823203772,12.5195609838542,0.));
#6864=CARTESIAN_POINT('',(-3.42459126292864,12.4656414583034,0.));
#6865=CARTESIAN_POINT('',(-3.29937159790243,12.3564154125523,0.));
#6866=CARTESIAN_POINT('',(-3.23811154402358,12.3011919593174,0.));
#6867=CARTESIAN_POINT('',(-3.1188143017606,12.1894122656964,0.));
#6868=CARTESIAN_POINT('',(-3.06054804990725,12.1329423099711,0.));
#6869=CARTESIAN_POINT('',(-2.94736552634381,12.0187202098882,0.));
#6870=CARTESIAN_POINT('',(-2.89219247308401,11.9610587125291,0.));
#6871=CARTESIAN_POINT('',(-2.78534962598569,11.8444990338286,0.));
#6872=CARTESIAN_POINT('',(-2.73338644610771,11.7856975547716,0.));
#6873=CARTESIAN_POINT('',(-2.6331548835371,11.6668959981062,0.));
#6874=CARTESIAN_POINT('',(-2.58454262605543,11.6070013279512,0.));
#6875=CARTESIAN_POINT('',(-2.49126313491796,11.4860401525776,0.));
#6876=CARTESIAN_POINT('',(-2.44617815612872,11.4250922378607,0.));
#6877=CARTESIAN_POINT('',(-2.36029984772844,11.3020328322748,0.));
#6878=CARTESIAN_POINT('',(-2.31897104964753,11.2400615659986,0.));
#6879=CARTESIAN_POINT('',(-2.24112722348727,11.1149301328098,0.));
#6880=CARTESIAN_POINT('',(-2.20386131253936,11.0519508846119,0.));
#6881=CARTESIAN_POINT('',(-2.13504452131147,10.9247055116444,0.));
#6882=CARTESIAN_POINT('',(-2.10300404792185,10.8605651388236,0.));
#6883=CARTESIAN_POINT('',(-2.07301192254739,10.7953161724364,0.));
#6884=CARTESIAN_POINT('',(-1.36672078173512,10.3947858259453,0.));
#6885=CARTESIAN_POINT('',(-2.07301192254739,10.7953161724364,0.));
#6886=CARTESIAN_POINT('',(-2.06295123958791,10.7730227430813,0.));
#6887=CARTESIAN_POINT('',(-2.05181992458928,10.7513468894186,0.));
#6888=CARTESIAN_POINT('',(-2.02835398631972,10.710849069736,0.));
#6889=CARTESIAN_POINT('',(-2.01614934891139,10.6918319463978,0.));
#6890=CARTESIAN_POINT('',(-1.99059270691151,10.6560555372619,0.));
#6891=CARTESIAN_POINT('',(-1.97724203596975,10.6390553601549,0.));
#6892=CARTESIAN_POINT('',(-1.94947086762172,10.6069694284252,0.));
#6893=CARTESIAN_POINT('',(-1.934990380617,10.5916951863323,0.));
#6894=CARTESIAN_POINT('',(-1.9050517929985,10.5629264445217,0.));
#6895=CARTESIAN_POINT('',(-1.8895011419884,10.549277568497,0.));
#6896=CARTESIAN_POINT('',(-1.85752881160435,10.5237153511344,0.));
#6897=CARTESIAN_POINT('',(-1.84099454155453,10.5116730212363,0.));
#6898=CARTESIAN_POINT('',(-1.80717339567282,10.489320296638,0.));
#6899=CARTESIAN_POINT('',(-1.78976024140628,10.4789017976353,0.));
#6900=CARTESIAN_POINT('',(-1.75430916376084,10.4598101563763,0.));
#6901=CARTESIAN_POINT('',(-1.73613499365041,10.4510473486708,0.));
#6902=CARTESIAN_POINT('',(-1.69929707536527,10.4352853316639,0.));
#6903=CARTESIAN_POINT('',(-1.68048960996481,10.4282135243557,0.));
#6904=CARTESIAN_POINT('',(-1.64252587295765,10.4158498035508,0.));
#6905=CARTESIAN_POINT('',(-1.62322030986979,10.4105015716753,0.));
#6906=CARTESIAN_POINT('',(-1.58440514709583,10.4015954021582,0.));
#6907=CARTESIAN_POINT('',(-1.5647422690603,10.3979969594534,0.));
#6908=CARTESIAN_POINT('',(-1.52535978323012,10.3925925013808,0.));
#6909=CARTESIAN_POINT('',(-1.50548433452379,10.3907615017731,0.));
#6910=CARTESIAN_POINT('',(-1.46582517101232,10.3888843747969,0.));
#6911=CARTESIAN_POINT('',(-1.44588438953488,10.3888285791717,0.));
#6912=CARTESIAN_POINT('',(-1.40624285567852,10.3904838189574,0.));
#6913=CARTESIAN_POINT('',(-1.38646340117321,10.3921936322667,0.));
#6914=CARTESIAN_POINT('',(-1.36672078173512,10.3947858259453,0.));
#6915=CARTESIAN_POINT('',(-1.16062871533114,10.4198099333744,0.));
#6916=AXIS2_PLACEMENT_3D('',#6917,#6918,#6919);
#6917=CARTESIAN_POINT('',(0.,0.,0.));
#6918=DIRECTION('',(0.,0.,-1.));
#6919=DIRECTION('',(-0.130359423109437,0.991466802674994,0.));
#6920=CARTESIAN_POINT('',(-0.57071429737679,10.9777281294747,0.));
#6921=CARTESIAN_POINT('',(-1.16062871533114,10.4198099333744,0.));
#6922=CARTESIAN_POINT('',(-1.14083942798102,10.4220177822187,0.));
#6923=CARTESIAN_POINT('',(-1.12122554336802,10.4250911862709,0.));
#6924=CARTESIAN_POINT('',(-1.08233979563108,10.4329708847532,0.));
#6925=CARTESIAN_POINT('',(-1.0629918097896,10.4377972004247,0.));
#6926=CARTESIAN_POINT('',(-1.02493429538142,10.4491108405633,0.));
#6927=CARTESIAN_POINT('',(-1.00607457797978,10.4556451408603,0.));
#6928=CARTESIAN_POINT('',(-0.969129847086817,10.4703174009612,0.));
#6929=CARTESIAN_POINT('',(-0.950899500257485,10.4785169141798,0.));
#6930=CARTESIAN_POINT('',(-0.915343621444288,10.4964533630607,0.));
#6931=CARTESIAN_POINT('',(-0.897878958597382,10.5062663086928,0.));
#6932=CARTESIAN_POINT('',(-0.863977210848843,10.5273560791819,0.));
#6933=CARTESIAN_POINT('',(-0.847408650475433,10.5387233136982,0.));
#6934=CARTESIAN_POINT('',(-0.815413272715972,10.5628432060225,0.));
#6935=CARTESIAN_POINT('',(-0.799864288105795,10.5757007460546,0.));
#6936=CARTESIAN_POINT('',(-0.770012283157275,10.6027216171128,0.));
#6937=CARTESIAN_POINT('',(-0.755598433516301,10.6170046140499,0.));
#6938=CARTESIAN_POINT('',(-0.728109425802361,10.6468017390895,0.));
#6939=CARTESIAN_POINT('',(-0.714937529769517,10.6624510505873,0.));
#6940=CARTESIAN_POINT('',(-0.69001169622788,10.6949219558555,0.));
#6941=CARTESIAN_POINT('',(-0.678179308706603,10.7118957347253,0.));
#6942=CARTESIAN_POINT('',(-0.655995492590233,10.7469932821676,0.));
#6943=CARTESIAN_POINT('',(-0.645591147613614,10.7652890899119,0.));
#6944=CARTESIAN_POINT('',(-0.62630562501191,10.8030887383805,0.));
#6945=CARTESIAN_POINT('',(-0.617411308981226,10.8227899459225,0.));
#6946=CARTESIAN_POINT('',(-0.601159151668751,10.8636428623871,0.));
#6947=CARTESIAN_POINT('',(-0.593860254347002,10.8850281435921,0.));
#6948=CARTESIAN_POINT('',(-0.580767956215471,10.9299649368415,0.));
#6949=CARTESIAN_POINT('',(-0.57514746831864,10.9536748276343,0.));
#6950=CARTESIAN_POINT('',(-0.57071429737679,10.9777281294747,0.));
#6951=CARTESIAN_POINT('',(1.12423357958481,13.8484416039688,0.));
#6952=CARTESIAN_POINT('',(-0.57071429737679,10.9777281294747,0.));
#6953=CARTESIAN_POINT('',(-0.557208788392269,11.0482586648912,0.));
#6954=CARTESIAN_POINT('',(-0.541449148857425,11.1182030222216,0.));
#6955=CARTESIAN_POINT('',(-0.505083859472417,11.2582198120165,0.));
#6956=CARTESIAN_POINT('',(-0.483972748787432,11.3282873139557,0.));
#6957=CARTESIAN_POINT('',(-0.438336834796838,11.4684119020814,0.));
#6958=CARTESIAN_POINT('',(-0.413039671231742,11.5384730247548,0.));
#6959=CARTESIAN_POINT('',(-0.359106873790721,11.6785085720884,0.));
#6960=CARTESIAN_POINT('',(-0.329917773243902,11.7484749928203,0.));
#6961=CARTESIAN_POINT('',(-0.268296718627838,11.8882444996615,0.));
#6962=CARTESIAN_POINT('',(-0.235430777774827,11.9580324142477,0.));
#6963=CARTESIAN_POINT('',(-0.166542835700851,12.0973687965686,0.));
#6964=CARTESIAN_POINT('',(-0.130161726412499,12.1668972144225,0.));
#6965=CARTESIAN_POINT('',(-0.0543180952092517,12.3056390476263,0.));
#6966=CARTESIAN_POINT('',(-0.0145475701485407,12.3748287825593,0.));
#6967=CARTESIAN_POINT('',(0.0680109372233644,12.5128181468163,0.));
#6968=CARTESIAN_POINT('',(0.111069932725758,12.5815912150261,0.));
#6969=CARTESIAN_POINT('',(0.200149982309733,12.7186724926816,0.));
#6970=CARTESIAN_POINT('',(0.246414092963303,12.7869517432184,0.));
#6971=CARTESIAN_POINT('',(0.34185559840491,12.9229709059078,0.));
#6972=CARTESIAN_POINT('',(0.391254204935142,12.9906797888785,0.));
#6973=CARTESIAN_POINT('',(0.492920971508134,13.1254839600865,0.));
#6974=CARTESIAN_POINT('',(0.545392815284821,13.1925463801052,0.));
#6975=CARTESIAN_POINT('',(0.653166113690718,13.3259835633873,0.));
#6976=CARTESIAN_POINT('',(0.708656879413407,13.3923237879577,0.));
#6977=CARTESIAN_POINT('',(0.822430874668371,13.5242427001508,0.));
#6978=CARTESIAN_POINT('',(0.880891414501788,13.5897853047202,0.));
#6979=CARTESIAN_POINT('',(1.00056981997744,13.7200352785526,0.));
#6980=CARTESIAN_POINT('',(1.06188850824009,13.7847100915114,0.));
#6981=CARTESIAN_POINT('',(1.12423357946206,13.8484416039788,0.));
#6982=CARTESIAN_POINT('',(2.22258360694933,13.715077765369,0.));
#6983=AXIS2_PLACEMENT_3D('',#6984,#6985,#6986);
#6984=CARTESIAN_POINT('',(0.,0.,0.));
#6985=DIRECTION('',(0.,0.,1.));
#6986=DIRECTION('',(0.159967151788494,0.987122338086155,0.));
#6987=CARTESIAN_POINT('',(3.1812726767995,10.5221544300461,0.));
#6988=CARTESIAN_POINT('',(2.22258360694934,13.715077765369,0.));
#6989=CARTESIAN_POINT('',(2.26786509446698,13.6382780226921,0.));
#6990=CARTESIAN_POINT('',(2.31192427726498,13.5608080196414,0.));
#6991=CARTESIAN_POINT('',(2.39695418677304,13.4057019562216,0.));
#6992=CARTESIAN_POINT('',(2.43803059761493,13.3280733776973,0.));
#6993=CARTESIAN_POINT('',(2.51692826524002,13.1727598900865,0.));
#6994=CARTESIAN_POINT('',(2.55493031524913,13.095067582413,0.));
#6995=CARTESIAN_POINT('',(2.62763830931555,12.9397160026644,0.));
#6996=CARTESIAN_POINT('',(2.66253632908026,12.8620449605406,0.));
#6997=CARTESIAN_POINT('',(2.7289880944071,12.7068275037729,0.));
#6998=CARTESIAN_POINT('',(2.76074747090358,12.6292642575488,0.));
#6999=CARTESIAN_POINT('',(2.82086410338007,12.474356917247,0.));
#7000=CARTESIAN_POINT('',(2.84944356886038,12.3969900112646,0.));
#7001=CARTESIAN_POINT('',(2.90312941707633,12.2425738151617,0.));
#7002=CARTESIAN_POINT('',(2.92847872392225,12.1654944752119,0.));
#7003=CARTESIAN_POINT('',(2.97561521474213,12.0117572870605,0.));
#7004=CARTESIAN_POINT('',(2.9976718932472,11.9350603704534,0.));
#7005=CARTESIAN_POINT('',(3.03810855239022,11.7821995537861,0.));
#7006=CARTESIAN_POINT('',(3.05679325325706,11.7059849360554,0.));
#7007=CARTESIAN_POINT('',(3.09033405803855,11.5542114521523,0.));
#7008=CARTESIAN_POINT('',(3.10554363324336,11.478586113062,0.));
#7009=CARTESIAN_POINT('',(3.13192505962714,11.3281311704493,0.));
#7010=CARTESIAN_POINT('',(3.14352191750583,11.2532124377578,0.));
#7011=CARTESIAN_POINT('',(3.16237482583806,11.1043391056789,0.));
#7012=CARTESIAN_POINT('',(3.17017017569238,11.0302598243964,0.));
#7013=CARTESIAN_POINT('',(3.18094598407197,10.8832856130635,0.));
#7014=CARTESIAN_POINT('',(3.18467539347679,10.8102019259107,0.));
#7015=CARTESIAN_POINT('',(3.18647576258231,10.6655509861709,0.));
#7016=CARTESIAN_POINT('',(3.18503867529658,10.5938675561417,0.));
#7017=CARTESIAN_POINT('',(3.1812726767995,10.5221544300461,0.));
#7018=CARTESIAN_POINT('',(3.62052669017608,9.83927256194393,0.));
#7019=CARTESIAN_POINT('',(3.1812726767995,10.5221544300461,0.));
#7020=CARTESIAN_POINT('',(3.1798206959425,10.4977391461933,0.));
#7021=CARTESIAN_POINT('',(3.17960371441062,10.4733731509413,0.));
#7022=CARTESIAN_POINT('',(3.18156149562527,10.42660894721,0.));
#7023=CARTESIAN_POINT('',(3.18353046747851,10.4040983429495,0.));
#7024=CARTESIAN_POINT('',(3.18953362379477,10.3605431421669,0.));
#7025=CARTESIAN_POINT('',(3.1934546795962,10.3392858667614,0.));
#7026=CARTESIAN_POINT('',(3.203133751978,10.2979692797266,0.));
#7027=CARTESIAN_POINT('',(3.20885729221473,10.2777151921745,0.));
#7028=CARTESIAN_POINT('',(3.22199709407117,10.2383285809833,0.));
#7029=CARTESIAN_POINT('',(3.22942356274987,10.2190163535991,0.));
#7030=CARTESIAN_POINT('',(3.24585430060537,10.1815238514126,0.));
#7031=CARTESIAN_POINT('',(3.2548983199017,10.1631770394164,0.));
#7032=CARTESIAN_POINT('',(3.27445762823801,10.1276672145348,0.));
#7033=CARTESIAN_POINT('',(3.2850344927045,10.1103497955286,0.));
#7034=CARTESIAN_POINT('',(3.30755253493612,10.0769700494804,0.));
#7035=CARTESIAN_POINT('',(3.31957268357876,10.060765010613,0.));
#7036=CARTESIAN_POINT('',(3.34486606575562,10.0296890034408,0.));
#7037=CARTESIAN_POINT('',(3.35823281659735,10.0146869640685,0.));
#7038=CARTESIAN_POINT('',(3.38610232873596,9.98609680469773,0.));
#7039=CARTESIAN_POINT('',(3.40071110861871,9.97238943804066,0.));
#7040=CARTESIAN_POINT('',(3.43094132503488,9.94646511100856,0.));
#7041=CARTESIAN_POINT('',(3.44667965916491,9.9341410531804,0.));
#7042=CARTESIAN_POINT('',(3.47903954164979,9.91105368947671,0.));
#7043=CARTESIAN_POINT('',(3.49578746952364,9.90019583827244,0.));
#7044=CARTESIAN_POINT('',(3.53003157042457,9.88010319261288,0.));
#7045=CARTESIAN_POINT('',(3.54766232602004,9.87078684481904,0.));
#7046=CARTESIAN_POINT('',(3.58353238932303,9.85383014750285,0.));
#7047=CARTESIAN_POINT('',(3.60184081636359,9.84615214116131,0.));
#7048=CARTESIAN_POINT('',(3.62052669017608,9.83927256194393,0.));
#7049=CARTESIAN_POINT('',(3.81464143479484,9.76565454982135,0.));
#7050=AXIS2_PLACEMENT_3D('',#7051,#7052,#7053);
#7051=CARTESIAN_POINT('',(0.,0.,0.));
#7052=DIRECTION('',(0.,0.,-1.));
#7053=DIRECTION('',(0.345330060822289,0.938481299276909,0.));
#7054=CARTESIAN_POINT('',(4.59626222462486,9.98551967883377,0.));
#7055=CARTESIAN_POINT('',(3.81464143479484,9.76565454982135,0.));
#7056=CARTESIAN_POINT('',(3.83319001704067,9.75841296249436,0.));
#7057=CARTESIAN_POINT('',(3.85198553143782,9.75201929995818,0.));
#7058=CARTESIAN_POINT('',(3.89007902955699,9.74092531842409,0.));
#7059=CARTESIAN_POINT('',(3.90945372093272,9.73620735136422,0.));
#7060=CARTESIAN_POINT('',(3.94840968711938,9.72853887338111,0.));
#7061=CARTESIAN_POINT('',(3.9681457782959,9.72556016125781,0.));
#7062=CARTESIAN_POINT('',(4.00767725213636,9.72138272984322,0.));
#7063=CARTESIAN_POINT('',(4.02762992637831,9.7201709736241,0.));
#7064=CARTESIAN_POINT('',(4.06744857693999,9.71952926957764,0.));
#7065=CARTESIAN_POINT('',(4.08747307111501,9.72010196790008,0.));
#7066=CARTESIAN_POINT('',(4.12729248297851,9.72302110450778,0.));
#7067=CARTESIAN_POINT('',(4.14724583187929,9.72538649687227,0.));
#7068=CARTESIAN_POINT('',(4.18678540477977,9.73187460742583,0.));
#7069=CARTESIAN_POINT('',(4.20652854368406,9.73603342027226,0.));
#7070=CARTESIAN_POINT('',(4.24551840625308,9.74608629493755,0.));
#7071=CARTESIAN_POINT('',(4.26491887591345,9.75203481071339,0.));
#7072=CARTESIAN_POINT('',(4.30310659789916,9.76564407576567,0.));
#7073=CARTESIAN_POINT('',(4.32204233029029,9.77337956762253,0.));
#7074=CARTESIAN_POINT('',(4.35920304188952,9.79054751392134,0.));
#7075=CARTESIAN_POINT('',(4.37756820907605,9.80007826403799,0.));
#7076=CARTESIAN_POINT('',(4.41352164630664,9.82084626551283,0.));
#7077=CARTESIAN_POINT('',(4.43123672206918,9.83221125852361,0.));
#7078=CARTESIAN_POINT('',(4.46587957680322,9.85671875578977,0.));
#7079=CARTESIAN_POINT('',(4.48291071018865,9.8700299139615,0.));
#7080=CARTESIAN_POINT('',(4.5162865777375,9.89865062091176,0.));
#7081=CARTESIAN_POINT('',(4.5326876660683,9.91419438029922,0.));
#7082=CARTESIAN_POINT('',(4.56516348943888,9.94789964033848,0.));
#7083=CARTESIAN_POINT('',(4.58115871997228,9.96628173504468,0.));
#7084=CARTESIAN_POINT('',(4.59626222462486,9.98551967883377,0.));
#7085=CARTESIAN_POINT('',(7.43115110740643,11.7397286688787,0.));
#7086=CARTESIAN_POINT('',(4.59626222462486,9.98551967883377,0.));
#7087=CARTESIAN_POINT('',(4.64099793307945,10.0416950434356,0.));
#7088=CARTESIAN_POINT('',(4.68745716447282,10.0963038264192,0.));
#7089=CARTESIAN_POINT('',(4.78472607577628,10.2033827440005,0.));
#7090=CARTESIAN_POINT('',(4.83598102769889,10.2556136134721,0.));
#7091=CARTESIAN_POINT('',(4.94150876580318,10.3584797076614,0.));
#7092=CARTESIAN_POINT('',(4.99646731887952,10.4087595728009,0.));
#7093=CARTESIAN_POINT('',(5.10930020310979,10.5076910712891,0.));
#7094=CARTESIAN_POINT('',(5.16766088505144,10.5560784087243,0.));
#7095=CARTESIAN_POINT('',(5.28717774774257,10.6512014287936,0.));
#7096=CARTESIAN_POINT('',(5.34871115414643,10.6977219939962,0.));
#7097=CARTESIAN_POINT('',(5.47446124312398,10.7890844103589,0.));
#7098=CARTESIAN_POINT('',(5.53898658245554,10.8337416223908,0.));
#7099=CARTESIAN_POINT('',(5.67061932753353,10.9213451217392,0.));
#7100=CARTESIAN_POINT('',(5.73798845168284,10.9641273048889,0.));
#7101=CARTESIAN_POINT('',(5.87521723457005,11.0479439675212,0.));
#7102=CARTESIAN_POINT('',(5.94530452000584,11.0888289821953,0.));
#7103=CARTESIAN_POINT('',(6.08788583285534,11.1688108622911,0.));
#7104=CARTESIAN_POINT('',(6.16058161829926,11.2077691318513,0.));
#7105=CARTESIAN_POINT('',(6.30830213113372,11.2838542399055,0.));
#7106=CARTESIAN_POINT('',(6.38350831181446,11.3208508012009,0.));
#7107=CARTESIAN_POINT('',(6.53617638493371,11.392967064627,0.));
#7108=CARTESIAN_POINT('',(6.61380335573895,11.4279630068446,0.));
#7109=CARTESIAN_POINT('',(6.77124322330039,11.496031015731,0.));
#7110=CARTESIAN_POINT('',(6.85120769577411,11.5289845226543,0.));
#7111=CARTESIAN_POINT('',(7.01325534076219,11.5929195063823,0.));
#7112=CARTESIAN_POINT('',(7.09547874512016,11.6237866330246,0.));
#7113=CARTESIAN_POINT('',(7.26197889138713,11.6834999289778,0.));
#7114=CARTESIAN_POINT('',(7.346329777624,11.7122704165052,0.));
#7115=CARTESIAN_POINT('',(7.43115110724026,11.7397286689839,0.));
#7116=CARTESIAN_POINT('',(8.34171449124059,11.1112121456944,0.));
#7117=AXIS2_PLACEMENT_3D('',#7118,#7119,#7120);
#7118=CARTESIAN_POINT('',(0.,0.,0.));
#7119=DIRECTION('',(0.,0.,1.));
#7120=DIRECTION('',(0.600382502608363,0.799712980113315,0.));
#7121=CARTESIAN_POINT('',(7.70676604438345,7.83849391343951,0.));
#7122=CARTESIAN_POINT('',(8.3417144912406,11.1112121456944,0.));
#7123=CARTESIAN_POINT('',(8.34611863718466,11.0221659942584,0.));
#7124=CARTESIAN_POINT('',(8.34912900052253,10.9330943900622,0.));
#7125=CARTESIAN_POINT('',(8.35233786446153,10.7562394223267,0.));
#7126=CARTESIAN_POINT('',(8.35263342070061,10.6684135697668,0.));
#7127=CARTESIAN_POINT('',(8.3503160592856,10.4942247319311,0.));
#7128=CARTESIAN_POINT('',(8.34785978778787,10.4077711767302,0.));
#7129=CARTESIAN_POINT('',(8.34004404032438,10.2364250947116,0.));
#7130=CARTESIAN_POINT('',(8.3348491691367,10.1514328840012,0.));
#7131=CARTESIAN_POINT('',(8.32155613629498,9.98311297644912,0.));
#7132=CARTESIAN_POINT('',(8.31363222976551,9.89967481452319,0.));
#7133=CARTESIAN_POINT('',(8.29487383367587,9.73457358449796,0.));
#7134=CARTESIAN_POINT('',(8.284225499636,9.65278705155637,0.));
#7135=CARTESIAN_POINT('',(8.26000117296325,9.49110924258184,0.));
#7136=CARTESIAN_POINT('',(8.24662631409561,9.41107846628341,0.));
#7137=CARTESIAN_POINT('',(8.21691837018138,9.25304552713488,0.));
#7138=CARTESIAN_POINT('',(8.200805754698,9.17488353057655,0.));
#7139=CARTESIAN_POINT('',(8.16557267459063,9.02074014686839,0.));
#7140=CARTESIAN_POINT('',(8.14669845665281,8.94457224090039,0.));
#7141=CARTESIAN_POINT('',(8.10586470948024,8.79459630585305,0.));
#7142=CARTESIAN_POINT('',(8.08418727202402,8.72056515162882,0.));
#7143=CARTESIAN_POINT('',(8.03762696680024,8.57508385595101,0.));
#7144=CARTESIAN_POINT('',(8.01307900338566,8.50335728407587,0.));
#7145=CARTESIAN_POINT('',(7.96058753755311,8.36277511176516,0.));
#7146=CARTESIAN_POINT('',(7.93306361847336,8.29355848606601,0.));
#7147=CARTESIAN_POINT('',(7.87430280123508,8.15841151717414,0.));
#7148=CARTESIAN_POINT('',(7.84364134634642,8.09196598303931,0.));
#7149=CARTESIAN_POINT('',(7.7780128504643,7.96304726358872,0.));
#7150=CARTESIAN_POINT('',(7.7434274218816,7.90024258629178,0.));
#7151=CARTESIAN_POINT('',(7.70676604438345,7.83849391343951,0.));
#7152=CARTESIAN_POINT('',(7.77835512944448,7.02970053008979,0.));
#7153=CARTESIAN_POINT('',(7.70676604438345,7.83849391343951,0.));
#7154=CARTESIAN_POINT('',(7.69413403102606,7.81755002238361,0.));
#7155=CARTESIAN_POINT('',(7.6826184608177,7.79607584141249,0.));
#7156=CARTESIAN_POINT('',(7.66261958089499,7.75375836913745,0.));
#7157=CARTESIAN_POINT('',(7.65390181947024,7.73291119210863,0.));
#7158=CARTESIAN_POINT('',(7.63897623933672,7.69155517128156,0.));
#7159=CARTESIAN_POINT('',(7.63256941336754,7.67091058319495,0.));
#7160=CARTESIAN_POINT('',(7.62193903094591,7.62982847302587,0.));
#7161=CARTESIAN_POINT('',(7.61759443032255,7.60923450738466,0.));
#7162=CARTESIAN_POINT('',(7.6109252761634,7.56825302477661,0.));
#7163=CARTESIAN_POINT('',(7.60852624803506,7.54770164458903,0.));
#7164=CARTESIAN_POINT('',(7.60565130933118,7.50686793799596,0.));
#7165=CARTESIAN_POINT('',(7.60513320204548,7.48641967742699,0.));
#7166=CARTESIAN_POINT('',(7.60594987101174,7.44588762520259,0.));
#7167=CARTESIAN_POINT('',(7.60726741349395,7.42563849818966,0.));
#7168=CARTESIAN_POINT('',(7.61169380820831,7.38561754490242,0.));
#7169=CARTESIAN_POINT('',(7.61480626418763,7.36568265398567,0.));
#7170=CARTESIAN_POINT('',(7.6227607012178,7.32641179538492,0.));
#7171=CARTESIAN_POINT('',(7.62762457596976,7.3069163103745,0.));
#7172=CARTESIAN_POINT('',(7.63901529387289,7.26864937340091,0.));
#7173=CARTESIAN_POINT('',(7.64558059513428,7.24972306447177,0.));
#7174=CARTESIAN_POINT('',(7.66030048692532,7.21271953082569,0.));
#7175=CARTESIAN_POINT('',(7.66850881446814,7.19449315100166,0.));
#7176=CARTESIAN_POINT('',(7.6864328345093,7.15901191845844,0.));
#7177=CARTESIAN_POINT('',(7.69621649310918,7.14161461851728,0.));
#7178=CARTESIAN_POINT('',(7.71720062056932,7.10790943715224,0.));
#7179=CARTESIAN_POINT('',(7.72848235664953,7.09146680019525,0.));
#7180=CARTESIAN_POINT('',(7.75236355017756,7.05978274078187,0.));
#7181=CARTESIAN_POINT('',(7.76500670975885,7.04447585351233,0.));
#7182=CARTESIAN_POINT('',(7.77835512944448,7.02970053008979,0.));
#7183=CARTESIAN_POINT('',(7.91602320362214,6.87430539779954,0.));
#7184=AXIS2_PLACEMENT_3D('',#7185,#7186,#7187);
#7185=CARTESIAN_POINT('',(0.,0.,0.));
#7186=DIRECTION('',(0.,0.,-1.));
#7187=DIRECTION('',(0.741908589498007,0.670501040140191,0.));
#7188=CARTESIAN_POINT('',(8.71029046192942,6.70574900832945,0.));
#7189=CARTESIAN_POINT('',(7.91602320362214,6.87430539779954,0.));
#7190=CARTESIAN_POINT('',(7.9290818241058,6.85927333468738,0.));
#7191=CARTESIAN_POINT('',(7.94275314244922,6.84487731659789,0.));
#7192=CARTESIAN_POINT('',(7.97132762960793,6.81735115251986,0.));
#7193=CARTESIAN_POINT('',(7.98629051821408,6.80416973212436,0.));
#7194=CARTESIAN_POINT('',(8.01722059379614,6.77927589191033,0.));
#7195=CARTESIAN_POINT('',(8.03331175810469,6.76746655441677,0.));
#7196=CARTESIAN_POINT('',(8.06637379064169,6.74539643068027,0.));
#7197=CARTESIAN_POINT('',(8.08347787508323,6.73505100376995,0.));
#7198=CARTESIAN_POINT('',(8.11843732441647,6.7159781534598,0.));
#7199=CARTESIAN_POINT('',(8.13643427962542,6.7071794061887,0.));
#7200=CARTESIAN_POINT('',(8.17304920822189,6.69125916989757,0.));
#7201=CARTESIAN_POINT('',(8.19181627388079,6.68408083722567,0.));
#7202=CARTESIAN_POINT('',(8.2298420022743,6.67145081807086,0.));
#7203=CARTESIAN_POINT('',(8.24925638028034,6.6659581698276,0.));
#7204=CARTESIAN_POINT('',(8.28845199283408,6.65674005566449,0.));
#7205=CARTESIAN_POINT('',(8.30839466871566,6.65299135700219,0.));
#7206=CARTESIAN_POINT('',(8.34853275807816,6.64729504345312,0.));
#7207=CARTESIAN_POINT('',(8.36889437873708,6.64534460770739,0.));
#7208=CARTESIAN_POINT('',(8.40977689720164,6.64327662543596,0.));
#7209=CARTESIAN_POINT('',(8.43046760557525,6.64318096680571,0.));
#7210=CARTESIAN_POINT('',(8.47195416473641,6.6448617234567,0.));
#7211=CARTESIAN_POINT('',(8.49292166091748,6.64669231879824,0.));
#7212=CARTESIAN_POINT('',(8.53498558725595,6.65229329258559,0.));
#7213=CARTESIAN_POINT('',(8.55625191058492,6.65616497546679,0.));
#7214=CARTESIAN_POINT('',(8.59910547933752,6.66599681385734,0.));
#7215=CARTESIAN_POINT('',(8.62085146699532,6.67213816347422,0.));
#7216=CARTESIAN_POINT('',(8.66527099584686,6.68689042142067,0.));
#7217=CARTESIAN_POINT('',(8.68797665446504,6.69573360367136,0.));
#7218=CARTESIAN_POINT('',(8.71029046192942,6.70574900832945,0.));
#7219=CARTESIAN_POINT('',(12.0356814715073,6.94158537485606,0.));
#7220=CARTESIAN_POINT('',(8.71029046192942,6.70574900832945,0.));
#7221=CARTESIAN_POINT('',(8.77600795817086,6.73470010307273,0.));
#7222=CARTESIAN_POINT('',(8.84252353140496,6.76146309763539,0.));
#7223=CARTESIAN_POINT('',(8.9784129292647,6.81107365342593,0.));
#7224=CARTESIAN_POINT('',(9.0480698306286,6.83350242768426,0.));
#7225=CARTESIAN_POINT('',(9.18931425979401,6.87554464542916,0.));
#7226=CARTESIAN_POINT('',(9.26134386019417,6.89452474186933,0.));
#7227=CARTESIAN_POINT('',(9.40722817722019,6.92968817746231,0.));
#7228=CARTESIAN_POINT('',(9.48139071164629,6.94541147572507,0.));
#7229=CARTESIAN_POINT('',(9.63142350950429,6.97409647148118,0.));
#7230=CARTESIAN_POINT('',(9.70752781960981,6.98669238644602,0.));
#7231=CARTESIAN_POINT('',(9.86133222555903,7.00915080829811,0.));
#7232=CARTESIAN_POINT('',(9.93921981730758,7.01870638540927,0.));
#7233=CARTESIAN_POINT('',(10.0964862007095,7.03510264493816,0.));
#7234=CARTESIAN_POINT('',(10.1760204694907,7.04167639372617,0.));
#7235=CARTESIAN_POINT('',(10.3364820675199,7.05211896742508,0.));
#7236=CARTESIAN_POINT('',(10.4175414904391,7.05574966441952,0.));
#7237=CARTESIAN_POINT('',(10.5809604060714,7.06030926211187,0.));
#7238=CARTESIAN_POINT('',(10.6634341379397,7.06102168063723,0.));
#7239=CARTESIAN_POINT('',(10.8295926689018,7.05974255272596,0.));
#7240=CARTESIAN_POINT('',(10.9133775940718,7.05755132601013,0.));
#7241=CARTESIAN_POINT('',(11.0820725580354,7.05045871479856,0.));
#7242=CARTESIAN_POINT('',(11.1670712523641,7.04537103059978,0.));
#7243=CARTESIAN_POINT('',(11.3381101127789,7.03247630456321,0.));
#7244=CARTESIAN_POINT('',(11.4242293950362,7.02449384253602,0.));
#7245=CARTESIAN_POINT('',(11.5974275271765,7.00579816352695,0.));
#7246=CARTESIAN_POINT('',(11.6845774050201,6.99491852551746,0.));
#7247=CARTESIAN_POINT('',(11.8597561151129,6.97041554711192,0.));
#7248=CARTESIAN_POINT('',(11.9478154278255,6.95669073723735,0.));
#7249=CARTESIAN_POINT('',(12.0356814714288,6.94158537499224,0.));
#7250=CARTESIAN_POINT('',(12.5498591129097,5.96190173066586,0.));
#7251=AXIS2_PLACEMENT_3D('',#7252,#7253,#7254);
#7252=CARTESIAN_POINT('',(0.,0.,0.));
#7253=DIRECTION('',(0.,0.,1.));
#7254=DIRECTION('',(0.903257457385183,0.429099016169991,0.));
#7255=CARTESIAN_POINT('',(10.4667321877983,3.35912890535594,0.));
#7256=CARTESIAN_POINT('',(12.549859114146,5.96190172806343,0.));
#7257=CARTESIAN_POINT('',(12.5123769817564,5.88100856803996,0.));
#7258=CARTESIAN_POINT('',(12.4736488876723,5.80074059379047,0.));
#7259=CARTESIAN_POINT('',(12.3943015939848,5.64265206351392,0.));
#7260=CARTESIAN_POINT('',(12.3537485872485,5.5647487813237,0.));
#7261=CARTESIAN_POINT('',(12.2707470763664,5.41158915680809,0.));
#7262=CARTESIAN_POINT('',(12.2283951855607,5.33617982169816,0.));
#7263=CARTESIAN_POINT('',(12.1418461901212,5.18809255985586,0.));
#7264=CARTESIAN_POINT('',(12.0977485103652,5.11524987176546,0.));
#7265=CARTESIAN_POINT('',(12.0077559529806,4.97238757577433,0.));
#7266=CARTESIAN_POINT('',(11.9619640349176,4.90218917550495,0.));
#7267=CARTESIAN_POINT('',(11.8686279327428,4.76471675786958,0.));
#7268=CARTESIAN_POINT('',(11.821191204185,4.69724690703116,0.));
#7269=CARTESIAN_POINT('',(11.7246062039295,4.56534592279224,0.));
#7270=CARTESIAN_POINT('',(11.6755711983303,4.50069779651969,0.));
#7271=CARTESIAN_POINT('',(11.5758245516132,4.37457254822966,0.));
#7272=CARTESIAN_POINT('',(11.5252338481705,4.31285144317736,0.));
#7273=CARTESIAN_POINT('',(11.4224025028607,4.19273788400677,0.));
#7274=CARTESIAN_POINT('',(11.3702932219888,4.13406583913592,0.));
#7275=CARTESIAN_POINT('',(11.2644394422394,4.02024513225774,0.));
#7276=CARTESIAN_POINT('',(11.2108410318019,3.96476780816028,0.));
#7277=CARTESIAN_POINT('',(11.1020053997849,3.85758817101744,0.));
#7278=CARTESIAN_POINT('',(11.0469362576603,3.80548545317639,0.));
#7279=CARTESIAN_POINT('',(10.9351255798944,3.70540012211138,0.));
#7280=CARTESIAN_POINT('',(10.8785877900426,3.65690284679251,0.));
#7281=CARTESIAN_POINT('',(10.7637517422711,3.56454366221729,0.));
#7282=CARTESIAN_POINT('',(10.7057235928934,3.5199581522152,0.));
#7283=CARTESIAN_POINT('',(10.5877009295211,3.43630537804098,0.));
#7284=CARTESIAN_POINT('',(10.5278902645301,3.39676724816665,0.));
#7285=CARTESIAN_POINT('',(10.4667321877983,3.35912890535594,0.));
#7286=CARTESIAN_POINT('',(10.1542561478983,2.60970882386722,0.));
#7287=CARTESIAN_POINT('',(10.4667321877983,3.35912890535594,0.));
#7288=CARTESIAN_POINT('',(10.4458139839684,3.34645440013661,0.));
#7289=CARTESIAN_POINT('',(10.4256379034406,3.33279150951489,0.));
#7290=CARTESIAN_POINT('',(10.3882638647582,3.30461519161355,0.));
#7291=CARTESIAN_POINT('',(10.3708565041375,3.29020727883795,0.));
#7292=CARTESIAN_POINT('',(10.33842145809,3.26052460394383,0.));
#7293=CARTESIAN_POINT('',(10.3231544769691,3.24522212951254,0.));
#7294=CARTESIAN_POINT('',(10.2946499322469,3.2137859125558,0.));
#7295=CARTESIAN_POINT('',(10.2812324864081,3.19756989816965,0.));
#7296=CARTESIAN_POINT('',(10.2562821990792,3.16438190792983,0.));
#7297=CARTESIAN_POINT('',(10.2446072625766,3.14729944846887,0.));
#7298=CARTESIAN_POINT('',(10.2230852611237,3.11247904755018,0.));
#7299=CARTESIAN_POINT('',(10.2131237193912,3.09461378847653,0.));
#7300=CARTESIAN_POINT('',(10.1950106599692,3.05834491360984,0.));
#7301=CARTESIAN_POINT('',(10.1867670473625,3.03980290956039,0.));
#7302=CARTESIAN_POINT('',(10.1720877608744,3.00230906712743,0.));
#7303=CARTESIAN_POINT('',(10.1655794980347,2.98321116742891,0.));
#7304=CARTESIAN_POINT('',(10.1543727242559,2.94474193783981,0.));
#7305=CARTESIAN_POINT('',(10.1496194678285,2.92521918786115,0.));
#7306=CARTESIAN_POINT('',(10.1419219152976,2.88604196737879,0.));
#7307=CARTESIAN_POINT('',(10.1389397065391,2.8662325054665,0.));
#7308=CARTESIAN_POINT('',(10.1347771238896,2.82662682882385,0.));
#7309=CARTESIAN_POINT('',(10.1335750159262,2.80667357096994,0.));
#7310=CARTESIAN_POINT('',(10.1329569965401,2.76692679236763,0.));
#7311=CARTESIAN_POINT('',(10.1335350675866,2.74697555544591,0.));
#7312=CARTESIAN_POINT('',(10.136452010891,2.70737928923466,0.));
#7313=CARTESIAN_POINT('',(10.1388002176797,2.6875771730861,0.));
#7314=CARTESIAN_POINT('',(10.145221647795,2.64842418775284,0.));
#7315=CARTESIAN_POINT('',(10.1493031444236,2.62899504296076,0.));
#7316=CARTESIAN_POINT('',(10.1542561478983,2.60970882386722,0.));
#7317=CARTESIAN_POINT('',(10.2039394549208,2.40813572350264,0.));
#7318=AXIS2_PLACEMENT_3D('',#7319,#7320,#7321);
#7319=CARTESIAN_POINT('',(0.,0.,0.));
#7320=DIRECTION('',(0.,0.,-1.));
#7321=DIRECTION('',(0.96852480128748,0.248917073120845,0.));
#7322=CARTESIAN_POINT('',(10.8288961247853,1.88977205305293,0.));
#7323=CARTESIAN_POINT('',(10.2039394549208,2.40813572350264,0.));
#7324=CARTESIAN_POINT('',(10.208516541063,2.38875684910829,0.));
#7325=CARTESIAN_POINT('',(10.2139317290774,2.36965642971896,0.));
#7326=CARTESIAN_POINT('',(10.2264411346275,2.33200399556104,0.));
#7327=CARTESIAN_POINT('',(10.2335644030068,2.31337882638919,0.));
#7328=CARTESIAN_POINT('',(10.2493828804162,2.27696250273398,0.));
#7329=CARTESIAN_POINT('',(10.2581428260333,2.25902791677198,0.));
#7330=CARTESIAN_POINT('',(10.2771613040533,2.22412110008778,0.));
#7331=CARTESIAN_POINT('',(10.2874984590754,2.2070120151155,0.));
#7332=CARTESIAN_POINT('',(10.309589918645,2.17387737869496,0.));
#7333=CARTESIAN_POINT('',(10.3214364493363,2.15772287279372,0.));
#7334=CARTESIAN_POINT('',(10.346458855782,2.12661039787842,0.));
#7335=CARTESIAN_POINT('',(10.3597403296243,2.11153280967697,0.));
#7336=CARTESIAN_POINT('',(10.3875409773955,2.08267804599393,0.));
#7337=CARTESIAN_POINT('',(10.4021789944708,2.06879223617991,0.));
#7338=CARTESIAN_POINT('',(10.4326011145315,2.04241489205286,0.));
#7339=CARTESIAN_POINT('',(10.4485173699251,2.02982776063924,0.));
#7340=CARTESIAN_POINT('',(10.4814106741079,2.00613082527489,0.));
#7341=CARTESIAN_POINT('',(10.4985335811258,1.99494128325062,0.));
#7342=CARTESIAN_POINT('',(10.5337722141632,1.97411112222545,0.));
#7343=CARTESIAN_POINT('',(10.5520484717855,1.96441096908767,0.));
#7344=CARTESIAN_POINT('',(10.5895640821407,1.94661943982139,0.));
#7345=CARTESIAN_POINT('',(10.6089805980509,1.93849627016201,0.));
#7346=CARTESIAN_POINT('',(10.6488292573949,1.92390760487491,0.));
#7347=CARTESIAN_POINT('',(10.6694589122798,1.91745285657635,0.));
#7348=CARTESIAN_POINT('',(10.7119729460764,1.9062434707184,0.));
#7349=CARTESIAN_POINT('',(10.7340820893563,1.90157550137875,0.));
#7350=CARTESIAN_POINT('',(10.7802693449423,1.89399519272085,0.));
#7351=CARTESIAN_POINT('',(10.8044838388887,1.89127359603429,0.));
#7352=CARTESIAN_POINT('',(10.8288961247853,1.88977205305293,0.));
#7353=CARTESIAN_POINT('',(13.8829822561983,0.553208526762295,0.));
#7354=CARTESIAN_POINT('',(10.8288961247853,1.88977205305293,0.));
#7355=CARTESIAN_POINT('',(10.9005403224064,1.88486653103053,0.));
#7356=CARTESIAN_POINT('',(10.9718743212528,1.8776526576469,0.));
#7357=CARTESIAN_POINT('',(11.1152535822639,1.85842967118714,0.));
#7358=CARTESIAN_POINT('',(11.1873548764233,1.84591818834562,0.));
#7359=CARTESIAN_POINT('',(11.331958600108,1.81750516422441,0.));
#7360=CARTESIAN_POINT('',(11.404558134431,1.80083738060583,0.));
#7361=CARTESIAN_POINT('',(11.5500735453188,1.76417723397453,0.));
#7362=CARTESIAN_POINT('',(11.6230481893477,1.74363447491913,0.));
#7363=CARTESIAN_POINT('',(11.7692262164745,1.69931005952605,0.));
#7364=CARTESIAN_POINT('',(11.8424668499929,1.67509575193184,0.));
#7365=CARTESIAN_POINT('',(11.9890908370549,1.6235052254804,0.));
#7366=CARTESIAN_POINT('',(12.062497572598,1.59577010011184,0.));
#7367=CARTESIAN_POINT('',(12.2093697611519,1.53720293435948,0.));
#7368=CARTESIAN_POINT('',(12.2828488320791,1.50606228216074,0.));
#7369=CARTESIAN_POINT('',(12.4297834269137,1.44073849913844,0.));
#7370=CARTESIAN_POINT('',(12.5032452503974,1.40628312952645,0.));
#7371=CARTESIAN_POINT('',(12.6500644646526,1.33437589593309,0.));
#7372=CARTESIAN_POINT('',(12.7234224048904,1.29667925692507,0.));
#7373=CARTESIAN_POINT('',(12.8699540369641,1.2183289258376,0.));
#7374=CARTESIAN_POINT('',(12.9431235899847,1.17745189474404,0.));
#7375=CARTESIAN_POINT('',(13.0891994615433,1.09277524064816,0.));
#7376=CARTESIAN_POINT('',(13.1620977028702,1.0487694571697,0.));
#7377=CARTESIAN_POINT('',(13.3075526144589,0.957866022546791,0.));
#7378=CARTESIAN_POINT('',(13.3800978167846,0.910776277420489,0.));
#7379=CARTESIAN_POINT('',(13.5247688312675,0.813732890427946,0.));
#7380=CARTESIAN_POINT('',(13.5968801958525,0.763598881720839,0.));
#7381=CARTESIAN_POINT('',(13.7406061384212,0.660492966016345,0.));
#7382=CARTESIAN_POINT('',(13.8122005502969,0.607417047280158,0.));
#7383=CARTESIAN_POINT('',(13.8829822561983,0.553208526762295,0.));
#7384=CARTESIAN_POINT('',(13.8829822561983,-0.553208526762288,0.));
#7385=AXIS2_PLACEMENT_3D('',#7386,#7387,#7388);
#7386=CARTESIAN_POINT('',(0.,0.,0.));
#7387=DIRECTION('',(0.,0.,1.));
#7388=DIRECTION('',(0.99920701426503,-0.0398163615058507,0.));
#7389=CARTESIAN_POINT('',(13.8829822561983,-0.55320852676229,0.));
#7390=CARTESIAN_POINT('',(13.8122005502969,-0.607417047280154,0.));
#7391=CARTESIAN_POINT('',(13.7406061384212,-0.660492966016341,0.));
#7392=CARTESIAN_POINT('',(13.5968801958525,-0.763598881720834,0.));
#7393=CARTESIAN_POINT('',(13.5247688312675,-0.813732890427941,0.));
#7394=CARTESIAN_POINT('',(13.3800978167846,-0.910776277420484,0.));
#7395=CARTESIAN_POINT('',(13.3075526144589,-0.957866022546788,0.));
#7396=CARTESIAN_POINT('',(13.1620977028702,-1.0487694571697,0.));
#7397=CARTESIAN_POINT('',(13.0891994615433,-1.09277524064816,0.));
#7398=CARTESIAN_POINT('',(12.9431235899847,-1.17745189474404,0.));
#7399=CARTESIAN_POINT('',(12.8699540369641,-1.2183289258376,0.));
#7400=CARTESIAN_POINT('',(12.7234224048904,-1.29667925692506,0.));
#7401=CARTESIAN_POINT('',(12.6500644646526,-1.33437589593309,0.));
#7402=CARTESIAN_POINT('',(12.5032452503974,-1.40628312952644,0.));
#7403=CARTESIAN_POINT('',(12.4297834269137,-1.44073849913844,0.));
#7404=CARTESIAN_POINT('',(12.2828488320791,-1.50606228216074,0.));
#7405=CARTESIAN_POINT('',(12.2093697611519,-1.53720293435948,0.));
#7406=CARTESIAN_POINT('',(12.062497572598,-1.59577010011183,0.));
#7407=CARTESIAN_POINT('',(11.9890908370549,-1.6235052254804,0.));
#7408=CARTESIAN_POINT('',(11.8424668499929,-1.67509575193183,0.));
#7409=CARTESIAN_POINT('',(11.7692262164745,-1.69931005952604,0.));
#7410=CARTESIAN_POINT('',(11.6230481893477,-1.74363447491913,0.));
#7411=CARTESIAN_POINT('',(11.5500735453188,-1.76417723397453,0.));
#7412=CARTESIAN_POINT('',(11.404558134431,-1.80083738060583,0.));
#7413=CARTESIAN_POINT('',(11.331958600108,-1.81750516422441,0.));
#7414=CARTESIAN_POINT('',(11.1873548764233,-1.84591818834562,0.));
#7415=CARTESIAN_POINT('',(11.115253582264,-1.85842967118714,0.));
#7416=CARTESIAN_POINT('',(10.9718743212528,-1.87765265764689,0.));
#7417=CARTESIAN_POINT('',(10.9005403224064,-1.88486653103053,0.));
#7418=CARTESIAN_POINT('',(10.8288961247853,-1.88977205305293,0.));
#7419=CARTESIAN_POINT('',(2.8,-3.7,-1.));
#7420=VECTOR('',#7421,1.);
#7421=DIRECTION('',(0.,-1.,0.));
#7422=CARTESIAN_POINT('',(-2.8,-6.2,-1.));
#7423=VECTOR('',#7424,1.);
#7424=DIRECTION('',(0.,1.,0.));
#7425=CARTESIAN_POINT('',(10.8288961247853,-1.88977205305293,0.));
#7426=VECTOR('',#7427,1.);
#7427=DIRECTION('',(0.,0.,1.));
#7428=CARTESIAN_POINT('',(10.2039394549208,-2.40813572350264,0.));
#7429=VECTOR('',#7430,1.);
#7430=DIRECTION('',(0.,0.,1.));
#7431=CARTESIAN_POINT('',(13.8829822561983,-0.553208526762286,0.));
#7432=VECTOR('',#7433,1.);
#7433=DIRECTION('',(0.,0.,1.));
#7434=CARTESIAN_POINT('',(13.8829822561983,0.553208526762294,0.));
#7435=VECTOR('',#7436,1.);
#7436=DIRECTION('',(0.,0.,1.));
#7437=CARTESIAN_POINT('',(10.8288961247853,1.88977205305293,0.));
#7438=VECTOR('',#7439,1.);
#7439=DIRECTION('',(0.,0.,1.));
#7440=CARTESIAN_POINT('',(10.2039394549209,2.40813572350264,0.));
#7441=VECTOR('',#7442,1.);
#7442=DIRECTION('',(0.,0.,1.));
#7443=CARTESIAN_POINT('',(10.1542561478983,2.60970882386722,0.));
#7444=VECTOR('',#7445,1.);
#7445=DIRECTION('',(0.,0.,1.));
#7446=CARTESIAN_POINT('',(10.4667321877983,3.35912890535594,0.));
#7447=VECTOR('',#7448,1.);
#7448=DIRECTION('',(0.,0.,1.));
#7449=CARTESIAN_POINT('',(12.5498591129097,5.96190173066587,0.));
#7450=VECTOR('',#7451,1.);
#7451=DIRECTION('',(0.,0.,1.));
#7452=CARTESIAN_POINT('',(12.0356814714288,6.94158537499225,0.));
#7453=VECTOR('',#7454,1.);
#7454=DIRECTION('',(0.,0.,1.));
#7455=CARTESIAN_POINT('',(8.71029046192942,6.70574900832945,0.));
#7456=VECTOR('',#7457,1.);
#7457=DIRECTION('',(0.,0.,1.));
#7458=CARTESIAN_POINT('',(7.91602320362214,6.87430539779954,0.));
#7459=VECTOR('',#7460,1.);
#7460=DIRECTION('',(0.,0.,1.));
#7461=CARTESIAN_POINT('',(7.77835512944448,7.02970053008979,0.));
#7462=VECTOR('',#7463,1.);
#7463=DIRECTION('',(0.,0.,1.));
#7464=CARTESIAN_POINT('',(7.70676604438345,7.83849391343951,0.));
#7465=VECTOR('',#7466,1.);
#7466=DIRECTION('',(0.,0.,1.));
#7467=CARTESIAN_POINT('',(8.34171448464337,11.1112121506472,0.));
#7468=VECTOR('',#7469,1.);
#7469=DIRECTION('',(0.,0.,1.));
#7470=CARTESIAN_POINT('',(7.43115110724027,11.7397286689839,0.));
#7471=VECTOR('',#7472,1.);
#7472=DIRECTION('',(0.,0.,1.));
#7473=CARTESIAN_POINT('',(4.59626222462486,9.98551967883377,0.));
#7474=VECTOR('',#7475,1.);
#7475=DIRECTION('',(0.,0.,1.));
#7476=CARTESIAN_POINT('',(3.81464143479484,9.76565454982135,0.));
#7477=VECTOR('',#7478,1.);
#7478=DIRECTION('',(0.,0.,1.));
#7479=CARTESIAN_POINT('',(3.62052669017608,9.83927256194392,0.));
#7480=VECTOR('',#7481,1.);
#7481=DIRECTION('',(0.,0.,1.));
#7482=CARTESIAN_POINT('',(3.1812726767995,10.5221544300461,0.));
#7483=VECTOR('',#7484,1.);
#7484=DIRECTION('',(0.,0.,1.));
#7485=CARTESIAN_POINT('',(2.2225836065479,13.7150777654341,0.));
#7486=VECTOR('',#7487,1.);
#7487=DIRECTION('',(0.,0.,1.));
#7488=CARTESIAN_POINT('',(1.12423357969278,13.84844160396,0.));
#7489=VECTOR('',#7490,1.);
#7490=DIRECTION('',(0.,0.,1.));
#7491=CARTESIAN_POINT('',(-0.57071429737679,10.9777281294747,0.));
#7492=VECTOR('',#7493,1.);
#7493=DIRECTION('',(0.,0.,1.));
#7494=CARTESIAN_POINT('',(-1.16062871533114,10.4198099333744,0.));
#7495=VECTOR('',#7496,1.);
#7496=DIRECTION('',(0.,0.,1.));
#7497=CARTESIAN_POINT('',(-1.36672078173512,10.3947858259453,0.));
#7498=VECTOR('',#7499,1.);
#7499=DIRECTION('',(0.,0.,1.));
#7500=CARTESIAN_POINT('',(-2.07301192254739,10.7953161724364,0.));
#7501=VECTOR('',#7502,1.);
#7502=DIRECTION('',(0.,0.,1.));
#7503=CARTESIAN_POINT('',(-4.40571439666911,13.1769843535986,0.));
#7504=VECTOR('',#7505,1.);
#7505=DIRECTION('',(0.,0.,1.));
#7506=CARTESIAN_POINT('',(-5.44023231284341,12.7846434593341,0.));
#7507=VECTOR('',#7508,1.);
#7508=DIRECTION('',(0.,0.,1.));
#7509=CARTESIAN_POINT('',(-5.6069470517023,9.45507136161843,0.));
#7510=VECTOR('',#7511,1.);
#7511=DIRECTION('',(0.,0.,1.));
#7512=CARTESIAN_POINT('',(-5.87001281386704,8.68691243351381,0.));
#7513=VECTOR('',#7514,1.);
#7514=DIRECTION('',(0.,0.,1.));
#7515=CARTESIAN_POINT('',(-6.04086899332173,8.56897892797176,0.));
#7516=VECTOR('',#7517,1.);
#7517=DIRECTION('',(0.,0.,1.));
#7518=CARTESIAN_POINT('',(-6.85239447294056,8.59540107738456,0.));
#7519=VECTOR('',#7520,1.);
#7520=DIRECTION('',(0.,0.,1.));
#7521=CARTESIAN_POINT('',(-10.0247163270832,9.62020262580324,0.));
#7522=VECTOR('',#7523,1.);
#7523=DIRECTION('',(0.,0.,1.));
#7524=CARTESIAN_POINT('',(-10.7584065437684,8.79203757038155,0.));
#7525=VECTOR('',#7526,1.);
#7526=DIRECTION('',(0.,0.,1.));
#7527=CARTESIAN_POINT('',(-9.35869580751981,5.76637169077759,0.));
#7528=VECTOR('',#7529,1.);
#7529=DIRECTION('',(0.,0.,1.));
#7530=CARTESIAN_POINT('',(-9.23464771806911,4.96394798377873,0.));
#7531=VECTOR('',#7532,1.);
#7532=DIRECTION('',(0.,0.,1.));
#7533=CARTESIAN_POINT('',(-9.33112691890161,4.78012222499065,0.));
#7534=VECTOR('',#7535,1.);
#7535=DIRECTION('',(0.,0.,1.));
#7536=CARTESIAN_POINT('',(-10.0619760298885,4.42638318131613,0.));
#7537=VECTOR('',#7538,1.);
#7538=DIRECTION('',(0.,0.,1.));
#7539=CARTESIAN_POINT('',(-13.3471765570552,3.85954841332465,0.));
#7540=VECTOR('',#7541,1.);
#7541=DIRECTION('',(0.,0.,1.));
#7542=CARTESIAN_POINT('',(-13.6119594891985,2.78528182854431,0.));
#7543=VECTOR('',#7544,1.);
#7544=DIRECTION('',(0.,0.,1.));
#7545=CARTESIAN_POINT('',(-10.9664801383454,0.756665757891779,0.));
#7546=VECTOR('',#7547,1.);
#7547=DIRECTION('',(0.,0.,1.));
#7548=CARTESIAN_POINT('',(-10.4837361196309,0.103802873018151,0.));
#7549=VECTOR('',#7550,1.);
#7550=DIRECTION('',(0.,0.,1.));
#7551=CARTESIAN_POINT('',(-10.4837361196309,-0.10380287301815,0.));
#7552=VECTOR('',#7553,1.);
#7553=DIRECTION('',(0.,0.,1.));
#7554=CARTESIAN_POINT('',(-10.9664801383454,-0.756665757891779,0.));
#7555=VECTOR('',#7556,1.);
#7556=DIRECTION('',(0.,0.,1.));
#7557=CARTESIAN_POINT('',(-13.6119594891985,-2.78528182854431,0.));
#7558=VECTOR('',#7559,1.);
#7559=DIRECTION('',(0.,0.,1.));
#7560=CARTESIAN_POINT('',(-13.3471765570552,-3.85954841332464,0.));
#7561=VECTOR('',#7562,1.);
#7562=DIRECTION('',(0.,0.,1.));
#7563=CARTESIAN_POINT('',(-10.0619760298885,-4.42638318131613,0.));
#7564=VECTOR('',#7565,1.);
#7565=DIRECTION('',(0.,0.,1.));
#7566=CARTESIAN_POINT('',(-9.33112691890162,-4.78012222499066,0.));
#7567=VECTOR('',#7568,1.);
#7568=DIRECTION('',(0.,0.,1.));
#7569=CARTESIAN_POINT('',(-9.23464771806911,-4.96394798377873,0.));
#7570=VECTOR('',#7571,1.);
#7571=DIRECTION('',(0.,0.,1.));
#7572=CARTESIAN_POINT('',(-9.35869580751981,-5.76637169077759,0.));
#7573=VECTOR('',#7574,1.);
#7574=DIRECTION('',(0.,0.,1.));
#7575=CARTESIAN_POINT('',(-10.7584065442612,-8.79203756977855,0.));
#7576=VECTOR('',#7577,1.);
#7577=DIRECTION('',(0.,0.,1.));
#7578=CARTESIAN_POINT('',(-10.024716326605,-9.6202026263015,0.));
#7579=VECTOR('',#7580,1.);
#7580=DIRECTION('',(0.,0.,1.));
#7581=CARTESIAN_POINT('',(-6.85239447294056,-8.59540107738456,0.));
#7582=VECTOR('',#7583,1.);
#7583=DIRECTION('',(0.,0.,1.));
#7584=CARTESIAN_POINT('',(-6.04086899332173,-8.56897892797176,0.));
#7585=VECTOR('',#7586,1.);
#7586=DIRECTION('',(0.,0.,1.));
#7587=CARTESIAN_POINT('',(-5.87001281386704,-8.6869124335138,0.));
#7588=VECTOR('',#7589,1.);
#7589=DIRECTION('',(0.,0.,1.));
#7590=CARTESIAN_POINT('',(-5.6069470517023,-9.45507136161842,0.));
#7591=VECTOR('',#7592,1.);
#7592=DIRECTION('',(0.,0.,1.));
#7593=CARTESIAN_POINT('',(-5.44023231217097,-12.7846434596203,0.));
#7594=VECTOR('',#7595,1.);
#7595=DIRECTION('',(0.,0.,1.));
#7596=CARTESIAN_POINT('',(-4.40571439731286,-13.1769843533834,0.));
#7597=VECTOR('',#7598,1.);
#7598=DIRECTION('',(0.,0.,1.));
#7599=CARTESIAN_POINT('',(-2.07301192254739,-10.7953161724364,0.));
#7600=VECTOR('',#7601,1.);
#7601=DIRECTION('',(0.,0.,1.));
#7602=CARTESIAN_POINT('',(-1.36672078173512,-10.3947858259453,0.));
#7603=VECTOR('',#7604,1.);
#7604=DIRECTION('',(0.,0.,1.));
#7605=CARTESIAN_POINT('',(-1.16062871533114,-10.4198099333744,0.));
#7606=VECTOR('',#7607,1.);
#7607=DIRECTION('',(0.,0.,1.));
#7608=CARTESIAN_POINT('',(-0.57071429737679,-10.9777281294747,0.));
#7609=VECTOR('',#7610,1.);
#7610=DIRECTION('',(0.,0.,1.));
#7611=CARTESIAN_POINT('',(1.12423357950986,-13.8484416039749,0.));
#7612=VECTOR('',#7613,1.);
#7613=DIRECTION('',(0.,0.,1.));
#7614=CARTESIAN_POINT('',(2.22258360693769,-13.7150777653709,0.));
#7615=VECTOR('',#7616,1.);
#7616=DIRECTION('',(0.,0.,1.));
#7617=CARTESIAN_POINT('',(3.1812726767995,-10.5221544300461,0.));
#7618=VECTOR('',#7619,1.);
#7619=DIRECTION('',(0.,0.,1.));
#7620=CARTESIAN_POINT('',(3.62052669017608,-9.83927256194393,0.));
#7621=VECTOR('',#7622,1.);
#7622=DIRECTION('',(0.,0.,1.));
#7623=CARTESIAN_POINT('',(3.81464143479484,-9.76565454982134,0.));
#7624=VECTOR('',#7625,1.);
#7625=DIRECTION('',(0.,0.,1.));
#7626=CARTESIAN_POINT('',(4.59626222462486,-9.98551967883377,0.));
#7627=VECTOR('',#7628,1.);
#7628=DIRECTION('',(0.,0.,1.));
#7629=CARTESIAN_POINT('',(7.43115110743585,-11.7397286688601,0.));
#7630=VECTOR('',#7631,1.);
#7631=DIRECTION('',(0.,0.,1.));
#7632=CARTESIAN_POINT('',(8.34171449091538,-11.1112121459386,0.));
#7633=VECTOR('',#7634,1.);
#7634=DIRECTION('',(0.,0.,1.));
#7635=CARTESIAN_POINT('',(7.70676604438345,-7.83849391343951,0.));
#7636=VECTOR('',#7637,1.);
#7637=DIRECTION('',(0.,0.,1.));
#7638=CARTESIAN_POINT('',(7.77835512944448,-7.0297005300898,0.));
#7639=VECTOR('',#7640,1.);
#7640=DIRECTION('',(0.,0.,1.));
#7641=CARTESIAN_POINT('',(7.91602320362213,-6.87430539779954,0.));
#7642=VECTOR('',#7643,1.);
#7643=DIRECTION('',(0.,0.,1.));
#7644=CARTESIAN_POINT('',(8.71029046192942,-6.70574900832945,0.));
#7645=VECTOR('',#7646,1.);
#7646=DIRECTION('',(0.,0.,1.));
#7647=CARTESIAN_POINT('',(12.0356814714288,-6.94158537499224,0.));
#7648=VECTOR('',#7649,1.);
#7649=DIRECTION('',(0.,0.,1.));
#7650=CARTESIAN_POINT('',(12.5498591106062,-5.96190173551485,0.));
#7651=VECTOR('',#7652,1.);
#7652=DIRECTION('',(0.,0.,1.));
#7653=CARTESIAN_POINT('',(10.4667321877983,-3.35912890535594,0.));
#7654=VECTOR('',#7655,1.);
#7655=DIRECTION('',(0.,0.,1.));
#7656=CARTESIAN_POINT('',(10.1542561478983,-2.60970882386722,0.));
#7657=VECTOR('',#7658,1.);
#7658=DIRECTION('',(0.,0.,1.));
ENDSEC;
END-ISO-10303-21;
