ISO-10303-21;
HEADER;
FILE_DESCRIPTION(('STEP AP203'),
    '1');
FILE_NAME('шестерняm3d',
    '',
    ('UNSPECIFIED'),
    ('UNSPECIFIED'),
    'C3D Converter',
    'C3D Toolkit',
    '');
FILE_SCHEMA(('CONFIG_CONTROL_DESIGN'));
ENDSEC;

DATA;
#1=PRODUCT_DEFINITION('','UNSPECIFIED',#28,#31);
#2=SHAPE_DEFINITION_REPRESENTATION(#26,#3);
#3=SHAPE_REPRESENTATION('NONE',(#4),#8);
#4=AXIS2_PLACEMENT_3D('',#5,#6,#7);
#5=CARTESIAN_POINT('',(0.,0.,0.));
#6=DIRECTION('',(0.,0.,1.));
#7=DIRECTION('',(1.,0.,0.));
#8=(GEOMETRIC_REPRESENTATION_CONTEXT(3)GLOBAL_UNCERTAINTY_ASSIGNED_CONTEXT((#10))
GLOBAL_UNIT_ASSIGNED_CONTEXT((#9,#11,#12))REPRESENTATION_CONTEXT('NONE','NONE'));
#9=(LENGTH_UNIT()NAMED_UNIT(*)SI_UNIT(.MILLI.,.METRE.));
#10=UNCERTAINTY_MEASURE_WITH_UNIT(LENGTH_MEASURE(1.E-5),#9,'NONE','NONE');
#11=(NAMED_UNIT(*)PLANE_ANGLE_UNIT()SI_UNIT($,.RADIAN.));
#12=(NAMED_UNIT(*)SI_UNIT($,.STERADIAN.)SOLID_ANGLE_UNIT());
#13=MANIFOLD_SOLID_BREP('',#14);
#14=CLOSED_SHELL('',(#53,#54,#55,#56,#57,#58,#59,#60,#61,#62,#63,#64,#65,#66,#67,
#68,#69,#70,#71,#72,#73,#74,#75,#76,#77,#78,#79,#80,#81,#82,#83,#84,#85,#86,#87,
#88,#89,#90,#91,#92,#93,#94,#95,#96,#97,#98,#99,#100,#101,#102,#103,#104,#105,#106,
#107,#108,#109,#110,#111,#112,#113,#114,#115,#116,#117,#118,#119,#120,#121,#122,
#123,#124,#125,#126,#127,#128,#129,#130,#131,#132));
#15=COLOUR_RGB('',0.564705882352941,0.564705882352941,0.564705882352941);
#16=FILL_AREA_STYLE_COLOUR('',#15);
#17=FILL_AREA_STYLE($,(#16));
#18=SURFACE_STYLE_FILL_AREA(#17);
#19=SURFACE_SIDE_STYLE('',(#18));
#20=SURFACE_STYLE_USAGE(.BOTH.,#19);
#21=PRESENTATION_STYLE_ASSIGNMENT((#20));
#22=MECHANICAL_DESIGN_GEOMETRIC_PRESENTATION_REPRESENTATION('NONE',(#23),#8);
#23=STYLED_ITEM('',(#21),#13);
#24=ADVANCED_BREP_SHAPE_REPRESENTATION('NONE',(#13),#8);
#25=SHAPE_REPRESENTATION_RELATIONSHIP('','',#3,#24);
#26=PRODUCT_DEFINITION_SHAPE('NONE','NONE',#1);
#27=MECHANICAL_CONTEXT('NONE',#32,'mechanical');
#28=PRODUCT_DEFINITION_FORMATION_WITH_SPECIFIED_SOURCE('ANY','UNSPECIFIED',#29,.NOT_KNOWN.);
#29=PRODUCT('','\X2\0414043504420430043B044C\X0\','NONE',(#27));
#30=PRODUCT_RELATED_PRODUCT_CATEGORY('detail','',(#29));
#31=DESIGN_CONTEXT('detailed design',#32,'design');
#32=APPLICATION_CONTEXT('configuration controlled 3d designs of mechanical parts and assemblies');
#33=APPLICATION_PROTOCOL_DEFINITION('international standard','config_control_design',
1994,#32);
#34=CC_DESIGN_DATE_AND_TIME_ASSIGNMENT(#35,#39,(#1));
#35=DATE_AND_TIME(#36,#37);
#36=CALENDAR_DATE(0,1,1);
#37=LOCAL_TIME(0,0,0.,#38);
#38=COORDINATED_UNIVERSAL_TIME_OFFSET(0,0,.AHEAD.);
#39=DATE_TIME_ROLE('creation_date');
#40=CC_DESIGN_APPROVAL(#41,(#1));
#41=APPROVAL(#42,'UNSPECIFIED');
#42=APPROVAL_STATUS('not_yet_approved');
#43=APPROVAL_DATE_TIME(#44,#41);
#44=DATE_AND_TIME(#45,#46);
#45=CALENDAR_DATE(0,1,1);
#46=LOCAL_TIME(0,0,0.,#47);
#47=COORDINATED_UNIVERSAL_TIME_OFFSET(0,0,.AHEAD.);
#48=PERSON('UNSPECIFIED','Ivan','UNSPECIFIED',('UNSPECIFIED'),('UNSPECIFIED'),('UNSPECIFIED'));
#49=ORGANIZATION('UNSPECIFIED','UNSPECIFIED','UNSPECIFIED');
#50=PERSON_AND_ORGANIZATION(#48,#49);
#51=PERSON_AND_ORGANIZATION_ROLE('creator');
#52=CC_DESIGN_PERSON_AND_ORGANIZATION_ASSIGNMENT(#50,#51,(#28,#1));
#53=ADVANCED_FACE('',(#133),#135,.T.);
#54=ADVANCED_FACE('',(#140),#142,.T.);
#55=ADVANCED_FACE('',(#147),#149,.T.);
#56=ADVANCED_FACE('',(#154),#156,.T.);
#57=ADVANCED_FACE('',(#161),#163,.T.);
#58=ADVANCED_FACE('',(#168),#170,.T.);
#59=ADVANCED_FACE('',(#175),#177,.T.);
#60=ADVANCED_FACE('',(#182),#184,.T.);
#61=ADVANCED_FACE('',(#189),#191,.T.);
#62=ADVANCED_FACE('',(#196),#198,.T.);
#63=ADVANCED_FACE('',(#203),#205,.T.);
#64=ADVANCED_FACE('',(#210),#212,.T.);
#65=ADVANCED_FACE('',(#217),#219,.T.);
#66=ADVANCED_FACE('',(#224),#226,.T.);
#67=ADVANCED_FACE('',(#231),#233,.F.);
#68=ADVANCED_FACE('',(#238),#240,.F.);
#69=ADVANCED_FACE('',(#244),#246,.F.);
#70=ADVANCED_FACE('',(#250),#252,.F.);
#71=ADVANCED_FACE('',(#256),#258,.T.);
#72=ADVANCED_FACE('',(#263),#265,.F.);
#73=ADVANCED_FACE('',(#269),#271,.F.);
#74=ADVANCED_FACE('',(#275),#277,.F.);
#75=ADVANCED_FACE('',(#281),#283,.F.);
#76=ADVANCED_FACE('',(#287),#289,.T.);
#77=ADVANCED_FACE('',(#294),#296,.F.);
#78=ADVANCED_FACE('',(#300),#302,.F.);
#79=ADVANCED_FACE('',(#306),#308,.F.);
#80=ADVANCED_FACE('',(#312),#314,.F.);
#81=ADVANCED_FACE('',(#318),#320,.T.);
#82=ADVANCED_FACE('',(#325),#327,.F.);
#83=ADVANCED_FACE('',(#331),#333,.F.);
#84=ADVANCED_FACE('',(#337),#339,.F.);
#85=ADVANCED_FACE('',(#343),#345,.F.);
#86=ADVANCED_FACE('',(#349),#351,.T.);
#87=ADVANCED_FACE('',(#356),#358,.F.);
#88=ADVANCED_FACE('',(#362),#364,.F.);
#89=ADVANCED_FACE('',(#368),#370,.F.);
#90=ADVANCED_FACE('',(#374),#376,.F.);
#91=ADVANCED_FACE('',(#380),#382,.T.);
#92=ADVANCED_FACE('',(#387),#389,.F.);
#93=ADVANCED_FACE('',(#393),#395,.F.);
#94=ADVANCED_FACE('',(#399),#401,.F.);
#95=ADVANCED_FACE('',(#405),#407,.F.);
#96=ADVANCED_FACE('',(#411),#413,.T.);
#97=ADVANCED_FACE('',(#418),#420,.F.);
#98=ADVANCED_FACE('',(#424),#426,.F.);
#99=ADVANCED_FACE('',(#430),#432,.F.);
#100=ADVANCED_FACE('',(#436),#438,.F.);
#101=ADVANCED_FACE('',(#442),#444,.T.);
#102=ADVANCED_FACE('',(#449),#451,.F.);
#103=ADVANCED_FACE('',(#455),#457,.F.);
#104=ADVANCED_FACE('',(#461),#463,.F.);
#105=ADVANCED_FACE('',(#467),#469,.F.);
#106=ADVANCED_FACE('',(#473),#475,.T.);
#107=ADVANCED_FACE('',(#480),#482,.F.);
#108=ADVANCED_FACE('',(#486),#488,.F.);
#109=ADVANCED_FACE('',(#492),#494,.F.);
#110=ADVANCED_FACE('',(#498),#500,.F.);
#111=ADVANCED_FACE('',(#504),#506,.T.);
#112=ADVANCED_FACE('',(#511),#513,.F.);
#113=ADVANCED_FACE('',(#517),#519,.F.);
#114=ADVANCED_FACE('',(#523),#525,.F.);
#115=ADVANCED_FACE('',(#529),#531,.F.);
#116=ADVANCED_FACE('',(#535),#537,.T.);
#117=ADVANCED_FACE('',(#542),#544,.F.);
#118=ADVANCED_FACE('',(#548),#550,.F.);
#119=ADVANCED_FACE('',(#554),#556,.F.);
#120=ADVANCED_FACE('',(#560),#562,.F.);
#121=ADVANCED_FACE('',(#566),#568,.T.);
#122=ADVANCED_FACE('',(#573),#575,.F.);
#123=ADVANCED_FACE('',(#579),#581,.F.);
#124=ADVANCED_FACE('',(#585),#587,.F.);
#125=ADVANCED_FACE('',(#591),#593,.F.);
#126=ADVANCED_FACE('',(#597),#599,.T.);
#127=ADVANCED_FACE('',(#604),#606,.F.);
#128=ADVANCED_FACE('',(#610),#612,.F.);
#129=ADVANCED_FACE('',(#616),#618,.F.);
#130=ADVANCED_FACE('',(#622),#624,.F.);
#131=ADVANCED_FACE('',(#628),#630,.T.);
#132=ADVANCED_FACE('',(#635),#637,.F.);
#133=FACE_BOUND('',#134,.T.);
#134=EDGE_LOOP('',(#641,#642,#643,#644));
#135=CYLINDRICAL_SURFACE('',#136,13.894);
#136=AXIS2_PLACEMENT_3D('',#137,#138,#139);
#137=CARTESIAN_POINT('',(0.,0.,0.));
#138=DIRECTION('',(0.,0.,1.));
#139=DIRECTION('',(0.,-1.,0.));
#140=FACE_BOUND('',#141,.T.);
#141=EDGE_LOOP('',(#645,#646,#647,#648));
#142=CYLINDRICAL_SURFACE('',#143,13.894);
#143=AXIS2_PLACEMENT_3D('',#144,#145,#146);
#144=CARTESIAN_POINT('',(0.,0.,0.));
#145=DIRECTION('',(0.,0.,1.));
#146=DIRECTION('',(0.,-1.,0.));
#147=FACE_BOUND('',#148,.T.);
#148=EDGE_LOOP('',(#649,#650,#651,#652));
#149=CYLINDRICAL_SURFACE('',#150,13.894);
#150=AXIS2_PLACEMENT_3D('',#151,#152,#153);
#151=CARTESIAN_POINT('',(0.,0.,0.));
#152=DIRECTION('',(0.,0.,1.));
#153=DIRECTION('',(0.,-1.,0.));
#154=FACE_BOUND('',#155,.T.);
#155=EDGE_LOOP('',(#653,#654,#655,#656));
#156=CYLINDRICAL_SURFACE('',#157,13.894);
#157=AXIS2_PLACEMENT_3D('',#158,#159,#160);
#158=CARTESIAN_POINT('',(0.,0.,0.));
#159=DIRECTION('',(0.,0.,1.));
#160=DIRECTION('',(0.,-1.,0.));
#161=FACE_BOUND('',#162,.T.);
#162=EDGE_LOOP('',(#657,#658,#659,#660));
#163=CYLINDRICAL_SURFACE('',#164,13.894);
#164=AXIS2_PLACEMENT_3D('',#165,#166,#167);
#165=CARTESIAN_POINT('',(0.,0.,0.));
#166=DIRECTION('',(0.,0.,1.));
#167=DIRECTION('',(0.,-1.,0.));
#168=FACE_BOUND('',#169,.T.);
#169=EDGE_LOOP('',(#661,#662,#663,#664));
#170=CYLINDRICAL_SURFACE('',#171,13.894);
#171=AXIS2_PLACEMENT_3D('',#172,#173,#174);
#172=CARTESIAN_POINT('',(0.,0.,0.));
#173=DIRECTION('',(0.,0.,1.));
#174=DIRECTION('',(0.,-1.,0.));
#175=FACE_BOUND('',#176,.T.);
#176=EDGE_LOOP('',(#665,#666,#667,#668));
#177=CYLINDRICAL_SURFACE('',#178,13.894);
#178=AXIS2_PLACEMENT_3D('',#179,#180,#181);
#179=CARTESIAN_POINT('',(0.,0.,0.));
#180=DIRECTION('',(0.,0.,1.));
#181=DIRECTION('',(0.,-1.,0.));
#182=FACE_BOUND('',#183,.T.);
#183=EDGE_LOOP('',(#669,#670,#671,#672));
#184=CYLINDRICAL_SURFACE('',#185,13.894);
#185=AXIS2_PLACEMENT_3D('',#186,#187,#188);
#186=CARTESIAN_POINT('',(0.,0.,0.));
#187=DIRECTION('',(0.,0.,1.));
#188=DIRECTION('',(0.,-1.,0.));
#189=FACE_BOUND('',#190,.T.);
#190=EDGE_LOOP('',(#673,#674,#675,#676));
#191=CYLINDRICAL_SURFACE('',#192,13.894);
#192=AXIS2_PLACEMENT_3D('',#193,#194,#195);
#193=CARTESIAN_POINT('',(0.,0.,0.));
#194=DIRECTION('',(0.,0.,1.));
#195=DIRECTION('',(0.,-1.,0.));
#196=FACE_BOUND('',#197,.T.);
#197=EDGE_LOOP('',(#677,#678,#679,#680));
#198=CYLINDRICAL_SURFACE('',#199,13.894);
#199=AXIS2_PLACEMENT_3D('',#200,#201,#202);
#200=CARTESIAN_POINT('',(0.,0.,0.));
#201=DIRECTION('',(0.,0.,1.));
#202=DIRECTION('',(0.,-1.,0.));
#203=FACE_BOUND('',#204,.T.);
#204=EDGE_LOOP('',(#681,#682,#683,#684));
#205=CYLINDRICAL_SURFACE('',#206,13.894);
#206=AXIS2_PLACEMENT_3D('',#207,#208,#209);
#207=CARTESIAN_POINT('',(0.,0.,0.));
#208=DIRECTION('',(0.,0.,1.));
#209=DIRECTION('',(0.,-1.,0.));
#210=FACE_BOUND('',#211,.T.);
#211=EDGE_LOOP('',(#685,#686,#687,#688));
#212=CYLINDRICAL_SURFACE('',#213,13.894);
#213=AXIS2_PLACEMENT_3D('',#214,#215,#216);
#214=CARTESIAN_POINT('',(0.,0.,0.));
#215=DIRECTION('',(0.,0.,1.));
#216=DIRECTION('',(0.,-1.,0.));
#217=FACE_BOUND('',#218,.T.);
#218=EDGE_LOOP('',(#689,#690,#691,#692));
#219=CYLINDRICAL_SURFACE('',#220,13.894);
#220=AXIS2_PLACEMENT_3D('',#221,#222,#223);
#221=CARTESIAN_POINT('',(0.,0.,0.));
#222=DIRECTION('',(0.,0.,1.));
#223=DIRECTION('',(0.,-1.,0.));
#224=FACE_BOUND('',#225,.T.);
#225=EDGE_LOOP('',(#693,#694,#695,#696,#697,#698,#699,#700,#701,#702,#703,#704,#705,
#706,#707,#708,#709,#710,#711,#712,#713,#714,#715,#716,#717,#718,#719,#720,#721,
#722,#723,#724,#725,#726,#727,#728,#729,#730,#731,#732,#733,#734,#735,#736,#737,
#738,#739,#740,#741,#742,#743,#744,#745,#746,#747,#748,#749,#750,#751,#752,#753,
#754,#755,#756,#757,#758,#759,#760,#761,#762,#763,#764,#765,#766,#767,#768,#769,
#770));
#226=PLANE('',#227);
#227=AXIS2_PLACEMENT_3D('',#228,#229,#230);
#228=CARTESIAN_POINT('',(0.,0.,34.));
#229=DIRECTION('',(0.,0.,1.));
#230=DIRECTION('',(0.,-1.,0.));
#231=FACE_BOUND('',#232,.T.);
#232=EDGE_LOOP('',(#771,#772,#773,#774,#775,#776,#777,#778,#779,#780,#781,#782,#783,
#784,#785,#786,#787,#788,#789,#790,#791,#792,#793,#794,#795,#796,#797,#798,#799,
#800,#801,#802,#803,#804,#805,#806,#807,#808,#809,#810,#811,#812,#813,#814,#815,
#816,#817,#818,#819,#820,#821,#822,#823,#824,#825,#826,#827,#828,#829,#830,#831,
#832,#833,#834,#835,#836,#837,#838,#839,#840,#841,#842,#843,#844,#845,#846,#847,
#848));
#233=PLANE('',#234);
#234=AXIS2_PLACEMENT_3D('',#235,#236,#237);
#235=CARTESIAN_POINT('',(0.,0.,0.));
#236=DIRECTION('',(0.,0.,1.));
#237=DIRECTION('',(0.,-1.,0.));
#238=FACE_BOUND('',#239,.T.);
#239=EDGE_LOOP('',(#849,#850,#851,#852));
#240=SURFACE_OF_LINEAR_EXTRUSION('',#241,#242);
#241=B_SPLINE_CURVE_WITH_KNOTS('',3,
(#853,#854,#855,#856,#857,#858,#859,#860,#861,#862,#863,#864,#865,#866,#867,#868,
#869,#870,#871,#872,#873,#874,#875,#876,#877,#878,#879,#880,#881,#882),
.UNSPECIFIED.,.F.,.F.,
(4,2,2,2,2,2,2,2,2,2,2,2,2,2,4),
(0.,0.0791643643196287,0.157138872773325,0.233923507008953,0.309518244074838,0.383923054739535,
0.45713790096679,0.5291627319786,0.599997477839088,0.669642038413869,0.738096263025901,
0.805359909474051,0.871432550814523,0.936313322147835,1.),
.UNSPECIFIED.);
#242=VECTOR('',#243,34.);
#243=DIRECTION('',(0.,0.,1.));
#244=FACE_BOUND('',#245,.T.);
#245=EDGE_LOOP('',(#883,#884,#885,#886));
#246=SURFACE_OF_LINEAR_EXTRUSION('',#247,#248);
#247=B_SPLINE_CURVE_WITH_KNOTS('',3,
(#887,#888,#889,#890,#891,#892,#893,#894,#895,#896,#897,#898,#899,#900,#901,#902,
#903,#904,#905,#906,#907,#908,#909,#910,#911,#912,#913,#914,#915,#916),
.UNSPECIFIED.,.F.,.F.,
(4,2,2,2,2,2,2,2,2,2,2,2,2,2,4),
(0.,0.0636866778521681,0.12856744918548,0.194640090525953,0.261903736974102,0.330357961586132,
0.400002522160914,0.470837268021406,0.542862099033218,0.616076945260474,0.690481755925174,
0.766076492991057,0.842861127226683,0.920835635680376,1.),
.UNSPECIFIED.);
#248=VECTOR('',#249,34.);
#249=DIRECTION('',(0.,0.,1.));
#250=FACE_BOUND('',#251,.T.);
#251=EDGE_LOOP('',(#917,#918,#919,#920));
#252=SURFACE_OF_LINEAR_EXTRUSION('',#253,#254);
#253=B_SPLINE_CURVE_WITH_KNOTS('',3,
(#921,#922,#923,#924,#925,#926,#927,#928,#929,#930,#931,#932,#933,#934,#935,#936,
#937,#938,#939,#940,#941,#942,#943,#944,#945,#946,#947,#948,#949,#950),
.UNSPECIFIED.,.F.,.F.,
(4,2,2,2,2,2,2,2,2,2,2,2,2,2,4),
(0.,0.0684364895459459,0.136903904609257,0.20543536139604,0.274068693079301,0.342849737544878,
0.411837031360814,0.481109002798209,0.550775666282663,0.620998739322871,0.692028404768448,
0.764275376683528,0.838464877200103,0.916004082576885,1.),
.UNSPECIFIED.);
#254=VECTOR('',#255,34.);
#255=DIRECTION('',(0.,0.,1.));
#256=FACE_BOUND('',#257,.T.);
#257=EDGE_LOOP('',(#951,#952,#953,#954));
#258=CYLINDRICAL_SURFACE('',#259,10.48425);
#259=AXIS2_PLACEMENT_3D('',#260,#261,#262);
#260=CARTESIAN_POINT('',(0.,0.,0.));
#261=DIRECTION('',(0.,0.,-1.));
#262=DIRECTION('',(0.741908589498007,0.670501040140191,0.));
#263=FACE_BOUND('',#264,.T.);
#264=EDGE_LOOP('',(#955,#956,#957,#958));
#265=SURFACE_OF_LINEAR_EXTRUSION('',#266,#267);
#266=B_SPLINE_CURVE_WITH_KNOTS('',3,
(#959,#960,#961,#962,#963,#964,#965,#966,#967,#968,#969,#970,#971,#972,#973,#974,
#975,#976,#977,#978,#979,#980,#981,#982,#983,#984,#985,#986,#987,#988),
.UNSPECIFIED.,.F.,.F.,
(4,2,2,2,2,2,2,2,2,2,2,2,2,2,4),
(0.,0.0839959174230824,0.161535122799846,0.235724623316405,0.307971595231485,0.379001260677067,
0.449224333717288,0.518890997201741,0.588162968639136,0.657150262455076,0.725931306920668,
0.794564638603943,0.863096095390739,0.931563510454054,1.),
.UNSPECIFIED.);
#267=VECTOR('',#268,34.);
#268=DIRECTION('',(0.,0.,1.));
#269=FACE_BOUND('',#270,.T.);
#270=EDGE_LOOP('',(#989,#990,#991,#992));
#271=SURFACE_OF_LINEAR_EXTRUSION('',#272,#273);
#272=B_SPLINE_CURVE_WITH_KNOTS('',3,
(#993,#994,#995,#996,#997,#998,#999,#1000,#1001,#1002,#1003,#1004,#1005,#1006,#1007,
#1008,#1009,#1010,#1011,#1012,#1013,#1014,#1015,#1016,#1017,#1018,#1019,#1020,#1021,
#1022),
.UNSPECIFIED.,.F.,.F.,
(4,2,2,2,2,2,2,2,2,2,2,2,2,2,4),
(0.,0.0791643643196287,0.157138872773325,0.233923507008953,0.309518244074838,0.383923054739535,
0.45713790096679,0.5291627319786,0.599997477839088,0.669642038413869,0.738096263025901,
0.805359909474051,0.871432550814523,0.936313322147835,1.),
.UNSPECIFIED.);
#273=VECTOR('',#274,34.);
#274=DIRECTION('',(0.,0.,1.));
#275=FACE_BOUND('',#276,.T.);
#276=EDGE_LOOP('',(#1023,#1024,#1025,#1026));
#277=SURFACE_OF_LINEAR_EXTRUSION('',#278,#279);
#278=B_SPLINE_CURVE_WITH_KNOTS('',3,
(#1027,#1028,#1029,#1030,#1031,#1032,#1033,#1034,#1035,#1036,#1037,#1038,#1039,#1040,
#1041,#1042,#1043,#1044,#1045,#1046,#1047,#1048,#1049,#1050,#1051,#1052,#1053,#1054,
#1055,#1056),
.UNSPECIFIED.,.F.,.F.,
(4,2,2,2,2,2,2,2,2,2,2,2,2,2,4),
(0.,0.0636866778521681,0.12856744918548,0.194640090525953,0.261903736974102,0.330357961586132,
0.400002522160914,0.470837268021406,0.542862099033218,0.616076945260474,0.690481755925174,
0.766076492991057,0.842861127226683,0.920835635680376,1.),
.UNSPECIFIED.);
#279=VECTOR('',#280,34.);
#280=DIRECTION('',(0.,0.,1.));
#281=FACE_BOUND('',#282,.T.);
#282=EDGE_LOOP('',(#1057,#1058,#1059,#1060));
#283=SURFACE_OF_LINEAR_EXTRUSION('',#284,#285);
#284=B_SPLINE_CURVE_WITH_KNOTS('',3,
(#1061,#1062,#1063,#1064,#1065,#1066,#1067,#1068,#1069,#1070,#1071,#1072,#1073,#1074,
#1075,#1076,#1077,#1078,#1079,#1080,#1081,#1082,#1083,#1084,#1085,#1086,#1087,#1088,
#1089,#1090),
.UNSPECIFIED.,.F.,.F.,
(4,2,2,2,2,2,2,2,2,2,2,2,2,2,4),
(0.,0.0684364895459459,0.136903904609257,0.20543536139604,0.274068693079301,0.342849737544878,
0.411837031360814,0.481109002798209,0.550775666282663,0.620998739322871,0.692028404768448,
0.764275376683528,0.838464877200103,0.916004082576885,1.),
.UNSPECIFIED.);
#285=VECTOR('',#286,34.);
#286=DIRECTION('',(0.,0.,1.));
#287=FACE_BOUND('',#288,.T.);
#288=EDGE_LOOP('',(#1091,#1092,#1093,#1094));
#289=CYLINDRICAL_SURFACE('',#290,10.48425);
#290=AXIS2_PLACEMENT_3D('',#291,#292,#293);
#291=CARTESIAN_POINT('',(0.,0.,0.));
#292=DIRECTION('',(0.,0.,-1.));
#293=DIRECTION('',(0.345330060822289,0.938481299276909,0.));
#294=FACE_BOUND('',#295,.T.);
#295=EDGE_LOOP('',(#1095,#1096,#1097,#1098));
#296=SURFACE_OF_LINEAR_EXTRUSION('',#297,#298);
#297=B_SPLINE_CURVE_WITH_KNOTS('',3,
(#1099,#1100,#1101,#1102,#1103,#1104,#1105,#1106,#1107,#1108,#1109,#1110,#1111,#1112,
#1113,#1114,#1115,#1116,#1117,#1118,#1119,#1120,#1121,#1122,#1123,#1124,#1125,#1126,
#1127,#1128),
.UNSPECIFIED.,.F.,.F.,
(4,2,2,2,2,2,2,2,2,2,2,2,2,2,4),
(0.,0.0839959174230824,0.161535122799846,0.235724623316405,0.307971595231485,0.379001260677067,
0.449224333717288,0.518890997201741,0.588162968639136,0.657150262455076,0.725931306920668,
0.794564638603943,0.863096095390739,0.931563510454054,1.),
.UNSPECIFIED.);
#298=VECTOR('',#299,34.);
#299=DIRECTION('',(0.,0.,1.));
#300=FACE_BOUND('',#301,.T.);
#301=EDGE_LOOP('',(#1129,#1130,#1131,#1132));
#302=SURFACE_OF_LINEAR_EXTRUSION('',#303,#304);
#303=B_SPLINE_CURVE_WITH_KNOTS('',3,
(#1133,#1134,#1135,#1136,#1137,#1138,#1139,#1140,#1141,#1142,#1143,#1144,#1145,#1146,
#1147,#1148,#1149,#1150,#1151,#1152,#1153,#1154,#1155,#1156,#1157,#1158,#1159,#1160,
#1161,#1162),
.UNSPECIFIED.,.F.,.F.,
(4,2,2,2,2,2,2,2,2,2,2,2,2,2,4),
(0.,0.0791643643196287,0.157138872773325,0.233923507008953,0.309518244074838,0.383923054739535,
0.45713790096679,0.5291627319786,0.599997477839088,0.669642038413869,0.738096263025901,
0.805359909474051,0.871432550814523,0.936313322147835,1.),
.UNSPECIFIED.);
#304=VECTOR('',#305,34.);
#305=DIRECTION('',(0.,0.,1.));
#306=FACE_BOUND('',#307,.T.);
#307=EDGE_LOOP('',(#1163,#1164,#1165,#1166));
#308=SURFACE_OF_LINEAR_EXTRUSION('',#309,#310);
#309=B_SPLINE_CURVE_WITH_KNOTS('',3,
(#1167,#1168,#1169,#1170,#1171,#1172,#1173,#1174,#1175,#1176,#1177,#1178,#1179,#1180,
#1181,#1182,#1183,#1184,#1185,#1186,#1187,#1188,#1189,#1190,#1191,#1192,#1193,#1194,
#1195,#1196),
.UNSPECIFIED.,.F.,.F.,
(4,2,2,2,2,2,2,2,2,2,2,2,2,2,4),
(0.,0.0636866778521681,0.12856744918548,0.194640090525953,0.261903736974102,0.330357961586132,
0.400002522160914,0.470837268021406,0.542862099033218,0.616076945260474,0.690481755925174,
0.766076492991057,0.842861127226683,0.920835635680376,1.),
.UNSPECIFIED.);
#310=VECTOR('',#311,34.);
#311=DIRECTION('',(0.,0.,1.));
#312=FACE_BOUND('',#313,.T.);
#313=EDGE_LOOP('',(#1197,#1198,#1199,#1200));
#314=SURFACE_OF_LINEAR_EXTRUSION('',#315,#316);
#315=B_SPLINE_CURVE_WITH_KNOTS('',3,
(#1201,#1202,#1203,#1204,#1205,#1206,#1207,#1208,#1209,#1210,#1211,#1212,#1213,#1214,
#1215,#1216,#1217,#1218,#1219,#1220,#1221,#1222,#1223,#1224,#1225,#1226,#1227,#1228,
#1229,#1230),
.UNSPECIFIED.,.F.,.F.,
(4,2,2,2,2,2,2,2,2,2,2,2,2,2,4),
(0.,0.0684364895459459,0.136903904609257,0.20543536139604,0.274068693079301,0.342849737544878,
0.411837031360814,0.481109002798209,0.550775666282663,0.620998739322871,0.692028404768448,
0.764275376683528,0.838464877200103,0.916004082576885,1.),
.UNSPECIFIED.);
#316=VECTOR('',#317,34.);
#317=DIRECTION('',(0.,0.,1.));
#318=FACE_BOUND('',#319,.T.);
#319=EDGE_LOOP('',(#1231,#1232,#1233,#1234));
#320=CYLINDRICAL_SURFACE('',#321,10.48425);
#321=AXIS2_PLACEMENT_3D('',#322,#323,#324);
#322=CARTESIAN_POINT('',(0.,0.,0.));
#323=DIRECTION('',(0.,0.,-1.));
#324=DIRECTION('',(-0.130359423109437,0.991466802674994,0.));
#325=FACE_BOUND('',#326,.T.);
#326=EDGE_LOOP('',(#1235,#1236,#1237,#1238));
#327=SURFACE_OF_LINEAR_EXTRUSION('',#328,#329);
#328=B_SPLINE_CURVE_WITH_KNOTS('',3,
(#1239,#1240,#1241,#1242,#1243,#1244,#1245,#1246,#1247,#1248,#1249,#1250,#1251,#1252,
#1253,#1254,#1255,#1256,#1257,#1258,#1259,#1260,#1261,#1262,#1263,#1264,#1265,#1266,
#1267,#1268),
.UNSPECIFIED.,.F.,.F.,
(4,2,2,2,2,2,2,2,2,2,2,2,2,2,4),
(0.,0.0839959174230824,0.161535122799846,0.235724623316405,0.307971595231485,0.379001260677067,
0.449224333717288,0.518890997201741,0.588162968639136,0.657150262455076,0.725931306920668,
0.794564638603943,0.863096095390739,0.931563510454054,1.),
.UNSPECIFIED.);
#329=VECTOR('',#330,34.);
#330=DIRECTION('',(0.,0.,1.));
#331=FACE_BOUND('',#332,.T.);
#332=EDGE_LOOP('',(#1269,#1270,#1271,#1272));
#333=SURFACE_OF_LINEAR_EXTRUSION('',#334,#335);
#334=B_SPLINE_CURVE_WITH_KNOTS('',3,
(#1273,#1274,#1275,#1276,#1277,#1278,#1279,#1280,#1281,#1282,#1283,#1284,#1285,#1286,
#1287,#1288,#1289,#1290,#1291,#1292,#1293,#1294,#1295,#1296,#1297,#1298,#1299,#1300,
#1301,#1302),
.UNSPECIFIED.,.F.,.F.,
(4,2,2,2,2,2,2,2,2,2,2,2,2,2,4),
(0.,0.0791643643196287,0.157138872773325,0.233923507008953,0.309518244074838,0.383923054739535,
0.45713790096679,0.5291627319786,0.599997477839088,0.669642038413869,0.738096263025901,
0.805359909474051,0.871432550814523,0.936313322147835,1.),
.UNSPECIFIED.);
#335=VECTOR('',#336,34.);
#336=DIRECTION('',(0.,0.,1.));
#337=FACE_BOUND('',#338,.T.);
#338=EDGE_LOOP('',(#1303,#1304,#1305,#1306));
#339=SURFACE_OF_LINEAR_EXTRUSION('',#340,#341);
#340=B_SPLINE_CURVE_WITH_KNOTS('',3,
(#1307,#1308,#1309,#1310,#1311,#1312,#1313,#1314,#1315,#1316,#1317,#1318,#1319,#1320,
#1321,#1322,#1323,#1324,#1325,#1326,#1327,#1328,#1329,#1330,#1331,#1332,#1333,#1334,
#1335,#1336),
.UNSPECIFIED.,.F.,.F.,
(4,2,2,2,2,2,2,2,2,2,2,2,2,2,4),
(0.,0.0636866778521681,0.12856744918548,0.194640090525953,0.261903736974102,0.330357961586132,
0.400002522160914,0.470837268021406,0.542862099033218,0.616076945260474,0.690481755925174,
0.766076492991057,0.842861127226683,0.920835635680376,1.),
.UNSPECIFIED.);
#341=VECTOR('',#342,34.);
#342=DIRECTION('',(0.,0.,1.));
#343=FACE_BOUND('',#344,.T.);
#344=EDGE_LOOP('',(#1337,#1338,#1339,#1340));
#345=SURFACE_OF_LINEAR_EXTRUSION('',#346,#347);
#346=B_SPLINE_CURVE_WITH_KNOTS('',3,
(#1341,#1342,#1343,#1344,#1345,#1346,#1347,#1348,#1349,#1350,#1351,#1352,#1353,#1354,
#1355,#1356,#1357,#1358,#1359,#1360,#1361,#1362,#1363,#1364,#1365,#1366,#1367,#1368,
#1369,#1370),
.UNSPECIFIED.,.F.,.F.,
(4,2,2,2,2,2,2,2,2,2,2,2,2,2,4),
(0.,0.0684364895459459,0.136903904609257,0.20543536139604,0.274068693079301,0.342849737544878,
0.411837031360814,0.481109002798209,0.550775666282663,0.620998739322871,0.692028404768448,
0.764275376683528,0.838464877200103,0.916004082576885,1.),
.UNSPECIFIED.);
#347=VECTOR('',#348,34.);
#348=DIRECTION('',(0.,0.,1.));
#349=FACE_BOUND('',#350,.T.);
#350=EDGE_LOOP('',(#1371,#1372,#1373,#1374));
#351=CYLINDRICAL_SURFACE('',#352,10.48425);
#352=AXIS2_PLACEMENT_3D('',#353,#354,#355);
#353=CARTESIAN_POINT('',(0.,0.,0.));
#354=DIRECTION('',(0.,0.,-1.));
#355=DIRECTION('',(-0.576185134208144,0.817319210050482,0.));
#356=FACE_BOUND('',#357,.T.);
#357=EDGE_LOOP('',(#1375,#1376,#1377,#1378));
#358=SURFACE_OF_LINEAR_EXTRUSION('',#359,#360);
#359=B_SPLINE_CURVE_WITH_KNOTS('',3,
(#1379,#1380,#1381,#1382,#1383,#1384,#1385,#1386,#1387,#1388,#1389,#1390,#1391,#1392,
#1393,#1394,#1395,#1396,#1397,#1398,#1399,#1400,#1401,#1402,#1403,#1404,#1405,#1406,
#1407,#1408),
.UNSPECIFIED.,.F.,.F.,
(4,2,2,2,2,2,2,2,2,2,2,2,2,2,4),
(0.,0.0839959174230824,0.161535122799846,0.235724623316405,0.307971595231485,0.379001260677067,
0.449224333717288,0.518890997201741,0.588162968639136,0.657150262455076,0.725931306920668,
0.794564638603943,0.863096095390739,0.931563510454054,1.),
.UNSPECIFIED.);
#360=VECTOR('',#361,34.);
#361=DIRECTION('',(0.,0.,1.));
#362=FACE_BOUND('',#363,.T.);
#363=EDGE_LOOP('',(#1409,#1410,#1411,#1412));
#364=SURFACE_OF_LINEAR_EXTRUSION('',#365,#366);
#365=B_SPLINE_CURVE_WITH_KNOTS('',3,
(#1413,#1414,#1415,#1416,#1417,#1418,#1419,#1420,#1421,#1422,#1423,#1424,#1425,#1426,
#1427,#1428,#1429,#1430,#1431,#1432,#1433,#1434,#1435,#1436,#1437,#1438,#1439,#1440,
#1441,#1442),
.UNSPECIFIED.,.F.,.F.,
(4,2,2,2,2,2,2,2,2,2,2,2,2,2,4),
(0.,0.0791643643196287,0.157138872773325,0.233923507008953,0.309518244074838,0.383923054739535,
0.45713790096679,0.5291627319786,0.599997477839088,0.669642038413869,0.738096263025901,
0.805359909474051,0.871432550814523,0.936313322147835,1.),
.UNSPECIFIED.);
#366=VECTOR('',#367,34.);
#367=DIRECTION('',(0.,0.,1.));
#368=FACE_BOUND('',#369,.T.);
#369=EDGE_LOOP('',(#1443,#1444,#1445,#1446));
#370=SURFACE_OF_LINEAR_EXTRUSION('',#371,#372);
#371=B_SPLINE_CURVE_WITH_KNOTS('',3,
(#1447,#1448,#1449,#1450,#1451,#1452,#1453,#1454,#1455,#1456,#1457,#1458,#1459,#1460,
#1461,#1462,#1463,#1464,#1465,#1466,#1467,#1468,#1469,#1470,#1471,#1472,#1473,#1474,
#1475,#1476),
.UNSPECIFIED.,.F.,.F.,
(4,2,2,2,2,2,2,2,2,2,2,2,2,2,4),
(0.,0.0636866778521681,0.12856744918548,0.194640090525953,0.261903736974102,0.330357961586132,
0.400002522160914,0.470837268021406,0.542862099033218,0.616076945260474,0.690481755925174,
0.766076492991057,0.842861127226683,0.920835635680376,1.),
.UNSPECIFIED.);
#372=VECTOR('',#373,34.);
#373=DIRECTION('',(0.,0.,1.));
#374=FACE_BOUND('',#375,.T.);
#375=EDGE_LOOP('',(#1477,#1478,#1479,#1480));
#376=SURFACE_OF_LINEAR_EXTRUSION('',#377,#378);
#377=B_SPLINE_CURVE_WITH_KNOTS('',3,
(#1481,#1482,#1483,#1484,#1485,#1486,#1487,#1488,#1489,#1490,#1491,#1492,#1493,#1494,
#1495,#1496,#1497,#1498,#1499,#1500,#1501,#1502,#1503,#1504,#1505,#1506,#1507,#1508,
#1509,#1510),
.UNSPECIFIED.,.F.,.F.,
(4,2,2,2,2,2,2,2,2,2,2,2,2,2,4),
(0.,0.0684364895459459,0.136903904609257,0.20543536139604,0.274068693079301,0.342849737544878,
0.411837031360814,0.481109002798209,0.550775666282663,0.620998739322871,0.692028404768448,
0.764275376683528,0.838464877200103,0.916004082576885,1.),
.UNSPECIFIED.);
#378=VECTOR('',#379,34.);
#379=DIRECTION('',(0.,0.,1.));
#380=FACE_BOUND('',#381,.T.);
#381=EDGE_LOOP('',(#1511,#1512,#1513,#1514));
#382=CYLINDRICAL_SURFACE('',#383,10.48425);
#383=AXIS2_PLACEMENT_3D('',#384,#385,#386);
#384=CARTESIAN_POINT('',(0.,0.,0.));
#385=DIRECTION('',(0.,0.,-1.));
#386=DIRECTION('',(-0.890013774843371,0.455933636167647,0.));
#387=FACE_BOUND('',#388,.T.);
#388=EDGE_LOOP('',(#1515,#1516,#1517,#1518));
#389=SURFACE_OF_LINEAR_EXTRUSION('',#390,#391);
#390=B_SPLINE_CURVE_WITH_KNOTS('',3,
(#1519,#1520,#1521,#1522,#1523,#1524,#1525,#1526,#1527,#1528,#1529,#1530,#1531,#1532,
#1533,#1534,#1535,#1536,#1537,#1538,#1539,#1540,#1541,#1542,#1543,#1544,#1545,#1546,
#1547,#1548),
.UNSPECIFIED.,.F.,.F.,
(4,2,2,2,2,2,2,2,2,2,2,2,2,2,4),
(0.,0.0839959174230824,0.161535122799846,0.235724623316405,0.307971595231485,0.379001260677067,
0.449224333717288,0.518890997201741,0.588162968639136,0.657150262455076,0.725931306920668,
0.794564638603943,0.863096095390739,0.931563510454054,1.),
.UNSPECIFIED.);
#391=VECTOR('',#392,34.);
#392=DIRECTION('',(0.,0.,1.));
#393=FACE_BOUND('',#394,.T.);
#394=EDGE_LOOP('',(#1549,#1550,#1551,#1552));
#395=SURFACE_OF_LINEAR_EXTRUSION('',#396,#397);
#396=B_SPLINE_CURVE_WITH_KNOTS('',3,
(#1553,#1554,#1555,#1556,#1557,#1558,#1559,#1560,#1561,#1562,#1563,#1564,#1565,#1566,
#1567,#1568,#1569,#1570,#1571,#1572,#1573,#1574,#1575,#1576,#1577,#1578,#1579,#1580,
#1581,#1582),
.UNSPECIFIED.,.F.,.F.,
(4,2,2,2,2,2,2,2,2,2,2,2,2,2,4),
(0.,0.0791643643196287,0.157138872773325,0.233923507008953,0.309518244074838,0.383923054739535,
0.45713790096679,0.5291627319786,0.599997477839088,0.669642038413869,0.738096263025901,
0.805359909474051,0.871432550814523,0.936313322147835,1.),
.UNSPECIFIED.);
#397=VECTOR('',#398,34.);
#398=DIRECTION('',(0.,0.,1.));
#399=FACE_BOUND('',#400,.T.);
#400=EDGE_LOOP('',(#1583,#1584,#1585,#1586));
#401=SURFACE_OF_LINEAR_EXTRUSION('',#402,#403);
#402=B_SPLINE_CURVE_WITH_KNOTS('',3,
(#1587,#1588,#1589,#1590,#1591,#1592,#1593,#1594,#1595,#1596,#1597,#1598,#1599,#1600,
#1601,#1602,#1603,#1604,#1605,#1606,#1607,#1608,#1609,#1610,#1611,#1612,#1613,#1614,
#1615,#1616),
.UNSPECIFIED.,.F.,.F.,
(4,2,2,2,2,2,2,2,2,2,2,2,2,2,4),
(0.,0.0636866778521681,0.12856744918548,0.194640090525953,0.261903736974102,0.330357961586132,
0.400002522160914,0.470837268021406,0.542862099033218,0.616076945260474,0.690481755925174,
0.766076492991057,0.842861127226683,0.920835635680376,1.),
.UNSPECIFIED.);
#403=VECTOR('',#404,34.);
#404=DIRECTION('',(0.,0.,1.));
#405=FACE_BOUND('',#406,.T.);
#406=EDGE_LOOP('',(#1617,#1618,#1619,#1620));
#407=SURFACE_OF_LINEAR_EXTRUSION('',#408,#409);
#408=B_SPLINE_CURVE_WITH_KNOTS('',3,
(#1621,#1622,#1623,#1624,#1625,#1626,#1627,#1628,#1629,#1630,#1631,#1632,#1633,#1634,
#1635,#1636,#1637,#1638,#1639,#1640,#1641,#1642,#1643,#1644,#1645,#1646,#1647,#1648,
#1649,#1650),
.UNSPECIFIED.,.F.,.F.,
(4,2,2,2,2,2,2,2,2,2,2,2,2,2,4),
(0.,0.0684364895459459,0.136903904609257,0.20543536139604,0.274068693079301,0.342849737544878,
0.411837031360814,0.481109002798209,0.550775666282663,0.620998739322871,0.692028404768448,
0.764275376683528,0.838464877200103,0.916004082576885,1.),
.UNSPECIFIED.);
#409=VECTOR('',#410,34.);
#410=DIRECTION('',(0.,0.,1.));
#411=FACE_BOUND('',#412,.T.);
#412=EDGE_LOOP('',(#1651,#1652,#1653,#1654));
#413=CYLINDRICAL_SURFACE('',#414,10.48425);
#414=AXIS2_PLACEMENT_3D('',#415,#416,#417);
#415=CARTESIAN_POINT('',(0.,0.,0.));
#416=DIRECTION('',(0.,0.,-1.));
#417=DIRECTION('',(-0.999950985490701,-0.00990083916523832,0.));
#418=FACE_BOUND('',#419,.T.);
#419=EDGE_LOOP('',(#1655,#1656,#1657,#1658));
#420=SURFACE_OF_LINEAR_EXTRUSION('',#421,#422);
#421=B_SPLINE_CURVE_WITH_KNOTS('',3,
(#1659,#1660,#1661,#1662,#1663,#1664,#1665,#1666,#1667,#1668,#1669,#1670,#1671,#1672,
#1673,#1674,#1675,#1676,#1677,#1678,#1679,#1680,#1681,#1682,#1683,#1684,#1685,#1686,
#1687,#1688),
.UNSPECIFIED.,.F.,.F.,
(4,2,2,2,2,2,2,2,2,2,2,2,2,2,4),
(0.,0.0839959174230824,0.161535122799846,0.235724623316405,0.307971595231485,0.379001260677067,
0.449224333717288,0.518890997201741,0.588162968639136,0.657150262455076,0.725931306920668,
0.794564638603943,0.863096095390739,0.931563510454054,1.),
.UNSPECIFIED.);
#422=VECTOR('',#423,34.);
#423=DIRECTION('',(0.,0.,1.));
#424=FACE_BOUND('',#425,.T.);
#425=EDGE_LOOP('',(#1689,#1690,#1691,#1692));
#426=SURFACE_OF_LINEAR_EXTRUSION('',#427,#428);
#427=B_SPLINE_CURVE_WITH_KNOTS('',3,
(#1693,#1694,#1695,#1696,#1697,#1698,#1699,#1700,#1701,#1702,#1703,#1704,#1705,#1706,
#1707,#1708,#1709,#1710,#1711,#1712,#1713,#1714,#1715,#1716,#1717,#1718,#1719,#1720,
#1721,#1722),
.UNSPECIFIED.,.F.,.F.,
(4,2,2,2,2,2,2,2,2,2,2,2,2,2,4),
(0.,0.0791643643196287,0.157138872773325,0.233923507008953,0.309518244074838,0.383923054739535,
0.45713790096679,0.5291627319786,0.599997477839088,0.669642038413869,0.738096263025901,
0.805359909474051,0.871432550814523,0.936313322147835,1.),
.UNSPECIFIED.);
#428=VECTOR('',#429,34.);
#429=DIRECTION('',(0.,0.,1.));
#430=FACE_BOUND('',#431,.T.);
#431=EDGE_LOOP('',(#1723,#1724,#1725,#1726));
#432=SURFACE_OF_LINEAR_EXTRUSION('',#433,#434);
#433=B_SPLINE_CURVE_WITH_KNOTS('',3,
(#1727,#1728,#1729,#1730,#1731,#1732,#1733,#1734,#1735,#1736,#1737,#1738,#1739,#1740,
#1741,#1742,#1743,#1744,#1745,#1746,#1747,#1748,#1749,#1750,#1751,#1752,#1753,#1754,
#1755,#1756),
.UNSPECIFIED.,.F.,.F.,
(4,2,2,2,2,2,2,2,2,2,2,2,2,2,4),
(0.,0.0636866778521681,0.12856744918548,0.194640090525953,0.261903736974102,0.330357961586132,
0.400002522160914,0.470837268021406,0.542862099033218,0.616076945260474,0.690481755925174,
0.766076492991057,0.842861127226683,0.920835635680376,1.),
.UNSPECIFIED.);
#434=VECTOR('',#435,34.);
#435=DIRECTION('',(0.,0.,1.));
#436=FACE_BOUND('',#437,.T.);
#437=EDGE_LOOP('',(#1757,#1758,#1759,#1760));
#438=SURFACE_OF_LINEAR_EXTRUSION('',#439,#440);
#439=B_SPLINE_CURVE_WITH_KNOTS('',3,
(#1761,#1762,#1763,#1764,#1765,#1766,#1767,#1768,#1769,#1770,#1771,#1772,#1773,#1774,
#1775,#1776,#1777,#1778,#1779,#1780,#1781,#1782,#1783,#1784,#1785,#1786,#1787,#1788,
#1789,#1790),
.UNSPECIFIED.,.F.,.F.,
(4,2,2,2,2,2,2,2,2,2,2,2,2,2,4),
(0.,0.0684364895459459,0.136903904609257,0.20543536139604,0.274068693079301,0.342849737544878,
0.411837031360814,0.481109002798209,0.550775666282663,0.620998739322871,0.692028404768448,
0.764275376683528,0.838464877200103,0.916004082576885,1.),
.UNSPECIFIED.);
#440=VECTOR('',#441,34.);
#441=DIRECTION('',(0.,0.,1.));
#442=FACE_BOUND('',#443,.T.);
#443=EDGE_LOOP('',(#1791,#1792,#1793,#1794));
#444=CYLINDRICAL_SURFACE('',#445,10.48425);
#445=AXIS2_PLACEMENT_3D('',#446,#447,#448);
#446=CARTESIAN_POINT('',(0.,0.,0.));
#447=DIRECTION('',(0.,0.,-1.));
#448=DIRECTION('',(-0.880811476077842,-0.473467151563415,0.));
#449=FACE_BOUND('',#450,.T.);
#450=EDGE_LOOP('',(#1795,#1796,#1797,#1798));
#451=SURFACE_OF_LINEAR_EXTRUSION('',#452,#453);
#452=B_SPLINE_CURVE_WITH_KNOTS('',3,
(#1799,#1800,#1801,#1802,#1803,#1804,#1805,#1806,#1807,#1808,#1809,#1810,#1811,#1812,
#1813,#1814,#1815,#1816,#1817,#1818,#1819,#1820,#1821,#1822,#1823,#1824,#1825,#1826,
#1827,#1828),
.UNSPECIFIED.,.F.,.F.,
(4,2,2,2,2,2,2,2,2,2,2,2,2,2,4),
(0.,0.0839959174230824,0.161535122799846,0.235724623316405,0.307971595231485,0.379001260677067,
0.449224333717288,0.518890997201741,0.588162968639136,0.657150262455076,0.725931306920668,
0.794564638603943,0.863096095390739,0.931563510454054,1.),
.UNSPECIFIED.);
#453=VECTOR('',#454,34.);
#454=DIRECTION('',(0.,0.,1.));
#455=FACE_BOUND('',#456,.T.);
#456=EDGE_LOOP('',(#1829,#1830,#1831,#1832));
#457=SURFACE_OF_LINEAR_EXTRUSION('',#458,#459);
#458=B_SPLINE_CURVE_WITH_KNOTS('',3,
(#1833,#1834,#1835,#1836,#1837,#1838,#1839,#1840,#1841,#1842,#1843,#1844,#1845,#1846,
#1847,#1848,#1849,#1850,#1851,#1852,#1853,#1854,#1855,#1856,#1857,#1858,#1859,#1860,
#1861,#1862),
.UNSPECIFIED.,.F.,.F.,
(4,2,2,2,2,2,2,2,2,2,2,2,2,2,4),
(0.,0.0791643643196287,0.157138872773325,0.233923507008953,0.309518244074838,0.383923054739535,
0.45713790096679,0.5291627319786,0.599997477839088,0.669642038413869,0.738096263025901,
0.805359909474051,0.871432550814523,0.936313322147835,1.),
.UNSPECIFIED.);
#459=VECTOR('',#460,34.);
#460=DIRECTION('',(0.,0.,1.));
#461=FACE_BOUND('',#462,.T.);
#462=EDGE_LOOP('',(#1863,#1864,#1865,#1866));
#463=SURFACE_OF_LINEAR_EXTRUSION('',#464,#465);
#464=B_SPLINE_CURVE_WITH_KNOTS('',3,
(#1867,#1868,#1869,#1870,#1871,#1872,#1873,#1874,#1875,#1876,#1877,#1878,#1879,#1880,
#1881,#1882,#1883,#1884,#1885,#1886,#1887,#1888,#1889,#1890,#1891,#1892,#1893,#1894,
#1895,#1896),
.UNSPECIFIED.,.F.,.F.,
(4,2,2,2,2,2,2,2,2,2,2,2,2,2,4),
(0.,0.0636866778521681,0.12856744918548,0.194640090525953,0.261903736974102,0.330357961586132,
0.400002522160914,0.470837268021406,0.542862099033218,0.616076945260474,0.690481755925174,
0.766076492991057,0.842861127226683,0.920835635680376,1.),
.UNSPECIFIED.);
#465=VECTOR('',#466,34.);
#466=DIRECTION('',(0.,0.,1.));
#467=FACE_BOUND('',#468,.T.);
#468=EDGE_LOOP('',(#1897,#1898,#1899,#1900));
#469=SURFACE_OF_LINEAR_EXTRUSION('',#470,#471);
#470=B_SPLINE_CURVE_WITH_KNOTS('',3,
(#1901,#1902,#1903,#1904,#1905,#1906,#1907,#1908,#1909,#1910,#1911,#1912,#1913,#1914,
#1915,#1916,#1917,#1918,#1919,#1920,#1921,#1922,#1923,#1924,#1925,#1926,#1927,#1928,
#1929,#1930),
.UNSPECIFIED.,.F.,.F.,
(4,2,2,2,2,2,2,2,2,2,2,2,2,2,4),
(0.,0.0684364895459459,0.136903904609257,0.20543536139604,0.274068693079301,0.342849737544878,
0.411837031360814,0.481109002798209,0.550775666282663,0.620998739322871,0.692028404768448,
0.764275376683528,0.838464877200103,0.916004082576885,1.),
.UNSPECIFIED.);
#471=VECTOR('',#472,34.);
#472=DIRECTION('',(0.,0.,1.));
#473=FACE_BOUND('',#474,.T.);
#474=EDGE_LOOP('',(#1931,#1932,#1933,#1934));
#475=CYLINDRICAL_SURFACE('',#476,10.48425);
#476=AXIS2_PLACEMENT_3D('',#477,#478,#479);
#477=CARTESIAN_POINT('',(0.,0.,0.));
#478=DIRECTION('',(0.,0.,-1.));
#479=DIRECTION('',(-0.559888672424545,-0.828567845436136,0.));
#480=FACE_BOUND('',#481,.T.);
#481=EDGE_LOOP('',(#1935,#1936,#1937,#1938));
#482=SURFACE_OF_LINEAR_EXTRUSION('',#483,#484);
#483=B_SPLINE_CURVE_WITH_KNOTS('',3,
(#1939,#1940,#1941,#1942,#1943,#1944,#1945,#1946,#1947,#1948,#1949,#1950,#1951,#1952,
#1953,#1954,#1955,#1956,#1957,#1958,#1959,#1960,#1961,#1962,#1963,#1964,#1965,#1966,
#1967,#1968),
.UNSPECIFIED.,.F.,.F.,
(4,2,2,2,2,2,2,2,2,2,2,2,2,2,4),
(0.,0.0839959174230824,0.161535122799846,0.235724623316405,0.307971595231485,0.379001260677067,
0.449224333717288,0.518890997201741,0.588162968639136,0.657150262455076,0.725931306920668,
0.794564638603943,0.863096095390739,0.931563510454054,1.),
.UNSPECIFIED.);
#484=VECTOR('',#485,34.);
#485=DIRECTION('',(0.,0.,1.));
#486=FACE_BOUND('',#487,.T.);
#487=EDGE_LOOP('',(#1969,#1970,#1971,#1972));
#488=SURFACE_OF_LINEAR_EXTRUSION('',#489,#490);
#489=B_SPLINE_CURVE_WITH_KNOTS('',3,
(#1973,#1974,#1975,#1976,#1977,#1978,#1979,#1980,#1981,#1982,#1983,#1984,#1985,#1986,
#1987,#1988,#1989,#1990,#1991,#1992,#1993,#1994,#1995,#1996,#1997,#1998,#1999,#2000,
#2001,#2002),
.UNSPECIFIED.,.F.,.F.,
(4,2,2,2,2,2,2,2,2,2,2,2,2,2,4),
(0.,0.0791643643196287,0.157138872773325,0.233923507008953,0.309518244074838,0.383923054739535,
0.45713790096679,0.5291627319786,0.599997477839088,0.669642038413869,0.738096263025901,
0.805359909474051,0.871432550814523,0.936313322147835,1.),
.UNSPECIFIED.);
#490=VECTOR('',#491,34.);
#491=DIRECTION('',(0.,0.,1.));
#492=FACE_BOUND('',#493,.T.);
#493=EDGE_LOOP('',(#2003,#2004,#2005,#2006));
#494=SURFACE_OF_LINEAR_EXTRUSION('',#495,#496);
#495=B_SPLINE_CURVE_WITH_KNOTS('',3,
(#2007,#2008,#2009,#2010,#2011,#2012,#2013,#2014,#2015,#2016,#2017,#2018,#2019,#2020,
#2021,#2022,#2023,#2024,#2025,#2026,#2027,#2028,#2029,#2030,#2031,#2032,#2033,#2034,
#2035,#2036),
.UNSPECIFIED.,.F.,.F.,
(4,2,2,2,2,2,2,2,2,2,2,2,2,2,4),
(0.,0.0636866778521681,0.12856744918548,0.194640090525953,0.261903736974102,0.330357961586132,
0.400002522160914,0.470837268021406,0.542862099033218,0.616076945260474,0.690481755925174,
0.766076492991057,0.842861127226683,0.920835635680376,1.),
.UNSPECIFIED.);
#496=VECTOR('',#497,34.);
#497=DIRECTION('',(0.,0.,1.));
#498=FACE_BOUND('',#499,.T.);
#499=EDGE_LOOP('',(#2037,#2038,#2039,#2040));
#500=SURFACE_OF_LINEAR_EXTRUSION('',#501,#502);
#501=B_SPLINE_CURVE_WITH_KNOTS('',3,
(#2041,#2042,#2043,#2044,#2045,#2046,#2047,#2048,#2049,#2050,#2051,#2052,#2053,#2054,
#2055,#2056,#2057,#2058,#2059,#2060,#2061,#2062,#2063,#2064,#2065,#2066,#2067,#2068,
#2069,#2070),
.UNSPECIFIED.,.F.,.F.,
(4,2,2,2,2,2,2,2,2,2,2,2,2,2,4),
(0.,0.0684364895459459,0.136903904609257,0.20543536139604,0.274068693079301,0.342849737544878,
0.411837031360814,0.481109002798209,0.550775666282663,0.620998739322871,0.692028404768448,
0.764275376683528,0.838464877200103,0.916004082576885,1.),
.UNSPECIFIED.);
#502=VECTOR('',#503,34.);
#503=DIRECTION('',(0.,0.,1.));
#504=FACE_BOUND('',#505,.T.);
#505=EDGE_LOOP('',(#2071,#2072,#2073,#2074));
#506=CYLINDRICAL_SURFACE('',#507,10.48425);
#507=AXIS2_PLACEMENT_3D('',#508,#509,#510);
#508=CARTESIAN_POINT('',(0.,0.,0.));
#509=DIRECTION('',(0.,0.,-1.));
#510=DIRECTION('',(-0.110702121308738,-0.993853631244433,0.));
#511=FACE_BOUND('',#512,.T.);
#512=EDGE_LOOP('',(#2075,#2076,#2077,#2078));
#513=SURFACE_OF_LINEAR_EXTRUSION('',#514,#515);
#514=B_SPLINE_CURVE_WITH_KNOTS('',3,
(#2079,#2080,#2081,#2082,#2083,#2084,#2085,#2086,#2087,#2088,#2089,#2090,#2091,#2092,
#2093,#2094,#2095,#2096,#2097,#2098,#2099,#2100,#2101,#2102,#2103,#2104,#2105,#2106,
#2107,#2108),
.UNSPECIFIED.,.F.,.F.,
(4,2,2,2,2,2,2,2,2,2,2,2,2,2,4),
(0.,0.0839959174230824,0.161535122799846,0.235724623316405,0.307971595231485,0.379001260677067,
0.449224333717288,0.518890997201741,0.588162968639136,0.657150262455076,0.725931306920668,
0.794564638603943,0.863096095390739,0.931563510454054,1.),
.UNSPECIFIED.);
#515=VECTOR('',#516,34.);
#516=DIRECTION('',(0.,0.,1.));
#517=FACE_BOUND('',#518,.T.);
#518=EDGE_LOOP('',(#2109,#2110,#2111,#2112));
#519=SURFACE_OF_LINEAR_EXTRUSION('',#520,#521);
#520=B_SPLINE_CURVE_WITH_KNOTS('',3,
(#2113,#2114,#2115,#2116,#2117,#2118,#2119,#2120,#2121,#2122,#2123,#2124,#2125,#2126,
#2127,#2128,#2129,#2130,#2131,#2132,#2133,#2134,#2135,#2136,#2137,#2138,#2139,#2140,
#2141,#2142),
.UNSPECIFIED.,.F.,.F.,
(4,2,2,2,2,2,2,2,2,2,2,2,2,2,4),
(0.,0.0791643643196287,0.157138872773325,0.233923507008953,0.309518244074838,0.383923054739535,
0.45713790096679,0.5291627319786,0.599997477839088,0.669642038413869,0.738096263025901,
0.805359909474051,0.871432550814523,0.936313322147835,1.),
.UNSPECIFIED.);
#521=VECTOR('',#522,34.);
#522=DIRECTION('',(0.,0.,1.));
#523=FACE_BOUND('',#524,.T.);
#524=EDGE_LOOP('',(#2143,#2144,#2145,#2146));
#525=SURFACE_OF_LINEAR_EXTRUSION('',#526,#527);
#526=B_SPLINE_CURVE_WITH_KNOTS('',3,
(#2147,#2148,#2149,#2150,#2151,#2152,#2153,#2154,#2155,#2156,#2157,#2158,#2159,#2160,
#2161,#2162,#2163,#2164,#2165,#2166,#2167,#2168,#2169,#2170,#2171,#2172,#2173,#2174,
#2175,#2176),
.UNSPECIFIED.,.F.,.F.,
(4,2,2,2,2,2,2,2,2,2,2,2,2,2,4),
(0.,0.0636866778521681,0.12856744918548,0.194640090525953,0.261903736974102,0.330357961586132,
0.400002522160914,0.470837268021406,0.542862099033218,0.616076945260474,0.690481755925174,
0.766076492991057,0.842861127226683,0.920835635680376,1.),
.UNSPECIFIED.);
#527=VECTOR('',#528,34.);
#528=DIRECTION('',(0.,0.,1.));
#529=FACE_BOUND('',#530,.T.);
#530=EDGE_LOOP('',(#2177,#2178,#2179,#2180));
#531=SURFACE_OF_LINEAR_EXTRUSION('',#532,#533);
#532=B_SPLINE_CURVE_WITH_KNOTS('',3,
(#2181,#2182,#2183,#2184,#2185,#2186,#2187,#2188,#2189,#2190,#2191,#2192,#2193,#2194,
#2195,#2196,#2197,#2198,#2199,#2200,#2201,#2202,#2203,#2204,#2205,#2206,#2207,#2208,
#2209,#2210),
.UNSPECIFIED.,.F.,.F.,
(4,2,2,2,2,2,2,2,2,2,2,2,2,2,4),
(0.,0.0684364895459459,0.136903904609257,0.20543536139604,0.274068693079301,0.342849737544878,
0.411837031360814,0.481109002798209,0.550775666282663,0.620998739322871,0.692028404768448,
0.764275376683528,0.838464877200103,0.916004082576885,1.),
.UNSPECIFIED.);
#533=VECTOR('',#534,34.);
#534=DIRECTION('',(0.,0.,1.));
#535=FACE_BOUND('',#536,.T.);
#536=EDGE_LOOP('',(#2211,#2212,#2213,#2214));
#537=CYLINDRICAL_SURFACE('',#538,10.48425);
#538=AXIS2_PLACEMENT_3D('',#539,#540,#541);
#539=CARTESIAN_POINT('',(0.,0.,0.));
#540=DIRECTION('',(0.,0.,-1.));
#541=DIRECTION('',(0.363844951693716,-0.931459527369277,0.));
#542=FACE_BOUND('',#543,.T.);
#543=EDGE_LOOP('',(#2215,#2216,#2217,#2218));
#544=SURFACE_OF_LINEAR_EXTRUSION('',#545,#546);
#545=B_SPLINE_CURVE_WITH_KNOTS('',3,
(#2219,#2220,#2221,#2222,#2223,#2224,#2225,#2226,#2227,#2228,#2229,#2230,#2231,#2232,
#2233,#2234,#2235,#2236,#2237,#2238,#2239,#2240,#2241,#2242,#2243,#2244,#2245,#2246,
#2247,#2248),
.UNSPECIFIED.,.F.,.F.,
(4,2,2,2,2,2,2,2,2,2,2,2,2,2,4),
(0.,0.0839959174230824,0.161535122799846,0.235724623316405,0.307971595231485,0.379001260677067,
0.449224333717288,0.518890997201741,0.588162968639136,0.657150262455076,0.725931306920668,
0.794564638603943,0.863096095390739,0.931563510454054,1.),
.UNSPECIFIED.);
#546=VECTOR('',#547,34.);
#547=DIRECTION('',(0.,0.,1.));
#548=FACE_BOUND('',#549,.T.);
#549=EDGE_LOOP('',(#2249,#2250,#2251,#2252));
#550=SURFACE_OF_LINEAR_EXTRUSION('',#551,#552);
#551=B_SPLINE_CURVE_WITH_KNOTS('',3,
(#2253,#2254,#2255,#2256,#2257,#2258,#2259,#2260,#2261,#2262,#2263,#2264,#2265,#2266,
#2267,#2268,#2269,#2270,#2271,#2272,#2273,#2274,#2275,#2276,#2277,#2278,#2279,#2280,
#2281,#2282),
.UNSPECIFIED.,.F.,.F.,
(4,2,2,2,2,2,2,2,2,2,2,2,2,2,4),
(0.,0.0791643643196287,0.157138872773325,0.233923507008953,0.309518244074838,0.383923054739535,
0.45713790096679,0.5291627319786,0.599997477839088,0.669642038413869,0.738096263025901,
0.805359909474051,0.871432550814523,0.936313322147835,1.),
.UNSPECIFIED.);
#552=VECTOR('',#553,34.);
#553=DIRECTION('',(0.,0.,1.));
#554=FACE_BOUND('',#555,.T.);
#555=EDGE_LOOP('',(#2283,#2284,#2285,#2286));
#556=SURFACE_OF_LINEAR_EXTRUSION('',#557,#558);
#557=B_SPLINE_CURVE_WITH_KNOTS('',3,
(#2287,#2288,#2289,#2290,#2291,#2292,#2293,#2294,#2295,#2296,#2297,#2298,#2299,#2300,
#2301,#2302,#2303,#2304,#2305,#2306,#2307,#2308,#2309,#2310,#2311,#2312,#2313,#2314,
#2315,#2316),
.UNSPECIFIED.,.F.,.F.,
(4,2,2,2,2,2,2,2,2,2,2,2,2,2,4),
(0.,0.0636866778521681,0.12856744918548,0.194640090525953,0.261903736974102,0.330357961586132,
0.400002522160914,0.470837268021406,0.542862099033218,0.616076945260474,0.690481755925174,
0.766076492991057,0.842861127226683,0.920835635680376,1.),
.UNSPECIFIED.);
#558=VECTOR('',#559,34.);
#559=DIRECTION('',(0.,0.,1.));
#560=FACE_BOUND('',#561,.T.);
#561=EDGE_LOOP('',(#2317,#2318,#2319,#2320));
#562=SURFACE_OF_LINEAR_EXTRUSION('',#563,#564);
#563=B_SPLINE_CURVE_WITH_KNOTS('',3,
(#2321,#2322,#2323,#2324,#2325,#2326,#2327,#2328,#2329,#2330,#2331,#2332,#2333,#2334,
#2335,#2336,#2337,#2338,#2339,#2340,#2341,#2342,#2343,#2344,#2345,#2346,#2347,#2348,
#2349,#2350),
.UNSPECIFIED.,.F.,.F.,
(4,2,2,2,2,2,2,2,2,2,2,2,2,2,4),
(0.,0.0684364895459459,0.136903904609257,0.20543536139604,0.274068693079301,0.342849737544878,
0.411837031360814,0.481109002798209,0.550775666282663,0.620998739322871,0.692028404768448,
0.764275376683528,0.838464877200103,0.916004082576885,1.),
.UNSPECIFIED.);
#564=VECTOR('',#565,34.);
#565=DIRECTION('',(0.,0.,1.));
#566=FACE_BOUND('',#567,.T.);
#567=EDGE_LOOP('',(#2351,#2352,#2353,#2354));
#568=CYLINDRICAL_SURFACE('',#569,10.48425);
#569=AXIS2_PLACEMENT_3D('',#570,#571,#572);
#570=CARTESIAN_POINT('',(0.,0.,0.));
#571=DIRECTION('',(0.,0.,-1.));
#572=DIRECTION('',(0.755039531070142,-0.655679271078002,0.));
#573=FACE_BOUND('',#574,.T.);
#574=EDGE_LOOP('',(#2355,#2356,#2357,#2358));
#575=SURFACE_OF_LINEAR_EXTRUSION('',#576,#577);
#576=B_SPLINE_CURVE_WITH_KNOTS('',3,
(#2359,#2360,#2361,#2362,#2363,#2364,#2365,#2366,#2367,#2368,#2369,#2370,#2371,#2372,
#2373,#2374,#2375,#2376,#2377,#2378,#2379,#2380,#2381,#2382,#2383,#2384,#2385,#2386,
#2387,#2388),
.UNSPECIFIED.,.F.,.F.,
(4,2,2,2,2,2,2,2,2,2,2,2,2,2,4),
(0.,0.0839959174230824,0.161535122799846,0.235724623316405,0.307971595231485,0.379001260677067,
0.449224333717288,0.518890997201741,0.588162968639136,0.657150262455076,0.725931306920668,
0.794564638603943,0.863096095390739,0.931563510454054,1.),
.UNSPECIFIED.);
#577=VECTOR('',#578,34.);
#578=DIRECTION('',(0.,0.,1.));
#579=FACE_BOUND('',#580,.T.);
#580=EDGE_LOOP('',(#2389,#2390,#2391,#2392));
#581=SURFACE_OF_LINEAR_EXTRUSION('',#582,#583);
#582=B_SPLINE_CURVE_WITH_KNOTS('',3,
(#2393,#2394,#2395,#2396,#2397,#2398,#2399,#2400,#2401,#2402,#2403,#2404,#2405,#2406,
#2407,#2408,#2409,#2410,#2411,#2412,#2413,#2414,#2415,#2416,#2417,#2418,#2419,#2420,
#2421,#2422),
.UNSPECIFIED.,.F.,.F.,
(4,2,2,2,2,2,2,2,2,2,2,2,2,2,4),
(0.,0.0791643643196287,0.157138872773325,0.233923507008953,0.309518244074838,0.383923054739535,
0.45713790096679,0.5291627319786,0.599997477839088,0.669642038413869,0.738096263025901,
0.805359909474051,0.871432550814523,0.936313322147835,1.),
.UNSPECIFIED.);
#583=VECTOR('',#584,34.);
#584=DIRECTION('',(0.,0.,1.));
#585=FACE_BOUND('',#586,.T.);
#586=EDGE_LOOP('',(#2423,#2424,#2425,#2426));
#587=SURFACE_OF_LINEAR_EXTRUSION('',#588,#589);
#588=B_SPLINE_CURVE_WITH_KNOTS('',3,
(#2427,#2428,#2429,#2430,#2431,#2432,#2433,#2434,#2435,#2436,#2437,#2438,#2439,#2440,
#2441,#2442,#2443,#2444,#2445,#2446,#2447,#2448,#2449,#2450,#2451,#2452,#2453,#2454,
#2455,#2456),
.UNSPECIFIED.,.F.,.F.,
(4,2,2,2,2,2,2,2,2,2,2,2,2,2,4),
(0.,0.0636866778521681,0.12856744918548,0.194640090525953,0.261903736974102,0.330357961586132,
0.400002522160914,0.470837268021406,0.542862099033218,0.616076945260474,0.690481755925174,
0.766076492991057,0.842861127226683,0.920835635680376,1.),
.UNSPECIFIED.);
#589=VECTOR('',#590,34.);
#590=DIRECTION('',(0.,0.,1.));
#591=FACE_BOUND('',#592,.T.);
#592=EDGE_LOOP('',(#2457,#2458,#2459,#2460));
#593=SURFACE_OF_LINEAR_EXTRUSION('',#594,#595);
#594=B_SPLINE_CURVE_WITH_KNOTS('',3,
(#2461,#2462,#2463,#2464,#2465,#2466,#2467,#2468,#2469,#2470,#2471,#2472,#2473,#2474,
#2475,#2476,#2477,#2478,#2479,#2480,#2481,#2482,#2483,#2484,#2485,#2486,#2487,#2488,
#2489,#2490),
.UNSPECIFIED.,.F.,.F.,
(4,2,2,2,2,2,2,2,2,2,2,2,2,2,4),
(0.,0.0684364895459459,0.136903904609257,0.20543536139604,0.274068693079301,0.342849737544878,
0.411837031360814,0.481109002798209,0.550775666282663,0.620998739322871,0.692028404768448,
0.764275376683528,0.838464877200103,0.916004082576885,1.),
.UNSPECIFIED.);
#595=VECTOR('',#596,34.);
#596=DIRECTION('',(0.,0.,1.));
#597=FACE_BOUND('',#598,.T.);
#598=EDGE_LOOP('',(#2491,#2492,#2493,#2494));
#599=CYLINDRICAL_SURFACE('',#600,10.48425);
#600=AXIS2_PLACEMENT_3D('',#601,#602,#603);
#601=CARTESIAN_POINT('',(0.,0.,0.));
#602=DIRECTION('',(0.,0.,-1.));
#603=DIRECTION('',(0.973263653091146,-0.229690795574565,0.));
#604=FACE_BOUND('',#605,.T.);
#605=EDGE_LOOP('',(#2495,#2496,#2497,#2498));
#606=SURFACE_OF_LINEAR_EXTRUSION('',#607,#608);
#607=B_SPLINE_CURVE_WITH_KNOTS('',3,
(#2499,#2500,#2501,#2502,#2503,#2504,#2505,#2506,#2507,#2508,#2509,#2510,#2511,#2512,
#2513,#2514,#2515,#2516,#2517,#2518,#2519,#2520,#2521,#2522,#2523,#2524,#2525,#2526,
#2527,#2528),
.UNSPECIFIED.,.F.,.F.,
(4,2,2,2,2,2,2,2,2,2,2,2,2,2,4),
(0.,0.0839959174230824,0.161535122799846,0.235724623316405,0.307971595231485,0.379001260677067,
0.449224333717288,0.518890997201741,0.588162968639136,0.657150262455076,0.725931306920668,
0.794564638603943,0.863096095390739,0.931563510454054,1.),
.UNSPECIFIED.);
#608=VECTOR('',#609,34.);
#609=DIRECTION('',(0.,0.,1.));
#610=FACE_BOUND('',#611,.T.);
#611=EDGE_LOOP('',(#2529,#2530,#2531,#2532));
#612=SURFACE_OF_LINEAR_EXTRUSION('',#613,#614);
#613=B_SPLINE_CURVE_WITH_KNOTS('',3,
(#2533,#2534,#2535,#2536,#2537,#2538,#2539,#2540,#2541,#2542,#2543,#2544,#2545,#2546,
#2547,#2548,#2549,#2550,#2551,#2552,#2553,#2554,#2555,#2556,#2557,#2558,#2559,#2560,
#2561,#2562),
.UNSPECIFIED.,.F.,.F.,
(4,2,2,2,2,2,2,2,2,2,2,2,2,2,4),
(0.,0.0636866778521681,0.12856744918548,0.194640090525953,0.261903736974102,0.330357961586132,
0.400002522160914,0.470837268021406,0.542862099033218,0.616076945260474,0.690481755925174,
0.766076492991057,0.842861127226683,0.920835635680376,1.),
.UNSPECIFIED.);
#614=VECTOR('',#615,34.);
#615=DIRECTION('',(0.,0.,1.));
#616=FACE_BOUND('',#617,.T.);
#617=EDGE_LOOP('',(#2563,#2564,#2565,#2566));
#618=SURFACE_OF_LINEAR_EXTRUSION('',#619,#620);
#619=B_SPLINE_CURVE_WITH_KNOTS('',3,
(#2567,#2568,#2569,#2570,#2571,#2572,#2573,#2574,#2575,#2576,#2577,#2578,#2579,#2580,
#2581,#2582,#2583,#2584,#2585,#2586,#2587,#2588,#2589,#2590,#2591,#2592,#2593,#2594,
#2595,#2596),
.UNSPECIFIED.,.F.,.F.,
(4,2,2,2,2,2,2,2,2,2,2,2,2,2,4),
(0.,0.0791643643196287,0.157138872773325,0.233923507008953,0.309518244074838,0.383923054739535,
0.45713790096679,0.5291627319786,0.599997477839088,0.669642038413869,0.738096263025901,
0.805359909474051,0.871432550814523,0.936313322147835,1.),
.UNSPECIFIED.);
#620=VECTOR('',#621,34.);
#621=DIRECTION('',(0.,0.,1.));
#622=FACE_BOUND('',#623,.T.);
#623=EDGE_LOOP('',(#2597,#2598,#2599,#2600));
#624=SURFACE_OF_LINEAR_EXTRUSION('',#625,#626);
#625=B_SPLINE_CURVE_WITH_KNOTS('',3,
(#2601,#2602,#2603,#2604,#2605,#2606,#2607,#2608,#2609,#2610,#2611,#2612,#2613,#2614,
#2615,#2616,#2617,#2618,#2619,#2620,#2621,#2622,#2623,#2624,#2625,#2626,#2627,#2628,
#2629,#2630),
.UNSPECIFIED.,.F.,.F.,
(4,2,2,2,2,2,2,2,2,2,2,2,2,2,4),
(0.,0.0684364895459459,0.136903904609257,0.20543536139604,0.274068693079301,0.342849737544878,
0.411837031360814,0.481109002798209,0.550775666282663,0.620998739322871,0.692028404768448,
0.764275376683528,0.838464877200103,0.916004082576885,1.),
.UNSPECIFIED.);
#626=VECTOR('',#627,34.);
#627=DIRECTION('',(0.,0.,1.));
#628=FACE_BOUND('',#629,.T.);
#629=EDGE_LOOP('',(#2631,#2632,#2633,#2634));
#630=CYLINDRICAL_SURFACE('',#631,10.48425);
#631=AXIS2_PLACEMENT_3D('',#632,#633,#634);
#632=CARTESIAN_POINT('',(0.,0.,0.));
#633=DIRECTION('',(0.,0.,-1.));
#634=DIRECTION('',(0.96852480128748,0.248917073120845,0.));
#635=FACE_BOUND('',#636,.T.);
#636=EDGE_LOOP('',(#2635,#2636,#2637,#2638));
#637=SURFACE_OF_LINEAR_EXTRUSION('',#638,#639);
#638=B_SPLINE_CURVE_WITH_KNOTS('',3,
(#2639,#2640,#2641,#2642,#2643,#2644,#2645,#2646,#2647,#2648,#2649,#2650,#2651,#2652,
#2653,#2654,#2655,#2656,#2657,#2658,#2659,#2660,#2661,#2662,#2663,#2664,#2665,#2666,
#2667,#2668),
.UNSPECIFIED.,.F.,.F.,
(4,2,2,2,2,2,2,2,2,2,2,2,2,2,4),
(0.,0.0839959174230824,0.161535122799846,0.235724623316405,0.307971595231485,0.379001260677067,
0.449224333717288,0.518890997201741,0.588162968639136,0.657150262455076,0.725931306920668,
0.794564638603943,0.863096095390739,0.931563510454054,1.),
.UNSPECIFIED.);
#639=VECTOR('',#640,34.);
#640=DIRECTION('',(0.,0.,1.));
#641=ORIENTED_EDGE('',*,*,#2669,.T.);
#642=ORIENTED_EDGE('',*,*,#2670,.F.);
#643=ORIENTED_EDGE('',*,*,#2671,.T.);
#644=ORIENTED_EDGE('',*,*,#2672,.T.);
#645=ORIENTED_EDGE('',*,*,#2673,.T.);
#646=ORIENTED_EDGE('',*,*,#2674,.T.);
#647=ORIENTED_EDGE('',*,*,#2675,.T.);
#648=ORIENTED_EDGE('',*,*,#2676,.F.);
#649=ORIENTED_EDGE('',*,*,#2677,.T.);
#650=ORIENTED_EDGE('',*,*,#2678,.F.);
#651=ORIENTED_EDGE('',*,*,#2679,.T.);
#652=ORIENTED_EDGE('',*,*,#2680,.T.);
#653=ORIENTED_EDGE('',*,*,#2681,.T.);
#654=ORIENTED_EDGE('',*,*,#2682,.F.);
#655=ORIENTED_EDGE('',*,*,#2683,.T.);
#656=ORIENTED_EDGE('',*,*,#2684,.T.);
#657=ORIENTED_EDGE('',*,*,#2685,.T.);
#658=ORIENTED_EDGE('',*,*,#2686,.F.);
#659=ORIENTED_EDGE('',*,*,#2687,.T.);
#660=ORIENTED_EDGE('',*,*,#2688,.T.);
#661=ORIENTED_EDGE('',*,*,#2689,.T.);
#662=ORIENTED_EDGE('',*,*,#2690,.F.);
#663=ORIENTED_EDGE('',*,*,#2691,.T.);
#664=ORIENTED_EDGE('',*,*,#2692,.T.);
#665=ORIENTED_EDGE('',*,*,#2693,.T.);
#666=ORIENTED_EDGE('',*,*,#2694,.F.);
#667=ORIENTED_EDGE('',*,*,#2695,.T.);
#668=ORIENTED_EDGE('',*,*,#2696,.T.);
#669=ORIENTED_EDGE('',*,*,#2697,.T.);
#670=ORIENTED_EDGE('',*,*,#2698,.F.);
#671=ORIENTED_EDGE('',*,*,#2699,.T.);
#672=ORIENTED_EDGE('',*,*,#2700,.T.);
#673=ORIENTED_EDGE('',*,*,#2701,.T.);
#674=ORIENTED_EDGE('',*,*,#2702,.F.);
#675=ORIENTED_EDGE('',*,*,#2703,.T.);
#676=ORIENTED_EDGE('',*,*,#2704,.T.);
#677=ORIENTED_EDGE('',*,*,#2705,.T.);
#678=ORIENTED_EDGE('',*,*,#2706,.F.);
#679=ORIENTED_EDGE('',*,*,#2707,.T.);
#680=ORIENTED_EDGE('',*,*,#2708,.T.);
#681=ORIENTED_EDGE('',*,*,#2709,.T.);
#682=ORIENTED_EDGE('',*,*,#2710,.F.);
#683=ORIENTED_EDGE('',*,*,#2711,.T.);
#684=ORIENTED_EDGE('',*,*,#2712,.T.);
#685=ORIENTED_EDGE('',*,*,#2713,.T.);
#686=ORIENTED_EDGE('',*,*,#2714,.F.);
#687=ORIENTED_EDGE('',*,*,#2715,.T.);
#688=ORIENTED_EDGE('',*,*,#2716,.T.);
#689=ORIENTED_EDGE('',*,*,#2717,.T.);
#690=ORIENTED_EDGE('',*,*,#2718,.F.);
#691=ORIENTED_EDGE('',*,*,#2719,.T.);
#692=ORIENTED_EDGE('',*,*,#2720,.T.);
#693=ORIENTED_EDGE('',*,*,#2721,.T.);
#694=ORIENTED_EDGE('',*,*,#2722,.T.);
#695=ORIENTED_EDGE('',*,*,#2676,.T.);
#696=ORIENTED_EDGE('',*,*,#2723,.T.);
#697=ORIENTED_EDGE('',*,*,#2724,.T.);
#698=ORIENTED_EDGE('',*,*,#2725,.T.);
#699=ORIENTED_EDGE('',*,*,#2726,.T.);
#700=ORIENTED_EDGE('',*,*,#2727,.T.);
#701=ORIENTED_EDGE('',*,*,#2718,.T.);
#702=ORIENTED_EDGE('',*,*,#2728,.T.);
#703=ORIENTED_EDGE('',*,*,#2729,.T.);
#704=ORIENTED_EDGE('',*,*,#2730,.T.);
#705=ORIENTED_EDGE('',*,*,#2731,.T.);
#706=ORIENTED_EDGE('',*,*,#2732,.T.);
#707=ORIENTED_EDGE('',*,*,#2714,.T.);
#708=ORIENTED_EDGE('',*,*,#2733,.T.);
#709=ORIENTED_EDGE('',*,*,#2734,.T.);
#710=ORIENTED_EDGE('',*,*,#2735,.T.);
#711=ORIENTED_EDGE('',*,*,#2736,.T.);
#712=ORIENTED_EDGE('',*,*,#2737,.T.);
#713=ORIENTED_EDGE('',*,*,#2710,.T.);
#714=ORIENTED_EDGE('',*,*,#2738,.T.);
#715=ORIENTED_EDGE('',*,*,#2739,.T.);
#716=ORIENTED_EDGE('',*,*,#2740,.T.);
#717=ORIENTED_EDGE('',*,*,#2741,.T.);
#718=ORIENTED_EDGE('',*,*,#2742,.T.);
#719=ORIENTED_EDGE('',*,*,#2706,.T.);
#720=ORIENTED_EDGE('',*,*,#2743,.T.);
#721=ORIENTED_EDGE('',*,*,#2744,.T.);
#722=ORIENTED_EDGE('',*,*,#2745,.T.);
#723=ORIENTED_EDGE('',*,*,#2746,.T.);
#724=ORIENTED_EDGE('',*,*,#2747,.T.);
#725=ORIENTED_EDGE('',*,*,#2702,.T.);
#726=ORIENTED_EDGE('',*,*,#2748,.T.);
#727=ORIENTED_EDGE('',*,*,#2749,.T.);
#728=ORIENTED_EDGE('',*,*,#2750,.T.);
#729=ORIENTED_EDGE('',*,*,#2751,.T.);
#730=ORIENTED_EDGE('',*,*,#2752,.T.);
#731=ORIENTED_EDGE('',*,*,#2698,.T.);
#732=ORIENTED_EDGE('',*,*,#2753,.T.);
#733=ORIENTED_EDGE('',*,*,#2754,.T.);
#734=ORIENTED_EDGE('',*,*,#2755,.T.);
#735=ORIENTED_EDGE('',*,*,#2756,.T.);
#736=ORIENTED_EDGE('',*,*,#2757,.T.);
#737=ORIENTED_EDGE('',*,*,#2694,.T.);
#738=ORIENTED_EDGE('',*,*,#2758,.T.);
#739=ORIENTED_EDGE('',*,*,#2759,.T.);
#740=ORIENTED_EDGE('',*,*,#2760,.T.);
#741=ORIENTED_EDGE('',*,*,#2761,.T.);
#742=ORIENTED_EDGE('',*,*,#2762,.T.);
#743=ORIENTED_EDGE('',*,*,#2690,.T.);
#744=ORIENTED_EDGE('',*,*,#2763,.T.);
#745=ORIENTED_EDGE('',*,*,#2764,.T.);
#746=ORIENTED_EDGE('',*,*,#2765,.T.);
#747=ORIENTED_EDGE('',*,*,#2766,.T.);
#748=ORIENTED_EDGE('',*,*,#2767,.T.);
#749=ORIENTED_EDGE('',*,*,#2686,.T.);
#750=ORIENTED_EDGE('',*,*,#2768,.T.);
#751=ORIENTED_EDGE('',*,*,#2769,.T.);
#752=ORIENTED_EDGE('',*,*,#2770,.T.);
#753=ORIENTED_EDGE('',*,*,#2771,.T.);
#754=ORIENTED_EDGE('',*,*,#2772,.T.);
#755=ORIENTED_EDGE('',*,*,#2682,.T.);
#756=ORIENTED_EDGE('',*,*,#2773,.T.);
#757=ORIENTED_EDGE('',*,*,#2774,.T.);
#758=ORIENTED_EDGE('',*,*,#2775,.T.);
#759=ORIENTED_EDGE('',*,*,#2776,.T.);
#760=ORIENTED_EDGE('',*,*,#2777,.T.);
#761=ORIENTED_EDGE('',*,*,#2678,.T.);
#762=ORIENTED_EDGE('',*,*,#2778,.T.);
#763=ORIENTED_EDGE('',*,*,#2779,.T.);
#764=ORIENTED_EDGE('',*,*,#2780,.T.);
#765=ORIENTED_EDGE('',*,*,#2781,.T.);
#766=ORIENTED_EDGE('',*,*,#2782,.T.);
#767=ORIENTED_EDGE('',*,*,#2670,.T.);
#768=ORIENTED_EDGE('',*,*,#2783,.T.);
#769=ORIENTED_EDGE('',*,*,#2784,.T.);
#770=ORIENTED_EDGE('',*,*,#2785,.T.);
#771=ORIENTED_EDGE('',*,*,#2786,.T.);
#772=ORIENTED_EDGE('',*,*,#2787,.T.);
#773=ORIENTED_EDGE('',*,*,#2788,.T.);
#774=ORIENTED_EDGE('',*,*,#2789,.T.);
#775=ORIENTED_EDGE('',*,*,#2672,.F.);
#776=ORIENTED_EDGE('',*,*,#2790,.T.);
#777=ORIENTED_EDGE('',*,*,#2791,.T.);
#778=ORIENTED_EDGE('',*,*,#2792,.T.);
#779=ORIENTED_EDGE('',*,*,#2793,.T.);
#780=ORIENTED_EDGE('',*,*,#2794,.T.);
#781=ORIENTED_EDGE('',*,*,#2680,.F.);
#782=ORIENTED_EDGE('',*,*,#2795,.T.);
#783=ORIENTED_EDGE('',*,*,#2796,.T.);
#784=ORIENTED_EDGE('',*,*,#2797,.T.);
#785=ORIENTED_EDGE('',*,*,#2798,.T.);
#786=ORIENTED_EDGE('',*,*,#2799,.T.);
#787=ORIENTED_EDGE('',*,*,#2684,.F.);
#788=ORIENTED_EDGE('',*,*,#2800,.T.);
#789=ORIENTED_EDGE('',*,*,#2801,.T.);
#790=ORIENTED_EDGE('',*,*,#2802,.T.);
#791=ORIENTED_EDGE('',*,*,#2803,.T.);
#792=ORIENTED_EDGE('',*,*,#2804,.T.);
#793=ORIENTED_EDGE('',*,*,#2688,.F.);
#794=ORIENTED_EDGE('',*,*,#2805,.T.);
#795=ORIENTED_EDGE('',*,*,#2806,.T.);
#796=ORIENTED_EDGE('',*,*,#2807,.T.);
#797=ORIENTED_EDGE('',*,*,#2808,.T.);
#798=ORIENTED_EDGE('',*,*,#2809,.T.);
#799=ORIENTED_EDGE('',*,*,#2692,.F.);
#800=ORIENTED_EDGE('',*,*,#2810,.T.);
#801=ORIENTED_EDGE('',*,*,#2811,.T.);
#802=ORIENTED_EDGE('',*,*,#2812,.T.);
#803=ORIENTED_EDGE('',*,*,#2813,.T.);
#804=ORIENTED_EDGE('',*,*,#2814,.T.);
#805=ORIENTED_EDGE('',*,*,#2696,.F.);
#806=ORIENTED_EDGE('',*,*,#2815,.T.);
#807=ORIENTED_EDGE('',*,*,#2816,.T.);
#808=ORIENTED_EDGE('',*,*,#2817,.T.);
#809=ORIENTED_EDGE('',*,*,#2818,.T.);
#810=ORIENTED_EDGE('',*,*,#2819,.T.);
#811=ORIENTED_EDGE('',*,*,#2700,.F.);
#812=ORIENTED_EDGE('',*,*,#2820,.T.);
#813=ORIENTED_EDGE('',*,*,#2821,.T.);
#814=ORIENTED_EDGE('',*,*,#2822,.T.);
#815=ORIENTED_EDGE('',*,*,#2823,.T.);
#816=ORIENTED_EDGE('',*,*,#2824,.T.);
#817=ORIENTED_EDGE('',*,*,#2704,.F.);
#818=ORIENTED_EDGE('',*,*,#2825,.T.);
#819=ORIENTED_EDGE('',*,*,#2826,.T.);
#820=ORIENTED_EDGE('',*,*,#2827,.T.);
#821=ORIENTED_EDGE('',*,*,#2828,.T.);
#822=ORIENTED_EDGE('',*,*,#2829,.T.);
#823=ORIENTED_EDGE('',*,*,#2708,.F.);
#824=ORIENTED_EDGE('',*,*,#2830,.T.);
#825=ORIENTED_EDGE('',*,*,#2831,.T.);
#826=ORIENTED_EDGE('',*,*,#2832,.T.);
#827=ORIENTED_EDGE('',*,*,#2833,.T.);
#828=ORIENTED_EDGE('',*,*,#2834,.T.);
#829=ORIENTED_EDGE('',*,*,#2712,.F.);
#830=ORIENTED_EDGE('',*,*,#2835,.T.);
#831=ORIENTED_EDGE('',*,*,#2836,.T.);
#832=ORIENTED_EDGE('',*,*,#2837,.T.);
#833=ORIENTED_EDGE('',*,*,#2838,.T.);
#834=ORIENTED_EDGE('',*,*,#2839,.T.);
#835=ORIENTED_EDGE('',*,*,#2716,.F.);
#836=ORIENTED_EDGE('',*,*,#2840,.T.);
#837=ORIENTED_EDGE('',*,*,#2841,.T.);
#838=ORIENTED_EDGE('',*,*,#2842,.T.);
#839=ORIENTED_EDGE('',*,*,#2843,.T.);
#840=ORIENTED_EDGE('',*,*,#2844,.T.);
#841=ORIENTED_EDGE('',*,*,#2720,.F.);
#842=ORIENTED_EDGE('',*,*,#2845,.T.);
#843=ORIENTED_EDGE('',*,*,#2846,.T.);
#844=ORIENTED_EDGE('',*,*,#2847,.T.);
#845=ORIENTED_EDGE('',*,*,#2848,.T.);
#846=ORIENTED_EDGE('',*,*,#2849,.T.);
#847=ORIENTED_EDGE('',*,*,#2674,.F.);
#848=ORIENTED_EDGE('',*,*,#2850,.T.);
#849=ORIENTED_EDGE('',*,*,#2840,.F.);
#850=ORIENTED_EDGE('',*,*,#2715,.F.);
#851=ORIENTED_EDGE('',*,*,#2732,.F.);
#852=ORIENTED_EDGE('',*,*,#2851,.F.);
#853=CARTESIAN_POINT('',(8.3417144912406,11.1112121456944,0.));
#854=CARTESIAN_POINT('',(8.34611863718466,11.0221659942584,0.));
#855=CARTESIAN_POINT('',(8.34912900052253,10.9330943900622,0.));
#856=CARTESIAN_POINT('',(8.35233786446153,10.7562394223267,0.));
#857=CARTESIAN_POINT('',(8.35263342070061,10.6684135697668,0.));
#858=CARTESIAN_POINT('',(8.3503160592856,10.4942247319311,0.));
#859=CARTESIAN_POINT('',(8.34785978778787,10.4077711767302,0.));
#860=CARTESIAN_POINT('',(8.34004404032438,10.2364250947116,0.));
#861=CARTESIAN_POINT('',(8.3348491691367,10.1514328840012,0.));
#862=CARTESIAN_POINT('',(8.32155613629498,9.98311297644912,0.));
#863=CARTESIAN_POINT('',(8.31363222976551,9.89967481452319,0.));
#864=CARTESIAN_POINT('',(8.29487383367587,9.73457358449796,0.));
#865=CARTESIAN_POINT('',(8.284225499636,9.65278705155637,0.));
#866=CARTESIAN_POINT('',(8.26000117296325,9.49110924258184,0.));
#867=CARTESIAN_POINT('',(8.24662631409561,9.41107846628341,0.));
#868=CARTESIAN_POINT('',(8.21691837018138,9.25304552713488,0.));
#869=CARTESIAN_POINT('',(8.200805754698,9.17488353057655,0.));
#870=CARTESIAN_POINT('',(8.16557267459063,9.02074014686839,0.));
#871=CARTESIAN_POINT('',(8.14669845665281,8.94457224090039,0.));
#872=CARTESIAN_POINT('',(8.10586470948024,8.79459630585305,0.));
#873=CARTESIAN_POINT('',(8.08418727202402,8.72056515162882,0.));
#874=CARTESIAN_POINT('',(8.03762696680024,8.57508385595101,0.));
#875=CARTESIAN_POINT('',(8.01307900338566,8.50335728407587,0.));
#876=CARTESIAN_POINT('',(7.96058753755311,8.36277511176516,0.));
#877=CARTESIAN_POINT('',(7.93306361847336,8.29355848606601,0.));
#878=CARTESIAN_POINT('',(7.87430280123508,8.15841151717414,0.));
#879=CARTESIAN_POINT('',(7.84364134634642,8.09196598303931,0.));
#880=CARTESIAN_POINT('',(7.7780128504643,7.96304726358872,0.));
#881=CARTESIAN_POINT('',(7.7434274218816,7.90024258629178,0.));
#882=CARTESIAN_POINT('',(7.70676604438345,7.83849391343951,0.));
#883=ORIENTED_EDGE('',*,*,#2844,.F.);
#884=ORIENTED_EDGE('',*,*,#2852,.T.);
#885=ORIENTED_EDGE('',*,*,#2728,.F.);
#886=ORIENTED_EDGE('',*,*,#2717,.F.);
#887=CARTESIAN_POINT('',(8.71029046192942,6.70574900832945,0.));
#888=CARTESIAN_POINT('',(8.77600795817086,6.73470010307273,0.));
#889=CARTESIAN_POINT('',(8.84252353140496,6.76146309763539,0.));
#890=CARTESIAN_POINT('',(8.9784129292647,6.81107365342593,0.));
#891=CARTESIAN_POINT('',(9.0480698306286,6.83350242768426,0.));
#892=CARTESIAN_POINT('',(9.18931425979401,6.87554464542916,0.));
#893=CARTESIAN_POINT('',(9.26134386019417,6.89452474186933,0.));
#894=CARTESIAN_POINT('',(9.40722817722019,6.92968817746231,0.));
#895=CARTESIAN_POINT('',(9.48139071164629,6.94541147572507,0.));
#896=CARTESIAN_POINT('',(9.63142350950429,6.97409647148118,0.));
#897=CARTESIAN_POINT('',(9.70752781960981,6.98669238644602,0.));
#898=CARTESIAN_POINT('',(9.86133222555903,7.00915080829811,0.));
#899=CARTESIAN_POINT('',(9.93921981730758,7.01870638540927,0.));
#900=CARTESIAN_POINT('',(10.0964862007095,7.03510264493816,0.));
#901=CARTESIAN_POINT('',(10.1760204694907,7.04167639372617,0.));
#902=CARTESIAN_POINT('',(10.3364820675199,7.05211896742508,0.));
#903=CARTESIAN_POINT('',(10.4175414904391,7.05574966441952,0.));
#904=CARTESIAN_POINT('',(10.5809604060714,7.06030926211187,0.));
#905=CARTESIAN_POINT('',(10.6634341379397,7.06102168063723,0.));
#906=CARTESIAN_POINT('',(10.8295926689018,7.05974255272596,0.));
#907=CARTESIAN_POINT('',(10.9133775940718,7.05755132601013,0.));
#908=CARTESIAN_POINT('',(11.0820725580354,7.05045871479856,0.));
#909=CARTESIAN_POINT('',(11.1670712523641,7.04537103059978,0.));
#910=CARTESIAN_POINT('',(11.3381101127789,7.03247630456321,0.));
#911=CARTESIAN_POINT('',(11.4242293950362,7.02449384253602,0.));
#912=CARTESIAN_POINT('',(11.5974275271765,7.00579816352695,0.));
#913=CARTESIAN_POINT('',(11.6845774050201,6.99491852551746,0.));
#914=CARTESIAN_POINT('',(11.8597561151129,6.97041554711192,0.));
#915=CARTESIAN_POINT('',(11.9478154278255,6.95669073723735,0.));
#916=CARTESIAN_POINT('',(12.0356814714288,6.94158537499224,0.));
#917=ORIENTED_EDGE('',*,*,#2843,.F.);
#918=ORIENTED_EDGE('',*,*,#2853,.T.);
#919=ORIENTED_EDGE('',*,*,#2729,.F.);
#920=ORIENTED_EDGE('',*,*,#2852,.F.);
#921=CARTESIAN_POINT('',(7.91602320362214,6.87430539779954,0.));
#922=CARTESIAN_POINT('',(7.9290818241058,6.85927333468738,0.));
#923=CARTESIAN_POINT('',(7.94275314244922,6.84487731659789,0.));
#924=CARTESIAN_POINT('',(7.97132762960793,6.81735115251986,0.));
#925=CARTESIAN_POINT('',(7.98629051821408,6.80416973212436,0.));
#926=CARTESIAN_POINT('',(8.01722059379614,6.77927589191033,0.));
#927=CARTESIAN_POINT('',(8.03331175810469,6.76746655441677,0.));
#928=CARTESIAN_POINT('',(8.06637379064169,6.74539643068027,0.));
#929=CARTESIAN_POINT('',(8.08347787508323,6.73505100376995,0.));
#930=CARTESIAN_POINT('',(8.11843732441647,6.7159781534598,0.));
#931=CARTESIAN_POINT('',(8.13643427962542,6.7071794061887,0.));
#932=CARTESIAN_POINT('',(8.17304920822189,6.69125916989757,0.));
#933=CARTESIAN_POINT('',(8.19181627388079,6.68408083722567,0.));
#934=CARTESIAN_POINT('',(8.2298420022743,6.67145081807086,0.));
#935=CARTESIAN_POINT('',(8.24925638028034,6.6659581698276,0.));
#936=CARTESIAN_POINT('',(8.28845199283408,6.65674005566449,0.));
#937=CARTESIAN_POINT('',(8.30839466871566,6.65299135700219,0.));
#938=CARTESIAN_POINT('',(8.34853275807816,6.64729504345312,0.));
#939=CARTESIAN_POINT('',(8.36889437873708,6.64534460770739,0.));
#940=CARTESIAN_POINT('',(8.40977689720164,6.64327662543596,0.));
#941=CARTESIAN_POINT('',(8.43046760557525,6.64318096680571,0.));
#942=CARTESIAN_POINT('',(8.47195416473641,6.6448617234567,0.));
#943=CARTESIAN_POINT('',(8.49292166091748,6.64669231879824,0.));
#944=CARTESIAN_POINT('',(8.53498558725595,6.65229329258559,0.));
#945=CARTESIAN_POINT('',(8.55625191058492,6.65616497546679,0.));
#946=CARTESIAN_POINT('',(8.59910547933752,6.66599681385734,0.));
#947=CARTESIAN_POINT('',(8.62085146699532,6.67213816347422,0.));
#948=CARTESIAN_POINT('',(8.66527099584686,6.68689042142067,0.));
#949=CARTESIAN_POINT('',(8.68797665446504,6.69573360367136,0.));
#950=CARTESIAN_POINT('',(8.71029046192942,6.70574900832945,0.));
#951=ORIENTED_EDGE('',*,*,#2842,.F.);
#952=ORIENTED_EDGE('',*,*,#2854,.T.);
#953=ORIENTED_EDGE('',*,*,#2730,.F.);
#954=ORIENTED_EDGE('',*,*,#2853,.F.);
#955=ORIENTED_EDGE('',*,*,#2841,.F.);
#956=ORIENTED_EDGE('',*,*,#2851,.T.);
#957=ORIENTED_EDGE('',*,*,#2731,.F.);
#958=ORIENTED_EDGE('',*,*,#2854,.F.);
#959=CARTESIAN_POINT('',(7.70676604438345,7.83849391343951,0.));
#960=CARTESIAN_POINT('',(7.69413403102606,7.81755002238361,0.));
#961=CARTESIAN_POINT('',(7.6826184608177,7.79607584141249,0.));
#962=CARTESIAN_POINT('',(7.66261958089499,7.75375836913745,0.));
#963=CARTESIAN_POINT('',(7.65390181947024,7.73291119210863,0.));
#964=CARTESIAN_POINT('',(7.63897623933672,7.69155517128156,0.));
#965=CARTESIAN_POINT('',(7.63256941336754,7.67091058319495,0.));
#966=CARTESIAN_POINT('',(7.62193903094591,7.62982847302587,0.));
#967=CARTESIAN_POINT('',(7.61759443032255,7.60923450738466,0.));
#968=CARTESIAN_POINT('',(7.6109252761634,7.56825302477661,0.));
#969=CARTESIAN_POINT('',(7.60852624803506,7.54770164458903,0.));
#970=CARTESIAN_POINT('',(7.60565130933118,7.50686793799596,0.));
#971=CARTESIAN_POINT('',(7.60513320204548,7.48641967742699,0.));
#972=CARTESIAN_POINT('',(7.60594987101174,7.44588762520259,0.));
#973=CARTESIAN_POINT('',(7.60726741349395,7.42563849818966,0.));
#974=CARTESIAN_POINT('',(7.61169380820831,7.38561754490242,0.));
#975=CARTESIAN_POINT('',(7.61480626418763,7.36568265398567,0.));
#976=CARTESIAN_POINT('',(7.6227607012178,7.32641179538492,0.));
#977=CARTESIAN_POINT('',(7.62762457596976,7.3069163103745,0.));
#978=CARTESIAN_POINT('',(7.63901529387289,7.26864937340091,0.));
#979=CARTESIAN_POINT('',(7.64558059513428,7.24972306447177,0.));
#980=CARTESIAN_POINT('',(7.66030048692532,7.21271953082569,0.));
#981=CARTESIAN_POINT('',(7.66850881446814,7.19449315100166,0.));
#982=CARTESIAN_POINT('',(7.6864328345093,7.15901191845844,0.));
#983=CARTESIAN_POINT('',(7.69621649310918,7.14161461851728,0.));
#984=CARTESIAN_POINT('',(7.71720062056932,7.10790943715224,0.));
#985=CARTESIAN_POINT('',(7.72848235664953,7.09146680019525,0.));
#986=CARTESIAN_POINT('',(7.75236355017756,7.05978274078187,0.));
#987=CARTESIAN_POINT('',(7.76500670975885,7.04447585351233,0.));
#988=CARTESIAN_POINT('',(7.77835512944448,7.02970053008979,0.));
#989=ORIENTED_EDGE('',*,*,#2835,.F.);
#990=ORIENTED_EDGE('',*,*,#2711,.F.);
#991=ORIENTED_EDGE('',*,*,#2737,.F.);
#992=ORIENTED_EDGE('',*,*,#2855,.F.);
#993=CARTESIAN_POINT('',(2.22258360694934,13.715077765369,0.));
#994=CARTESIAN_POINT('',(2.26786509446698,13.6382780226921,0.));
#995=CARTESIAN_POINT('',(2.31192427726498,13.5608080196414,0.));
#996=CARTESIAN_POINT('',(2.39695418677304,13.4057019562216,0.));
#997=CARTESIAN_POINT('',(2.43803059761493,13.3280733776973,0.));
#998=CARTESIAN_POINT('',(2.51692826524002,13.1727598900865,0.));
#999=CARTESIAN_POINT('',(2.55493031524913,13.095067582413,0.));
#1000=CARTESIAN_POINT('',(2.62763830931555,12.9397160026644,0.));
#1001=CARTESIAN_POINT('',(2.66253632908026,12.8620449605406,0.));
#1002=CARTESIAN_POINT('',(2.7289880944071,12.7068275037729,0.));
#1003=CARTESIAN_POINT('',(2.76074747090358,12.6292642575488,0.));
#1004=CARTESIAN_POINT('',(2.82086410338007,12.474356917247,0.));
#1005=CARTESIAN_POINT('',(2.84944356886038,12.3969900112646,0.));
#1006=CARTESIAN_POINT('',(2.90312941707633,12.2425738151617,0.));
#1007=CARTESIAN_POINT('',(2.92847872392225,12.1654944752119,0.));
#1008=CARTESIAN_POINT('',(2.97561521474213,12.0117572870605,0.));
#1009=CARTESIAN_POINT('',(2.9976718932472,11.9350603704534,0.));
#1010=CARTESIAN_POINT('',(3.03810855239022,11.7821995537861,0.));
#1011=CARTESIAN_POINT('',(3.05679325325706,11.7059849360554,0.));
#1012=CARTESIAN_POINT('',(3.09033405803855,11.5542114521523,0.));
#1013=CARTESIAN_POINT('',(3.10554363324336,11.478586113062,0.));
#1014=CARTESIAN_POINT('',(3.13192505962714,11.3281311704493,0.));
#1015=CARTESIAN_POINT('',(3.14352191750583,11.2532124377578,0.));
#1016=CARTESIAN_POINT('',(3.16237482583806,11.1043391056789,0.));
#1017=CARTESIAN_POINT('',(3.17017017569238,11.0302598243964,0.));
#1018=CARTESIAN_POINT('',(3.18094598407197,10.8832856130635,0.));
#1019=CARTESIAN_POINT('',(3.18467539347679,10.8102019259107,0.));
#1020=CARTESIAN_POINT('',(3.18647576258231,10.6655509861709,0.));
#1021=CARTESIAN_POINT('',(3.18503867529658,10.5938675561417,0.));
#1022=CARTESIAN_POINT('',(3.1812726767995,10.5221544300461,0.));
#1023=ORIENTED_EDGE('',*,*,#2839,.F.);
#1024=ORIENTED_EDGE('',*,*,#2856,.T.);
#1025=ORIENTED_EDGE('',*,*,#2733,.F.);
#1026=ORIENTED_EDGE('',*,*,#2713,.F.);
#1027=CARTESIAN_POINT('',(4.59626222462486,9.98551967883377,0.));
#1028=CARTESIAN_POINT('',(4.64099793307945,10.0416950434356,0.));
#1029=CARTESIAN_POINT('',(4.68745716447282,10.0963038264192,0.));
#1030=CARTESIAN_POINT('',(4.78472607577628,10.2033827440005,0.));
#1031=CARTESIAN_POINT('',(4.83598102769889,10.2556136134721,0.));
#1032=CARTESIAN_POINT('',(4.94150876580318,10.3584797076614,0.));
#1033=CARTESIAN_POINT('',(4.99646731887952,10.4087595728009,0.));
#1034=CARTESIAN_POINT('',(5.10930020310979,10.5076910712891,0.));
#1035=CARTESIAN_POINT('',(5.16766088505144,10.5560784087243,0.));
#1036=CARTESIAN_POINT('',(5.28717774774257,10.6512014287936,0.));
#1037=CARTESIAN_POINT('',(5.34871115414643,10.6977219939962,0.));
#1038=CARTESIAN_POINT('',(5.47446124312398,10.7890844103589,0.));
#1039=CARTESIAN_POINT('',(5.53898658245554,10.8337416223908,0.));
#1040=CARTESIAN_POINT('',(5.67061932753353,10.9213451217392,0.));
#1041=CARTESIAN_POINT('',(5.73798845168284,10.9641273048889,0.));
#1042=CARTESIAN_POINT('',(5.87521723457005,11.0479439675212,0.));
#1043=CARTESIAN_POINT('',(5.94530452000584,11.0888289821953,0.));
#1044=CARTESIAN_POINT('',(6.08788583285534,11.1688108622911,0.));
#1045=CARTESIAN_POINT('',(6.16058161829926,11.2077691318513,0.));
#1046=CARTESIAN_POINT('',(6.30830213113372,11.2838542399055,0.));
#1047=CARTESIAN_POINT('',(6.38350831181446,11.3208508012009,0.));
#1048=CARTESIAN_POINT('',(6.53617638493371,11.392967064627,0.));
#1049=CARTESIAN_POINT('',(6.61380335573895,11.4279630068446,0.));
#1050=CARTESIAN_POINT('',(6.77124322330039,11.496031015731,0.));
#1051=CARTESIAN_POINT('',(6.85120769577411,11.5289845226543,0.));
#1052=CARTESIAN_POINT('',(7.01325534076219,11.5929195063823,0.));
#1053=CARTESIAN_POINT('',(7.09547874512016,11.6237866330246,0.));
#1054=CARTESIAN_POINT('',(7.26197889138713,11.6834999289778,0.));
#1055=CARTESIAN_POINT('',(7.346329777624,11.7122704165052,0.));
#1056=CARTESIAN_POINT('',(7.43115110724026,11.7397286689839,0.));
#1057=ORIENTED_EDGE('',*,*,#2838,.F.);
#1058=ORIENTED_EDGE('',*,*,#2857,.T.);
#1059=ORIENTED_EDGE('',*,*,#2734,.F.);
#1060=ORIENTED_EDGE('',*,*,#2856,.F.);
#1061=CARTESIAN_POINT('',(3.81464143479484,9.76565454982135,0.));
#1062=CARTESIAN_POINT('',(3.83319001704067,9.75841296249436,0.));
#1063=CARTESIAN_POINT('',(3.85198553143782,9.75201929995818,0.));
#1064=CARTESIAN_POINT('',(3.89007902955699,9.74092531842409,0.));
#1065=CARTESIAN_POINT('',(3.90945372093272,9.73620735136422,0.));
#1066=CARTESIAN_POINT('',(3.94840968711938,9.72853887338111,0.));
#1067=CARTESIAN_POINT('',(3.9681457782959,9.72556016125781,0.));
#1068=CARTESIAN_POINT('',(4.00767725213636,9.72138272984322,0.));
#1069=CARTESIAN_POINT('',(4.02762992637831,9.7201709736241,0.));
#1070=CARTESIAN_POINT('',(4.06744857693999,9.71952926957764,0.));
#1071=CARTESIAN_POINT('',(4.08747307111501,9.72010196790008,0.));
#1072=CARTESIAN_POINT('',(4.12729248297851,9.72302110450778,0.));
#1073=CARTESIAN_POINT('',(4.14724583187929,9.72538649687227,0.));
#1074=CARTESIAN_POINT('',(4.18678540477977,9.73187460742583,0.));
#1075=CARTESIAN_POINT('',(4.20652854368406,9.73603342027226,0.));
#1076=CARTESIAN_POINT('',(4.24551840625308,9.74608629493755,0.));
#1077=CARTESIAN_POINT('',(4.26491887591345,9.75203481071339,0.));
#1078=CARTESIAN_POINT('',(4.30310659789916,9.76564407576567,0.));
#1079=CARTESIAN_POINT('',(4.32204233029029,9.77337956762253,0.));
#1080=CARTESIAN_POINT('',(4.35920304188952,9.79054751392134,0.));
#1081=CARTESIAN_POINT('',(4.37756820907605,9.80007826403799,0.));
#1082=CARTESIAN_POINT('',(4.41352164630664,9.82084626551283,0.));
#1083=CARTESIAN_POINT('',(4.43123672206918,9.83221125852361,0.));
#1084=CARTESIAN_POINT('',(4.46587957680322,9.85671875578977,0.));
#1085=CARTESIAN_POINT('',(4.48291071018865,9.8700299139615,0.));
#1086=CARTESIAN_POINT('',(4.5162865777375,9.89865062091176,0.));
#1087=CARTESIAN_POINT('',(4.5326876660683,9.91419438029922,0.));
#1088=CARTESIAN_POINT('',(4.56516348943888,9.94789964033848,0.));
#1089=CARTESIAN_POINT('',(4.58115871997228,9.96628173504468,0.));
#1090=CARTESIAN_POINT('',(4.59626222462486,9.98551967883377,0.));
#1091=ORIENTED_EDGE('',*,*,#2837,.F.);
#1092=ORIENTED_EDGE('',*,*,#2858,.T.);
#1093=ORIENTED_EDGE('',*,*,#2735,.F.);
#1094=ORIENTED_EDGE('',*,*,#2857,.F.);
#1095=ORIENTED_EDGE('',*,*,#2836,.F.);
#1096=ORIENTED_EDGE('',*,*,#2855,.T.);
#1097=ORIENTED_EDGE('',*,*,#2736,.F.);
#1098=ORIENTED_EDGE('',*,*,#2858,.F.);
#1099=CARTESIAN_POINT('',(3.1812726767995,10.5221544300461,0.));
#1100=CARTESIAN_POINT('',(3.1798206959425,10.4977391461933,0.));
#1101=CARTESIAN_POINT('',(3.17960371441062,10.4733731509413,0.));
#1102=CARTESIAN_POINT('',(3.18156149562527,10.42660894721,0.));
#1103=CARTESIAN_POINT('',(3.18353046747851,10.4040983429495,0.));
#1104=CARTESIAN_POINT('',(3.18953362379477,10.3605431421669,0.));
#1105=CARTESIAN_POINT('',(3.1934546795962,10.3392858667614,0.));
#1106=CARTESIAN_POINT('',(3.203133751978,10.2979692797266,0.));
#1107=CARTESIAN_POINT('',(3.20885729221473,10.2777151921745,0.));
#1108=CARTESIAN_POINT('',(3.22199709407117,10.2383285809833,0.));
#1109=CARTESIAN_POINT('',(3.22942356274987,10.2190163535991,0.));
#1110=CARTESIAN_POINT('',(3.24585430060537,10.1815238514126,0.));
#1111=CARTESIAN_POINT('',(3.2548983199017,10.1631770394164,0.));
#1112=CARTESIAN_POINT('',(3.27445762823801,10.1276672145348,0.));
#1113=CARTESIAN_POINT('',(3.2850344927045,10.1103497955286,0.));
#1114=CARTESIAN_POINT('',(3.30755253493612,10.0769700494804,0.));
#1115=CARTESIAN_POINT('',(3.31957268357876,10.060765010613,0.));
#1116=CARTESIAN_POINT('',(3.34486606575562,10.0296890034408,0.));
#1117=CARTESIAN_POINT('',(3.35823281659735,10.0146869640685,0.));
#1118=CARTESIAN_POINT('',(3.38610232873596,9.98609680469773,0.));
#1119=CARTESIAN_POINT('',(3.40071110861871,9.97238943804066,0.));
#1120=CARTESIAN_POINT('',(3.43094132503488,9.94646511100856,0.));
#1121=CARTESIAN_POINT('',(3.44667965916491,9.9341410531804,0.));
#1122=CARTESIAN_POINT('',(3.47903954164979,9.91105368947671,0.));
#1123=CARTESIAN_POINT('',(3.49578746952364,9.90019583827244,0.));
#1124=CARTESIAN_POINT('',(3.53003157042457,9.88010319261288,0.));
#1125=CARTESIAN_POINT('',(3.54766232602004,9.87078684481904,0.));
#1126=CARTESIAN_POINT('',(3.58353238932303,9.85383014750285,0.));
#1127=CARTESIAN_POINT('',(3.60184081636359,9.84615214116131,0.));
#1128=CARTESIAN_POINT('',(3.62052669017608,9.83927256194393,0.));
#1129=ORIENTED_EDGE('',*,*,#2830,.F.);
#1130=ORIENTED_EDGE('',*,*,#2707,.F.);
#1131=ORIENTED_EDGE('',*,*,#2742,.F.);
#1132=ORIENTED_EDGE('',*,*,#2859,.F.);
#1133=CARTESIAN_POINT('',(-4.40571439665792,13.1769843536024,0.));
#1134=CARTESIAN_POINT('',(-4.32992901065591,13.1300249151945,0.));
#1135=CARTESIAN_POINT('',(-4.25491443620609,13.0819039573734,0.));
#1136=CARTESIAN_POINT('',(-4.10754280867578,12.9840797281682,0.));
#1137=CARTESIAN_POINT('',(-4.03509565393054,12.9344321954935,0.));
#1138=CARTESIAN_POINT('',(-3.89305746209828,12.833574506389,0.));
#1139=CARTESIAN_POINT('',(-3.82330290226508,12.7824418176369,0.));
#1140=CARTESIAN_POINT('',(-3.68672769188305,12.6786739148893,0.));
#1141=CARTESIAN_POINT('',(-3.6197314969273,12.6261175410651,0.));
#1142=CARTESIAN_POINT('',(-3.48875823203772,12.5195609838542,0.));
#1143=CARTESIAN_POINT('',(-3.42459126292864,12.4656414583034,0.));
#1144=CARTESIAN_POINT('',(-3.29937159790243,12.3564154125523,0.));
#1145=CARTESIAN_POINT('',(-3.23811154402358,12.3011919593174,0.));
#1146=CARTESIAN_POINT('',(-3.1188143017606,12.1894122656964,0.));
#1147=CARTESIAN_POINT('',(-3.06054804990725,12.1329423099711,0.));
#1148=CARTESIAN_POINT('',(-2.94736552634381,12.0187202098882,0.));
#1149=CARTESIAN_POINT('',(-2.89219247308401,11.9610587125291,0.));
#1150=CARTESIAN_POINT('',(-2.78534962598569,11.8444990338286,0.));
#1151=CARTESIAN_POINT('',(-2.73338644610771,11.7856975547716,0.));
#1152=CARTESIAN_POINT('',(-2.6331548835371,11.6668959981062,0.));
#1153=CARTESIAN_POINT('',(-2.58454262605543,11.6070013279512,0.));
#1154=CARTESIAN_POINT('',(-2.49126313491796,11.4860401525776,0.));
#1155=CARTESIAN_POINT('',(-2.44617815612872,11.4250922378607,0.));
#1156=CARTESIAN_POINT('',(-2.36029984772844,11.3020328322748,0.));
#1157=CARTESIAN_POINT('',(-2.31897104964753,11.2400615659986,0.));
#1158=CARTESIAN_POINT('',(-2.24112722348727,11.1149301328098,0.));
#1159=CARTESIAN_POINT('',(-2.20386131253936,11.0519508846119,0.));
#1160=CARTESIAN_POINT('',(-2.13504452131147,10.9247055116444,0.));
#1161=CARTESIAN_POINT('',(-2.10300404792185,10.8605651388236,0.));
#1162=CARTESIAN_POINT('',(-2.07301192254739,10.7953161724364,0.));
#1163=ORIENTED_EDGE('',*,*,#2834,.F.);
#1164=ORIENTED_EDGE('',*,*,#2860,.T.);
#1165=ORIENTED_EDGE('',*,*,#2738,.F.);
#1166=ORIENTED_EDGE('',*,*,#2709,.F.);
#1167=CARTESIAN_POINT('',(-0.57071429737679,10.9777281294747,0.));
#1168=CARTESIAN_POINT('',(-0.557208788392269,11.0482586648912,0.));
#1169=CARTESIAN_POINT('',(-0.541449148857425,11.1182030222216,0.));
#1170=CARTESIAN_POINT('',(-0.505083859472417,11.2582198120165,0.));
#1171=CARTESIAN_POINT('',(-0.483972748787432,11.3282873139557,0.));
#1172=CARTESIAN_POINT('',(-0.438336834796838,11.4684119020814,0.));
#1173=CARTESIAN_POINT('',(-0.413039671231742,11.5384730247548,0.));
#1174=CARTESIAN_POINT('',(-0.359106873790721,11.6785085720884,0.));
#1175=CARTESIAN_POINT('',(-0.329917773243902,11.7484749928203,0.));
#1176=CARTESIAN_POINT('',(-0.268296718627838,11.8882444996615,0.));
#1177=CARTESIAN_POINT('',(-0.235430777774827,11.9580324142477,0.));
#1178=CARTESIAN_POINT('',(-0.166542835700851,12.0973687965686,0.));
#1179=CARTESIAN_POINT('',(-0.130161726412499,12.1668972144225,0.));
#1180=CARTESIAN_POINT('',(-0.0543180952092517,12.3056390476263,0.));
#1181=CARTESIAN_POINT('',(-0.0145475701485407,12.3748287825593,0.));
#1182=CARTESIAN_POINT('',(0.0680109372233644,12.5128181468163,0.));
#1183=CARTESIAN_POINT('',(0.111069932725758,12.5815912150261,0.));
#1184=CARTESIAN_POINT('',(0.200149982309733,12.7186724926816,0.));
#1185=CARTESIAN_POINT('',(0.246414092963303,12.7869517432184,0.));
#1186=CARTESIAN_POINT('',(0.34185559840491,12.9229709059078,0.));
#1187=CARTESIAN_POINT('',(0.391254204935142,12.9906797888785,0.));
#1188=CARTESIAN_POINT('',(0.492920971508134,13.1254839600865,0.));
#1189=CARTESIAN_POINT('',(0.545392815284821,13.1925463801052,0.));
#1190=CARTESIAN_POINT('',(0.653166113690718,13.3259835633873,0.));
#1191=CARTESIAN_POINT('',(0.708656879413407,13.3923237879577,0.));
#1192=CARTESIAN_POINT('',(0.822430874668371,13.5242427001508,0.));
#1193=CARTESIAN_POINT('',(0.880891414501788,13.5897853047202,0.));
#1194=CARTESIAN_POINT('',(1.00056981997744,13.7200352785526,0.));
#1195=CARTESIAN_POINT('',(1.06188850824009,13.7847100915114,0.));
#1196=CARTESIAN_POINT('',(1.12423357946206,13.8484416039788,0.));
#1197=ORIENTED_EDGE('',*,*,#2833,.F.);
#1198=ORIENTED_EDGE('',*,*,#2861,.T.);
#1199=ORIENTED_EDGE('',*,*,#2739,.F.);
#1200=ORIENTED_EDGE('',*,*,#2860,.F.);
#1201=CARTESIAN_POINT('',(-1.16062871533114,10.4198099333744,0.));
#1202=CARTESIAN_POINT('',(-1.14083942798102,10.4220177822187,0.));
#1203=CARTESIAN_POINT('',(-1.12122554336802,10.4250911862709,0.));
#1204=CARTESIAN_POINT('',(-1.08233979563108,10.4329708847532,0.));
#1205=CARTESIAN_POINT('',(-1.0629918097896,10.4377972004247,0.));
#1206=CARTESIAN_POINT('',(-1.02493429538142,10.4491108405633,0.));
#1207=CARTESIAN_POINT('',(-1.00607457797978,10.4556451408603,0.));
#1208=CARTESIAN_POINT('',(-0.969129847086817,10.4703174009612,0.));
#1209=CARTESIAN_POINT('',(-0.950899500257485,10.4785169141798,0.));
#1210=CARTESIAN_POINT('',(-0.915343621444288,10.4964533630607,0.));
#1211=CARTESIAN_POINT('',(-0.897878958597382,10.5062663086928,0.));
#1212=CARTESIAN_POINT('',(-0.863977210848843,10.5273560791819,0.));
#1213=CARTESIAN_POINT('',(-0.847408650475433,10.5387233136982,0.));
#1214=CARTESIAN_POINT('',(-0.815413272715972,10.5628432060225,0.));
#1215=CARTESIAN_POINT('',(-0.799864288105795,10.5757007460546,0.));
#1216=CARTESIAN_POINT('',(-0.770012283157275,10.6027216171128,0.));
#1217=CARTESIAN_POINT('',(-0.755598433516301,10.6170046140499,0.));
#1218=CARTESIAN_POINT('',(-0.728109425802361,10.6468017390895,0.));
#1219=CARTESIAN_POINT('',(-0.714937529769517,10.6624510505873,0.));
#1220=CARTESIAN_POINT('',(-0.69001169622788,10.6949219558555,0.));
#1221=CARTESIAN_POINT('',(-0.678179308706603,10.7118957347253,0.));
#1222=CARTESIAN_POINT('',(-0.655995492590233,10.7469932821676,0.));
#1223=CARTESIAN_POINT('',(-0.645591147613614,10.7652890899119,0.));
#1224=CARTESIAN_POINT('',(-0.62630562501191,10.8030887383805,0.));
#1225=CARTESIAN_POINT('',(-0.617411308981226,10.8227899459225,0.));
#1226=CARTESIAN_POINT('',(-0.601159151668751,10.8636428623871,0.));
#1227=CARTESIAN_POINT('',(-0.593860254347002,10.8850281435921,0.));
#1228=CARTESIAN_POINT('',(-0.580767956215471,10.9299649368415,0.));
#1229=CARTESIAN_POINT('',(-0.57514746831864,10.9536748276343,0.));
#1230=CARTESIAN_POINT('',(-0.57071429737679,10.9777281294747,0.));
#1231=ORIENTED_EDGE('',*,*,#2832,.F.);
#1232=ORIENTED_EDGE('',*,*,#2862,.T.);
#1233=ORIENTED_EDGE('',*,*,#2740,.F.);
#1234=ORIENTED_EDGE('',*,*,#2861,.F.);
#1235=ORIENTED_EDGE('',*,*,#2831,.F.);
#1236=ORIENTED_EDGE('',*,*,#2859,.T.);
#1237=ORIENTED_EDGE('',*,*,#2741,.F.);
#1238=ORIENTED_EDGE('',*,*,#2862,.F.);
#1239=CARTESIAN_POINT('',(-2.07301192254739,10.7953161724364,0.));
#1240=CARTESIAN_POINT('',(-2.06295123958791,10.7730227430813,0.));
#1241=CARTESIAN_POINT('',(-2.05181992458928,10.7513468894186,0.));
#1242=CARTESIAN_POINT('',(-2.02835398631972,10.710849069736,0.));
#1243=CARTESIAN_POINT('',(-2.01614934891139,10.6918319463978,0.));
#1244=CARTESIAN_POINT('',(-1.99059270691151,10.6560555372619,0.));
#1245=CARTESIAN_POINT('',(-1.97724203596975,10.6390553601549,0.));
#1246=CARTESIAN_POINT('',(-1.94947086762172,10.6069694284252,0.));
#1247=CARTESIAN_POINT('',(-1.934990380617,10.5916951863323,0.));
#1248=CARTESIAN_POINT('',(-1.9050517929985,10.5629264445217,0.));
#1249=CARTESIAN_POINT('',(-1.8895011419884,10.549277568497,0.));
#1250=CARTESIAN_POINT('',(-1.85752881160435,10.5237153511344,0.));
#1251=CARTESIAN_POINT('',(-1.84099454155453,10.5116730212363,0.));
#1252=CARTESIAN_POINT('',(-1.80717339567282,10.489320296638,0.));
#1253=CARTESIAN_POINT('',(-1.78976024140628,10.4789017976353,0.));
#1254=CARTESIAN_POINT('',(-1.75430916376084,10.4598101563763,0.));
#1255=CARTESIAN_POINT('',(-1.73613499365041,10.4510473486708,0.));
#1256=CARTESIAN_POINT('',(-1.69929707536527,10.4352853316639,0.));
#1257=CARTESIAN_POINT('',(-1.68048960996481,10.4282135243557,0.));
#1258=CARTESIAN_POINT('',(-1.64252587295765,10.4158498035508,0.));
#1259=CARTESIAN_POINT('',(-1.62322030986979,10.4105015716753,0.));
#1260=CARTESIAN_POINT('',(-1.58440514709583,10.4015954021582,0.));
#1261=CARTESIAN_POINT('',(-1.5647422690603,10.3979969594534,0.));
#1262=CARTESIAN_POINT('',(-1.52535978323012,10.3925925013808,0.));
#1263=CARTESIAN_POINT('',(-1.50548433452379,10.3907615017731,0.));
#1264=CARTESIAN_POINT('',(-1.46582517101232,10.3888843747969,0.));
#1265=CARTESIAN_POINT('',(-1.44588438953488,10.3888285791717,0.));
#1266=CARTESIAN_POINT('',(-1.40624285567852,10.3904838189574,0.));
#1267=CARTESIAN_POINT('',(-1.38646340117321,10.3921936322667,0.));
#1268=CARTESIAN_POINT('',(-1.36672078173512,10.3947858259453,0.));
#1269=ORIENTED_EDGE('',*,*,#2825,.F.);
#1270=ORIENTED_EDGE('',*,*,#2703,.F.);
#1271=ORIENTED_EDGE('',*,*,#2747,.F.);
#1272=ORIENTED_EDGE('',*,*,#2863,.F.);
#1273=CARTESIAN_POINT('',(-10.024716326605,9.6202026263015,0.));
#1274=CARTESIAN_POINT('',(-9.93578856073882,9.61384133357939,0.));
#1275=CARTESIAN_POINT('',(-9.84700352962,9.60609335250432,0.));
#1276=CARTESIAN_POINT('',(-9.67105124791399,9.58796130951484,0.));
#1277=CARTESIAN_POINT('',(-9.58383011933467,9.57766847410801,0.));
#1278=CARTESIAN_POINT('',(-9.41119064129825,9.55437186461658,0.));
#1279=CARTESIAN_POINT('',(-9.32566350066516,9.54151267756341,0.));
#1280=CARTESIAN_POINT('',(-9.15650880875634,9.51310042779742,0.));
#1281=CARTESIAN_POINT('',(-9.07276245948225,9.49769875414302,0.));
#1282=CARTESIAN_POINT('',(-8.90727209161716,9.46421391960016,0.));
#1283=CARTESIAN_POINT('',(-8.82539740922258,9.44629042822567,0.));
#1284=CARTESIAN_POINT('',(-8.66376102784359,9.40776804779032,0.));
#1285=CARTESIAN_POINT('',(-8.58385432564618,9.38733907492421,0.));
#1286=CARTESIAN_POINT('',(-8.42627524985099,9.34380326450238,0.));
#1287=CARTESIAN_POINT('',(-8.34844014910536,9.3208792793214,0.));
#1288=CARTESIAN_POINT('',(-8.19514034494946,9.27233917391057,0.));
#1289=CARTESIAN_POINT('',(-8.11949039852938,9.24692264994803,0.));
#1290=CARTESIAN_POINT('',(-7.9707177721501,9.19336652690813,0.));
#1291=CARTESIAN_POINT('',(-7.89738025154684,9.16544889674221,0.));
#1292=CARTESIAN_POINT('',(-7.75341977425075,9.10683527223253,0.));
#1293=CARTESIAN_POINT('',(-7.68254131684006,9.07639241813637,0.));
#1294=CARTESIAN_POINT('',(-7.54373296822876,9.01263575753977,0.));
#1295=CARTESIAN_POINT('',(-7.4754882938367,8.97962109355716,0.));
#1296=CARTESIAN_POINT('',(-7.34225827087707,8.91056704125735,0.));
#1297=CARTESIAN_POINT('',(-7.27686395414389,8.87490066025668,0.));
#1298=CARTESIAN_POINT('',(-7.14978519265647,8.80027810855819,0.));
#1299=CARTESIAN_POINT('',(-7.08751995126072,8.76183108609505,0.));
#1300=CARTESIAN_POINT('',(-6.96745183544854,8.68114166137383,0.));
#1301=CARTESIAN_POINT('',(-6.90927388770757,8.63923813219941,0.));
#1302=CARTESIAN_POINT('',(-6.85239447294056,8.59540107738457,0.));
#1303=ORIENTED_EDGE('',*,*,#2829,.F.);
#1304=ORIENTED_EDGE('',*,*,#2864,.T.);
#1305=ORIENTED_EDGE('',*,*,#2743,.F.);
#1306=ORIENTED_EDGE('',*,*,#2705,.F.);
#1307=CARTESIAN_POINT('',(-5.6069470517023,9.45507136161843,0.));
#1308=CARTESIAN_POINT('',(-5.62776569153717,9.52379937217092,0.));
#1309=CARTESIAN_POINT('',(-5.64631598735403,9.59305589450441,0.));
#1310=CARTESIAN_POINT('',(-5.67918516943634,9.73393439735622,0.));
#1311=CARTESIAN_POINT('',(-5.69305420103045,9.80578691147364,0.));
#1312=CARTESIAN_POINT('',(-5.71776474907641,9.9510691390806,0.));
#1313=CARTESIAN_POINT('',(-5.72792425033145,10.0248613604114,0.));
#1314=CARTESIAN_POINT('',(-5.74524689361275,10.1739205003076,0.));
#1315=CARTESIAN_POINT('',(-5.75191624562924,10.2494375405333,0.));
#1316=CARTESIAN_POINT('',(-5.76230764008657,10.4018340245342,0.));
#1317=CARTESIAN_POINT('',(-5.76563835575631,10.4789017183077,0.));
#1318=CARTESIAN_POINT('',(-5.76939395792536,10.6342917805827,0.));
#1319=CARTESIAN_POINT('',(-5.76949155237828,10.7127632816365,0.));
#1320=CARTESIAN_POINT('',(-5.7668118969436,10.8708593667291,0.));
#1321=CARTESIAN_POINT('',(-5.76375091897612,10.9506061189989,0.));
#1322=CARTESIAN_POINT('',(-5.75477584622055,11.1111564844814,0.));
#1323=CARTESIAN_POINT('',(-5.748609437604,11.1920625251053,0.));
#1324=CARTESIAN_POINT('',(-5.73343781711427,11.3548395316181,0.));
#1325=CARTESIAN_POINT('',(-5.7242039314588,11.4367978096877,0.));
#1326=CARTESIAN_POINT('',(-5.7029059321119,11.6015906760488,0.));
#1327=CARTESIAN_POINT('',(-5.69063152517051,11.6845005915867,0.));
#1328=CARTESIAN_POINT('',(-5.66325669614829,11.8511106595193,0.));
#1329=CARTESIAN_POINT('',(-5.64796064645513,11.9348763651027,0.));
#1330=CARTESIAN_POINT('',(-5.61454348106052,12.1031138721827,0.));
#1331=CARTESIAN_POINT('',(-5.5962386877797,12.1876430684376,0.));
#1332=CARTESIAN_POINT('',(-5.55680259344549,12.3573248761075,0.));
#1333=CARTESIAN_POINT('',(-5.53549752328658,12.4425279377713,0.));
#1334=CARTESIAN_POINT('',(-5.49005773901558,12.6134758901602,0.));
#1335=CARTESIAN_POINT('',(-5.46581862123783,12.6992388083175,0.));
#1336=CARTESIAN_POINT('',(-5.44023231288754,12.7846434593153,0.));
#1337=ORIENTED_EDGE('',*,*,#2828,.F.);
#1338=ORIENTED_EDGE('',*,*,#2865,.T.);
#1339=ORIENTED_EDGE('',*,*,#2744,.F.);
#1340=ORIENTED_EDGE('',*,*,#2864,.F.);
#1341=CARTESIAN_POINT('',(-5.87001281386704,8.68691243351381,0.));
#1342=CARTESIAN_POINT('',(-5.85351630865777,8.69806392696649,0.));
#1343=CARTESIAN_POINT('',(-5.83757735842083,8.70990031777722,0.));
#1344=CARTESIAN_POINT('',(-5.80680761724858,8.73494855231434,0.));
#1345=CARTESIAN_POINT('',(-5.79191872732914,8.74821349996029,0.));
#1346=CARTESIAN_POINT('',(-5.76347818260759,8.77591743960891,0.));
#1347=CARTESIAN_POINT('',(-5.74981537295332,8.79046782287509,0.));
#1348=CARTESIAN_POINT('',(-5.72392097762315,8.82062853652227,0.));
#1349=CARTESIAN_POINT('',(-5.71158931096555,8.83636090951512,0.));
#1350=CARTESIAN_POINT('',(-5.68844162724214,8.86876648704241,0.));
#1351=CARTESIAN_POINT('',(-5.67753773950957,8.88557165239862,0.));
#1352=CARTESIAN_POINT('',(-5.65732013772483,8.92000064450938,0.));
#1353=CARTESIAN_POINT('',(-5.64793202338755,8.93776562473972,0.));
#1354=CARTESIAN_POINT('',(-5.6308105962277,8.97399172217951,0.));
#1355=CARTESIAN_POINT('',(-5.62301785090024,8.99260248192615,0.));
#1356=CARTESIAN_POINT('',(-5.60914243815027,9.03040119345452,0.));
#1357=CARTESIAN_POINT('',(-5.60301724777572,9.04974660908339,0.));
#1358=CARTESIAN_POINT('',(-5.59252435472236,9.08890543185799,0.));
#1359=CARTESIAN_POINT('',(-5.58813381769037,9.10888349432728,0.));
#1360=CARTESIAN_POINT('',(-5.58115307028186,9.1492186654847,0.));
#1361=CARTESIAN_POINT('',(-5.57856411981123,9.16974698492482,0.));
#1362=CARTESIAN_POINT('',(-5.57523196973737,9.21113365318694,0.));
#1363=CARTESIAN_POINT('',(-5.57452186559487,9.23216892659886,0.));
#1364=CARTESIAN_POINT('',(-5.57501175593781,9.27460128234099,0.));
#1365=CARTESIAN_POINT('',(-5.57629183787637,9.2961792300306,0.));
#1366=CARTESIAN_POINT('',(-5.58088656418083,9.33990544517848,0.));
#1367=CARTESIAN_POINT('',(-5.5843619472833,9.36223313799751,0.));
#1368=CARTESIAN_POINT('',(-5.59365246211346,9.40810698667082,0.));
#1369=CARTESIAN_POINT('',(-5.59969430289613,9.43171302330472,0.));
#1370=CARTESIAN_POINT('',(-5.6069470517023,9.45507136161843,0.));
#1371=ORIENTED_EDGE('',*,*,#2827,.F.);
#1372=ORIENTED_EDGE('',*,*,#2866,.T.);
#1373=ORIENTED_EDGE('',*,*,#2745,.F.);
#1374=ORIENTED_EDGE('',*,*,#2865,.F.);
#1375=ORIENTED_EDGE('',*,*,#2826,.F.);
#1376=ORIENTED_EDGE('',*,*,#2863,.T.);
#1377=ORIENTED_EDGE('',*,*,#2746,.F.);
#1378=ORIENTED_EDGE('',*,*,#2866,.F.);
#1379=CARTESIAN_POINT('',(-6.85239447294056,8.59540107738457,0.));
#1380=CARTESIAN_POINT('',(-6.83312590738626,8.58033665852745,0.));
#1381=CARTESIAN_POINT('',(-6.81319634597641,8.56631662330585,0.));
#1382=CARTESIAN_POINT('',(-6.77359801431428,8.54136275010973,0.));
#1383=CARTESIAN_POINT('',(-6.75395364669928,8.53019570146936,0.));
#1384=CARTESIAN_POINT('',(-6.71469823770704,8.51039402816068,0.));
#1385=CARTESIAN_POINT('',(-6.69497642944467,8.50154548505307,0.));
#1386=CARTESIAN_POINT('',(-6.65547520512009,8.4860407089104,0.));
#1387=CARTESIAN_POINT('',(-6.63555507641137,8.4792454570655,0.));
#1388=CARTESIAN_POINT('',(-6.59567627265511,8.46768515668347,0.));
#1389=CARTESIAN_POINT('',(-6.57556390605437,8.46282642502877,0.));
#1390=CARTESIAN_POINT('',(-6.53537445872441,8.4550504884297,0.));
#1391=CARTESIAN_POINT('',(-6.51513773992996,8.45207139328347,0.));
#1392=CARTESIAN_POINT('',(-6.47480277343534,8.44799650879441,0.));
#1393=CARTESIAN_POINT('',(-6.45454247315996,8.44686368236029,0.));
#1394=CARTESIAN_POINT('',(-6.41427977475748,8.44643381082361,0.));
#1395=CARTESIAN_POINT('',(-6.39411506652907,8.44712068792216,0.));
#1396=CARTESIAN_POINT('',(-6.35417173526973,8.45028354922395,0.));
#1397=CARTESIAN_POINT('',(-6.33423211897926,8.4527620398096,0.));
#1398=CARTESIAN_POINT('',(-6.29487119173926,8.45945713700805,0.));
#1399=CARTESIAN_POINT('',(-6.27529151729246,8.46369325538355,0.));
#1400=CARTESIAN_POINT('',(-6.2367834941788,8.47384553948687,0.));
#1401=CARTESIAN_POINT('',(-6.21770060063234,8.47979707176307,0.));
#1402=CARTESIAN_POINT('',(-6.18031756435016,8.49331361553532,0.));
#1403=CARTESIAN_POINT('',(-6.16186782058485,8.50092892746825,0.));
#1404=CARTESIAN_POINT('',(-6.12587903087859,8.51769734634399,0.));
#1405=CARTESIAN_POINT('',(-6.10819641624318,8.52691488499261,0.));
#1406=CARTESIAN_POINT('',(-6.07386480950767,8.54680286639323,0.));
#1407=CARTESIAN_POINT('',(-6.05714556219652,8.5575088017297,0.));
#1408=CARTESIAN_POINT('',(-6.04086899332173,8.56897892797176,0.));
#1409=ORIENTED_EDGE('',*,*,#2820,.F.);
#1410=ORIENTED_EDGE('',*,*,#2699,.F.);
#1411=ORIENTED_EDGE('',*,*,#2752,.F.);
#1412=ORIENTED_EDGE('',*,*,#2867,.F.);
#1413=CARTESIAN_POINT('',(-13.3471765570552,3.85954841332465,0.));
#1414=CARTESIAN_POINT('',(-13.2654786907889,3.89524256178903,0.));
#1415=CARTESIAN_POINT('',(-13.1832627836548,3.92964252655101,0.));
#1416=CARTESIAN_POINT('',(-13.0190383950571,3.99535650231132,0.));
#1417=CARTESIAN_POINT('',(-12.9370246020727,4.0267763287219,0.));
#1418=CARTESIAN_POINT('',(-12.773333461719,4.0863777713235,0.));
#1419=CARTESIAN_POINT('',(-12.6916269774913,4.1147379707531,0.));
#1420=CARTESIAN_POINT('',(-12.5286441054369,4.1681902779854,0.));
#1421=CARTESIAN_POINT('',(-12.4473328812103,4.1934716423247,0.));
#1422=CARTESIAN_POINT('',(-12.2852372592725,4.24072950250768,0.));
#1423=CARTESIAN_POINT('',(-12.2044113666321,4.26290810118188,0.));
#1424=CARTESIAN_POINT('',(-12.0433872159447,4.30391439917502,0.));
#1425=CARTESIAN_POINT('',(-11.963139527922,4.32295993816556,0.));
#1426=CARTESIAN_POINT('',(-11.8033780858255,4.35764154044712,0.));
#1427=CARTESIAN_POINT('',(-11.7238052197538,4.37351513455148,0.));
#1428=CARTESIAN_POINT('',(-11.5655072726746,4.40177697699065,0.));
#1429=CARTESIAN_POINT('',(-11.4867109241384,4.41442804576213,0.));
#1430=CARTESIAN_POINT('',(-11.3300905342772,4.43614454075009,0.));
#1431=CARTESIAN_POINT('',(-11.2521794151059,4.44550635210229,0.));
#1432=CARTESIAN_POINT('',(-11.0974696335211,4.46050833475279,0.));
#1433=CARTESIAN_POINT('',(-11.0205623765961,4.46649138771274,0.));
#1434=CARTESIAN_POINT('',(-10.8680244903559,4.47454512448475,0.));
#1435=CARTESIAN_POINT('',(-10.7922541528268,4.477026972885,0.));
#1436=CARTESIAN_POINT('',(-10.642193807972,4.47779772506163,0.));
#1437=CARTESIAN_POINT('',(-10.5677150224632,4.47660696739722,0.));
#1438=CARTESIAN_POINT('',(-10.4205135384403,4.469588424484,0.));
#1439=CARTESIAN_POINT('',(-10.3475131830229,4.4644813772651,0.));
#1440=CARTESIAN_POINT('',(-10.2036999009814,4.44883287558075,0.));
#1441=CARTESIAN_POINT('',(-10.1327123455962,4.43876578359431,0.));
#1442=CARTESIAN_POINT('',(-10.0619760298885,4.42638318131613,0.));
#1443=ORIENTED_EDGE('',*,*,#2824,.F.);
#1444=ORIENTED_EDGE('',*,*,#2868,.T.);
#1445=ORIENTED_EDGE('',*,*,#2748,.F.);
#1446=ORIENTED_EDGE('',*,*,#2701,.F.);
#1447=CARTESIAN_POINT('',(-9.35869580751981,5.76637169077759,0.));
#1448=CARTESIAN_POINT('',(-9.40906929667971,5.81755241751075,0.));
#1449=CARTESIAN_POINT('',(-9.45767987863194,5.87025527021236,0.));
#1450=CARTESIAN_POINT('',(-9.55225359868308,5.97972191888773,0.));
#1451=CARTESIAN_POINT('',(-9.59792554455803,6.03689890011574,0.));
#1452=CARTESIAN_POINT('',(-9.68732166587761,6.15405635969978,0.));
#1453=CARTESIAN_POINT('',(-9.73061041265052,6.21467477107384,0.));
#1454=CARTESIAN_POINT('',(-9.81522008783887,6.33860985093976,0.));
#1455=CARTESIAN_POINT('',(-9.8562200242461,6.40237746682248,0.));
#1456=CARTESIAN_POINT('',(-9.93624332453653,6.53248873007534,0.));
#1457=CARTESIAN_POINT('',(-9.97500766990856,6.59918092315907,0.));
#1458=CARTESIAN_POINT('',(-10.0505464531236,6.73502667477415,0.));
#1459=CARTESIAN_POINT('',(-10.0871003936048,6.80446438382056,0.));
#1460=CARTESIAN_POINT('',(-10.1581985907054,6.94569681297158,0.));
#1461=CARTESIAN_POINT('',(-10.1925483929947,7.01773156268575,0.));
#1462=CARTESIAN_POINT('',(-10.2592128358624,7.16406277550335,0.));
#1463=CARTESIAN_POINT('',(-10.2913516640325,7.23856718965791,0.));
#1464=CARTESIAN_POINT('',(-10.3535641080534,7.38974967451149,0.));
#1465=CARTESIAN_POINT('',(-10.3834758193193,7.46661132631247,0.));
#1466=CARTESIAN_POINT('',(-10.4412004410487,7.62242583663128,0.));
#1467=CARTESIAN_POINT('',(-10.4688621524038,7.70154312225947,0.));
#1468=CARTESIAN_POINT('',(-10.5220505043589,7.8617907282222,0.));
#1469=CARTESIAN_POINT('',(-10.5474343893966,7.94307000570723,0.));
#1470=CARTESIAN_POINT('',(-10.5960288268847,8.10756665119506,0.));
#1471=CARTESIAN_POINT('',(-10.6191034135897,8.19092019895959,0.));
#1472=CARTESIAN_POINT('',(-10.6630395541318,8.3594928448567,0.));
#1473=CARTESIAN_POINT('',(-10.6837706884668,8.44483736899588,0.));
#1474=CARTESIAN_POINT('',(-10.7229792323682,8.61732118419503,0.));
#1475=CARTESIAN_POINT('',(-10.7413725748452,8.70452495655629,0.));
#1476=CARTESIAN_POINT('',(-10.7584065442612,8.79203756977855,0.));
#1477=ORIENTED_EDGE('',*,*,#2823,.F.);
#1478=ORIENTED_EDGE('',*,*,#2869,.T.);
#1479=ORIENTED_EDGE('',*,*,#2749,.F.);
#1480=ORIENTED_EDGE('',*,*,#2868,.F.);
#1481=CARTESIAN_POINT('',(-9.23464771806911,4.96394798377873,0.));
#1482=CARTESIAN_POINT('',(-9.2252231455397,4.98148844907993,0.));
#1483=CARTESIAN_POINT('',(-9.21661055109293,4.99937625215843,0.));
#1484=CARTESIAN_POINT('',(-9.20100579337236,5.03585477408183,0.));
#1485=CARTESIAN_POINT('',(-9.19398686462493,5.05451951405649,0.));
#1486=CARTESIAN_POINT('',(-9.18167867563998,5.09226711451035,0.));
#1487=CARTESIAN_POINT('',(-9.17634275877016,5.11150026329051,0.));
#1488=CARTESIAN_POINT('',(-9.16743079291164,5.1502399744634,0.));
#1489=CARTESIAN_POINT('',(-9.16382284264433,5.16990111017345,0.));
#1490=CARTESIAN_POINT('',(-9.15838620939192,5.20935208906516,0.));
#1491=CARTESIAN_POINT('',(-9.15654104604713,5.22929961328661,0.));
#1492=CARTESIAN_POINT('',(-9.15463919914656,5.26918055984077,0.));
#1493=CARTESIAN_POINT('',(-9.15458223470103,5.28927354290567,0.));
#1494=CARTESIAN_POINT('',(-9.15625707076754,5.32930688310928,0.));
#1495=CARTESIAN_POINT('',(-9.15800578876457,5.34940736179643,0.));
#1496=CARTESIAN_POINT('',(-9.16328565805732,5.38932468450774,0.));
#1497=CARTESIAN_POINT('',(-9.16685233424745,5.40930071724532,0.));
#1498=CARTESIAN_POINT('',(-9.17575935120013,5.44885042337224,0.));
#1499=CARTESIAN_POINT('',(-9.18115599229132,5.46858050346303,0.));
#1500=CARTESIAN_POINT('',(-9.19371953612009,5.50753963888904,0.));
#1501=CARTESIAN_POINT('',(-9.2009671200527,5.52691970830881,0.));
#1502=CARTESIAN_POINT('',(-9.21724999144651,5.56511431045526,0.));
#1503=CARTESIAN_POINT('',(-9.22639680443949,5.58407012189869,0.));
#1504=CARTESIAN_POINT('',(-9.24654987975333,5.6214144435791,0.));
#1505=CARTESIAN_POINT('',(-9.25771110831566,5.63992588364313,0.));
#1506=CARTESIAN_POINT('',(-9.28210012181317,5.67650824854194,0.));
#1507=CARTESIAN_POINT('',(-9.29555361695398,5.69466334762804,0.));
#1508=CARTESIAN_POINT('',(-9.32509859976108,5.73096510583394,0.));
#1509=CARTESIAN_POINT('',(-9.34141865631202,5.74905942979971,0.));
#1510=CARTESIAN_POINT('',(-9.35869580751981,5.76637169077759,0.));
#1511=ORIENTED_EDGE('',*,*,#2822,.F.);
#1512=ORIENTED_EDGE('',*,*,#2870,.T.);
#1513=ORIENTED_EDGE('',*,*,#2750,.F.);
#1514=ORIENTED_EDGE('',*,*,#2869,.F.);
#1515=ORIENTED_EDGE('',*,*,#2821,.F.);
#1516=ORIENTED_EDGE('',*,*,#2867,.T.);
#1517=ORIENTED_EDGE('',*,*,#2751,.F.);
#1518=ORIENTED_EDGE('',*,*,#2870,.F.);
#1519=CARTESIAN_POINT('',(-10.0619760298885,4.42638318131613,0.));
#1520=CARTESIAN_POINT('',(-10.0379137778965,4.42199884977126,0.));
#1521=CARTESIAN_POINT('',(-10.0137515924172,4.41884645410025,0.));
#1522=CARTESIAN_POINT('',(-9.96709236793468,4.41515315901303,0.));
#1523=CARTESIAN_POINT('',(-9.94450855799331,4.41439442133649,0.));
#1524=CARTESIAN_POINT('',(-9.90054732312986,4.41510380857405,0.));
#1525=CARTESIAN_POINT('',(-9.87897240614624,4.4164339940553,0.));
#1526=CARTESIAN_POINT('',(-9.83679038029651,4.42106233086109,0.));
#1527=CARTESIAN_POINT('',(-9.81599407130739,4.42430277957023,0.));
#1528=CARTESIAN_POINT('',(-9.77531080476225,4.43259924611751,0.));
#1529=CARTESIAN_POINT('',(-9.75524422337879,4.43764373570084,0.));
#1530=CARTESIAN_POINT('',(-9.71604457715088,4.44943545322996,0.));
#1531=CARTESIAN_POINT('',(-9.69674139800871,4.45620206763165,0.));
#1532=CARTESIAN_POINT('',(-9.65913286563606,4.47133853018063,0.));
#1533=CARTESIAN_POINT('',(-9.64066680998184,4.47975089319906,0.));
#1534=CARTESIAN_POINT('',(-9.60481618980821,4.49808126977328,0.));
#1535=CARTESIAN_POINT('',(-9.58728043510586,4.50806047641032,0.));
#1536=CARTESIAN_POINT('',(-9.55338222669452,4.52942364261313,0.));
#1537=CARTESIAN_POINT('',(-9.53687838530776,4.54088463876857,0.));
#1538=CARTESIAN_POINT('',(-9.50513738191501,4.56510478788683,0.));
#1539=CARTESIAN_POINT('',(-9.48976906356437,4.5779548128443,0.));
#1540=CARTESIAN_POINT('',(-9.46038990413438,4.60483978462823,0.));
#1541=CARTESIAN_POINT('',(-9.44625865601468,4.61897786756475,0.));
#1542=CARTESIAN_POINT('',(-9.41943907237832,4.64831893589557,0.));
#1543=CARTESIAN_POINT('',(-9.40664164750714,4.66363598317983,0.));
#1544=CARTESIAN_POINT('',(-9.38256782961586,4.69520850522434,0.));
#1545=CARTESIAN_POINT('',(-9.37119425573686,4.71158775112584,0.));
#1546=CARTESIAN_POINT('',(-9.35003753348459,4.74515237727859,0.));
#1547=CARTESIAN_POINT('',(-9.3402086714378,4.76240183387714,0.));
#1548=CARTESIAN_POINT('',(-9.33112691890162,4.78012222499066,0.));
#1549=ORIENTED_EDGE('',*,*,#2815,.F.);
#1550=ORIENTED_EDGE('',*,*,#2695,.F.);
#1551=ORIENTED_EDGE('',*,*,#2757,.F.);
#1552=ORIENTED_EDGE('',*,*,#2871,.F.);
#1553=CARTESIAN_POINT('',(-13.6119594891985,-2.78528182854431,0.));
#1554=CARTESIAN_POINT('',(-13.5562075191278,-2.71570933814551,0.));
#1555=CARTESIAN_POINT('',(-13.4993954094937,-2.64704204490894,0.));
#1556=CARTESIAN_POINT('',(-13.3845207423136,-2.51253633030626,0.));
#1557=CARTESIAN_POINT('',(-13.3265026565235,-2.44660174565897,0.));
#1558=CARTESIAN_POINT('',(-13.2092595214155,-2.31775622318913,0.));
#1559=CARTESIAN_POINT('',(-13.1500916644598,-2.25467361718861,0.));
#1560=CARTESIAN_POINT('',(-13.0306180240911,-2.13160203237483,0.));
#1561=CARTESIAN_POINT('',(-12.9703693464757,-2.07142928593847,0.));
#1562=CARTESIAN_POINT('',(-12.8488026239871,-1.95425493727863,0.));
#1563=CARTESIAN_POINT('',(-12.7875417590472,-1.89705509823091,0.));
#1564=CARTESIAN_POINT('',(-12.6640185314225,-1.78591417050005,0.));
#1565=CARTESIAN_POINT('',(-12.601813635811,-1.73175722311197,0.));
#1566=CARTESIAN_POINT('',(-12.4764692484635,-1.62680334525111,0.));
#1567=CARTESIAN_POINT('',(-12.4133878017258,-1.57576862097316,0.));
#1568=CARTESIAN_POINT('',(-12.2863558637021,-1.47717927819469,0.));
#1569=CARTESIAN_POINT('',(-12.2224644069005,-1.42935882408282,0.));
#1570=CARTESIAN_POINT('',(-12.0938760973942,-1.33734469835661,0.));
#1571=CARTESIAN_POINT('',(-12.0292398781262,-1.29284812364502,0.));
#1572=CARTESIAN_POINT('',(-11.8992229387587,-1.20766730726608,0.));
#1573=CARTESIAN_POINT('',(-11.8339054080481,-1.16662899257955,0.));
#1574=CARTESIAN_POINT('',(-11.7025825756358,-1.08860987247534,0.));
#1575=CARTESIAN_POINT('',(-11.636644646166,-1.05120007325121,0.));
#1576=CARTESIAN_POINT('',(-11.5041309959991,-0.98078108663324,0.));
#1577=CARTESIAN_POINT('',(-11.437629933908,-0.947223432730656,0.));
#1578=CARTESIAN_POINT('',(-11.3040278133691,-0.885030103259796,0.));
#1579=CARTESIAN_POINT('',(-11.2370158456067,-0.855627212263211,0.));
#1580=CARTESIAN_POINT('',(-11.1024032871135,-0.802649907759684,0.));
#1581=CARTESIAN_POINT('',(-11.0348685175302,-0.778574313105667,0.));
#1582=CARTESIAN_POINT('',(-10.9664801383454,-0.756665757891779,0.));
#1583=ORIENTED_EDGE('',*,*,#2819,.F.);
#1584=ORIENTED_EDGE('',*,*,#2872,.T.);
#1585=ORIENTED_EDGE('',*,*,#2753,.F.);
#1586=ORIENTED_EDGE('',*,*,#2697,.F.);
#1587=CARTESIAN_POINT('',(-10.9664801383454,0.756665757891779,0.));
#1588=CARTESIAN_POINT('',(-11.0348685175302,0.778574313105668,0.));
#1589=CARTESIAN_POINT('',(-11.1024032871135,0.802649907759685,0.));
#1590=CARTESIAN_POINT('',(-11.2370158456067,0.855627212263212,0.));
#1591=CARTESIAN_POINT('',(-11.3040278133691,0.885030103259797,0.));
#1592=CARTESIAN_POINT('',(-11.437629933908,0.947223432730658,0.));
#1593=CARTESIAN_POINT('',(-11.5041309959991,0.980781086633241,0.));
#1594=CARTESIAN_POINT('',(-11.636644646166,1.05120007325121,0.));
#1595=CARTESIAN_POINT('',(-11.7025825756358,1.08860987247535,0.));
#1596=CARTESIAN_POINT('',(-11.8339054080481,1.16662899257956,0.));
#1597=CARTESIAN_POINT('',(-11.8992229387587,1.20766730726608,0.));
#1598=CARTESIAN_POINT('',(-12.0292398781262,1.29284812364502,0.));
#1599=CARTESIAN_POINT('',(-12.0938760973942,1.33734469835661,0.));
#1600=CARTESIAN_POINT('',(-12.2224644069005,1.42935882408282,0.));
#1601=CARTESIAN_POINT('',(-12.2863558637021,1.4771792781947,0.));
#1602=CARTESIAN_POINT('',(-12.4133878017258,1.57576862097316,0.));
#1603=CARTESIAN_POINT('',(-12.4764692484635,1.62680334525111,0.));
#1604=CARTESIAN_POINT('',(-12.601813635811,1.73175722311197,0.));
#1605=CARTESIAN_POINT('',(-12.6640185314225,1.78591417050005,0.));
#1606=CARTESIAN_POINT('',(-12.7875417590472,1.89705509823091,0.));
#1607=CARTESIAN_POINT('',(-12.8488026239871,1.95425493727863,0.));
#1608=CARTESIAN_POINT('',(-12.9703693464757,2.07142928593847,0.));
#1609=CARTESIAN_POINT('',(-13.0306180240911,2.13160203237483,0.));
#1610=CARTESIAN_POINT('',(-13.1500916644598,2.25467361718862,0.));
#1611=CARTESIAN_POINT('',(-13.2092595214155,2.31775622318913,0.));
#1612=CARTESIAN_POINT('',(-13.3265026565235,2.44660174565897,0.));
#1613=CARTESIAN_POINT('',(-13.3845207423136,2.51253633030626,0.));
#1614=CARTESIAN_POINT('',(-13.4993954094937,2.64704204490894,0.));
#1615=CARTESIAN_POINT('',(-13.5562075191278,2.71570933814551,0.));
#1616=CARTESIAN_POINT('',(-13.6119594891985,2.78528182854431,0.));
#1617=ORIENTED_EDGE('',*,*,#2818,.F.);
#1618=ORIENTED_EDGE('',*,*,#2873,.T.);
#1619=ORIENTED_EDGE('',*,*,#2754,.F.);
#1620=ORIENTED_EDGE('',*,*,#2872,.F.);
#1621=CARTESIAN_POINT('',(-10.4837361196309,0.103802873018151,0.));
#1622=CARTESIAN_POINT('',(-10.4835425357694,0.12371400095288,0.));
#1623=CARTESIAN_POINT('',(-10.4842293387075,0.143555336185275,0.));
#1624=CARTESIAN_POINT('',(-10.4873644263747,0.183107355736147,0.));
#1625=CARTESIAN_POINT('',(-10.4898234107881,0.202896021045812,0.));
#1626=CARTESIAN_POINT('',(-10.4964672353064,0.242039761948831,0.));
#1627=CARTESIAN_POINT('',(-10.5006806054712,0.261549593642016,0.));
#1628=CARTESIAN_POINT('',(-10.5107926930616,0.299993501375031,0.));
#1629=CARTESIAN_POINT('',(-10.5167349971104,0.319079270553478,0.));
#1630=CARTESIAN_POINT('',(-10.5302548814885,0.356537906981367,0.));
#1631=CARTESIAN_POINT('',(-10.5378911472172,0.375058052662637,0.));
#1632=CARTESIAN_POINT('',(-10.554740745406,0.41125470942215,0.));
#1633=CARTESIAN_POINT('',(-10.5640279807202,0.429072635048133,0.));
#1634=CARTESIAN_POINT('',(-10.5841153952542,0.46374206222896,0.));
#1635=CARTESIAN_POINT('',(-10.5950049663569,0.480727482426421,0.));
#1636=CARTESIAN_POINT('',(-10.6182305632667,0.513618838743391,0.));
#1637=CARTESIAN_POINT('',(-10.6306720234895,0.529649220226798,0.));
#1638=CARTESIAN_POINT('',(-10.6569384602055,0.560529448657999,0.));
#1639=CARTESIAN_POINT('',(-10.6708859739825,0.575491622794731,0.));
#1640=CARTESIAN_POINT('',(-10.7001156525645,0.604149654071715,0.));
#1641=CARTESIAN_POINT('',(-10.7155394367642,0.61794173312221,0.));
#1642=CARTESIAN_POINT('',(-10.7477071200192,0.644194346096094,0.));
#1643=CARTESIAN_POINT('',(-10.7646154255221,0.656728147611644,0.));
#1644=CARTESIAN_POINT('',(-10.7998148591233,0.680429301181205,0.));
#1645=CARTESIAN_POINT('',(-10.8183003313532,0.691633485788026,0.));
#1646=CARTESIAN_POINT('',(-10.8568964029709,0.712691421504745,0.));
#1647=CARTESIAN_POINT('',(-10.8772459765455,0.722514812449953,0.));
#1648=CARTESIAN_POINT('',(-10.9202770278241,0.740928184867074,0.));
#1649=CARTESIAN_POINT('',(-10.9431365718655,0.749365604604395,0.));
#1650=CARTESIAN_POINT('',(-10.9664801383454,0.756665757891779,0.));
#1651=ORIENTED_EDGE('',*,*,#2817,.F.);
#1652=ORIENTED_EDGE('',*,*,#2874,.T.);
#1653=ORIENTED_EDGE('',*,*,#2755,.F.);
#1654=ORIENTED_EDGE('',*,*,#2873,.F.);
#1655=ORIENTED_EDGE('',*,*,#2816,.F.);
#1656=ORIENTED_EDGE('',*,*,#2871,.T.);
#1657=ORIENTED_EDGE('',*,*,#2756,.F.);
#1658=ORIENTED_EDGE('',*,*,#2874,.F.);
#1659=CARTESIAN_POINT('',(-10.9664801383454,-0.756665757891779,0.));
#1660=CARTESIAN_POINT('',(-10.9431365718655,-0.749365604604395,0.));
#1661=CARTESIAN_POINT('',(-10.9202770278241,-0.740928184867072,0.));
#1662=CARTESIAN_POINT('',(-10.8772459765455,-0.722514812449952,0.));
#1663=CARTESIAN_POINT('',(-10.8568964029709,-0.712691421504745,0.));
#1664=CARTESIAN_POINT('',(-10.8183003313532,-0.691633485788026,0.));
#1665=CARTESIAN_POINT('',(-10.7998148591233,-0.680429301181204,0.));
#1666=CARTESIAN_POINT('',(-10.7646154255221,-0.656728147611642,0.));
#1667=CARTESIAN_POINT('',(-10.7477071200192,-0.644194346096092,0.));
#1668=CARTESIAN_POINT('',(-10.7155394367642,-0.617941733122208,0.));
#1669=CARTESIAN_POINT('',(-10.7001156525645,-0.604149654071714,0.));
#1670=CARTESIAN_POINT('',(-10.6708859739825,-0.575491622794729,0.));
#1671=CARTESIAN_POINT('',(-10.6569384602055,-0.560529448658,0.));
#1672=CARTESIAN_POINT('',(-10.6306720234895,-0.529649220226798,0.));
#1673=CARTESIAN_POINT('',(-10.6182305632667,-0.51361883874339,0.));
#1674=CARTESIAN_POINT('',(-10.5950049663569,-0.480727482426422,0.));
#1675=CARTESIAN_POINT('',(-10.5841153952542,-0.463742062228959,0.));
#1676=CARTESIAN_POINT('',(-10.5640279807202,-0.429072635048133,0.));
#1677=CARTESIAN_POINT('',(-10.554740745406,-0.411254709422149,0.));
#1678=CARTESIAN_POINT('',(-10.5378911472172,-0.375058052662636,0.));
#1679=CARTESIAN_POINT('',(-10.5302548814885,-0.356537906981366,0.));
#1680=CARTESIAN_POINT('',(-10.5167349971104,-0.319079270553477,0.));
#1681=CARTESIAN_POINT('',(-10.5107926930616,-0.299993501375031,0.));
#1682=CARTESIAN_POINT('',(-10.5006806054712,-0.261549593642016,0.));
#1683=CARTESIAN_POINT('',(-10.4964672353064,-0.242039761948831,0.));
#1684=CARTESIAN_POINT('',(-10.4898234107881,-0.202896021045812,0.));
#1685=CARTESIAN_POINT('',(-10.4873644263747,-0.183107355736147,0.));
#1686=CARTESIAN_POINT('',(-10.4842293387075,-0.143555336185275,0.));
#1687=CARTESIAN_POINT('',(-10.4835425357694,-0.123714000952878,0.));
#1688=CARTESIAN_POINT('',(-10.4837361196309,-0.10380287301815,0.));
#1689=ORIENTED_EDGE('',*,*,#2810,.F.);
#1690=ORIENTED_EDGE('',*,*,#2691,.F.);
#1691=ORIENTED_EDGE('',*,*,#2762,.F.);
#1692=ORIENTED_EDGE('',*,*,#2875,.F.);
#1693=CARTESIAN_POINT('',(-10.7584065442612,-8.79203756977855,0.));
#1694=CARTESIAN_POINT('',(-10.7413725748452,-8.70452495655629,0.));
#1695=CARTESIAN_POINT('',(-10.7229792323682,-8.61732118419504,0.));
#1696=CARTESIAN_POINT('',(-10.6837706884668,-8.44483736899588,0.));
#1697=CARTESIAN_POINT('',(-10.6630395541318,-8.3594928448567,0.));
#1698=CARTESIAN_POINT('',(-10.6191034135897,-8.19092019895959,0.));
#1699=CARTESIAN_POINT('',(-10.5960288268847,-8.10756665119506,0.));
#1700=CARTESIAN_POINT('',(-10.5474343893966,-7.94307000570723,0.));
#1701=CARTESIAN_POINT('',(-10.5220505043589,-7.8617907282222,0.));
#1702=CARTESIAN_POINT('',(-10.4688621524038,-7.70154312225947,0.));
#1703=CARTESIAN_POINT('',(-10.4412004410487,-7.62242583663128,0.));
#1704=CARTESIAN_POINT('',(-10.3834758193193,-7.46661132631247,0.));
#1705=CARTESIAN_POINT('',(-10.3535641080534,-7.38974967451149,0.));
#1706=CARTESIAN_POINT('',(-10.2913516640325,-7.23856718965791,0.));
#1707=CARTESIAN_POINT('',(-10.2592128358624,-7.16406277550335,0.));
#1708=CARTESIAN_POINT('',(-10.1925483929947,-7.01773156268575,0.));
#1709=CARTESIAN_POINT('',(-10.1581985907054,-6.94569681297157,0.));
#1710=CARTESIAN_POINT('',(-10.0871003936048,-6.80446438382056,0.));
#1711=CARTESIAN_POINT('',(-10.0505464531236,-6.73502667477415,0.));
#1712=CARTESIAN_POINT('',(-9.97500766990856,-6.59918092315906,0.));
#1713=CARTESIAN_POINT('',(-9.93624332453653,-6.53248873007534,0.));
#1714=CARTESIAN_POINT('',(-9.8562200242461,-6.40237746682248,0.));
#1715=CARTESIAN_POINT('',(-9.81522008783887,-6.33860985093976,0.));
#1716=CARTESIAN_POINT('',(-9.73061041265052,-6.21467477107384,0.));
#1717=CARTESIAN_POINT('',(-9.68732166587762,-6.15405635969978,0.));
#1718=CARTESIAN_POINT('',(-9.59792554455803,-6.03689890011574,0.));
#1719=CARTESIAN_POINT('',(-9.55225359868309,-5.97972191888773,0.));
#1720=CARTESIAN_POINT('',(-9.45767987863194,-5.87025527021236,0.));
#1721=CARTESIAN_POINT('',(-9.40906929667972,-5.81755241751075,0.));
#1722=CARTESIAN_POINT('',(-9.35869580751981,-5.76637169077759,0.));
#1723=ORIENTED_EDGE('',*,*,#2814,.F.);
#1724=ORIENTED_EDGE('',*,*,#2876,.T.);
#1725=ORIENTED_EDGE('',*,*,#2758,.F.);
#1726=ORIENTED_EDGE('',*,*,#2693,.F.);
#1727=CARTESIAN_POINT('',(-10.0619760298885,-4.42638318131613,0.));
#1728=CARTESIAN_POINT('',(-10.1327123455962,-4.43876578359431,0.));
#1729=CARTESIAN_POINT('',(-10.2036999009814,-4.44883287558075,0.));
#1730=CARTESIAN_POINT('',(-10.3475131830229,-4.46448137726509,0.));
#1731=CARTESIAN_POINT('',(-10.4205135384403,-4.469588424484,0.));
#1732=CARTESIAN_POINT('',(-10.5677150224632,-4.47660696739722,0.));
#1733=CARTESIAN_POINT('',(-10.642193807972,-4.47779772506163,0.));
#1734=CARTESIAN_POINT('',(-10.7922541528268,-4.477026972885,0.));
#1735=CARTESIAN_POINT('',(-10.8680244903559,-4.47454512448475,0.));
#1736=CARTESIAN_POINT('',(-11.0205623765961,-4.46649138771274,0.));
#1737=CARTESIAN_POINT('',(-11.0974696335211,-4.46050833475279,0.));
#1738=CARTESIAN_POINT('',(-11.2521794151059,-4.44550635210229,0.));
#1739=CARTESIAN_POINT('',(-11.3300905342772,-4.43614454075009,0.));
#1740=CARTESIAN_POINT('',(-11.4867109241384,-4.41442804576213,0.));
#1741=CARTESIAN_POINT('',(-11.5655072726746,-4.40177697699065,0.));
#1742=CARTESIAN_POINT('',(-11.7238052197538,-4.37351513455148,0.));
#1743=CARTESIAN_POINT('',(-11.8033780858255,-4.35764154044712,0.));
#1744=CARTESIAN_POINT('',(-11.963139527922,-4.32295993816556,0.));
#1745=CARTESIAN_POINT('',(-12.0433872159447,-4.30391439917502,0.));
#1746=CARTESIAN_POINT('',(-12.2044113666321,-4.26290810118188,0.));
#1747=CARTESIAN_POINT('',(-12.2852372592725,-4.24072950250768,0.));
#1748=CARTESIAN_POINT('',(-12.4473328812103,-4.1934716423247,0.));
#1749=CARTESIAN_POINT('',(-12.528644105437,-4.1681902779854,0.));
#1750=CARTESIAN_POINT('',(-12.6916269774913,-4.1147379707531,0.));
#1751=CARTESIAN_POINT('',(-12.773333461719,-4.0863777713235,0.));
#1752=CARTESIAN_POINT('',(-12.9370246020727,-4.0267763287219,0.));
#1753=CARTESIAN_POINT('',(-13.0190383950571,-3.99535650231132,0.));
#1754=CARTESIAN_POINT('',(-13.1832627836548,-3.929642526551,0.));
#1755=CARTESIAN_POINT('',(-13.2654786907889,-3.89524256178903,0.));
#1756=CARTESIAN_POINT('',(-13.3471765570552,-3.85954841332465,0.));
#1757=ORIENTED_EDGE('',*,*,#2813,.F.);
#1758=ORIENTED_EDGE('',*,*,#2877,.T.);
#1759=ORIENTED_EDGE('',*,*,#2759,.F.);
#1760=ORIENTED_EDGE('',*,*,#2876,.F.);
#1761=CARTESIAN_POINT('',(-9.33112691890162,-4.78012222499066,0.));
#1762=CARTESIAN_POINT('',(-9.3402086714378,-4.76240183387714,0.));
#1763=CARTESIAN_POINT('',(-9.35003753348459,-4.74515237727859,0.));
#1764=CARTESIAN_POINT('',(-9.37119425573686,-4.71158775112584,0.));
#1765=CARTESIAN_POINT('',(-9.38256782961586,-4.69520850522434,0.));
#1766=CARTESIAN_POINT('',(-9.40664164750714,-4.66363598317983,0.));
#1767=CARTESIAN_POINT('',(-9.41943907237832,-4.64831893589557,0.));
#1768=CARTESIAN_POINT('',(-9.44625865601469,-4.61897786756475,0.));
#1769=CARTESIAN_POINT('',(-9.46038990413438,-4.60483978462823,0.));
#1770=CARTESIAN_POINT('',(-9.48976906356438,-4.57795481284429,0.));
#1771=CARTESIAN_POINT('',(-9.50513738191501,-4.56510478788683,0.));
#1772=CARTESIAN_POINT('',(-9.53687838530776,-4.54088463876857,0.));
#1773=CARTESIAN_POINT('',(-9.55338222669453,-4.52942364261313,0.));
#1774=CARTESIAN_POINT('',(-9.58728043510587,-4.50806047641032,0.));
#1775=CARTESIAN_POINT('',(-9.60481618980821,-4.49808126977328,0.));
#1776=CARTESIAN_POINT('',(-9.64066680998185,-4.47975089319906,0.));
#1777=CARTESIAN_POINT('',(-9.65913286563606,-4.47133853018063,0.));
#1778=CARTESIAN_POINT('',(-9.69674139800871,-4.45620206763165,0.));
#1779=CARTESIAN_POINT('',(-9.71604457715089,-4.44943545322996,0.));
#1780=CARTESIAN_POINT('',(-9.7552442233788,-4.43764373570084,0.));
#1781=CARTESIAN_POINT('',(-9.77531080476225,-4.43259924611751,0.));
#1782=CARTESIAN_POINT('',(-9.81599407130739,-4.42430277957023,0.));
#1783=CARTESIAN_POINT('',(-9.83679038029651,-4.42106233086109,0.));
#1784=CARTESIAN_POINT('',(-9.87897240614624,-4.4164339940553,0.));
#1785=CARTESIAN_POINT('',(-9.90054732312987,-4.41510380857405,0.));
#1786=CARTESIAN_POINT('',(-9.94450855799331,-4.41439442133649,0.));
#1787=CARTESIAN_POINT('',(-9.96709236793468,-4.41515315901303,0.));
#1788=CARTESIAN_POINT('',(-10.0137515924172,-4.41884645410025,0.));
#1789=CARTESIAN_POINT('',(-10.0379137778965,-4.42199884977126,0.));
#1790=CARTESIAN_POINT('',(-10.0619760298885,-4.42638318131613,0.));
#1791=ORIENTED_EDGE('',*,*,#2812,.F.);
#1792=ORIENTED_EDGE('',*,*,#2878,.T.);
#1793=ORIENTED_EDGE('',*,*,#2760,.F.);
#1794=ORIENTED_EDGE('',*,*,#2877,.F.);
#1795=ORIENTED_EDGE('',*,*,#2811,.F.);
#1796=ORIENTED_EDGE('',*,*,#2875,.T.);
#1797=ORIENTED_EDGE('',*,*,#2761,.F.);
#1798=ORIENTED_EDGE('',*,*,#2878,.F.);
#1799=CARTESIAN_POINT('',(-9.35869580751981,-5.76637169077759,0.));
#1800=CARTESIAN_POINT('',(-9.34141865631203,-5.74905942979971,0.));
#1801=CARTESIAN_POINT('',(-9.32509859976108,-5.73096510583394,0.));
#1802=CARTESIAN_POINT('',(-9.29555361695398,-5.69466334762804,0.));
#1803=CARTESIAN_POINT('',(-9.28210012181317,-5.67650824854194,0.));
#1804=CARTESIAN_POINT('',(-9.25771110831567,-5.63992588364313,0.));
#1805=CARTESIAN_POINT('',(-9.24654987975333,-5.6214144435791,0.));
#1806=CARTESIAN_POINT('',(-9.22639680443949,-5.58407012189869,0.));
#1807=CARTESIAN_POINT('',(-9.21724999144651,-5.56511431045526,0.));
#1808=CARTESIAN_POINT('',(-9.2009671200527,-5.52691970830881,0.));
#1809=CARTESIAN_POINT('',(-9.19371953612009,-5.50753963888904,0.));
#1810=CARTESIAN_POINT('',(-9.18115599229132,-5.46858050346303,0.));
#1811=CARTESIAN_POINT('',(-9.17575935120013,-5.44885042337224,0.));
#1812=CARTESIAN_POINT('',(-9.16685233424745,-5.40930071724532,0.));
#1813=CARTESIAN_POINT('',(-9.16328565805732,-5.38932468450773,0.));
#1814=CARTESIAN_POINT('',(-9.15800578876457,-5.34940736179643,0.));
#1815=CARTESIAN_POINT('',(-9.15625707076754,-5.32930688310928,0.));
#1816=CARTESIAN_POINT('',(-9.15458223470103,-5.28927354290567,0.));
#1817=CARTESIAN_POINT('',(-9.15463919914656,-5.26918055984077,0.));
#1818=CARTESIAN_POINT('',(-9.15654104604713,-5.22929961328661,0.));
#1819=CARTESIAN_POINT('',(-9.15838620939192,-5.20935208906516,0.));
#1820=CARTESIAN_POINT('',(-9.16382284264433,-5.16990111017344,0.));
#1821=CARTESIAN_POINT('',(-9.16743079291164,-5.1502399744634,0.));
#1822=CARTESIAN_POINT('',(-9.17634275877017,-5.11150026329051,0.));
#1823=CARTESIAN_POINT('',(-9.18167867563998,-5.09226711451035,0.));
#1824=CARTESIAN_POINT('',(-9.19398686462493,-5.05451951405649,0.));
#1825=CARTESIAN_POINT('',(-9.20100579337236,-5.03585477408183,0.));
#1826=CARTESIAN_POINT('',(-9.21661055109293,-4.99937625215843,0.));
#1827=CARTESIAN_POINT('',(-9.22522314553971,-4.98148844907992,0.));
#1828=CARTESIAN_POINT('',(-9.23464771806911,-4.96394798377873,0.));
#1829=ORIENTED_EDGE('',*,*,#2805,.F.);
#1830=ORIENTED_EDGE('',*,*,#2687,.F.);
#1831=ORIENTED_EDGE('',*,*,#2767,.F.);
#1832=ORIENTED_EDGE('',*,*,#2879,.F.);
#1833=CARTESIAN_POINT('',(-5.44023231288755,-12.7846434593153,0.));
#1834=CARTESIAN_POINT('',(-5.46581862123784,-12.6992388083175,0.));
#1835=CARTESIAN_POINT('',(-5.49005773901558,-12.6134758901602,0.));
#1836=CARTESIAN_POINT('',(-5.53549752328658,-12.4425279377713,0.));
#1837=CARTESIAN_POINT('',(-5.55680259344549,-12.3573248761075,0.));
#1838=CARTESIAN_POINT('',(-5.5962386877797,-12.1876430684376,0.));
#1839=CARTESIAN_POINT('',(-5.61454348106052,-12.1031138721827,0.));
#1840=CARTESIAN_POINT('',(-5.64796064645513,-11.9348763651027,0.));
#1841=CARTESIAN_POINT('',(-5.66325669614829,-11.8511106595193,0.));
#1842=CARTESIAN_POINT('',(-5.6906315251705,-11.6845005915867,0.));
#1843=CARTESIAN_POINT('',(-5.7029059321119,-11.6015906760488,0.));
#1844=CARTESIAN_POINT('',(-5.7242039314588,-11.4367978096877,0.));
#1845=CARTESIAN_POINT('',(-5.73343781711427,-11.3548395316181,0.));
#1846=CARTESIAN_POINT('',(-5.74860943760401,-11.1920625251053,0.));
#1847=CARTESIAN_POINT('',(-5.75477584622055,-11.1111564844814,0.));
#1848=CARTESIAN_POINT('',(-5.76375091897612,-10.9506061189989,0.));
#1849=CARTESIAN_POINT('',(-5.7668118969436,-10.8708593667291,0.));
#1850=CARTESIAN_POINT('',(-5.76949155237828,-10.7127632816365,0.));
#1851=CARTESIAN_POINT('',(-5.76939395792536,-10.6342917805827,0.));
#1852=CARTESIAN_POINT('',(-5.76563835575631,-10.4789017183077,0.));
#1853=CARTESIAN_POINT('',(-5.76230764008657,-10.4018340245342,0.));
#1854=CARTESIAN_POINT('',(-5.75191624562924,-10.2494375405333,0.));
#1855=CARTESIAN_POINT('',(-5.74524689361275,-10.1739205003076,0.));
#1856=CARTESIAN_POINT('',(-5.72792425033146,-10.0248613604114,0.));
#1857=CARTESIAN_POINT('',(-5.71776474907642,-9.95106913908059,0.));
#1858=CARTESIAN_POINT('',(-5.69305420103045,-9.80578691147364,0.));
#1859=CARTESIAN_POINT('',(-5.67918516943634,-9.73393439735622,0.));
#1860=CARTESIAN_POINT('',(-5.64631598735404,-9.59305589450441,0.));
#1861=CARTESIAN_POINT('',(-5.62776569153717,-9.52379937217092,0.));
#1862=CARTESIAN_POINT('',(-5.6069470517023,-9.45507136161843,0.));
#1863=ORIENTED_EDGE('',*,*,#2809,.F.);
#1864=ORIENTED_EDGE('',*,*,#2880,.T.);
#1865=ORIENTED_EDGE('',*,*,#2763,.F.);
#1866=ORIENTED_EDGE('',*,*,#2689,.F.);
#1867=CARTESIAN_POINT('',(-6.85239447294056,-8.59540107738456,0.));
#1868=CARTESIAN_POINT('',(-6.90927388770757,-8.63923813219941,0.));
#1869=CARTESIAN_POINT('',(-6.96745183544854,-8.68114166137383,0.));
#1870=CARTESIAN_POINT('',(-7.08751995126072,-8.76183108609505,0.));
#1871=CARTESIAN_POINT('',(-7.14978519265647,-8.80027810855819,0.));
#1872=CARTESIAN_POINT('',(-7.27686395414389,-8.87490066025668,0.));
#1873=CARTESIAN_POINT('',(-7.34225827087707,-8.91056704125735,0.));
#1874=CARTESIAN_POINT('',(-7.4754882938367,-8.97962109355716,0.));
#1875=CARTESIAN_POINT('',(-7.54373296822876,-9.01263575753977,0.));
#1876=CARTESIAN_POINT('',(-7.68254131684006,-9.07639241813637,0.));
#1877=CARTESIAN_POINT('',(-7.75341977425076,-9.10683527223253,0.));
#1878=CARTESIAN_POINT('',(-7.89738025154684,-9.16544889674221,0.));
#1879=CARTESIAN_POINT('',(-7.9707177721501,-9.19336652690813,0.));
#1880=CARTESIAN_POINT('',(-8.11949039852938,-9.24692264994803,0.));
#1881=CARTESIAN_POINT('',(-8.19514034494946,-9.27233917391057,0.));
#1882=CARTESIAN_POINT('',(-8.34844014910536,-9.3208792793214,0.));
#1883=CARTESIAN_POINT('',(-8.42627524985099,-9.34380326450238,0.));
#1884=CARTESIAN_POINT('',(-8.58385432564618,-9.38733907492421,0.));
#1885=CARTESIAN_POINT('',(-8.66376102784359,-9.40776804779032,0.));
#1886=CARTESIAN_POINT('',(-8.82539740922258,-9.44629042822567,0.));
#1887=CARTESIAN_POINT('',(-8.90727209161716,-9.46421391960016,0.));
#1888=CARTESIAN_POINT('',(-9.07276245948225,-9.49769875414302,0.));
#1889=CARTESIAN_POINT('',(-9.15650880875635,-9.51310042779742,0.));
#1890=CARTESIAN_POINT('',(-9.32566350066516,-9.54151267756341,0.));
#1891=CARTESIAN_POINT('',(-9.41119064129825,-9.55437186461658,0.));
#1892=CARTESIAN_POINT('',(-9.58383011933468,-9.57766847410801,0.));
#1893=CARTESIAN_POINT('',(-9.67105124791399,-9.58796130951484,0.));
#1894=CARTESIAN_POINT('',(-9.84700352962,-9.60609335250432,0.));
#1895=CARTESIAN_POINT('',(-9.93578856073882,-9.61384133357939,0.));
#1896=CARTESIAN_POINT('',(-10.024716326605,-9.6202026263015,0.));
#1897=ORIENTED_EDGE('',*,*,#2808,.F.);
#1898=ORIENTED_EDGE('',*,*,#2881,.T.);
#1899=ORIENTED_EDGE('',*,*,#2764,.F.);
#1900=ORIENTED_EDGE('',*,*,#2880,.F.);
#1901=CARTESIAN_POINT('',(-6.04086899332173,-8.56897892797176,0.));
#1902=CARTESIAN_POINT('',(-6.05714556219652,-8.5575088017297,0.));
#1903=CARTESIAN_POINT('',(-6.07386480950767,-8.54680286639323,0.));
#1904=CARTESIAN_POINT('',(-6.10819641624318,-8.52691488499261,0.));
#1905=CARTESIAN_POINT('',(-6.12587903087859,-8.51769734634399,0.));
#1906=CARTESIAN_POINT('',(-6.16186782058485,-8.50092892746825,0.));
#1907=CARTESIAN_POINT('',(-6.18031756435016,-8.49331361553531,0.));
#1908=CARTESIAN_POINT('',(-6.21770060063234,-8.47979707176307,0.));
#1909=CARTESIAN_POINT('',(-6.23678349417881,-8.47384553948687,0.));
#1910=CARTESIAN_POINT('',(-6.27529151729246,-8.46369325538355,0.));
#1911=CARTESIAN_POINT('',(-6.29487119173926,-8.45945713700806,0.));
#1912=CARTESIAN_POINT('',(-6.33423211897926,-8.4527620398096,0.));
#1913=CARTESIAN_POINT('',(-6.35417173526973,-8.45028354922395,0.));
#1914=CARTESIAN_POINT('',(-6.39411506652907,-8.44712068792216,0.));
#1915=CARTESIAN_POINT('',(-6.41427977475748,-8.44643381082361,0.));
#1916=CARTESIAN_POINT('',(-6.45454247315996,-8.44686368236029,0.));
#1917=CARTESIAN_POINT('',(-6.47480277343534,-8.44799650879441,0.));
#1918=CARTESIAN_POINT('',(-6.51513773992996,-8.45207139328347,0.));
#1919=CARTESIAN_POINT('',(-6.53537445872442,-8.4550504884297,0.));
#1920=CARTESIAN_POINT('',(-6.57556390605437,-8.46282642502877,0.));
#1921=CARTESIAN_POINT('',(-6.59567627265512,-8.46768515668347,0.));
#1922=CARTESIAN_POINT('',(-6.63555507641137,-8.4792454570655,0.));
#1923=CARTESIAN_POINT('',(-6.65547520512009,-8.4860407089104,0.));
#1924=CARTESIAN_POINT('',(-6.69497642944467,-8.50154548505308,0.));
#1925=CARTESIAN_POINT('',(-6.71469823770704,-8.51039402816068,0.));
#1926=CARTESIAN_POINT('',(-6.75395364669928,-8.53019570146936,0.));
#1927=CARTESIAN_POINT('',(-6.77359801431428,-8.54136275010973,0.));
#1928=CARTESIAN_POINT('',(-6.81319634597641,-8.56631662330584,0.));
#1929=CARTESIAN_POINT('',(-6.83312590738626,-8.58033665852745,0.));
#1930=CARTESIAN_POINT('',(-6.85239447294056,-8.59540107738456,0.));
#1931=ORIENTED_EDGE('',*,*,#2807,.F.);
#1932=ORIENTED_EDGE('',*,*,#2882,.T.);
#1933=ORIENTED_EDGE('',*,*,#2765,.F.);
#1934=ORIENTED_EDGE('',*,*,#2881,.F.);
#1935=ORIENTED_EDGE('',*,*,#2806,.F.);
#1936=ORIENTED_EDGE('',*,*,#2879,.T.);
#1937=ORIENTED_EDGE('',*,*,#2766,.F.);
#1938=ORIENTED_EDGE('',*,*,#2882,.F.);
#1939=CARTESIAN_POINT('',(-5.6069470517023,-9.45507136161843,0.));
#1940=CARTESIAN_POINT('',(-5.59969430289613,-9.43171302330472,0.));
#1941=CARTESIAN_POINT('',(-5.59365246211346,-9.40810698667082,0.));
#1942=CARTESIAN_POINT('',(-5.5843619472833,-9.36223313799751,0.));
#1943=CARTESIAN_POINT('',(-5.58088656418084,-9.33990544517848,0.));
#1944=CARTESIAN_POINT('',(-5.57629183787637,-9.2961792300306,0.));
#1945=CARTESIAN_POINT('',(-5.57501175593781,-9.27460128234099,0.));
#1946=CARTESIAN_POINT('',(-5.57452186559487,-9.23216892659886,0.));
#1947=CARTESIAN_POINT('',(-5.57523196973737,-9.21113365318694,0.));
#1948=CARTESIAN_POINT('',(-5.57856411981123,-9.16974698492482,0.));
#1949=CARTESIAN_POINT('',(-5.58115307028186,-9.1492186654847,0.));
#1950=CARTESIAN_POINT('',(-5.58813381769037,-9.10888349432728,0.));
#1951=CARTESIAN_POINT('',(-5.59252435472236,-9.08890543185799,0.));
#1952=CARTESIAN_POINT('',(-5.60301724777572,-9.04974660908339,0.));
#1953=CARTESIAN_POINT('',(-5.60914243815027,-9.03040119345452,0.));
#1954=CARTESIAN_POINT('',(-5.62301785090024,-8.99260248192615,0.));
#1955=CARTESIAN_POINT('',(-5.6308105962277,-8.97399172217951,0.));
#1956=CARTESIAN_POINT('',(-5.64793202338755,-8.93776562473972,0.));
#1957=CARTESIAN_POINT('',(-5.65732013772483,-8.92000064450938,0.));
#1958=CARTESIAN_POINT('',(-5.67753773950957,-8.88557165239861,0.));
#1959=CARTESIAN_POINT('',(-5.68844162724214,-8.8687664870424,0.));
#1960=CARTESIAN_POINT('',(-5.71158931096555,-8.83636090951511,0.));
#1961=CARTESIAN_POINT('',(-5.72392097762315,-8.82062853652227,0.));
#1962=CARTESIAN_POINT('',(-5.74981537295332,-8.79046782287509,0.));
#1963=CARTESIAN_POINT('',(-5.76347818260759,-8.77591743960891,0.));
#1964=CARTESIAN_POINT('',(-5.79191872732914,-8.74821349996028,0.));
#1965=CARTESIAN_POINT('',(-5.80680761724859,-8.73494855231434,0.));
#1966=CARTESIAN_POINT('',(-5.83757735842083,-8.70990031777722,0.));
#1967=CARTESIAN_POINT('',(-5.85351630865777,-8.69806392696649,0.));
#1968=CARTESIAN_POINT('',(-5.87001281386704,-8.6869124335138,0.));
#1969=ORIENTED_EDGE('',*,*,#2800,.F.);
#1970=ORIENTED_EDGE('',*,*,#2683,.F.);
#1971=ORIENTED_EDGE('',*,*,#2772,.F.);
#1972=ORIENTED_EDGE('',*,*,#2883,.F.);
#1973=CARTESIAN_POINT('',(1.12423357946206,-13.8484416039788,0.));
#1974=CARTESIAN_POINT('',(1.06188850824008,-13.7847100915114,0.));
#1975=CARTESIAN_POINT('',(1.00056981997744,-13.7200352785526,0.));
#1976=CARTESIAN_POINT('',(0.880891414501789,-13.5897853047202,0.));
#1977=CARTESIAN_POINT('',(0.82243087466837,-13.5242427001508,0.));
#1978=CARTESIAN_POINT('',(0.708656879413406,-13.3923237879577,0.));
#1979=CARTESIAN_POINT('',(0.653166113690716,-13.3259835633873,0.));
#1980=CARTESIAN_POINT('',(0.545392815284821,-13.1925463801052,0.));
#1981=CARTESIAN_POINT('',(0.492920971508132,-13.1254839600865,0.));
#1982=CARTESIAN_POINT('',(0.391254204935142,-12.9906797888785,0.));
#1983=CARTESIAN_POINT('',(0.341855598404909,-12.9229709059078,0.));
#1984=CARTESIAN_POINT('',(0.246414092963304,-12.7869517432184,0.));
#1985=CARTESIAN_POINT('',(0.200149982309734,-12.7186724926816,0.));
#1986=CARTESIAN_POINT('',(0.111069932725757,-12.5815912150261,0.));
#1987=CARTESIAN_POINT('',(0.0680109372233639,-12.5128181468163,0.));
#1988=CARTESIAN_POINT('',(-0.014547570148542,-12.3748287825593,0.));
#1989=CARTESIAN_POINT('',(-0.0543180952092532,-12.3056390476263,0.));
#1990=CARTESIAN_POINT('',(-0.1301617264125,-12.1668972144225,0.));
#1991=CARTESIAN_POINT('',(-0.166542835700852,-12.0973687965686,0.));
#1992=CARTESIAN_POINT('',(-0.235430777774828,-11.9580324142476,0.));
#1993=CARTESIAN_POINT('',(-0.268296718627839,-11.8882444996615,0.));
#1994=CARTESIAN_POINT('',(-0.329917773243904,-11.7484749928203,0.));
#1995=CARTESIAN_POINT('',(-0.359106873790722,-11.6785085720884,0.));
#1996=CARTESIAN_POINT('',(-0.413039671231743,-11.5384730247548,0.));
#1997=CARTESIAN_POINT('',(-0.43833683479684,-11.4684119020814,0.));
#1998=CARTESIAN_POINT('',(-0.483972748787432,-11.3282873139557,0.));
#1999=CARTESIAN_POINT('',(-0.505083859472418,-11.2582198120165,0.));
#2000=CARTESIAN_POINT('',(-0.541449148857426,-11.1182030222216,0.));
#2001=CARTESIAN_POINT('',(-0.55720878839227,-11.0482586648912,0.));
#2002=CARTESIAN_POINT('',(-0.57071429737679,-10.9777281294747,0.));
#2003=ORIENTED_EDGE('',*,*,#2804,.F.);
#2004=ORIENTED_EDGE('',*,*,#2884,.T.);
#2005=ORIENTED_EDGE('',*,*,#2768,.F.);
#2006=ORIENTED_EDGE('',*,*,#2685,.F.);
#2007=CARTESIAN_POINT('',(-2.07301192254739,-10.7953161724364,0.));
#2008=CARTESIAN_POINT('',(-2.10300404792186,-10.8605651388236,0.));
#2009=CARTESIAN_POINT('',(-2.13504452131147,-10.9247055116444,0.));
#2010=CARTESIAN_POINT('',(-2.20386131253936,-11.0519508846118,0.));
#2011=CARTESIAN_POINT('',(-2.24112722348727,-11.1149301328098,0.));
#2012=CARTESIAN_POINT('',(-2.31897104964753,-11.2400615659986,0.));
#2013=CARTESIAN_POINT('',(-2.36029984772844,-11.3020328322748,0.));
#2014=CARTESIAN_POINT('',(-2.44617815612872,-11.4250922378607,0.));
#2015=CARTESIAN_POINT('',(-2.49126313491796,-11.4860401525776,0.));
#2016=CARTESIAN_POINT('',(-2.58454262605543,-11.6070013279512,0.));
#2017=CARTESIAN_POINT('',(-2.6331548835371,-11.6668959981062,0.));
#2018=CARTESIAN_POINT('',(-2.73338644610771,-11.7856975547716,0.));
#2019=CARTESIAN_POINT('',(-2.78534962598569,-11.8444990338286,0.));
#2020=CARTESIAN_POINT('',(-2.89219247308401,-11.9610587125291,0.));
#2021=CARTESIAN_POINT('',(-2.94736552634381,-12.0187202098882,0.));
#2022=CARTESIAN_POINT('',(-3.06054804990725,-12.1329423099711,0.));
#2023=CARTESIAN_POINT('',(-3.1188143017606,-12.1894122656964,0.));
#2024=CARTESIAN_POINT('',(-3.23811154402358,-12.3011919593174,0.));
#2025=CARTESIAN_POINT('',(-3.29937159790243,-12.3564154125523,0.));
#2026=CARTESIAN_POINT('',(-3.42459126292864,-12.4656414583034,0.));
#2027=CARTESIAN_POINT('',(-3.48875823203771,-12.5195609838542,0.));
#2028=CARTESIAN_POINT('',(-3.6197314969273,-12.6261175410651,0.));
#2029=CARTESIAN_POINT('',(-3.68672769188305,-12.6786739148893,0.));
#2030=CARTESIAN_POINT('',(-3.82330290226508,-12.7824418176369,0.));
#2031=CARTESIAN_POINT('',(-3.89305746209828,-12.833574506389,0.));
#2032=CARTESIAN_POINT('',(-4.03509565393054,-12.9344321954935,0.));
#2033=CARTESIAN_POINT('',(-4.10754280867578,-12.9840797281682,0.));
#2034=CARTESIAN_POINT('',(-4.25491443620609,-13.0819039573734,0.));
#2035=CARTESIAN_POINT('',(-4.32992901065591,-13.1300249151945,0.));
#2036=CARTESIAN_POINT('',(-4.40571439665792,-13.1769843536023,0.));
#2037=ORIENTED_EDGE('',*,*,#2803,.F.);
#2038=ORIENTED_EDGE('',*,*,#2885,.T.);
#2039=ORIENTED_EDGE('',*,*,#2769,.F.);
#2040=ORIENTED_EDGE('',*,*,#2884,.F.);
#2041=CARTESIAN_POINT('',(-1.36672078173512,-10.3947858259453,0.));
#2042=CARTESIAN_POINT('',(-1.38646340117321,-10.3921936322667,0.));
#2043=CARTESIAN_POINT('',(-1.40624285567852,-10.3904838189574,0.));
#2044=CARTESIAN_POINT('',(-1.44588438953488,-10.3888285791717,0.));
#2045=CARTESIAN_POINT('',(-1.46582517101232,-10.3888843747969,0.));
#2046=CARTESIAN_POINT('',(-1.50548433452379,-10.3907615017731,0.));
#2047=CARTESIAN_POINT('',(-1.52535978323012,-10.3925925013808,0.));
#2048=CARTESIAN_POINT('',(-1.5647422690603,-10.3979969594534,0.));
#2049=CARTESIAN_POINT('',(-1.58440514709583,-10.4015954021582,0.));
#2050=CARTESIAN_POINT('',(-1.62322030986979,-10.4105015716753,0.));
#2051=CARTESIAN_POINT('',(-1.64252587295765,-10.4158498035508,0.));
#2052=CARTESIAN_POINT('',(-1.68048960996481,-10.4282135243557,0.));
#2053=CARTESIAN_POINT('',(-1.69929707536527,-10.4352853316639,0.));
#2054=CARTESIAN_POINT('',(-1.73613499365041,-10.4510473486708,0.));
#2055=CARTESIAN_POINT('',(-1.75430916376084,-10.4598101563763,0.));
#2056=CARTESIAN_POINT('',(-1.78976024140628,-10.4789017976353,0.));
#2057=CARTESIAN_POINT('',(-1.80717339567281,-10.489320296638,0.));
#2058=CARTESIAN_POINT('',(-1.84099454155453,-10.5116730212363,0.));
#2059=CARTESIAN_POINT('',(-1.85752881160435,-10.5237153511344,0.));
#2060=CARTESIAN_POINT('',(-1.8895011419884,-10.549277568497,0.));
#2061=CARTESIAN_POINT('',(-1.9050517929985,-10.5629264445217,0.));
#2062=CARTESIAN_POINT('',(-1.934990380617,-10.5916951863323,0.));
#2063=CARTESIAN_POINT('',(-1.94947086762173,-10.6069694284252,0.));
#2064=CARTESIAN_POINT('',(-1.97724203596975,-10.6390553601549,0.));
#2065=CARTESIAN_POINT('',(-1.99059270691151,-10.6560555372619,0.));
#2066=CARTESIAN_POINT('',(-2.01614934891139,-10.6918319463978,0.));
#2067=CARTESIAN_POINT('',(-2.02835398631972,-10.710849069736,0.));
#2068=CARTESIAN_POINT('',(-2.05181992458929,-10.7513468894186,0.));
#2069=CARTESIAN_POINT('',(-2.06295123958791,-10.7730227430813,0.));
#2070=CARTESIAN_POINT('',(-2.07301192254739,-10.7953161724364,0.));
#2071=ORIENTED_EDGE('',*,*,#2802,.F.);
#2072=ORIENTED_EDGE('',*,*,#2886,.T.);
#2073=ORIENTED_EDGE('',*,*,#2770,.F.);
#2074=ORIENTED_EDGE('',*,*,#2885,.F.);
#2075=ORIENTED_EDGE('',*,*,#2801,.F.);
#2076=ORIENTED_EDGE('',*,*,#2883,.T.);
#2077=ORIENTED_EDGE('',*,*,#2771,.F.);
#2078=ORIENTED_EDGE('',*,*,#2886,.F.);
#2079=CARTESIAN_POINT('',(-0.57071429737679,-10.9777281294747,0.));
#2080=CARTESIAN_POINT('',(-0.575147468318641,-10.9536748276343,0.));
#2081=CARTESIAN_POINT('',(-0.580767956215472,-10.9299649368415,0.));
#2082=CARTESIAN_POINT('',(-0.593860254347002,-10.8850281435921,0.));
#2083=CARTESIAN_POINT('',(-0.601159151668752,-10.8636428623871,0.));
#2084=CARTESIAN_POINT('',(-0.617411308981226,-10.8227899459225,0.));
#2085=CARTESIAN_POINT('',(-0.62630562501191,-10.8030887383805,0.));
#2086=CARTESIAN_POINT('',(-0.645591147613616,-10.7652890899119,0.));
#2087=CARTESIAN_POINT('',(-0.655995492590234,-10.7469932821676,0.));
#2088=CARTESIAN_POINT('',(-0.678179308706604,-10.7118957347253,0.));
#2089=CARTESIAN_POINT('',(-0.69001169622788,-10.6949219558554,0.));
#2090=CARTESIAN_POINT('',(-0.714937529769519,-10.6624510505873,0.));
#2091=CARTESIAN_POINT('',(-0.728109425802361,-10.6468017390895,0.));
#2092=CARTESIAN_POINT('',(-0.755598433516301,-10.6170046140499,0.));
#2093=CARTESIAN_POINT('',(-0.770012283157276,-10.6027216171128,0.));
#2094=CARTESIAN_POINT('',(-0.799864288105794,-10.5757007460546,0.));
#2095=CARTESIAN_POINT('',(-0.815413272715972,-10.5628432060225,0.));
#2096=CARTESIAN_POINT('',(-0.847408650475434,-10.5387233136982,0.));
#2097=CARTESIAN_POINT('',(-0.863977210848843,-10.5273560791819,0.));
#2098=CARTESIAN_POINT('',(-0.897878958597383,-10.5062663086928,0.));
#2099=CARTESIAN_POINT('',(-0.915343621444288,-10.4964533630607,0.));
#2100=CARTESIAN_POINT('',(-0.950899500257486,-10.4785169141798,0.));
#2101=CARTESIAN_POINT('',(-0.969129847086817,-10.4703174009612,0.));
#2102=CARTESIAN_POINT('',(-1.00607457797978,-10.4556451408603,0.));
#2103=CARTESIAN_POINT('',(-1.02493429538142,-10.4491108405633,0.));
#2104=CARTESIAN_POINT('',(-1.0629918097896,-10.4377972004247,0.));
#2105=CARTESIAN_POINT('',(-1.08233979563108,-10.4329708847532,0.));
#2106=CARTESIAN_POINT('',(-1.12122554336801,-10.4250911862709,0.));
#2107=CARTESIAN_POINT('',(-1.14083942798102,-10.4220177822187,0.));
#2108=CARTESIAN_POINT('',(-1.16062871533114,-10.4198099333744,0.));
#2109=ORIENTED_EDGE('',*,*,#2795,.F.);
#2110=ORIENTED_EDGE('',*,*,#2679,.F.);
#2111=ORIENTED_EDGE('',*,*,#2777,.F.);
#2112=ORIENTED_EDGE('',*,*,#2887,.F.);
#2113=CARTESIAN_POINT('',(7.43115110724026,-11.7397286689839,0.));
#2114=CARTESIAN_POINT('',(7.346329777624,-11.7122704165052,0.));
#2115=CARTESIAN_POINT('',(7.26197889138713,-11.6834999289778,0.));
#2116=CARTESIAN_POINT('',(7.09547874512016,-11.6237866330246,0.));
#2117=CARTESIAN_POINT('',(7.01325534076219,-11.5929195063823,0.));
#2118=CARTESIAN_POINT('',(6.85120769577411,-11.5289845226543,0.));
#2119=CARTESIAN_POINT('',(6.77124322330039,-11.496031015731,0.));
#2120=CARTESIAN_POINT('',(6.61380335573895,-11.4279630068446,0.));
#2121=CARTESIAN_POINT('',(6.53617638493371,-11.392967064627,0.));
#2122=CARTESIAN_POINT('',(6.38350831181446,-11.3208508012009,0.));
#2123=CARTESIAN_POINT('',(6.30830213113372,-11.2838542399055,0.));
#2124=CARTESIAN_POINT('',(6.16058161829926,-11.2077691318513,0.));
#2125=CARTESIAN_POINT('',(6.08788583285534,-11.1688108622911,0.));
#2126=CARTESIAN_POINT('',(5.94530452000584,-11.0888289821953,0.));
#2127=CARTESIAN_POINT('',(5.87521723457005,-11.0479439675212,0.));
#2128=CARTESIAN_POINT('',(5.73798845168284,-10.9641273048889,0.));
#2129=CARTESIAN_POINT('',(5.67061932753352,-10.9213451217392,0.));
#2130=CARTESIAN_POINT('',(5.53898658245554,-10.8337416223908,0.));
#2131=CARTESIAN_POINT('',(5.47446124312398,-10.7890844103589,0.));
#2132=CARTESIAN_POINT('',(5.34871115414643,-10.6977219939962,0.));
#2133=CARTESIAN_POINT('',(5.28717774774257,-10.6512014287936,0.));
#2134=CARTESIAN_POINT('',(5.16766088505143,-10.5560784087243,0.));
#2135=CARTESIAN_POINT('',(5.10930020310979,-10.5076910712891,0.));
#2136=CARTESIAN_POINT('',(4.99646731887952,-10.4087595728009,0.));
#2137=CARTESIAN_POINT('',(4.94150876580318,-10.3584797076614,0.));
#2138=CARTESIAN_POINT('',(4.83598102769889,-10.2556136134721,0.));
#2139=CARTESIAN_POINT('',(4.78472607577628,-10.2033827440005,0.));
#2140=CARTESIAN_POINT('',(4.68745716447282,-10.0963038264192,0.));
#2141=CARTESIAN_POINT('',(4.64099793307945,-10.0416950434356,0.));
#2142=CARTESIAN_POINT('',(4.59626222462486,-9.98551967883377,0.));
#2143=ORIENTED_EDGE('',*,*,#2799,.F.);
#2144=ORIENTED_EDGE('',*,*,#2888,.T.);
#2145=ORIENTED_EDGE('',*,*,#2773,.F.);
#2146=ORIENTED_EDGE('',*,*,#2681,.F.);
#2147=CARTESIAN_POINT('',(3.1812726767995,-10.5221544300461,0.));
#2148=CARTESIAN_POINT('',(3.18503867529658,-10.5938675561417,0.));
#2149=CARTESIAN_POINT('',(3.18647576258231,-10.6655509861709,0.));
#2150=CARTESIAN_POINT('',(3.18467539347679,-10.8102019259107,0.));
#2151=CARTESIAN_POINT('',(3.18094598407197,-10.8832856130635,0.));
#2152=CARTESIAN_POINT('',(3.17017017569238,-11.0302598243964,0.));
#2153=CARTESIAN_POINT('',(3.16237482583806,-11.1043391056789,0.));
#2154=CARTESIAN_POINT('',(3.14352191750583,-11.2532124377578,0.));
#2155=CARTESIAN_POINT('',(3.13192505962714,-11.3281311704493,0.));
#2156=CARTESIAN_POINT('',(3.10554363324336,-11.478586113062,0.));
#2157=CARTESIAN_POINT('',(3.09033405803855,-11.5542114521523,0.));
#2158=CARTESIAN_POINT('',(3.05679325325706,-11.7059849360554,0.));
#2159=CARTESIAN_POINT('',(3.03810855239022,-11.7821995537861,0.));
#2160=CARTESIAN_POINT('',(2.9976718932472,-11.9350603704535,0.));
#2161=CARTESIAN_POINT('',(2.97561521474213,-12.0117572870605,0.));
#2162=CARTESIAN_POINT('',(2.92847872392225,-12.1654944752119,0.));
#2163=CARTESIAN_POINT('',(2.90312941707633,-12.2425738151617,0.));
#2164=CARTESIAN_POINT('',(2.84944356886038,-12.3969900112646,0.));
#2165=CARTESIAN_POINT('',(2.82086410338007,-12.474356917247,0.));
#2166=CARTESIAN_POINT('',(2.76074747090358,-12.6292642575488,0.));
#2167=CARTESIAN_POINT('',(2.7289880944071,-12.7068275037729,0.));
#2168=CARTESIAN_POINT('',(2.66253632908026,-12.8620449605406,0.));
#2169=CARTESIAN_POINT('',(2.62763830931555,-12.9397160026644,0.));
#2170=CARTESIAN_POINT('',(2.55493031524913,-13.095067582413,0.));
#2171=CARTESIAN_POINT('',(2.51692826524003,-13.1727598900865,0.));
#2172=CARTESIAN_POINT('',(2.43803059761493,-13.3280733776973,0.));
#2173=CARTESIAN_POINT('',(2.39695418677304,-13.4057019562216,0.));
#2174=CARTESIAN_POINT('',(2.31192427726498,-13.5608080196414,0.));
#2175=CARTESIAN_POINT('',(2.26786509446698,-13.6382780226921,0.));
#2176=CARTESIAN_POINT('',(2.22258360694934,-13.715077765369,0.));
#2177=ORIENTED_EDGE('',*,*,#2798,.F.);
#2178=ORIENTED_EDGE('',*,*,#2889,.T.);
#2179=ORIENTED_EDGE('',*,*,#2774,.F.);
#2180=ORIENTED_EDGE('',*,*,#2888,.F.);
#2181=CARTESIAN_POINT('',(3.62052669017608,-9.83927256194393,0.));
#2182=CARTESIAN_POINT('',(3.60184081636359,-9.84615214116131,0.));
#2183=CARTESIAN_POINT('',(3.58353238932303,-9.85383014750285,0.));
#2184=CARTESIAN_POINT('',(3.54766232602004,-9.87078684481904,0.));
#2185=CARTESIAN_POINT('',(3.53003157042457,-9.88010319261288,0.));
#2186=CARTESIAN_POINT('',(3.49578746952364,-9.90019583827244,0.));
#2187=CARTESIAN_POINT('',(3.47903954164979,-9.91105368947671,0.));
#2188=CARTESIAN_POINT('',(3.44667965916491,-9.9341410531804,0.));
#2189=CARTESIAN_POINT('',(3.43094132503489,-9.94646511100856,0.));
#2190=CARTESIAN_POINT('',(3.40071110861871,-9.97238943804066,0.));
#2191=CARTESIAN_POINT('',(3.38610232873596,-9.98609680469773,0.));
#2192=CARTESIAN_POINT('',(3.35823281659735,-10.0146869640685,0.));
#2193=CARTESIAN_POINT('',(3.34486606575562,-10.0296890034408,0.));
#2194=CARTESIAN_POINT('',(3.31957268357876,-10.060765010613,0.));
#2195=CARTESIAN_POINT('',(3.30755253493612,-10.0769700494804,0.));
#2196=CARTESIAN_POINT('',(3.2850344927045,-10.1103497955286,0.));
#2197=CARTESIAN_POINT('',(3.27445762823801,-10.1276672145348,0.));
#2198=CARTESIAN_POINT('',(3.2548983199017,-10.1631770394164,0.));
#2199=CARTESIAN_POINT('',(3.24585430060537,-10.1815238514126,0.));
#2200=CARTESIAN_POINT('',(3.22942356274987,-10.2190163535991,0.));
#2201=CARTESIAN_POINT('',(3.22199709407117,-10.2383285809833,0.));
#2202=CARTESIAN_POINT('',(3.20885729221473,-10.2777151921745,0.));
#2203=CARTESIAN_POINT('',(3.20313375197799,-10.2979692797266,0.));
#2204=CARTESIAN_POINT('',(3.1934546795962,-10.3392858667614,0.));
#2205=CARTESIAN_POINT('',(3.18953362379477,-10.3605431421669,0.));
#2206=CARTESIAN_POINT('',(3.18353046747851,-10.4040983429495,0.));
#2207=CARTESIAN_POINT('',(3.18156149562527,-10.42660894721,0.));
#2208=CARTESIAN_POINT('',(3.17960371441061,-10.4733731509413,0.));
#2209=CARTESIAN_POINT('',(3.1798206959425,-10.4977391461933,0.));
#2210=CARTESIAN_POINT('',(3.1812726767995,-10.5221544300461,0.));
#2211=ORIENTED_EDGE('',*,*,#2797,.F.);
#2212=ORIENTED_EDGE('',*,*,#2890,.T.);
#2213=ORIENTED_EDGE('',*,*,#2775,.F.);
#2214=ORIENTED_EDGE('',*,*,#2889,.F.);
#2215=ORIENTED_EDGE('',*,*,#2796,.F.);
#2216=ORIENTED_EDGE('',*,*,#2887,.T.);
#2217=ORIENTED_EDGE('',*,*,#2776,.F.);
#2218=ORIENTED_EDGE('',*,*,#2890,.F.);
#2219=CARTESIAN_POINT('',(4.59626222462486,-9.98551967883377,0.));
#2220=CARTESIAN_POINT('',(4.58115871997228,-9.96628173504468,0.));
#2221=CARTESIAN_POINT('',(4.56516348943888,-9.94789964033848,0.));
#2222=CARTESIAN_POINT('',(4.5326876660683,-9.91419438029922,0.));
#2223=CARTESIAN_POINT('',(4.5162865777375,-9.89865062091176,0.));
#2224=CARTESIAN_POINT('',(4.48291071018865,-9.8700299139615,0.));
#2225=CARTESIAN_POINT('',(4.46587957680322,-9.85671875578977,0.));
#2226=CARTESIAN_POINT('',(4.43123672206918,-9.83221125852361,0.));
#2227=CARTESIAN_POINT('',(4.41352164630664,-9.82084626551283,0.));
#2228=CARTESIAN_POINT('',(4.37756820907605,-9.80007826403799,0.));
#2229=CARTESIAN_POINT('',(4.35920304188952,-9.79054751392134,0.));
#2230=CARTESIAN_POINT('',(4.32204233029029,-9.77337956762253,0.));
#2231=CARTESIAN_POINT('',(4.30310659789916,-9.76564407576567,0.));
#2232=CARTESIAN_POINT('',(4.26491887591345,-9.75203481071339,0.));
#2233=CARTESIAN_POINT('',(4.24551840625308,-9.74608629493755,0.));
#2234=CARTESIAN_POINT('',(4.20652854368406,-9.73603342027226,0.));
#2235=CARTESIAN_POINT('',(4.18678540477977,-9.73187460742583,0.));
#2236=CARTESIAN_POINT('',(4.14724583187929,-9.72538649687227,0.));
#2237=CARTESIAN_POINT('',(4.12729248297851,-9.72302110450778,0.));
#2238=CARTESIAN_POINT('',(4.08747307111501,-9.72010196790008,0.));
#2239=CARTESIAN_POINT('',(4.06744857693999,-9.71952926957765,0.));
#2240=CARTESIAN_POINT('',(4.02762992637831,-9.7201709736241,0.));
#2241=CARTESIAN_POINT('',(4.00767725213636,-9.72138272984323,0.));
#2242=CARTESIAN_POINT('',(3.9681457782959,-9.72556016125781,0.));
#2243=CARTESIAN_POINT('',(3.94840968711938,-9.72853887338111,0.));
#2244=CARTESIAN_POINT('',(3.90945372093272,-9.73620735136422,0.));
#2245=CARTESIAN_POINT('',(3.89007902955699,-9.74092531842409,0.));
#2246=CARTESIAN_POINT('',(3.85198553143782,-9.75201929995818,0.));
#2247=CARTESIAN_POINT('',(3.83319001704067,-9.75841296249436,0.));
#2248=CARTESIAN_POINT('',(3.81464143479484,-9.76565454982134,0.));
#2249=ORIENTED_EDGE('',*,*,#2790,.F.);
#2250=ORIENTED_EDGE('',*,*,#2671,.F.);
#2251=ORIENTED_EDGE('',*,*,#2782,.F.);
#2252=ORIENTED_EDGE('',*,*,#2891,.F.);
#2253=CARTESIAN_POINT('',(12.0356814714288,-6.94158537499224,0.));
#2254=CARTESIAN_POINT('',(11.9478154278255,-6.95669073723735,0.));
#2255=CARTESIAN_POINT('',(11.8597561151129,-6.97041554711192,0.));
#2256=CARTESIAN_POINT('',(11.6845774050201,-6.99491852551746,0.));
#2257=CARTESIAN_POINT('',(11.5974275271765,-7.00579816352695,0.));
#2258=CARTESIAN_POINT('',(11.4242293950362,-7.02449384253602,0.));
#2259=CARTESIAN_POINT('',(11.3381101127789,-7.03247630456321,0.));
#2260=CARTESIAN_POINT('',(11.1670712523641,-7.04537103059978,0.));
#2261=CARTESIAN_POINT('',(11.0820725580354,-7.05045871479856,0.));
#2262=CARTESIAN_POINT('',(10.9133775940718,-7.05755132601013,0.));
#2263=CARTESIAN_POINT('',(10.8295926689018,-7.05974255272595,0.));
#2264=CARTESIAN_POINT('',(10.6634341379397,-7.06102168063723,0.));
#2265=CARTESIAN_POINT('',(10.5809604060714,-7.06030926211187,0.));
#2266=CARTESIAN_POINT('',(10.4175414904391,-7.05574966441952,0.));
#2267=CARTESIAN_POINT('',(10.3364820675199,-7.05211896742508,0.));
#2268=CARTESIAN_POINT('',(10.1760204694907,-7.04167639372616,0.));
#2269=CARTESIAN_POINT('',(10.0964862007095,-7.03510264493816,0.));
#2270=CARTESIAN_POINT('',(9.93921981730757,-7.01870638540927,0.));
#2271=CARTESIAN_POINT('',(9.86133222555903,-7.00915080829811,0.));
#2272=CARTESIAN_POINT('',(9.70752781960981,-6.98669238644602,0.));
#2273=CARTESIAN_POINT('',(9.63142350950429,-6.97409647148118,0.));
#2274=CARTESIAN_POINT('',(9.48139071164629,-6.94541147572507,0.));
#2275=CARTESIAN_POINT('',(9.40722817722019,-6.92968817746231,0.));
#2276=CARTESIAN_POINT('',(9.26134386019416,-6.89452474186933,0.));
#2277=CARTESIAN_POINT('',(9.18931425979401,-6.87554464542916,0.));
#2278=CARTESIAN_POINT('',(9.0480698306286,-6.83350242768426,0.));
#2279=CARTESIAN_POINT('',(8.9784129292647,-6.81107365342593,0.));
#2280=CARTESIAN_POINT('',(8.84252353140496,-6.76146309763539,0.));
#2281=CARTESIAN_POINT('',(8.77600795817086,-6.73470010307273,0.));
#2282=CARTESIAN_POINT('',(8.71029046192942,-6.70574900832945,0.));
#2283=ORIENTED_EDGE('',*,*,#2794,.F.);
#2284=ORIENTED_EDGE('',*,*,#2892,.T.);
#2285=ORIENTED_EDGE('',*,*,#2778,.F.);
#2286=ORIENTED_EDGE('',*,*,#2677,.F.);
#2287=CARTESIAN_POINT('',(7.70676604438345,-7.83849391343951,0.));
#2288=CARTESIAN_POINT('',(7.7434274218816,-7.90024258629178,0.));
#2289=CARTESIAN_POINT('',(7.7780128504643,-7.96304726358872,0.));
#2290=CARTESIAN_POINT('',(7.84364134634641,-8.09196598303931,0.));
#2291=CARTESIAN_POINT('',(7.87430280123508,-8.15841151717414,0.));
#2292=CARTESIAN_POINT('',(7.93306361847336,-8.29355848606601,0.));
#2293=CARTESIAN_POINT('',(7.9605875375531,-8.36277511176516,0.));
#2294=CARTESIAN_POINT('',(8.01307900338566,-8.50335728407587,0.));
#2295=CARTESIAN_POINT('',(8.03762696680024,-8.57508385595101,0.));
#2296=CARTESIAN_POINT('',(8.08418727202402,-8.72056515162882,0.));
#2297=CARTESIAN_POINT('',(8.10586470948024,-8.79459630585304,0.));
#2298=CARTESIAN_POINT('',(8.1466984566528,-8.94457224090039,0.));
#2299=CARTESIAN_POINT('',(8.16557267459063,-9.02074014686839,0.));
#2300=CARTESIAN_POINT('',(8.200805754698,-9.17488353057655,0.));
#2301=CARTESIAN_POINT('',(8.21691837018138,-9.25304552713488,0.));
#2302=CARTESIAN_POINT('',(8.24662631409561,-9.41107846628341,0.));
#2303=CARTESIAN_POINT('',(8.26000117296325,-9.49110924258184,0.));
#2304=CARTESIAN_POINT('',(8.284225499636,-9.65278705155637,0.));
#2305=CARTESIAN_POINT('',(8.29487383367587,-9.73457358449796,0.));
#2306=CARTESIAN_POINT('',(8.31363222976551,-9.89967481452319,0.));
#2307=CARTESIAN_POINT('',(8.32155613629498,-9.98311297644911,0.));
#2308=CARTESIAN_POINT('',(8.3348491691367,-10.1514328840012,0.));
#2309=CARTESIAN_POINT('',(8.34004404032438,-10.2364250947116,0.));
#2310=CARTESIAN_POINT('',(8.34785978778787,-10.4077711767302,0.));
#2311=CARTESIAN_POINT('',(8.3503160592856,-10.4942247319311,0.));
#2312=CARTESIAN_POINT('',(8.35263342070061,-10.6684135697668,0.));
#2313=CARTESIAN_POINT('',(8.35233786446153,-10.7562394223267,0.));
#2314=CARTESIAN_POINT('',(8.34912900052252,-10.9330943900622,0.));
#2315=CARTESIAN_POINT('',(8.34611863718466,-11.0221659942584,0.));
#2316=CARTESIAN_POINT('',(8.3417144912406,-11.1112121456944,0.));
#2317=ORIENTED_EDGE('',*,*,#2793,.F.);
#2318=ORIENTED_EDGE('',*,*,#2893,.T.);
#2319=ORIENTED_EDGE('',*,*,#2779,.F.);
#2320=ORIENTED_EDGE('',*,*,#2892,.F.);
#2321=CARTESIAN_POINT('',(7.77835512944448,-7.02970053008979,0.));
#2322=CARTESIAN_POINT('',(7.76500670975884,-7.04447585351233,0.));
#2323=CARTESIAN_POINT('',(7.75236355017756,-7.05978274078187,0.));
#2324=CARTESIAN_POINT('',(7.72848235664953,-7.09146680019525,0.));
#2325=CARTESIAN_POINT('',(7.71720062056932,-7.10790943715224,0.));
#2326=CARTESIAN_POINT('',(7.69621649310918,-7.14161461851728,0.));
#2327=CARTESIAN_POINT('',(7.6864328345093,-7.15901191845844,0.));
#2328=CARTESIAN_POINT('',(7.66850881446814,-7.19449315100166,0.));
#2329=CARTESIAN_POINT('',(7.66030048692532,-7.21271953082569,0.));
#2330=CARTESIAN_POINT('',(7.64558059513428,-7.24972306447177,0.));
#2331=CARTESIAN_POINT('',(7.63901529387289,-7.26864937340091,0.));
#2332=CARTESIAN_POINT('',(7.62762457596976,-7.3069163103745,0.));
#2333=CARTESIAN_POINT('',(7.62276070121779,-7.32641179538491,0.));
#2334=CARTESIAN_POINT('',(7.61480626418763,-7.36568265398567,0.));
#2335=CARTESIAN_POINT('',(7.61169380820831,-7.38561754490242,0.));
#2336=CARTESIAN_POINT('',(7.60726741349395,-7.42563849818966,0.));
#2337=CARTESIAN_POINT('',(7.60594987101174,-7.44588762520259,0.));
#2338=CARTESIAN_POINT('',(7.60513320204548,-7.48641967742698,0.));
#2339=CARTESIAN_POINT('',(7.60565130933118,-7.50686793799596,0.));
#2340=CARTESIAN_POINT('',(7.60852624803505,-7.54770164458903,0.));
#2341=CARTESIAN_POINT('',(7.6109252761634,-7.56825302477661,0.));
#2342=CARTESIAN_POINT('',(7.61759443032255,-7.60923450738466,0.));
#2343=CARTESIAN_POINT('',(7.6219390309459,-7.62982847302587,0.));
#2344=CARTESIAN_POINT('',(7.63256941336754,-7.67091058319495,0.));
#2345=CARTESIAN_POINT('',(7.63897623933672,-7.69155517128156,0.));
#2346=CARTESIAN_POINT('',(7.65390181947024,-7.73291119210863,0.));
#2347=CARTESIAN_POINT('',(7.66261958089499,-7.75375836913745,0.));
#2348=CARTESIAN_POINT('',(7.6826184608177,-7.79607584141249,0.));
#2349=CARTESIAN_POINT('',(7.69413403102606,-7.8175500223836,0.));
#2350=CARTESIAN_POINT('',(7.70676604438345,-7.83849391343951,0.));
#2351=ORIENTED_EDGE('',*,*,#2792,.F.);
#2352=ORIENTED_EDGE('',*,*,#2894,.T.);
#2353=ORIENTED_EDGE('',*,*,#2780,.F.);
#2354=ORIENTED_EDGE('',*,*,#2893,.F.);
#2355=ORIENTED_EDGE('',*,*,#2791,.F.);
#2356=ORIENTED_EDGE('',*,*,#2891,.T.);
#2357=ORIENTED_EDGE('',*,*,#2781,.F.);
#2358=ORIENTED_EDGE('',*,*,#2894,.F.);
#2359=CARTESIAN_POINT('',(8.71029046192942,-6.70574900832945,0.));
#2360=CARTESIAN_POINT('',(8.68797665446504,-6.69573360367135,0.));
#2361=CARTESIAN_POINT('',(8.66527099584686,-6.68689042142067,0.));
#2362=CARTESIAN_POINT('',(8.62085146699532,-6.67213816347421,0.));
#2363=CARTESIAN_POINT('',(8.59910547933752,-6.66599681385734,0.));
#2364=CARTESIAN_POINT('',(8.55625191058492,-6.65616497546679,0.));
#2365=CARTESIAN_POINT('',(8.53498558725595,-6.65229329258559,0.));
#2366=CARTESIAN_POINT('',(8.49292166091748,-6.64669231879824,0.));
#2367=CARTESIAN_POINT('',(8.47195416473641,-6.6448617234567,0.));
#2368=CARTESIAN_POINT('',(8.43046760557524,-6.6431809668057,0.));
#2369=CARTESIAN_POINT('',(8.40977689720164,-6.64327662543596,0.));
#2370=CARTESIAN_POINT('',(8.36889437873708,-6.64534460770739,0.));
#2371=CARTESIAN_POINT('',(8.34853275807816,-6.64729504345311,0.));
#2372=CARTESIAN_POINT('',(8.30839466871566,-6.65299135700219,0.));
#2373=CARTESIAN_POINT('',(8.28845199283408,-6.65674005566448,0.));
#2374=CARTESIAN_POINT('',(8.24925638028034,-6.6659581698276,0.));
#2375=CARTESIAN_POINT('',(8.2298420022743,-6.67145081807086,0.));
#2376=CARTESIAN_POINT('',(8.19181627388079,-6.68408083722567,0.));
#2377=CARTESIAN_POINT('',(8.17304920822188,-6.69125916989757,0.));
#2378=CARTESIAN_POINT('',(8.13643427962542,-6.70717940618869,0.));
#2379=CARTESIAN_POINT('',(8.11843732441647,-6.7159781534598,0.));
#2380=CARTESIAN_POINT('',(8.08347787508323,-6.73505100376995,0.));
#2381=CARTESIAN_POINT('',(8.06637379064169,-6.74539643068027,0.));
#2382=CARTESIAN_POINT('',(8.03331175810469,-6.76746655441677,0.));
#2383=CARTESIAN_POINT('',(8.01722059379614,-6.77927589191033,0.));
#2384=CARTESIAN_POINT('',(7.98629051821408,-6.80416973212436,0.));
#2385=CARTESIAN_POINT('',(7.97132762960793,-6.81735115251986,0.));
#2386=CARTESIAN_POINT('',(7.94275314244922,-6.84487731659788,0.));
#2387=CARTESIAN_POINT('',(7.9290818241058,-6.85927333468738,0.));
#2388=CARTESIAN_POINT('',(7.91602320362214,-6.87430539779954,0.));
#2389=ORIENTED_EDGE('',*,*,#2850,.F.);
#2390=ORIENTED_EDGE('',*,*,#2673,.F.);
#2391=ORIENTED_EDGE('',*,*,#2722,.F.);
#2392=ORIENTED_EDGE('',*,*,#2895,.F.);
#2393=CARTESIAN_POINT('',(13.8829822561983,-0.55320852676229,0.));
#2394=CARTESIAN_POINT('',(13.8122005502969,-0.607417047280154,0.));
#2395=CARTESIAN_POINT('',(13.7406061384212,-0.660492966016341,0.));
#2396=CARTESIAN_POINT('',(13.5968801958525,-0.763598881720834,0.));
#2397=CARTESIAN_POINT('',(13.5247688312675,-0.813732890427941,0.));
#2398=CARTESIAN_POINT('',(13.3800978167846,-0.910776277420484,0.));
#2399=CARTESIAN_POINT('',(13.3075526144589,-0.957866022546788,0.));
#2400=CARTESIAN_POINT('',(13.1620977028702,-1.0487694571697,0.));
#2401=CARTESIAN_POINT('',(13.0891994615433,-1.09277524064816,0.));
#2402=CARTESIAN_POINT('',(12.9431235899847,-1.17745189474404,0.));
#2403=CARTESIAN_POINT('',(12.8699540369641,-1.2183289258376,0.));
#2404=CARTESIAN_POINT('',(12.7234224048904,-1.29667925692506,0.));
#2405=CARTESIAN_POINT('',(12.6500644646526,-1.33437589593309,0.));
#2406=CARTESIAN_POINT('',(12.5032452503974,-1.40628312952644,0.));
#2407=CARTESIAN_POINT('',(12.4297834269137,-1.44073849913844,0.));
#2408=CARTESIAN_POINT('',(12.2828488320791,-1.50606228216074,0.));
#2409=CARTESIAN_POINT('',(12.2093697611519,-1.53720293435948,0.));
#2410=CARTESIAN_POINT('',(12.062497572598,-1.59577010011183,0.));
#2411=CARTESIAN_POINT('',(11.9890908370549,-1.6235052254804,0.));
#2412=CARTESIAN_POINT('',(11.8424668499929,-1.67509575193183,0.));
#2413=CARTESIAN_POINT('',(11.7692262164745,-1.69931005952604,0.));
#2414=CARTESIAN_POINT('',(11.6230481893477,-1.74363447491913,0.));
#2415=CARTESIAN_POINT('',(11.5500735453188,-1.76417723397453,0.));
#2416=CARTESIAN_POINT('',(11.404558134431,-1.80083738060583,0.));
#2417=CARTESIAN_POINT('',(11.331958600108,-1.81750516422441,0.));
#2418=CARTESIAN_POINT('',(11.1873548764233,-1.84591818834562,0.));
#2419=CARTESIAN_POINT('',(11.115253582264,-1.85842967118714,0.));
#2420=CARTESIAN_POINT('',(10.9718743212528,-1.87765265764689,0.));
#2421=CARTESIAN_POINT('',(10.9005403224064,-1.88486653103053,0.));
#2422=CARTESIAN_POINT('',(10.8288961247853,-1.88977205305293,0.));
#2423=ORIENTED_EDGE('',*,*,#2789,.F.);
#2424=ORIENTED_EDGE('',*,*,#2896,.T.);
#2425=ORIENTED_EDGE('',*,*,#2783,.F.);
#2426=ORIENTED_EDGE('',*,*,#2669,.F.);
#2427=CARTESIAN_POINT('',(10.4667321877983,-3.35912890535594,0.));
#2428=CARTESIAN_POINT('',(10.5278902645301,-3.39676724816664,0.));
#2429=CARTESIAN_POINT('',(10.5877009295211,-3.43630537804097,0.));
#2430=CARTESIAN_POINT('',(10.7057235928934,-3.5199581522152,0.));
#2431=CARTESIAN_POINT('',(10.7637517422711,-3.56454366221729,0.));
#2432=CARTESIAN_POINT('',(10.8785877900426,-3.6569028467925,0.));
#2433=CARTESIAN_POINT('',(10.9351255798944,-3.70540012211138,0.));
#2434=CARTESIAN_POINT('',(11.0469362576603,-3.80548545317639,0.));
#2435=CARTESIAN_POINT('',(11.1020053997849,-3.85758817101744,0.));
#2436=CARTESIAN_POINT('',(11.2108410318019,-3.96476780816028,0.));
#2437=CARTESIAN_POINT('',(11.2644394422394,-4.02024513225774,0.));
#2438=CARTESIAN_POINT('',(11.3702932219888,-4.13406583913592,0.));
#2439=CARTESIAN_POINT('',(11.4224025028607,-4.19273788400676,0.));
#2440=CARTESIAN_POINT('',(11.5252338481705,-4.31285144317736,0.));
#2441=CARTESIAN_POINT('',(11.5758245516132,-4.37457254822966,0.));
#2442=CARTESIAN_POINT('',(11.6755711983303,-4.50069779651969,0.));
#2443=CARTESIAN_POINT('',(11.7246062039295,-4.56534592279223,0.));
#2444=CARTESIAN_POINT('',(11.821191204185,-4.69724690703115,0.));
#2445=CARTESIAN_POINT('',(11.8686279327428,-4.76471675786958,0.));
#2446=CARTESIAN_POINT('',(11.9619640349176,-4.90218917550494,0.));
#2447=CARTESIAN_POINT('',(12.0077559529806,-4.97238757577433,0.));
#2448=CARTESIAN_POINT('',(12.0977485103652,-5.11524987176546,0.));
#2449=CARTESIAN_POINT('',(12.1418461901212,-5.18809255985586,0.));
#2450=CARTESIAN_POINT('',(12.2283951855607,-5.33617982169816,0.));
#2451=CARTESIAN_POINT('',(12.2707470763664,-5.41158915680808,0.));
#2452=CARTESIAN_POINT('',(12.3537485872485,-5.56474878132369,0.));
#2453=CARTESIAN_POINT('',(12.3943015939848,-5.64265206351392,0.));
#2454=CARTESIAN_POINT('',(12.4736488876723,-5.80074059379046,0.));
#2455=CARTESIAN_POINT('',(12.5123769817565,-5.88100856803996,0.));
#2456=CARTESIAN_POINT('',(12.549859114146,-5.96190172806343,0.));
#2457=ORIENTED_EDGE('',*,*,#2788,.F.);
#2458=ORIENTED_EDGE('',*,*,#2897,.T.);
#2459=ORIENTED_EDGE('',*,*,#2784,.F.);
#2460=ORIENTED_EDGE('',*,*,#2896,.F.);
#2461=CARTESIAN_POINT('',(10.1542561478983,-2.60970882386721,0.));
#2462=CARTESIAN_POINT('',(10.1493031444236,-2.62899504296076,0.));
#2463=CARTESIAN_POINT('',(10.145221647795,-2.64842418775283,0.));
#2464=CARTESIAN_POINT('',(10.1388002176797,-2.6875771730861,0.));
#2465=CARTESIAN_POINT('',(10.136452010891,-2.70737928923465,0.));
#2466=CARTESIAN_POINT('',(10.1335350675866,-2.74697555544591,0.));
#2467=CARTESIAN_POINT('',(10.1329569965401,-2.76692679236763,0.));
#2468=CARTESIAN_POINT('',(10.1335750159262,-2.80667357096993,0.));
#2469=CARTESIAN_POINT('',(10.1347771238896,-2.82662682882384,0.));
#2470=CARTESIAN_POINT('',(10.1389397065391,-2.86623250546649,0.));
#2471=CARTESIAN_POINT('',(10.1419219152976,-2.88604196737879,0.));
#2472=CARTESIAN_POINT('',(10.1496194678285,-2.92521918786114,0.));
#2473=CARTESIAN_POINT('',(10.1543727242559,-2.94474193783981,0.));
#2474=CARTESIAN_POINT('',(10.1655794980347,-2.98321116742891,0.));
#2475=CARTESIAN_POINT('',(10.1720877608744,-3.00230906712743,0.));
#2476=CARTESIAN_POINT('',(10.1867670473625,-3.03980290956038,0.));
#2477=CARTESIAN_POINT('',(10.1950106599692,-3.05834491360983,0.));
#2478=CARTESIAN_POINT('',(10.2131237193912,-3.09461378847653,0.));
#2479=CARTESIAN_POINT('',(10.2230852611237,-3.11247904755018,0.));
#2480=CARTESIAN_POINT('',(10.2446072625766,-3.14729944846887,0.));
#2481=CARTESIAN_POINT('',(10.2562821990792,-3.16438190792983,0.));
#2482=CARTESIAN_POINT('',(10.2812324864081,-3.19756989816965,0.));
#2483=CARTESIAN_POINT('',(10.2946499322469,-3.21378591255579,0.));
#2484=CARTESIAN_POINT('',(10.3231544769691,-3.24522212951254,0.));
#2485=CARTESIAN_POINT('',(10.33842145809,-3.26052460394382,0.));
#2486=CARTESIAN_POINT('',(10.3708565041375,-3.29020727883795,0.));
#2487=CARTESIAN_POINT('',(10.3882638647582,-3.30461519161354,0.));
#2488=CARTESIAN_POINT('',(10.4256379034406,-3.33279150951489,0.));
#2489=CARTESIAN_POINT('',(10.4458139839684,-3.34645440013661,0.));
#2490=CARTESIAN_POINT('',(10.4667321877983,-3.35912890535594,0.));
#2491=ORIENTED_EDGE('',*,*,#2787,.F.);
#2492=ORIENTED_EDGE('',*,*,#2898,.T.);
#2493=ORIENTED_EDGE('',*,*,#2785,.F.);
#2494=ORIENTED_EDGE('',*,*,#2897,.F.);
#2495=ORIENTED_EDGE('',*,*,#2786,.F.);
#2496=ORIENTED_EDGE('',*,*,#2895,.T.);
#2497=ORIENTED_EDGE('',*,*,#2721,.F.);
#2498=ORIENTED_EDGE('',*,*,#2898,.F.);
#2499=CARTESIAN_POINT('',(10.8288961247853,-1.88977205305293,0.));
#2500=CARTESIAN_POINT('',(10.8044838388887,-1.89127359603428,0.));
#2501=CARTESIAN_POINT('',(10.7802693449423,-1.89399519272085,0.));
#2502=CARTESIAN_POINT('',(10.7340820893563,-1.90157550137874,0.));
#2503=CARTESIAN_POINT('',(10.7119729460764,-1.9062434707184,0.));
#2504=CARTESIAN_POINT('',(10.6694589122798,-1.91745285657634,0.));
#2505=CARTESIAN_POINT('',(10.6488292573949,-1.92390760487491,0.));
#2506=CARTESIAN_POINT('',(10.6089805980509,-1.93849627016201,0.));
#2507=CARTESIAN_POINT('',(10.5895640821407,-1.94661943982139,0.));
#2508=CARTESIAN_POINT('',(10.5520484717855,-1.96441096908767,0.));
#2509=CARTESIAN_POINT('',(10.5337722141632,-1.97411112222545,0.));
#2510=CARTESIAN_POINT('',(10.4985335811258,-1.99494128325061,0.));
#2511=CARTESIAN_POINT('',(10.4814106741079,-2.00613082527488,0.));
#2512=CARTESIAN_POINT('',(10.4485173699251,-2.02982776063924,0.));
#2513=CARTESIAN_POINT('',(10.4326011145315,-2.04241489205285,0.));
#2514=CARTESIAN_POINT('',(10.4021789944708,-2.06879223617991,0.));
#2515=CARTESIAN_POINT('',(10.3875409773955,-2.08267804599392,0.));
#2516=CARTESIAN_POINT('',(10.3597403296243,-2.11153280967697,0.));
#2517=CARTESIAN_POINT('',(10.346458855782,-2.12661039787841,0.));
#2518=CARTESIAN_POINT('',(10.3214364493363,-2.15772287279372,0.));
#2519=CARTESIAN_POINT('',(10.309589918645,-2.17387737869496,0.));
#2520=CARTESIAN_POINT('',(10.2874984590754,-2.2070120151155,0.));
#2521=CARTESIAN_POINT('',(10.2771613040533,-2.22412110008778,0.));
#2522=CARTESIAN_POINT('',(10.2581428260333,-2.25902791677198,0.));
#2523=CARTESIAN_POINT('',(10.2493828804162,-2.27696250273397,0.));
#2524=CARTESIAN_POINT('',(10.2335644030068,-2.31337882638918,0.));
#2525=CARTESIAN_POINT('',(10.2264411346275,-2.33200399556103,0.));
#2526=CARTESIAN_POINT('',(10.2139317290774,-2.36965642971896,0.));
#2527=CARTESIAN_POINT('',(10.208516541063,-2.38875684910829,0.));
#2528=CARTESIAN_POINT('',(10.2039394549208,-2.40813572350264,0.));
#2529=ORIENTED_EDGE('',*,*,#2675,.F.);
#2530=ORIENTED_EDGE('',*,*,#2849,.F.);
#2531=ORIENTED_EDGE('',*,*,#2899,.T.);
#2532=ORIENTED_EDGE('',*,*,#2723,.F.);
#2533=CARTESIAN_POINT('',(10.8288961247853,1.88977205305293,0.));
#2534=CARTESIAN_POINT('',(10.9005403224064,1.88486653103053,0.));
#2535=CARTESIAN_POINT('',(10.9718743212528,1.8776526576469,0.));
#2536=CARTESIAN_POINT('',(11.1152535822639,1.85842967118714,0.));
#2537=CARTESIAN_POINT('',(11.1873548764233,1.84591818834562,0.));
#2538=CARTESIAN_POINT('',(11.331958600108,1.81750516422441,0.));
#2539=CARTESIAN_POINT('',(11.404558134431,1.80083738060583,0.));
#2540=CARTESIAN_POINT('',(11.5500735453188,1.76417723397453,0.));
#2541=CARTESIAN_POINT('',(11.6230481893477,1.74363447491913,0.));
#2542=CARTESIAN_POINT('',(11.7692262164745,1.69931005952605,0.));
#2543=CARTESIAN_POINT('',(11.8424668499929,1.67509575193184,0.));
#2544=CARTESIAN_POINT('',(11.9890908370549,1.6235052254804,0.));
#2545=CARTESIAN_POINT('',(12.062497572598,1.59577010011184,0.));
#2546=CARTESIAN_POINT('',(12.2093697611519,1.53720293435948,0.));
#2547=CARTESIAN_POINT('',(12.2828488320791,1.50606228216074,0.));
#2548=CARTESIAN_POINT('',(12.4297834269137,1.44073849913844,0.));
#2549=CARTESIAN_POINT('',(12.5032452503974,1.40628312952645,0.));
#2550=CARTESIAN_POINT('',(12.6500644646526,1.33437589593309,0.));
#2551=CARTESIAN_POINT('',(12.7234224048904,1.29667925692507,0.));
#2552=CARTESIAN_POINT('',(12.8699540369641,1.2183289258376,0.));
#2553=CARTESIAN_POINT('',(12.9431235899847,1.17745189474404,0.));
#2554=CARTESIAN_POINT('',(13.0891994615433,1.09277524064816,0.));
#2555=CARTESIAN_POINT('',(13.1620977028702,1.0487694571697,0.));
#2556=CARTESIAN_POINT('',(13.3075526144589,0.957866022546791,0.));
#2557=CARTESIAN_POINT('',(13.3800978167846,0.910776277420489,0.));
#2558=CARTESIAN_POINT('',(13.5247688312675,0.813732890427946,0.));
#2559=CARTESIAN_POINT('',(13.5968801958525,0.763598881720839,0.));
#2560=CARTESIAN_POINT('',(13.7406061384212,0.660492966016345,0.));
#2561=CARTESIAN_POINT('',(13.8122005502969,0.607417047280158,0.));
#2562=CARTESIAN_POINT('',(13.8829822561983,0.553208526762295,0.));
#2563=ORIENTED_EDGE('',*,*,#2719,.F.);
#2564=ORIENTED_EDGE('',*,*,#2727,.F.);
#2565=ORIENTED_EDGE('',*,*,#2900,.F.);
#2566=ORIENTED_EDGE('',*,*,#2845,.F.);
#2567=CARTESIAN_POINT('',(12.549859114146,5.96190172806343,0.));
#2568=CARTESIAN_POINT('',(12.5123769817564,5.88100856803996,0.));
#2569=CARTESIAN_POINT('',(12.4736488876723,5.80074059379047,0.));
#2570=CARTESIAN_POINT('',(12.3943015939848,5.64265206351392,0.));
#2571=CARTESIAN_POINT('',(12.3537485872485,5.5647487813237,0.));
#2572=CARTESIAN_POINT('',(12.2707470763664,5.41158915680809,0.));
#2573=CARTESIAN_POINT('',(12.2283951855607,5.33617982169816,0.));
#2574=CARTESIAN_POINT('',(12.1418461901212,5.18809255985586,0.));
#2575=CARTESIAN_POINT('',(12.0977485103652,5.11524987176546,0.));
#2576=CARTESIAN_POINT('',(12.0077559529806,4.97238757577433,0.));
#2577=CARTESIAN_POINT('',(11.9619640349176,4.90218917550495,0.));
#2578=CARTESIAN_POINT('',(11.8686279327428,4.76471675786958,0.));
#2579=CARTESIAN_POINT('',(11.821191204185,4.69724690703116,0.));
#2580=CARTESIAN_POINT('',(11.7246062039295,4.56534592279224,0.));
#2581=CARTESIAN_POINT('',(11.6755711983303,4.50069779651969,0.));
#2582=CARTESIAN_POINT('',(11.5758245516132,4.37457254822966,0.));
#2583=CARTESIAN_POINT('',(11.5252338481705,4.31285144317736,0.));
#2584=CARTESIAN_POINT('',(11.4224025028607,4.19273788400677,0.));
#2585=CARTESIAN_POINT('',(11.3702932219888,4.13406583913592,0.));
#2586=CARTESIAN_POINT('',(11.2644394422394,4.02024513225774,0.));
#2587=CARTESIAN_POINT('',(11.2108410318019,3.96476780816028,0.));
#2588=CARTESIAN_POINT('',(11.1020053997849,3.85758817101744,0.));
#2589=CARTESIAN_POINT('',(11.0469362576603,3.80548545317639,0.));
#2590=CARTESIAN_POINT('',(10.9351255798944,3.70540012211138,0.));
#2591=CARTESIAN_POINT('',(10.8785877900426,3.65690284679251,0.));
#2592=CARTESIAN_POINT('',(10.7637517422711,3.56454366221729,0.));
#2593=CARTESIAN_POINT('',(10.7057235928934,3.5199581522152,0.));
#2594=CARTESIAN_POINT('',(10.5877009295211,3.43630537804098,0.));
#2595=CARTESIAN_POINT('',(10.5278902645301,3.39676724816665,0.));
#2596=CARTESIAN_POINT('',(10.4667321877983,3.35912890535594,0.));
#2597=ORIENTED_EDGE('',*,*,#2724,.F.);
#2598=ORIENTED_EDGE('',*,*,#2899,.F.);
#2599=ORIENTED_EDGE('',*,*,#2848,.F.);
#2600=ORIENTED_EDGE('',*,*,#2901,.T.);
#2601=CARTESIAN_POINT('',(10.2039394549208,2.40813572350264,0.));
#2602=CARTESIAN_POINT('',(10.208516541063,2.38875684910829,0.));
#2603=CARTESIAN_POINT('',(10.2139317290774,2.36965642971896,0.));
#2604=CARTESIAN_POINT('',(10.2264411346275,2.33200399556104,0.));
#2605=CARTESIAN_POINT('',(10.2335644030068,2.31337882638919,0.));
#2606=CARTESIAN_POINT('',(10.2493828804162,2.27696250273398,0.));
#2607=CARTESIAN_POINT('',(10.2581428260333,2.25902791677198,0.));
#2608=CARTESIAN_POINT('',(10.2771613040533,2.22412110008778,0.));
#2609=CARTESIAN_POINT('',(10.2874984590754,2.2070120151155,0.));
#2610=CARTESIAN_POINT('',(10.309589918645,2.17387737869496,0.));
#2611=CARTESIAN_POINT('',(10.3214364493363,2.15772287279372,0.));
#2612=CARTESIAN_POINT('',(10.346458855782,2.12661039787842,0.));
#2613=CARTESIAN_POINT('',(10.3597403296243,2.11153280967697,0.));
#2614=CARTESIAN_POINT('',(10.3875409773955,2.08267804599393,0.));
#2615=CARTESIAN_POINT('',(10.4021789944708,2.06879223617991,0.));
#2616=CARTESIAN_POINT('',(10.4326011145315,2.04241489205286,0.));
#2617=CARTESIAN_POINT('',(10.4485173699251,2.02982776063924,0.));
#2618=CARTESIAN_POINT('',(10.4814106741079,2.00613082527489,0.));
#2619=CARTESIAN_POINT('',(10.4985335811258,1.99494128325062,0.));
#2620=CARTESIAN_POINT('',(10.5337722141632,1.97411112222545,0.));
#2621=CARTESIAN_POINT('',(10.5520484717855,1.96441096908767,0.));
#2622=CARTESIAN_POINT('',(10.5895640821407,1.94661943982139,0.));
#2623=CARTESIAN_POINT('',(10.6089805980509,1.93849627016201,0.));
#2624=CARTESIAN_POINT('',(10.6488292573949,1.92390760487491,0.));
#2625=CARTESIAN_POINT('',(10.6694589122798,1.91745285657635,0.));
#2626=CARTESIAN_POINT('',(10.7119729460764,1.9062434707184,0.));
#2627=CARTESIAN_POINT('',(10.7340820893563,1.90157550137875,0.));
#2628=CARTESIAN_POINT('',(10.7802693449423,1.89399519272085,0.));
#2629=CARTESIAN_POINT('',(10.8044838388887,1.89127359603429,0.));
#2630=CARTESIAN_POINT('',(10.8288961247853,1.88977205305293,0.));
#2631=ORIENTED_EDGE('',*,*,#2725,.F.);
#2632=ORIENTED_EDGE('',*,*,#2901,.F.);
#2633=ORIENTED_EDGE('',*,*,#2847,.F.);
#2634=ORIENTED_EDGE('',*,*,#2902,.T.);
#2635=ORIENTED_EDGE('',*,*,#2726,.F.);
#2636=ORIENTED_EDGE('',*,*,#2902,.F.);
#2637=ORIENTED_EDGE('',*,*,#2846,.F.);
#2638=ORIENTED_EDGE('',*,*,#2900,.T.);
#2639=CARTESIAN_POINT('',(10.4667321877983,3.35912890535594,0.));
#2640=CARTESIAN_POINT('',(10.4458139839684,3.34645440013661,0.));
#2641=CARTESIAN_POINT('',(10.4256379034406,3.33279150951489,0.));
#2642=CARTESIAN_POINT('',(10.3882638647582,3.30461519161355,0.));
#2643=CARTESIAN_POINT('',(10.3708565041375,3.29020727883795,0.));
#2644=CARTESIAN_POINT('',(10.33842145809,3.26052460394383,0.));
#2645=CARTESIAN_POINT('',(10.3231544769691,3.24522212951254,0.));
#2646=CARTESIAN_POINT('',(10.2946499322469,3.2137859125558,0.));
#2647=CARTESIAN_POINT('',(10.2812324864081,3.19756989816965,0.));
#2648=CARTESIAN_POINT('',(10.2562821990792,3.16438190792983,0.));
#2649=CARTESIAN_POINT('',(10.2446072625766,3.14729944846887,0.));
#2650=CARTESIAN_POINT('',(10.2230852611237,3.11247904755018,0.));
#2651=CARTESIAN_POINT('',(10.2131237193912,3.09461378847653,0.));
#2652=CARTESIAN_POINT('',(10.1950106599692,3.05834491360984,0.));
#2653=CARTESIAN_POINT('',(10.1867670473625,3.03980290956039,0.));
#2654=CARTESIAN_POINT('',(10.1720877608744,3.00230906712743,0.));
#2655=CARTESIAN_POINT('',(10.1655794980347,2.98321116742891,0.));
#2656=CARTESIAN_POINT('',(10.1543727242559,2.94474193783981,0.));
#2657=CARTESIAN_POINT('',(10.1496194678285,2.92521918786115,0.));
#2658=CARTESIAN_POINT('',(10.1419219152976,2.88604196737879,0.));
#2659=CARTESIAN_POINT('',(10.1389397065391,2.8662325054665,0.));
#2660=CARTESIAN_POINT('',(10.1347771238896,2.82662682882385,0.));
#2661=CARTESIAN_POINT('',(10.1335750159262,2.80667357096994,0.));
#2662=CARTESIAN_POINT('',(10.1329569965401,2.76692679236763,0.));
#2663=CARTESIAN_POINT('',(10.1335350675866,2.74697555544591,0.));
#2664=CARTESIAN_POINT('',(10.136452010891,2.70737928923466,0.));
#2665=CARTESIAN_POINT('',(10.1388002176797,2.6875771730861,0.));
#2666=CARTESIAN_POINT('',(10.145221647795,2.64842418775284,0.));
#2667=CARTESIAN_POINT('',(10.1493031444236,2.62899504296076,0.));
#2668=CARTESIAN_POINT('',(10.1542561478983,2.60970882386722,0.));
#2669=EDGE_CURVE('',#2903,#2904,#2905,.T.);
#2670=EDGE_CURVE('',#2906,#2904,#2907,.T.);
#2671=EDGE_CURVE('',#2906,#2908,#2909,.F.);
#2672=EDGE_CURVE('',#2908,#2903,#2910,.T.);
#2673=EDGE_CURVE('',#2911,#2912,#2913,.F.);
#2674=EDGE_CURVE('',#2912,#2914,#2915,.T.);
#2675=EDGE_CURVE('',#2914,#2916,#2917,.T.);
#2676=EDGE_CURVE('',#2911,#2916,#2918,.T.);
#2677=EDGE_CURVE('',#2919,#2920,#2921,.T.);
#2678=EDGE_CURVE('',#2922,#2920,#2923,.T.);
#2679=EDGE_CURVE('',#2922,#2924,#2925,.F.);
#2680=EDGE_CURVE('',#2924,#2919,#2926,.T.);
#2681=EDGE_CURVE('',#2927,#2928,#2929,.T.);
#2682=EDGE_CURVE('',#2930,#2928,#2931,.T.);
#2683=EDGE_CURVE('',#2930,#2932,#2933,.F.);
#2684=EDGE_CURVE('',#2932,#2927,#2934,.T.);
#2685=EDGE_CURVE('',#2935,#2936,#2937,.T.);
#2686=EDGE_CURVE('',#2938,#2936,#2939,.T.);
#2687=EDGE_CURVE('',#2938,#2940,#2941,.F.);
#2688=EDGE_CURVE('',#2940,#2935,#2942,.T.);
#2689=EDGE_CURVE('',#2943,#2944,#2945,.T.);
#2690=EDGE_CURVE('',#2946,#2944,#2947,.T.);
#2691=EDGE_CURVE('',#2946,#2948,#2949,.F.);
#2692=EDGE_CURVE('',#2948,#2943,#2950,.T.);
#2693=EDGE_CURVE('',#2951,#2952,#2953,.T.);
#2694=EDGE_CURVE('',#2954,#2952,#2955,.T.);
#2695=EDGE_CURVE('',#2954,#2956,#2957,.F.);
#2696=EDGE_CURVE('',#2956,#2951,#2958,.T.);
#2697=EDGE_CURVE('',#2959,#2960,#2961,.T.);
#2698=EDGE_CURVE('',#2962,#2960,#2963,.T.);
#2699=EDGE_CURVE('',#2962,#2964,#2965,.F.);
#2700=EDGE_CURVE('',#2964,#2959,#2966,.T.);
#2701=EDGE_CURVE('',#2967,#2968,#2969,.T.);
#2702=EDGE_CURVE('',#2970,#2968,#2971,.T.);
#2703=EDGE_CURVE('',#2970,#2972,#2973,.F.);
#2704=EDGE_CURVE('',#2972,#2967,#2974,.T.);
#2705=EDGE_CURVE('',#2975,#2976,#2977,.T.);
#2706=EDGE_CURVE('',#2978,#2976,#2979,.T.);
#2707=EDGE_CURVE('',#2978,#2980,#2981,.F.);
#2708=EDGE_CURVE('',#2980,#2975,#2982,.T.);
#2709=EDGE_CURVE('',#2983,#2984,#2985,.T.);
#2710=EDGE_CURVE('',#2986,#2984,#2987,.T.);
#2711=EDGE_CURVE('',#2986,#2988,#2989,.F.);
#2712=EDGE_CURVE('',#2988,#2983,#2990,.T.);
#2713=EDGE_CURVE('',#2991,#2992,#2993,.T.);
#2714=EDGE_CURVE('',#2994,#2992,#2995,.T.);
#2715=EDGE_CURVE('',#2994,#2996,#2997,.F.);
#2716=EDGE_CURVE('',#2996,#2991,#2998,.T.);
#2717=EDGE_CURVE('',#2999,#3000,#3001,.T.);
#2718=EDGE_CURVE('',#3002,#3000,#3003,.T.);
#2719=EDGE_CURVE('',#3002,#3004,#3005,.F.);
#2720=EDGE_CURVE('',#3004,#2999,#3006,.T.);
#2721=EDGE_CURVE('',#3007,#3008,#3009,.F.);
#2722=EDGE_CURVE('',#3008,#2911,#3010,.F.);
#2723=EDGE_CURVE('',#2916,#3011,#3012,.F.);
#2724=EDGE_CURVE('',#3011,#3013,#3014,.F.);
#2725=EDGE_CURVE('',#3013,#3015,#3016,.F.);
#2726=EDGE_CURVE('',#3015,#3017,#3018,.F.);
#2727=EDGE_CURVE('',#3017,#3002,#3019,.F.);
#2728=EDGE_CURVE('',#3000,#3020,#3021,.F.);
#2729=EDGE_CURVE('',#3020,#3022,#3023,.F.);
#2730=EDGE_CURVE('',#3022,#3024,#3025,.F.);
#2731=EDGE_CURVE('',#3024,#3026,#3027,.F.);
#2732=EDGE_CURVE('',#3026,#2994,#3028,.F.);
#2733=EDGE_CURVE('',#2992,#3029,#3030,.F.);
#2734=EDGE_CURVE('',#3029,#3031,#3032,.F.);
#2735=EDGE_CURVE('',#3031,#3033,#3034,.F.);
#2736=EDGE_CURVE('',#3033,#3035,#3036,.F.);
#2737=EDGE_CURVE('',#3035,#2986,#3037,.F.);
#2738=EDGE_CURVE('',#2984,#3038,#3039,.F.);
#2739=EDGE_CURVE('',#3038,#3040,#3041,.F.);
#2740=EDGE_CURVE('',#3040,#3042,#3043,.F.);
#2741=EDGE_CURVE('',#3042,#3044,#3045,.F.);
#2742=EDGE_CURVE('',#3044,#2978,#3046,.F.);
#2743=EDGE_CURVE('',#2976,#3047,#3048,.F.);
#2744=EDGE_CURVE('',#3047,#3049,#3050,.F.);
#2745=EDGE_CURVE('',#3049,#3051,#3052,.F.);
#2746=EDGE_CURVE('',#3051,#3053,#3054,.F.);
#2747=EDGE_CURVE('',#3053,#2970,#3055,.F.);
#2748=EDGE_CURVE('',#2968,#3056,#3057,.F.);
#2749=EDGE_CURVE('',#3056,#3058,#3059,.F.);
#2750=EDGE_CURVE('',#3058,#3060,#3061,.F.);
#2751=EDGE_CURVE('',#3060,#3062,#3063,.F.);
#2752=EDGE_CURVE('',#3062,#2962,#3064,.F.);
#2753=EDGE_CURVE('',#2960,#3065,#3066,.F.);
#2754=EDGE_CURVE('',#3065,#3067,#3068,.F.);
#2755=EDGE_CURVE('',#3067,#3069,#3070,.F.);
#2756=EDGE_CURVE('',#3069,#3071,#3072,.F.);
#2757=EDGE_CURVE('',#3071,#2954,#3073,.F.);
#2758=EDGE_CURVE('',#2952,#3074,#3075,.F.);
#2759=EDGE_CURVE('',#3074,#3076,#3077,.F.);
#2760=EDGE_CURVE('',#3076,#3078,#3079,.F.);
#2761=EDGE_CURVE('',#3078,#3080,#3081,.F.);
#2762=EDGE_CURVE('',#3080,#2946,#3082,.F.);
#2763=EDGE_CURVE('',#2944,#3083,#3084,.F.);
#2764=EDGE_CURVE('',#3083,#3085,#3086,.F.);
#2765=EDGE_CURVE('',#3085,#3087,#3088,.F.);
#2766=EDGE_CURVE('',#3087,#3089,#3090,.F.);
#2767=EDGE_CURVE('',#3089,#2938,#3091,.F.);
#2768=EDGE_CURVE('',#2936,#3092,#3093,.F.);
#2769=EDGE_CURVE('',#3092,#3094,#3095,.F.);
#2770=EDGE_CURVE('',#3094,#3096,#3097,.F.);
#2771=EDGE_CURVE('',#3096,#3098,#3099,.F.);
#2772=EDGE_CURVE('',#3098,#2930,#3100,.F.);
#2773=EDGE_CURVE('',#2928,#3101,#3102,.F.);
#2774=EDGE_CURVE('',#3101,#3103,#3104,.F.);
#2775=EDGE_CURVE('',#3103,#3105,#3106,.F.);
#2776=EDGE_CURVE('',#3105,#3107,#3108,.F.);
#2777=EDGE_CURVE('',#3107,#2922,#3109,.F.);
#2778=EDGE_CURVE('',#2920,#3110,#3111,.F.);
#2779=EDGE_CURVE('',#3110,#3112,#3113,.F.);
#2780=EDGE_CURVE('',#3112,#3114,#3115,.F.);
#2781=EDGE_CURVE('',#3114,#3116,#3117,.F.);
#2782=EDGE_CURVE('',#3116,#2906,#3118,.F.);
#2783=EDGE_CURVE('',#2904,#3119,#3120,.F.);
#2784=EDGE_CURVE('',#3119,#3121,#3122,.F.);
#2785=EDGE_CURVE('',#3121,#3007,#3123,.F.);
#2786=EDGE_CURVE('',#3124,#3125,#3126,.T.);
#2787=EDGE_CURVE('',#3125,#3127,#3128,.T.);
#2788=EDGE_CURVE('',#3127,#3129,#3130,.T.);
#2789=EDGE_CURVE('',#3129,#2903,#3131,.T.);
#2790=EDGE_CURVE('',#2908,#3132,#3133,.T.);
#2791=EDGE_CURVE('',#3132,#3134,#3135,.T.);
#2792=EDGE_CURVE('',#3134,#3136,#3137,.T.);
#2793=EDGE_CURVE('',#3136,#3138,#3139,.T.);
#2794=EDGE_CURVE('',#3138,#2919,#3140,.T.);
#2795=EDGE_CURVE('',#2924,#3141,#3142,.T.);
#2796=EDGE_CURVE('',#3141,#3143,#3144,.T.);
#2797=EDGE_CURVE('',#3143,#3145,#3146,.T.);
#2798=EDGE_CURVE('',#3145,#3147,#3148,.T.);
#2799=EDGE_CURVE('',#3147,#2927,#3149,.T.);
#2800=EDGE_CURVE('',#2932,#3150,#3151,.T.);
#2801=EDGE_CURVE('',#3150,#3152,#3153,.T.);
#2802=EDGE_CURVE('',#3152,#3154,#3155,.T.);
#2803=EDGE_CURVE('',#3154,#3156,#3157,.T.);
#2804=EDGE_CURVE('',#3156,#2935,#3158,.T.);
#2805=EDGE_CURVE('',#2940,#3159,#3160,.T.);
#2806=EDGE_CURVE('',#3159,#3161,#3162,.T.);
#2807=EDGE_CURVE('',#3161,#3163,#3164,.T.);
#2808=EDGE_CURVE('',#3163,#3165,#3166,.T.);
#2809=EDGE_CURVE('',#3165,#2943,#3167,.T.);
#2810=EDGE_CURVE('',#2948,#3168,#3169,.T.);
#2811=EDGE_CURVE('',#3168,#3170,#3171,.T.);
#2812=EDGE_CURVE('',#3170,#3172,#3173,.T.);
#2813=EDGE_CURVE('',#3172,#3174,#3175,.T.);
#2814=EDGE_CURVE('',#3174,#2951,#3176,.T.);
#2815=EDGE_CURVE('',#2956,#3177,#3178,.T.);
#2816=EDGE_CURVE('',#3177,#3179,#3180,.T.);
#2817=EDGE_CURVE('',#3179,#3181,#3182,.T.);
#2818=EDGE_CURVE('',#3181,#3183,#3184,.T.);
#2819=EDGE_CURVE('',#3183,#2959,#3185,.T.);
#2820=EDGE_CURVE('',#2964,#3186,#3187,.T.);
#2821=EDGE_CURVE('',#3186,#3188,#3189,.T.);
#2822=EDGE_CURVE('',#3188,#3190,#3191,.T.);
#2823=EDGE_CURVE('',#3190,#3192,#3193,.T.);
#2824=EDGE_CURVE('',#3192,#2967,#3194,.T.);
#2825=EDGE_CURVE('',#2972,#3195,#3196,.T.);
#2826=EDGE_CURVE('',#3195,#3197,#3198,.T.);
#2827=EDGE_CURVE('',#3197,#3199,#3200,.T.);
#2828=EDGE_CURVE('',#3199,#3201,#3202,.T.);
#2829=EDGE_CURVE('',#3201,#2975,#3203,.T.);
#2830=EDGE_CURVE('',#2980,#3204,#3205,.T.);
#2831=EDGE_CURVE('',#3204,#3206,#3207,.T.);
#2832=EDGE_CURVE('',#3206,#3208,#3209,.T.);
#2833=EDGE_CURVE('',#3208,#3210,#3211,.T.);
#2834=EDGE_CURVE('',#3210,#2983,#3212,.T.);
#2835=EDGE_CURVE('',#2988,#3213,#3214,.T.);
#2836=EDGE_CURVE('',#3213,#3215,#3216,.T.);
#2837=EDGE_CURVE('',#3215,#3217,#3218,.T.);
#2838=EDGE_CURVE('',#3217,#3219,#3220,.T.);
#2839=EDGE_CURVE('',#3219,#2991,#3221,.T.);
#2840=EDGE_CURVE('',#2996,#3222,#3223,.T.);
#2841=EDGE_CURVE('',#3222,#3224,#3225,.T.);
#2842=EDGE_CURVE('',#3224,#3226,#3227,.T.);
#2843=EDGE_CURVE('',#3226,#3228,#3229,.T.);
#2844=EDGE_CURVE('',#3228,#2999,#3230,.T.);
#2845=EDGE_CURVE('',#3004,#3231,#3232,.T.);
#2846=EDGE_CURVE('',#3231,#3233,#3234,.T.);
#2847=EDGE_CURVE('',#3233,#3235,#3236,.T.);
#2848=EDGE_CURVE('',#3235,#3237,#3238,.T.);
#2849=EDGE_CURVE('',#3237,#2914,#3239,.T.);
#2850=EDGE_CURVE('',#2912,#3124,#3240,.T.);
#2851=EDGE_CURVE('',#3222,#3026,#3241,.T.);
#2852=EDGE_CURVE('',#3228,#3020,#3242,.T.);
#2853=EDGE_CURVE('',#3226,#3022,#3243,.T.);
#2854=EDGE_CURVE('',#3224,#3024,#3244,.T.);
#2855=EDGE_CURVE('',#3213,#3035,#3245,.T.);
#2856=EDGE_CURVE('',#3219,#3029,#3246,.T.);
#2857=EDGE_CURVE('',#3217,#3031,#3247,.T.);
#2858=EDGE_CURVE('',#3215,#3033,#3248,.T.);
#2859=EDGE_CURVE('',#3204,#3044,#3249,.T.);
#2860=EDGE_CURVE('',#3210,#3038,#3250,.T.);
#2861=EDGE_CURVE('',#3208,#3040,#3251,.T.);
#2862=EDGE_CURVE('',#3206,#3042,#3252,.T.);
#2863=EDGE_CURVE('',#3195,#3053,#3253,.T.);
#2864=EDGE_CURVE('',#3201,#3047,#3254,.T.);
#2865=EDGE_CURVE('',#3199,#3049,#3255,.T.);
#2866=EDGE_CURVE('',#3197,#3051,#3256,.T.);
#2867=EDGE_CURVE('',#3186,#3062,#3257,.T.);
#2868=EDGE_CURVE('',#3192,#3056,#3258,.T.);
#2869=EDGE_CURVE('',#3190,#3058,#3259,.T.);
#2870=EDGE_CURVE('',#3188,#3060,#3260,.T.);
#2871=EDGE_CURVE('',#3177,#3071,#3261,.T.);
#2872=EDGE_CURVE('',#3183,#3065,#3262,.T.);
#2873=EDGE_CURVE('',#3181,#3067,#3263,.T.);
#2874=EDGE_CURVE('',#3179,#3069,#3264,.T.);
#2875=EDGE_CURVE('',#3168,#3080,#3265,.T.);
#2876=EDGE_CURVE('',#3174,#3074,#3266,.T.);
#2877=EDGE_CURVE('',#3172,#3076,#3267,.T.);
#2878=EDGE_CURVE('',#3170,#3078,#3268,.T.);
#2879=EDGE_CURVE('',#3159,#3089,#3269,.T.);
#2880=EDGE_CURVE('',#3165,#3083,#3270,.T.);
#2881=EDGE_CURVE('',#3163,#3085,#3271,.T.);
#2882=EDGE_CURVE('',#3161,#3087,#3272,.T.);
#2883=EDGE_CURVE('',#3150,#3098,#3273,.T.);
#2884=EDGE_CURVE('',#3156,#3092,#3274,.T.);
#2885=EDGE_CURVE('',#3154,#3094,#3275,.T.);
#2886=EDGE_CURVE('',#3152,#3096,#3276,.T.);
#2887=EDGE_CURVE('',#3141,#3107,#3277,.T.);
#2888=EDGE_CURVE('',#3147,#3101,#3278,.T.);
#2889=EDGE_CURVE('',#3145,#3103,#3279,.T.);
#2890=EDGE_CURVE('',#3143,#3105,#3280,.T.);
#2891=EDGE_CURVE('',#3132,#3116,#3281,.T.);
#2892=EDGE_CURVE('',#3138,#3110,#3282,.T.);
#2893=EDGE_CURVE('',#3136,#3112,#3283,.T.);
#2894=EDGE_CURVE('',#3134,#3114,#3284,.T.);
#2895=EDGE_CURVE('',#3124,#3008,#3285,.T.);
#2896=EDGE_CURVE('',#3129,#3119,#3286,.T.);
#2897=EDGE_CURVE('',#3127,#3121,#3287,.T.);
#2898=EDGE_CURVE('',#3125,#3007,#3288,.T.);
#2899=EDGE_CURVE('',#3237,#3011,#3289,.T.);
#2900=EDGE_CURVE('',#3231,#3017,#3290,.T.);
#2901=EDGE_CURVE('',#3235,#3013,#3291,.T.);
#2902=EDGE_CURVE('',#3233,#3015,#3292,.T.);
#2903=VERTEX_POINT('',#3293);
#2904=VERTEX_POINT('',#3294);
#2905=LINE('',#3295,#3296);
#2906=VERTEX_POINT('',#3298);
#2907=CIRCLE('',#3299,13.894);
#2908=VERTEX_POINT('',#3303);
#2909=LINE('',#3304,#3305);
#2910=CIRCLE('',#3307,13.894);
#2911=VERTEX_POINT('',#3311);
#2912=VERTEX_POINT('',#3312);
#2913=LINE('',#3313,#3314);
#2914=VERTEX_POINT('',#3316);
#2915=CIRCLE('',#3317,13.894);
#2916=VERTEX_POINT('',#3321);
#2917=LINE('',#3322,#3323);
#2918=CIRCLE('',#3325,13.894);
#2919=VERTEX_POINT('',#3329);
#2920=VERTEX_POINT('',#3330);
#2921=LINE('',#3331,#3332);
#2922=VERTEX_POINT('',#3334);
#2923=CIRCLE('',#3335,13.894);
#2924=VERTEX_POINT('',#3339);
#2925=LINE('',#3340,#3341);
#2926=CIRCLE('',#3343,13.894);
#2927=VERTEX_POINT('',#3347);
#2928=VERTEX_POINT('',#3348);
#2929=LINE('',#3349,#3350);
#2930=VERTEX_POINT('',#3352);
#2931=CIRCLE('',#3353,13.894);
#2932=VERTEX_POINT('',#3357);
#2933=LINE('',#3358,#3359);
#2934=CIRCLE('',#3361,13.894);
#2935=VERTEX_POINT('',#3365);
#2936=VERTEX_POINT('',#3366);
#2937=LINE('',#3367,#3368);
#2938=VERTEX_POINT('',#3370);
#2939=CIRCLE('',#3371,13.894);
#2940=VERTEX_POINT('',#3375);
#2941=LINE('',#3376,#3377);
#2942=CIRCLE('',#3379,13.894);
#2943=VERTEX_POINT('',#3383);
#2944=VERTEX_POINT('',#3384);
#2945=LINE('',#3385,#3386);
#2946=VERTEX_POINT('',#3388);
#2947=CIRCLE('',#3389,13.894);
#2948=VERTEX_POINT('',#3393);
#2949=LINE('',#3394,#3395);
#2950=CIRCLE('',#3397,13.894);
#2951=VERTEX_POINT('',#3401);
#2952=VERTEX_POINT('',#3402);
#2953=LINE('',#3403,#3404);
#2954=VERTEX_POINT('',#3406);
#2955=CIRCLE('',#3407,13.894);
#2956=VERTEX_POINT('',#3411);
#2957=LINE('',#3412,#3413);
#2958=CIRCLE('',#3415,13.894);
#2959=VERTEX_POINT('',#3419);
#2960=VERTEX_POINT('',#3420);
#2961=LINE('',#3421,#3422);
#2962=VERTEX_POINT('',#3424);
#2963=CIRCLE('',#3425,13.894);
#2964=VERTEX_POINT('',#3429);
#2965=LINE('',#3430,#3431);
#2966=CIRCLE('',#3433,13.894);
#2967=VERTEX_POINT('',#3437);
#2968=VERTEX_POINT('',#3438);
#2969=LINE('',#3439,#3440);
#2970=VERTEX_POINT('',#3442);
#2971=CIRCLE('',#3443,13.894);
#2972=VERTEX_POINT('',#3447);
#2973=LINE('',#3448,#3449);
#2974=CIRCLE('',#3451,13.894);
#2975=VERTEX_POINT('',#3455);
#2976=VERTEX_POINT('',#3456);
#2977=LINE('',#3457,#3458);
#2978=VERTEX_POINT('',#3460);
#2979=CIRCLE('',#3461,13.894);
#2980=VERTEX_POINT('',#3465);
#2981=LINE('',#3466,#3467);
#2982=CIRCLE('',#3469,13.894);
#2983=VERTEX_POINT('',#3473);
#2984=VERTEX_POINT('',#3474);
#2985=LINE('',#3475,#3476);
#2986=VERTEX_POINT('',#3478);
#2987=CIRCLE('',#3479,13.894);
#2988=VERTEX_POINT('',#3483);
#2989=LINE('',#3484,#3485);
#2990=CIRCLE('',#3487,13.894);
#2991=VERTEX_POINT('',#3491);
#2992=VERTEX_POINT('',#3492);
#2993=LINE('',#3493,#3494);
#2994=VERTEX_POINT('',#3496);
#2995=CIRCLE('',#3497,13.894);
#2996=VERTEX_POINT('',#3501);
#2997=LINE('',#3502,#3503);
#2998=CIRCLE('',#3505,13.894);
#2999=VERTEX_POINT('',#3509);
#3000=VERTEX_POINT('',#3510);
#3001=LINE('',#3511,#3512);
#3002=VERTEX_POINT('',#3514);
#3003=CIRCLE('',#3515,13.894);
#3004=VERTEX_POINT('',#3519);
#3005=LINE('',#3520,#3521);
#3006=CIRCLE('',#3523,13.894);
#3007=VERTEX_POINT('',#3527);
#3008=VERTEX_POINT('',#3528);
#3009=B_SPLINE_CURVE_WITH_KNOTS('',3,
(#3529,#3530,#3531,#3532,#3533,#3534,#3535,#3536,#3537,#3538,#3539,#3540,#3541,#3542,
#3543,#3544,#3545,#3546,#3547,#3548,#3549,#3550,#3551,#3552,#3553,#3554,#3555,#3556,
#3557,#3558),
.UNSPECIFIED.,.F.,.F.,
(4,2,2,2,2,2,2,2,2,2,2,2,2,2,4),
(0.,0.0839959174230824,0.161535122799846,0.235724623316405,0.307971595231485,0.379001260677067,
0.449224333717288,0.518890997201741,0.588162968639136,0.657150262455076,0.725931306920668,
0.794564638603943,0.863096095390739,0.931563510454054,1.),
.UNSPECIFIED.);
#3010=B_SPLINE_CURVE_WITH_KNOTS('',3,
(#3559,#3560,#3561,#3562,#3563,#3564,#3565,#3566,#3567,#3568,#3569,#3570,#3571,#3572,
#3573,#3574,#3575,#3576,#3577,#3578,#3579,#3580,#3581,#3582,#3583,#3584,#3585,#3586,
#3587,#3588),
.UNSPECIFIED.,.F.,.F.,
(4,2,2,2,2,2,2,2,2,2,2,2,2,2,4),
(0.,0.0791643643196287,0.157138872773325,0.233923507008953,0.309518244074838,0.383923054739535,
0.45713790096679,0.5291627319786,0.599997477839088,0.669642038413869,0.738096263025901,
0.805359909474051,0.871432550814523,0.936313322147835,1.),
.UNSPECIFIED.);
#3011=VERTEX_POINT('',#3589);
#3012=B_SPLINE_CURVE_WITH_KNOTS('',3,
(#3590,#3591,#3592,#3593,#3594,#3595,#3596,#3597,#3598,#3599,#3600,#3601,#3602,#3603,
#3604,#3605,#3606,#3607,#3608,#3609,#3610,#3611,#3612,#3613,#3614,#3615,#3616,#3617,
#3618,#3619),
.UNSPECIFIED.,.F.,.F.,
(4,2,2,2,2,2,2,2,2,2,2,2,2,2,4),
(0.,0.0636866778521681,0.12856744918548,0.194640090525953,0.261903736974102,0.330357961586132,
0.400002522160914,0.470837268021406,0.542862099033218,0.616076945260474,0.690481755925174,
0.766076492991057,0.842861127226683,0.920835635680376,1.),
.UNSPECIFIED.);
#3013=VERTEX_POINT('',#3620);
#3014=B_SPLINE_CURVE_WITH_KNOTS('',3,
(#3621,#3622,#3623,#3624,#3625,#3626,#3627,#3628,#3629,#3630,#3631,#3632,#3633,#3634,
#3635,#3636,#3637,#3638,#3639,#3640,#3641,#3642,#3643,#3644,#3645,#3646,#3647,#3648,
#3649,#3650),
.UNSPECIFIED.,.F.,.F.,
(4,2,2,2,2,2,2,2,2,2,2,2,2,2,4),
(0.,0.0684364895459459,0.136903904609257,0.20543536139604,0.274068693079301,0.342849737544878,
0.411837031360814,0.481109002798209,0.550775666282663,0.620998739322871,0.692028404768448,
0.764275376683528,0.838464877200103,0.916004082576885,1.),
.UNSPECIFIED.);
#3015=VERTEX_POINT('',#3651);
#3016=CIRCLE('',#3652,10.48425);
#3017=VERTEX_POINT('',#3656);
#3018=B_SPLINE_CURVE_WITH_KNOTS('',3,
(#3657,#3658,#3659,#3660,#3661,#3662,#3663,#3664,#3665,#3666,#3667,#3668,#3669,#3670,
#3671,#3672,#3673,#3674,#3675,#3676,#3677,#3678,#3679,#3680,#3681,#3682,#3683,#3684,
#3685,#3686),
.UNSPECIFIED.,.F.,.F.,
(4,2,2,2,2,2,2,2,2,2,2,2,2,2,4),
(0.,0.0839959174230824,0.161535122799846,0.235724623316405,0.307971595231485,0.379001260677067,
0.449224333717288,0.518890997201741,0.588162968639136,0.657150262455076,0.725931306920668,
0.794564638603943,0.863096095390739,0.931563510454054,1.),
.UNSPECIFIED.);
#3019=B_SPLINE_CURVE_WITH_KNOTS('',3,
(#3687,#3688,#3689,#3690,#3691,#3692,#3693,#3694,#3695,#3696,#3697,#3698,#3699,#3700,
#3701,#3702,#3703,#3704,#3705,#3706,#3707,#3708,#3709,#3710,#3711,#3712,#3713,#3714,
#3715,#3716),
.UNSPECIFIED.,.F.,.F.,
(4,2,2,2,2,2,2,2,2,2,2,2,2,2,4),
(0.,0.0791643643196287,0.157138872773325,0.233923507008953,0.309518244074838,0.383923054739535,
0.45713790096679,0.5291627319786,0.599997477839088,0.669642038413869,0.738096263025901,
0.805359909474051,0.871432550814523,0.936313322147835,1.),
.UNSPECIFIED.);
#3020=VERTEX_POINT('',#3717);
#3021=B_SPLINE_CURVE_WITH_KNOTS('',3,
(#3718,#3719,#3720,#3721,#3722,#3723,#3724,#3725,#3726,#3727,#3728,#3729,#3730,#3731,
#3732,#3733,#3734,#3735,#3736,#3737,#3738,#3739,#3740,#3741,#3742,#3743,#3744,#3745,
#3746,#3747),
.UNSPECIFIED.,.F.,.F.,
(4,2,2,2,2,2,2,2,2,2,2,2,2,2,4),
(0.,0.0636866778521681,0.12856744918548,0.194640090525953,0.261903736974102,0.330357961586132,
0.400002522160914,0.470837268021406,0.542862099033218,0.616076945260474,0.690481755925174,
0.766076492991057,0.842861127226683,0.920835635680376,1.),
.UNSPECIFIED.);
#3022=VERTEX_POINT('',#3748);
#3023=B_SPLINE_CURVE_WITH_KNOTS('',3,
(#3749,#3750,#3751,#3752,#3753,#3754,#3755,#3756,#3757,#3758,#3759,#3760,#3761,#3762,
#3763,#3764,#3765,#3766,#3767,#3768,#3769,#3770,#3771,#3772,#3773,#3774,#3775,#3776,
#3777,#3778),
.UNSPECIFIED.,.F.,.F.,
(4,2,2,2,2,2,2,2,2,2,2,2,2,2,4),
(0.,0.0684364895459459,0.136903904609257,0.20543536139604,0.274068693079301,0.342849737544878,
0.411837031360814,0.481109002798209,0.550775666282663,0.620998739322871,0.692028404768448,
0.764275376683528,0.838464877200103,0.916004082576885,1.),
.UNSPECIFIED.);
#3024=VERTEX_POINT('',#3779);
#3025=CIRCLE('',#3780,10.48425);
#3026=VERTEX_POINT('',#3784);
#3027=B_SPLINE_CURVE_WITH_KNOTS('',3,
(#3785,#3786,#3787,#3788,#3789,#3790,#3791,#3792,#3793,#3794,#3795,#3796,#3797,#3798,
#3799,#3800,#3801,#3802,#3803,#3804,#3805,#3806,#3807,#3808,#3809,#3810,#3811,#3812,
#3813,#3814),
.UNSPECIFIED.,.F.,.F.,
(4,2,2,2,2,2,2,2,2,2,2,2,2,2,4),
(0.,0.0839959174230824,0.161535122799846,0.235724623316405,0.307971595231485,0.379001260677067,
0.449224333717288,0.518890997201741,0.588162968639136,0.657150262455076,0.725931306920668,
0.794564638603943,0.863096095390739,0.931563510454054,1.),
.UNSPECIFIED.);
#3028=B_SPLINE_CURVE_WITH_KNOTS('',3,
(#3815,#3816,#3817,#3818,#3819,#3820,#3821,#3822,#3823,#3824,#3825,#3826,#3827,#3828,
#3829,#3830,#3831,#3832,#3833,#3834,#3835,#3836,#3837,#3838,#3839,#3840,#3841,#3842,
#3843,#3844),
.UNSPECIFIED.,.F.,.F.,
(4,2,2,2,2,2,2,2,2,2,2,2,2,2,4),
(0.,0.0791643643196287,0.157138872773325,0.233923507008953,0.309518244074838,0.383923054739535,
0.45713790096679,0.5291627319786,0.599997477839088,0.669642038413869,0.738096263025901,
0.805359909474051,0.871432550814523,0.936313322147835,1.),
.UNSPECIFIED.);
#3029=VERTEX_POINT('',#3845);
#3030=B_SPLINE_CURVE_WITH_KNOTS('',3,
(#3846,#3847,#3848,#3849,#3850,#3851,#3852,#3853,#3854,#3855,#3856,#3857,#3858,#3859,
#3860,#3861,#3862,#3863,#3864,#3865,#3866,#3867,#3868,#3869,#3870,#3871,#3872,#3873,
#3874,#3875),
.UNSPECIFIED.,.F.,.F.,
(4,2,2,2,2,2,2,2,2,2,2,2,2,2,4),
(0.,0.0636866778521681,0.12856744918548,0.194640090525953,0.261903736974102,0.330357961586132,
0.400002522160914,0.470837268021406,0.542862099033218,0.616076945260474,0.690481755925174,
0.766076492991057,0.842861127226683,0.920835635680376,1.),
.UNSPECIFIED.);
#3031=VERTEX_POINT('',#3876);
#3032=B_SPLINE_CURVE_WITH_KNOTS('',3,
(#3877,#3878,#3879,#3880,#3881,#3882,#3883,#3884,#3885,#3886,#3887,#3888,#3889,#3890,
#3891,#3892,#3893,#3894,#3895,#3896,#3897,#3898,#3899,#3900,#3901,#3902,#3903,#3904,
#3905,#3906),
.UNSPECIFIED.,.F.,.F.,
(4,2,2,2,2,2,2,2,2,2,2,2,2,2,4),
(0.,0.0684364895459459,0.136903904609257,0.20543536139604,0.274068693079301,0.342849737544878,
0.411837031360814,0.481109002798209,0.550775666282663,0.620998739322871,0.692028404768448,
0.764275376683528,0.838464877200103,0.916004082576885,1.),
.UNSPECIFIED.);
#3033=VERTEX_POINT('',#3907);
#3034=CIRCLE('',#3908,10.48425);
#3035=VERTEX_POINT('',#3912);
#3036=B_SPLINE_CURVE_WITH_KNOTS('',3,
(#3913,#3914,#3915,#3916,#3917,#3918,#3919,#3920,#3921,#3922,#3923,#3924,#3925,#3926,
#3927,#3928,#3929,#3930,#3931,#3932,#3933,#3934,#3935,#3936,#3937,#3938,#3939,#3940,
#3941,#3942),
.UNSPECIFIED.,.F.,.F.,
(4,2,2,2,2,2,2,2,2,2,2,2,2,2,4),
(0.,0.0839959174230824,0.161535122799846,0.235724623316405,0.307971595231485,0.379001260677067,
0.449224333717288,0.518890997201741,0.588162968639136,0.657150262455076,0.725931306920668,
0.794564638603943,0.863096095390739,0.931563510454054,1.),
.UNSPECIFIED.);
#3037=B_SPLINE_CURVE_WITH_KNOTS('',3,
(#3943,#3944,#3945,#3946,#3947,#3948,#3949,#3950,#3951,#3952,#3953,#3954,#3955,#3956,
#3957,#3958,#3959,#3960,#3961,#3962,#3963,#3964,#3965,#3966,#3967,#3968,#3969,#3970,
#3971,#3972),
.UNSPECIFIED.,.F.,.F.,
(4,2,2,2,2,2,2,2,2,2,2,2,2,2,4),
(0.,0.0791643643196287,0.157138872773325,0.233923507008953,0.309518244074838,0.383923054739535,
0.45713790096679,0.5291627319786,0.599997477839088,0.669642038413869,0.738096263025901,
0.805359909474051,0.871432550814523,0.936313322147835,1.),
.UNSPECIFIED.);
#3038=VERTEX_POINT('',#3973);
#3039=B_SPLINE_CURVE_WITH_KNOTS('',3,
(#3974,#3975,#3976,#3977,#3978,#3979,#3980,#3981,#3982,#3983,#3984,#3985,#3986,#3987,
#3988,#3989,#3990,#3991,#3992,#3993,#3994,#3995,#3996,#3997,#3998,#3999,#4000,#4001,
#4002,#4003),
.UNSPECIFIED.,.F.,.F.,
(4,2,2,2,2,2,2,2,2,2,2,2,2,2,4),
(0.,0.0636866778521681,0.12856744918548,0.194640090525953,0.261903736974102,0.330357961586132,
0.400002522160914,0.470837268021406,0.542862099033218,0.616076945260474,0.690481755925174,
0.766076492991057,0.842861127226683,0.920835635680376,1.),
.UNSPECIFIED.);
#3040=VERTEX_POINT('',#4004);
#3041=B_SPLINE_CURVE_WITH_KNOTS('',3,
(#4005,#4006,#4007,#4008,#4009,#4010,#4011,#4012,#4013,#4014,#4015,#4016,#4017,#4018,
#4019,#4020,#4021,#4022,#4023,#4024,#4025,#4026,#4027,#4028,#4029,#4030,#4031,#4032,
#4033,#4034),
.UNSPECIFIED.,.F.,.F.,
(4,2,2,2,2,2,2,2,2,2,2,2,2,2,4),
(0.,0.0684364895459459,0.136903904609257,0.20543536139604,0.274068693079301,0.342849737544878,
0.411837031360814,0.481109002798209,0.550775666282663,0.620998739322871,0.692028404768448,
0.764275376683528,0.838464877200103,0.916004082576885,1.),
.UNSPECIFIED.);
#3042=VERTEX_POINT('',#4035);
#3043=CIRCLE('',#4036,10.48425);
#3044=VERTEX_POINT('',#4040);
#3045=B_SPLINE_CURVE_WITH_KNOTS('',3,
(#4041,#4042,#4043,#4044,#4045,#4046,#4047,#4048,#4049,#4050,#4051,#4052,#4053,#4054,
#4055,#4056,#4057,#4058,#4059,#4060,#4061,#4062,#4063,#4064,#4065,#4066,#4067,#4068,
#4069,#4070),
.UNSPECIFIED.,.F.,.F.,
(4,2,2,2,2,2,2,2,2,2,2,2,2,2,4),
(0.,0.0839959174230824,0.161535122799846,0.235724623316405,0.307971595231485,0.379001260677067,
0.449224333717288,0.518890997201741,0.588162968639136,0.657150262455076,0.725931306920668,
0.794564638603943,0.863096095390739,0.931563510454054,1.),
.UNSPECIFIED.);
#3046=B_SPLINE_CURVE_WITH_KNOTS('',3,
(#4071,#4072,#4073,#4074,#4075,#4076,#4077,#4078,#4079,#4080,#4081,#4082,#4083,#4084,
#4085,#4086,#4087,#4088,#4089,#4090,#4091,#4092,#4093,#4094,#4095,#4096,#4097,#4098,
#4099,#4100),
.UNSPECIFIED.,.F.,.F.,
(4,2,2,2,2,2,2,2,2,2,2,2,2,2,4),
(0.,0.0791643643196287,0.157138872773325,0.233923507008953,0.309518244074838,0.383923054739535,
0.45713790096679,0.5291627319786,0.599997477839088,0.669642038413869,0.738096263025901,
0.805359909474051,0.871432550814523,0.936313322147835,1.),
.UNSPECIFIED.);
#3047=VERTEX_POINT('',#4101);
#3048=B_SPLINE_CURVE_WITH_KNOTS('',3,
(#4102,#4103,#4104,#4105,#4106,#4107,#4108,#4109,#4110,#4111,#4112,#4113,#4114,#4115,
#4116,#4117,#4118,#4119,#4120,#4121,#4122,#4123,#4124,#4125,#4126,#4127,#4128,#4129,
#4130,#4131),
.UNSPECIFIED.,.F.,.F.,
(4,2,2,2,2,2,2,2,2,2,2,2,2,2,4),
(0.,0.0636866778521681,0.12856744918548,0.194640090525953,0.261903736974102,0.330357961586132,
0.400002522160914,0.470837268021406,0.542862099033218,0.616076945260474,0.690481755925174,
0.766076492991057,0.842861127226683,0.920835635680376,1.),
.UNSPECIFIED.);
#3049=VERTEX_POINT('',#4132);
#3050=B_SPLINE_CURVE_WITH_KNOTS('',3,
(#4133,#4134,#4135,#4136,#4137,#4138,#4139,#4140,#4141,#4142,#4143,#4144,#4145,#4146,
#4147,#4148,#4149,#4150,#4151,#4152,#4153,#4154,#4155,#4156,#4157,#4158,#4159,#4160,
#4161,#4162),
.UNSPECIFIED.,.F.,.F.,
(4,2,2,2,2,2,2,2,2,2,2,2,2,2,4),
(0.,0.0684364895459459,0.136903904609257,0.20543536139604,0.274068693079301,0.342849737544878,
0.411837031360814,0.481109002798209,0.550775666282663,0.620998739322871,0.692028404768448,
0.764275376683528,0.838464877200103,0.916004082576885,1.),
.UNSPECIFIED.);
#3051=VERTEX_POINT('',#4163);
#3052=CIRCLE('',#4164,10.48425);
#3053=VERTEX_POINT('',#4168);
#3054=B_SPLINE_CURVE_WITH_KNOTS('',3,
(#4169,#4170,#4171,#4172,#4173,#4174,#4175,#4176,#4177,#4178,#4179,#4180,#4181,#4182,
#4183,#4184,#4185,#4186,#4187,#4188,#4189,#4190,#4191,#4192,#4193,#4194,#4195,#4196,
#4197,#4198),
.UNSPECIFIED.,.F.,.F.,
(4,2,2,2,2,2,2,2,2,2,2,2,2,2,4),
(0.,0.0839959174230824,0.161535122799846,0.235724623316405,0.307971595231485,0.379001260677067,
0.449224333717288,0.518890997201741,0.588162968639136,0.657150262455076,0.725931306920668,
0.794564638603943,0.863096095390739,0.931563510454054,1.),
.UNSPECIFIED.);
#3055=B_SPLINE_CURVE_WITH_KNOTS('',3,
(#4199,#4200,#4201,#4202,#4203,#4204,#4205,#4206,#4207,#4208,#4209,#4210,#4211,#4212,
#4213,#4214,#4215,#4216,#4217,#4218,#4219,#4220,#4221,#4222,#4223,#4224,#4225,#4226,
#4227,#4228),
.UNSPECIFIED.,.F.,.F.,
(4,2,2,2,2,2,2,2,2,2,2,2,2,2,4),
(0.,0.0791643643196287,0.157138872773325,0.233923507008953,0.309518244074838,0.383923054739535,
0.45713790096679,0.5291627319786,0.599997477839088,0.669642038413869,0.738096263025901,
0.805359909474051,0.871432550814523,0.936313322147835,1.),
.UNSPECIFIED.);
#3056=VERTEX_POINT('',#4229);
#3057=B_SPLINE_CURVE_WITH_KNOTS('',3,
(#4230,#4231,#4232,#4233,#4234,#4235,#4236,#4237,#4238,#4239,#4240,#4241,#4242,#4243,
#4244,#4245,#4246,#4247,#4248,#4249,#4250,#4251,#4252,#4253,#4254,#4255,#4256,#4257,
#4258,#4259),
.UNSPECIFIED.,.F.,.F.,
(4,2,2,2,2,2,2,2,2,2,2,2,2,2,4),
(0.,0.0636866778521681,0.12856744918548,0.194640090525953,0.261903736974102,0.330357961586132,
0.400002522160914,0.470837268021406,0.542862099033218,0.616076945260474,0.690481755925174,
0.766076492991057,0.842861127226683,0.920835635680376,1.),
.UNSPECIFIED.);
#3058=VERTEX_POINT('',#4260);
#3059=B_SPLINE_CURVE_WITH_KNOTS('',3,
(#4261,#4262,#4263,#4264,#4265,#4266,#4267,#4268,#4269,#4270,#4271,#4272,#4273,#4274,
#4275,#4276,#4277,#4278,#4279,#4280,#4281,#4282,#4283,#4284,#4285,#4286,#4287,#4288,
#4289,#4290),
.UNSPECIFIED.,.F.,.F.,
(4,2,2,2,2,2,2,2,2,2,2,2,2,2,4),
(0.,0.0684364895459459,0.136903904609257,0.20543536139604,0.274068693079301,0.342849737544878,
0.411837031360814,0.481109002798209,0.550775666282663,0.620998739322871,0.692028404768448,
0.764275376683528,0.838464877200103,0.916004082576885,1.),
.UNSPECIFIED.);
#3060=VERTEX_POINT('',#4291);
#3061=CIRCLE('',#4292,10.48425);
#3062=VERTEX_POINT('',#4296);
#3063=B_SPLINE_CURVE_WITH_KNOTS('',3,
(#4297,#4298,#4299,#4300,#4301,#4302,#4303,#4304,#4305,#4306,#4307,#4308,#4309,#4310,
#4311,#4312,#4313,#4314,#4315,#4316,#4317,#4318,#4319,#4320,#4321,#4322,#4323,#4324,
#4325,#4326),
.UNSPECIFIED.,.F.,.F.,
(4,2,2,2,2,2,2,2,2,2,2,2,2,2,4),
(0.,0.0839959174230824,0.161535122799846,0.235724623316405,0.307971595231485,0.379001260677067,
0.449224333717288,0.518890997201741,0.588162968639136,0.657150262455076,0.725931306920668,
0.794564638603943,0.863096095390739,0.931563510454054,1.),
.UNSPECIFIED.);
#3064=B_SPLINE_CURVE_WITH_KNOTS('',3,
(#4327,#4328,#4329,#4330,#4331,#4332,#4333,#4334,#4335,#4336,#4337,#4338,#4339,#4340,
#4341,#4342,#4343,#4344,#4345,#4346,#4347,#4348,#4349,#4350,#4351,#4352,#4353,#4354,
#4355,#4356),
.UNSPECIFIED.,.F.,.F.,
(4,2,2,2,2,2,2,2,2,2,2,2,2,2,4),
(0.,0.0791643643196287,0.157138872773325,0.233923507008953,0.309518244074838,0.383923054739535,
0.45713790096679,0.5291627319786,0.599997477839088,0.669642038413869,0.738096263025901,
0.805359909474051,0.871432550814523,0.936313322147835,1.),
.UNSPECIFIED.);
#3065=VERTEX_POINT('',#4357);
#3066=B_SPLINE_CURVE_WITH_KNOTS('',3,
(#4358,#4359,#4360,#4361,#4362,#4363,#4364,#4365,#4366,#4367,#4368,#4369,#4370,#4371,
#4372,#4373,#4374,#4375,#4376,#4377,#4378,#4379,#4380,#4381,#4382,#4383,#4384,#4385,
#4386,#4387),
.UNSPECIFIED.,.F.,.F.,
(4,2,2,2,2,2,2,2,2,2,2,2,2,2,4),
(0.,0.0636866778521681,0.12856744918548,0.194640090525953,0.261903736974102,0.330357961586132,
0.400002522160914,0.470837268021406,0.542862099033218,0.616076945260474,0.690481755925174,
0.766076492991057,0.842861127226683,0.920835635680376,1.),
.UNSPECIFIED.);
#3067=VERTEX_POINT('',#4388);
#3068=B_SPLINE_CURVE_WITH_KNOTS('',3,
(#4389,#4390,#4391,#4392,#4393,#4394,#4395,#4396,#4397,#4398,#4399,#4400,#4401,#4402,
#4403,#4404,#4405,#4406,#4407,#4408,#4409,#4410,#4411,#4412,#4413,#4414,#4415,#4416,
#4417,#4418),
.UNSPECIFIED.,.F.,.F.,
(4,2,2,2,2,2,2,2,2,2,2,2,2,2,4),
(0.,0.0684364895459459,0.136903904609257,0.20543536139604,0.274068693079301,0.342849737544878,
0.411837031360814,0.481109002798209,0.550775666282663,0.620998739322871,0.692028404768448,
0.764275376683528,0.838464877200103,0.916004082576885,1.),
.UNSPECIFIED.);
#3069=VERTEX_POINT('',#4419);
#3070=CIRCLE('',#4420,10.48425);
#3071=VERTEX_POINT('',#4424);
#3072=B_SPLINE_CURVE_WITH_KNOTS('',3,
(#4425,#4426,#4427,#4428,#4429,#4430,#4431,#4432,#4433,#4434,#4435,#4436,#4437,#4438,
#4439,#4440,#4441,#4442,#4443,#4444,#4445,#4446,#4447,#4448,#4449,#4450,#4451,#4452,
#4453,#4454),
.UNSPECIFIED.,.F.,.F.,
(4,2,2,2,2,2,2,2,2,2,2,2,2,2,4),
(0.,0.0839959174230824,0.161535122799846,0.235724623316405,0.307971595231485,0.379001260677067,
0.449224333717288,0.518890997201741,0.588162968639136,0.657150262455076,0.725931306920668,
0.794564638603943,0.863096095390739,0.931563510454054,1.),
.UNSPECIFIED.);
#3073=B_SPLINE_CURVE_WITH_KNOTS('',3,
(#4455,#4456,#4457,#4458,#4459,#4460,#4461,#4462,#4463,#4464,#4465,#4466,#4467,#4468,
#4469,#4470,#4471,#4472,#4473,#4474,#4475,#4476,#4477,#4478,#4479,#4480,#4481,#4482,
#4483,#4484),
.UNSPECIFIED.,.F.,.F.,
(4,2,2,2,2,2,2,2,2,2,2,2,2,2,4),
(0.,0.0791643643196287,0.157138872773325,0.233923507008953,0.309518244074838,0.383923054739535,
0.45713790096679,0.5291627319786,0.599997477839088,0.669642038413869,0.738096263025901,
0.805359909474051,0.871432550814523,0.936313322147835,1.),
.UNSPECIFIED.);
#3074=VERTEX_POINT('',#4485);
#3075=B_SPLINE_CURVE_WITH_KNOTS('',3,
(#4486,#4487,#4488,#4489,#4490,#4491,#4492,#4493,#4494,#4495,#4496,#4497,#4498,#4499,
#4500,#4501,#4502,#4503,#4504,#4505,#4506,#4507,#4508,#4509,#4510,#4511,#4512,#4513,
#4514,#4515),
.UNSPECIFIED.,.F.,.F.,
(4,2,2,2,2,2,2,2,2,2,2,2,2,2,4),
(0.,0.0636866778521681,0.12856744918548,0.194640090525953,0.261903736974102,0.330357961586132,
0.400002522160914,0.470837268021406,0.542862099033218,0.616076945260474,0.690481755925174,
0.766076492991057,0.842861127226683,0.920835635680376,1.),
.UNSPECIFIED.);
#3076=VERTEX_POINT('',#4516);
#3077=B_SPLINE_CURVE_WITH_KNOTS('',3,
(#4517,#4518,#4519,#4520,#4521,#4522,#4523,#4524,#4525,#4526,#4527,#4528,#4529,#4530,
#4531,#4532,#4533,#4534,#4535,#4536,#4537,#4538,#4539,#4540,#4541,#4542,#4543,#4544,
#4545,#4546),
.UNSPECIFIED.,.F.,.F.,
(4,2,2,2,2,2,2,2,2,2,2,2,2,2,4),
(0.,0.0684364895459459,0.136903904609257,0.20543536139604,0.274068693079301,0.342849737544878,
0.411837031360814,0.481109002798209,0.550775666282663,0.620998739322871,0.692028404768448,
0.764275376683528,0.838464877200103,0.916004082576885,1.),
.UNSPECIFIED.);
#3078=VERTEX_POINT('',#4547);
#3079=CIRCLE('',#4548,10.48425);
#3080=VERTEX_POINT('',#4552);
#3081=B_SPLINE_CURVE_WITH_KNOTS('',3,
(#4553,#4554,#4555,#4556,#4557,#4558,#4559,#4560,#4561,#4562,#4563,#4564,#4565,#4566,
#4567,#4568,#4569,#4570,#4571,#4572,#4573,#4574,#4575,#4576,#4577,#4578,#4579,#4580,
#4581,#4582),
.UNSPECIFIED.,.F.,.F.,
(4,2,2,2,2,2,2,2,2,2,2,2,2,2,4),
(0.,0.0839959174230824,0.161535122799846,0.235724623316405,0.307971595231485,0.379001260677067,
0.449224333717288,0.518890997201741,0.588162968639136,0.657150262455076,0.725931306920668,
0.794564638603943,0.863096095390739,0.931563510454054,1.),
.UNSPECIFIED.);
#3082=B_SPLINE_CURVE_WITH_KNOTS('',3,
(#4583,#4584,#4585,#4586,#4587,#4588,#4589,#4590,#4591,#4592,#4593,#4594,#4595,#4596,
#4597,#4598,#4599,#4600,#4601,#4602,#4603,#4604,#4605,#4606,#4607,#4608,#4609,#4610,
#4611,#4612),
.UNSPECIFIED.,.F.,.F.,
(4,2,2,2,2,2,2,2,2,2,2,2,2,2,4),
(0.,0.0791643643196287,0.157138872773325,0.233923507008953,0.309518244074838,0.383923054739535,
0.45713790096679,0.5291627319786,0.599997477839088,0.669642038413869,0.738096263025901,
0.805359909474051,0.871432550814523,0.936313322147835,1.),
.UNSPECIFIED.);
#3083=VERTEX_POINT('',#4613);
#3084=B_SPLINE_CURVE_WITH_KNOTS('',3,
(#4614,#4615,#4616,#4617,#4618,#4619,#4620,#4621,#4622,#4623,#4624,#4625,#4626,#4627,
#4628,#4629,#4630,#4631,#4632,#4633,#4634,#4635,#4636,#4637,#4638,#4639,#4640,#4641,
#4642,#4643),
.UNSPECIFIED.,.F.,.F.,
(4,2,2,2,2,2,2,2,2,2,2,2,2,2,4),
(0.,0.0636866778521681,0.12856744918548,0.194640090525953,0.261903736974102,0.330357961586132,
0.400002522160914,0.470837268021406,0.542862099033218,0.616076945260474,0.690481755925174,
0.766076492991057,0.842861127226683,0.920835635680376,1.),
.UNSPECIFIED.);
#3085=VERTEX_POINT('',#4644);
#3086=B_SPLINE_CURVE_WITH_KNOTS('',3,
(#4645,#4646,#4647,#4648,#4649,#4650,#4651,#4652,#4653,#4654,#4655,#4656,#4657,#4658,
#4659,#4660,#4661,#4662,#4663,#4664,#4665,#4666,#4667,#4668,#4669,#4670,#4671,#4672,
#4673,#4674),
.UNSPECIFIED.,.F.,.F.,
(4,2,2,2,2,2,2,2,2,2,2,2,2,2,4),
(0.,0.0684364895459459,0.136903904609257,0.20543536139604,0.274068693079301,0.342849737544878,
0.411837031360814,0.481109002798209,0.550775666282663,0.620998739322871,0.692028404768448,
0.764275376683528,0.838464877200103,0.916004082576885,1.),
.UNSPECIFIED.);
#3087=VERTEX_POINT('',#4675);
#3088=CIRCLE('',#4676,10.48425);
#3089=VERTEX_POINT('',#4680);
#3090=B_SPLINE_CURVE_WITH_KNOTS('',3,
(#4681,#4682,#4683,#4684,#4685,#4686,#4687,#4688,#4689,#4690,#4691,#4692,#4693,#4694,
#4695,#4696,#4697,#4698,#4699,#4700,#4701,#4702,#4703,#4704,#4705,#4706,#4707,#4708,
#4709,#4710),
.UNSPECIFIED.,.F.,.F.,
(4,2,2,2,2,2,2,2,2,2,2,2,2,2,4),
(0.,0.0839959174230824,0.161535122799846,0.235724623316405,0.307971595231485,0.379001260677067,
0.449224333717288,0.518890997201741,0.588162968639136,0.657150262455076,0.725931306920668,
0.794564638603943,0.863096095390739,0.931563510454054,1.),
.UNSPECIFIED.);
#3091=B_SPLINE_CURVE_WITH_KNOTS('',3,
(#4711,#4712,#4713,#4714,#4715,#4716,#4717,#4718,#4719,#4720,#4721,#4722,#4723,#4724,
#4725,#4726,#4727,#4728,#4729,#4730,#4731,#4732,#4733,#4734,#4735,#4736,#4737,#4738,
#4739,#4740),
.UNSPECIFIED.,.F.,.F.,
(4,2,2,2,2,2,2,2,2,2,2,2,2,2,4),
(0.,0.0791643643196287,0.157138872773325,0.233923507008953,0.309518244074838,0.383923054739535,
0.45713790096679,0.5291627319786,0.599997477839088,0.669642038413869,0.738096263025901,
0.805359909474051,0.871432550814523,0.936313322147835,1.),
.UNSPECIFIED.);
#3092=VERTEX_POINT('',#4741);
#3093=B_SPLINE_CURVE_WITH_KNOTS('',3,
(#4742,#4743,#4744,#4745,#4746,#4747,#4748,#4749,#4750,#4751,#4752,#4753,#4754,#4755,
#4756,#4757,#4758,#4759,#4760,#4761,#4762,#4763,#4764,#4765,#4766,#4767,#4768,#4769,
#4770,#4771),
.UNSPECIFIED.,.F.,.F.,
(4,2,2,2,2,2,2,2,2,2,2,2,2,2,4),
(0.,0.0636866778521681,0.12856744918548,0.194640090525953,0.261903736974102,0.330357961586132,
0.400002522160914,0.470837268021406,0.542862099033218,0.616076945260474,0.690481755925174,
0.766076492991057,0.842861127226683,0.920835635680376,1.),
.UNSPECIFIED.);
#3094=VERTEX_POINT('',#4772);
#3095=B_SPLINE_CURVE_WITH_KNOTS('',3,
(#4773,#4774,#4775,#4776,#4777,#4778,#4779,#4780,#4781,#4782,#4783,#4784,#4785,#4786,
#4787,#4788,#4789,#4790,#4791,#4792,#4793,#4794,#4795,#4796,#4797,#4798,#4799,#4800,
#4801,#4802),
.UNSPECIFIED.,.F.,.F.,
(4,2,2,2,2,2,2,2,2,2,2,2,2,2,4),
(0.,0.0684364895459459,0.136903904609257,0.20543536139604,0.274068693079301,0.342849737544878,
0.411837031360814,0.481109002798209,0.550775666282663,0.620998739322871,0.692028404768448,
0.764275376683528,0.838464877200103,0.916004082576885,1.),
.UNSPECIFIED.);
#3096=VERTEX_POINT('',#4803);
#3097=CIRCLE('',#4804,10.48425);
#3098=VERTEX_POINT('',#4808);
#3099=B_SPLINE_CURVE_WITH_KNOTS('',3,
(#4809,#4810,#4811,#4812,#4813,#4814,#4815,#4816,#4817,#4818,#4819,#4820,#4821,#4822,
#4823,#4824,#4825,#4826,#4827,#4828,#4829,#4830,#4831,#4832,#4833,#4834,#4835,#4836,
#4837,#4838),
.UNSPECIFIED.,.F.,.F.,
(4,2,2,2,2,2,2,2,2,2,2,2,2,2,4),
(0.,0.0839959174230824,0.161535122799846,0.235724623316405,0.307971595231485,0.379001260677067,
0.449224333717288,0.518890997201741,0.588162968639136,0.657150262455076,0.725931306920668,
0.794564638603943,0.863096095390739,0.931563510454054,1.),
.UNSPECIFIED.);
#3100=B_SPLINE_CURVE_WITH_KNOTS('',3,
(#4839,#4840,#4841,#4842,#4843,#4844,#4845,#4846,#4847,#4848,#4849,#4850,#4851,#4852,
#4853,#4854,#4855,#4856,#4857,#4858,#4859,#4860,#4861,#4862,#4863,#4864,#4865,#4866,
#4867,#4868),
.UNSPECIFIED.,.F.,.F.,
(4,2,2,2,2,2,2,2,2,2,2,2,2,2,4),
(0.,0.0791643643196287,0.157138872773325,0.233923507008953,0.309518244074838,0.383923054739535,
0.45713790096679,0.5291627319786,0.599997477839088,0.669642038413869,0.738096263025901,
0.805359909474051,0.871432550814523,0.936313322147835,1.),
.UNSPECIFIED.);
#3101=VERTEX_POINT('',#4869);
#3102=B_SPLINE_CURVE_WITH_KNOTS('',3,
(#4870,#4871,#4872,#4873,#4874,#4875,#4876,#4877,#4878,#4879,#4880,#4881,#4882,#4883,
#4884,#4885,#4886,#4887,#4888,#4889,#4890,#4891,#4892,#4893,#4894,#4895,#4896,#4897,
#4898,#4899),
.UNSPECIFIED.,.F.,.F.,
(4,2,2,2,2,2,2,2,2,2,2,2,2,2,4),
(0.,0.0636866778521681,0.12856744918548,0.194640090525953,0.261903736974102,0.330357961586132,
0.400002522160914,0.470837268021406,0.542862099033218,0.616076945260474,0.690481755925174,
0.766076492991057,0.842861127226683,0.920835635680376,1.),
.UNSPECIFIED.);
#3103=VERTEX_POINT('',#4900);
#3104=B_SPLINE_CURVE_WITH_KNOTS('',3,
(#4901,#4902,#4903,#4904,#4905,#4906,#4907,#4908,#4909,#4910,#4911,#4912,#4913,#4914,
#4915,#4916,#4917,#4918,#4919,#4920,#4921,#4922,#4923,#4924,#4925,#4926,#4927,#4928,
#4929,#4930),
.UNSPECIFIED.,.F.,.F.,
(4,2,2,2,2,2,2,2,2,2,2,2,2,2,4),
(0.,0.0684364895459459,0.136903904609257,0.20543536139604,0.274068693079301,0.342849737544878,
0.411837031360814,0.481109002798209,0.550775666282663,0.620998739322871,0.692028404768448,
0.764275376683528,0.838464877200103,0.916004082576885,1.),
.UNSPECIFIED.);
#3105=VERTEX_POINT('',#4931);
#3106=CIRCLE('',#4932,10.48425);
#3107=VERTEX_POINT('',#4936);
#3108=B_SPLINE_CURVE_WITH_KNOTS('',3,
(#4937,#4938,#4939,#4940,#4941,#4942,#4943,#4944,#4945,#4946,#4947,#4948,#4949,#4950,
#4951,#4952,#4953,#4954,#4955,#4956,#4957,#4958,#4959,#4960,#4961,#4962,#4963,#4964,
#4965,#4966),
.UNSPECIFIED.,.F.,.F.,
(4,2,2,2,2,2,2,2,2,2,2,2,2,2,4),
(0.,0.0839959174230824,0.161535122799846,0.235724623316405,0.307971595231485,0.379001260677067,
0.449224333717288,0.518890997201741,0.588162968639136,0.657150262455076,0.725931306920668,
0.794564638603943,0.863096095390739,0.931563510454054,1.),
.UNSPECIFIED.);
#3109=B_SPLINE_CURVE_WITH_KNOTS('',3,
(#4967,#4968,#4969,#4970,#4971,#4972,#4973,#4974,#4975,#4976,#4977,#4978,#4979,#4980,
#4981,#4982,#4983,#4984,#4985,#4986,#4987,#4988,#4989,#4990,#4991,#4992,#4993,#4994,
#4995,#4996),
.UNSPECIFIED.,.F.,.F.,
(4,2,2,2,2,2,2,2,2,2,2,2,2,2,4),
(0.,0.0791643643196287,0.157138872773325,0.233923507008953,0.309518244074838,0.383923054739535,
0.45713790096679,0.5291627319786,0.599997477839088,0.669642038413869,0.738096263025901,
0.805359909474051,0.871432550814523,0.936313322147835,1.),
.UNSPECIFIED.);
#3110=VERTEX_POINT('',#4997);
#3111=B_SPLINE_CURVE_WITH_KNOTS('',3,
(#4998,#4999,#5000,#5001,#5002,#5003,#5004,#5005,#5006,#5007,#5008,#5009,#5010,#5011,
#5012,#5013,#5014,#5015,#5016,#5017,#5018,#5019,#5020,#5021,#5022,#5023,#5024,#5025,
#5026,#5027),
.UNSPECIFIED.,.F.,.F.,
(4,2,2,2,2,2,2,2,2,2,2,2,2,2,4),
(0.,0.0636866778521681,0.12856744918548,0.194640090525953,0.261903736974102,0.330357961586132,
0.400002522160914,0.470837268021406,0.542862099033218,0.616076945260474,0.690481755925174,
0.766076492991057,0.842861127226683,0.920835635680376,1.),
.UNSPECIFIED.);
#3112=VERTEX_POINT('',#5028);
#3113=B_SPLINE_CURVE_WITH_KNOTS('',3,
(#5029,#5030,#5031,#5032,#5033,#5034,#5035,#5036,#5037,#5038,#5039,#5040,#5041,#5042,
#5043,#5044,#5045,#5046,#5047,#5048,#5049,#5050,#5051,#5052,#5053,#5054,#5055,#5056,
#5057,#5058),
.UNSPECIFIED.,.F.,.F.,
(4,2,2,2,2,2,2,2,2,2,2,2,2,2,4),
(0.,0.0684364895459459,0.136903904609257,0.20543536139604,0.274068693079301,0.342849737544878,
0.411837031360814,0.481109002798209,0.550775666282663,0.620998739322871,0.692028404768448,
0.764275376683528,0.838464877200103,0.916004082576885,1.),
.UNSPECIFIED.);
#3114=VERTEX_POINT('',#5059);
#3115=CIRCLE('',#5060,10.48425);
#3116=VERTEX_POINT('',#5064);
#3117=B_SPLINE_CURVE_WITH_KNOTS('',3,
(#5065,#5066,#5067,#5068,#5069,#5070,#5071,#5072,#5073,#5074,#5075,#5076,#5077,#5078,
#5079,#5080,#5081,#5082,#5083,#5084,#5085,#5086,#5087,#5088,#5089,#5090,#5091,#5092,
#5093,#5094),
.UNSPECIFIED.,.F.,.F.,
(4,2,2,2,2,2,2,2,2,2,2,2,2,2,4),
(0.,0.0839959174230824,0.161535122799846,0.235724623316405,0.307971595231485,0.379001260677067,
0.449224333717288,0.518890997201741,0.588162968639136,0.657150262455076,0.725931306920668,
0.794564638603943,0.863096095390739,0.931563510454054,1.),
.UNSPECIFIED.);
#3118=B_SPLINE_CURVE_WITH_KNOTS('',3,
(#5095,#5096,#5097,#5098,#5099,#5100,#5101,#5102,#5103,#5104,#5105,#5106,#5107,#5108,
#5109,#5110,#5111,#5112,#5113,#5114,#5115,#5116,#5117,#5118,#5119,#5120,#5121,#5122,
#5123,#5124),
.UNSPECIFIED.,.F.,.F.,
(4,2,2,2,2,2,2,2,2,2,2,2,2,2,4),
(0.,0.0791643643196287,0.157138872773325,0.233923507008953,0.309518244074838,0.383923054739535,
0.45713790096679,0.5291627319786,0.599997477839088,0.669642038413869,0.738096263025901,
0.805359909474051,0.871432550814523,0.936313322147835,1.),
.UNSPECIFIED.);
#3119=VERTEX_POINT('',#5125);
#3120=B_SPLINE_CURVE_WITH_KNOTS('',3,
(#5126,#5127,#5128,#5129,#5130,#5131,#5132,#5133,#5134,#5135,#5136,#5137,#5138,#5139,
#5140,#5141,#5142,#5143,#5144,#5145,#5146,#5147,#5148,#5149,#5150,#5151,#5152,#5153,
#5154,#5155),
.UNSPECIFIED.,.F.,.F.,
(4,2,2,2,2,2,2,2,2,2,2,2,2,2,4),
(0.,0.0636866778521681,0.12856744918548,0.194640090525953,0.261903736974102,0.330357961586132,
0.400002522160914,0.470837268021406,0.542862099033218,0.616076945260474,0.690481755925174,
0.766076492991057,0.842861127226683,0.920835635680376,1.),
.UNSPECIFIED.);
#3121=VERTEX_POINT('',#5156);
#3122=B_SPLINE_CURVE_WITH_KNOTS('',3,
(#5157,#5158,#5159,#5160,#5161,#5162,#5163,#5164,#5165,#5166,#5167,#5168,#5169,#5170,
#5171,#5172,#5173,#5174,#5175,#5176,#5177,#5178,#5179,#5180,#5181,#5182,#5183,#5184,
#5185,#5186),
.UNSPECIFIED.,.F.,.F.,
(4,2,2,2,2,2,2,2,2,2,2,2,2,2,4),
(0.,0.0684364895459459,0.136903904609257,0.20543536139604,0.274068693079301,0.342849737544878,
0.411837031360814,0.481109002798209,0.550775666282663,0.620998739322871,0.692028404768448,
0.764275376683528,0.838464877200103,0.916004082576885,1.),
.UNSPECIFIED.);
#3123=CIRCLE('',#5187,10.48425);
#3124=VERTEX_POINT('',#5191);
#3125=VERTEX_POINT('',#5192);
#3126=B_SPLINE_CURVE_WITH_KNOTS('',3,
(#5193,#5194,#5195,#5196,#5197,#5198,#5199,#5200,#5201,#5202,#5203,#5204,#5205,#5206,
#5207,#5208,#5209,#5210,#5211,#5212,#5213,#5214,#5215,#5216,#5217,#5218,#5219,#5220,
#5221,#5222),
.UNSPECIFIED.,.F.,.F.,
(4,2,2,2,2,2,2,2,2,2,2,2,2,2,4),
(0.,0.0839959174230824,0.161535122799846,0.235724623316405,0.307971595231485,0.379001260677067,
0.449224333717288,0.518890997201741,0.588162968639136,0.657150262455076,0.725931306920668,
0.794564638603943,0.863096095390739,0.931563510454054,1.),
.UNSPECIFIED.);
#3127=VERTEX_POINT('',#5223);
#3128=CIRCLE('',#5224,10.48425);
#3129=VERTEX_POINT('',#5228);
#3130=B_SPLINE_CURVE_WITH_KNOTS('',3,
(#5229,#5230,#5231,#5232,#5233,#5234,#5235,#5236,#5237,#5238,#5239,#5240,#5241,#5242,
#5243,#5244,#5245,#5246,#5247,#5248,#5249,#5250,#5251,#5252,#5253,#5254,#5255,#5256,
#5257,#5258),
.UNSPECIFIED.,.F.,.F.,
(4,2,2,2,2,2,2,2,2,2,2,2,2,2,4),
(0.,0.0684364895459459,0.136903904609257,0.20543536139604,0.274068693079301,0.342849737544878,
0.411837031360814,0.481109002798209,0.550775666282663,0.620998739322871,0.692028404768448,
0.764275376683528,0.838464877200103,0.916004082576885,1.),
.UNSPECIFIED.);
#3131=B_SPLINE_CURVE_WITH_KNOTS('',3,
(#5259,#5260,#5261,#5262,#5263,#5264,#5265,#5266,#5267,#5268,#5269,#5270,#5271,#5272,
#5273,#5274,#5275,#5276,#5277,#5278,#5279,#5280,#5281,#5282,#5283,#5284,#5285,#5286,
#5287,#5288),
.UNSPECIFIED.,.F.,.F.,
(4,2,2,2,2,2,2,2,2,2,2,2,2,2,4),
(0.,0.0636866778521681,0.12856744918548,0.194640090525953,0.261903736974102,0.330357961586132,
0.400002522160914,0.470837268021406,0.542862099033218,0.616076945260474,0.690481755925174,
0.766076492991057,0.842861127226683,0.920835635680376,1.),
.UNSPECIFIED.);
#3132=VERTEX_POINT('',#5289);
#3133=B_SPLINE_CURVE_WITH_KNOTS('',3,
(#5290,#5291,#5292,#5293,#5294,#5295,#5296,#5297,#5298,#5299,#5300,#5301,#5302,#5303,
#5304,#5305,#5306,#5307,#5308,#5309,#5310,#5311,#5312,#5313,#5314,#5315,#5316,#5317,
#5318,#5319),
.UNSPECIFIED.,.F.,.F.,
(4,2,2,2,2,2,2,2,2,2,2,2,2,2,4),
(0.,0.0791643643196287,0.157138872773325,0.233923507008953,0.309518244074838,0.383923054739535,
0.45713790096679,0.5291627319786,0.599997477839088,0.669642038413869,0.738096263025901,
0.805359909474051,0.871432550814523,0.936313322147835,1.),
.UNSPECIFIED.);
#3134=VERTEX_POINT('',#5320);
#3135=B_SPLINE_CURVE_WITH_KNOTS('',3,
(#5321,#5322,#5323,#5324,#5325,#5326,#5327,#5328,#5329,#5330,#5331,#5332,#5333,#5334,
#5335,#5336,#5337,#5338,#5339,#5340,#5341,#5342,#5343,#5344,#5345,#5346,#5347,#5348,
#5349,#5350),
.UNSPECIFIED.,.F.,.F.,
(4,2,2,2,2,2,2,2,2,2,2,2,2,2,4),
(0.,0.0839959174230824,0.161535122799846,0.235724623316405,0.307971595231485,0.379001260677067,
0.449224333717288,0.518890997201741,0.588162968639136,0.657150262455076,0.725931306920668,
0.794564638603943,0.863096095390739,0.931563510454054,1.),
.UNSPECIFIED.);
#3136=VERTEX_POINT('',#5351);
#3137=CIRCLE('',#5352,10.48425);
#3138=VERTEX_POINT('',#5356);
#3139=B_SPLINE_CURVE_WITH_KNOTS('',3,
(#5357,#5358,#5359,#5360,#5361,#5362,#5363,#5364,#5365,#5366,#5367,#5368,#5369,#5370,
#5371,#5372,#5373,#5374,#5375,#5376,#5377,#5378,#5379,#5380,#5381,#5382,#5383,#5384,
#5385,#5386),
.UNSPECIFIED.,.F.,.F.,
(4,2,2,2,2,2,2,2,2,2,2,2,2,2,4),
(0.,0.0684364895459459,0.136903904609257,0.20543536139604,0.274068693079301,0.342849737544878,
0.411837031360814,0.481109002798209,0.550775666282663,0.620998739322871,0.692028404768448,
0.764275376683528,0.838464877200103,0.916004082576885,1.),
.UNSPECIFIED.);
#3140=B_SPLINE_CURVE_WITH_KNOTS('',3,
(#5387,#5388,#5389,#5390,#5391,#5392,#5393,#5394,#5395,#5396,#5397,#5398,#5399,#5400,
#5401,#5402,#5403,#5404,#5405,#5406,#5407,#5408,#5409,#5410,#5411,#5412,#5413,#5414,
#5415,#5416),
.UNSPECIFIED.,.F.,.F.,
(4,2,2,2,2,2,2,2,2,2,2,2,2,2,4),
(0.,0.0636866778521681,0.12856744918548,0.194640090525953,0.261903736974102,0.330357961586132,
0.400002522160914,0.470837268021406,0.542862099033218,0.616076945260474,0.690481755925174,
0.766076492991057,0.842861127226683,0.920835635680376,1.),
.UNSPECIFIED.);
#3141=VERTEX_POINT('',#5417);
#3142=B_SPLINE_CURVE_WITH_KNOTS('',3,
(#5418,#5419,#5420,#5421,#5422,#5423,#5424,#5425,#5426,#5427,#5428,#5429,#5430,#5431,
#5432,#5433,#5434,#5435,#5436,#5437,#5438,#5439,#5440,#5441,#5442,#5443,#5444,#5445,
#5446,#5447),
.UNSPECIFIED.,.F.,.F.,
(4,2,2,2,2,2,2,2,2,2,2,2,2,2,4),
(0.,0.0791643643196287,0.157138872773325,0.233923507008953,0.309518244074838,0.383923054739535,
0.45713790096679,0.5291627319786,0.599997477839088,0.669642038413869,0.738096263025901,
0.805359909474051,0.871432550814523,0.936313322147835,1.),
.UNSPECIFIED.);
#3143=VERTEX_POINT('',#5448);
#3144=B_SPLINE_CURVE_WITH_KNOTS('',3,
(#5449,#5450,#5451,#5452,#5453,#5454,#5455,#5456,#5457,#5458,#5459,#5460,#5461,#5462,
#5463,#5464,#5465,#5466,#5467,#5468,#5469,#5470,#5471,#5472,#5473,#5474,#5475,#5476,
#5477,#5478),
.UNSPECIFIED.,.F.,.F.,
(4,2,2,2,2,2,2,2,2,2,2,2,2,2,4),
(0.,0.0839959174230824,0.161535122799846,0.235724623316405,0.307971595231485,0.379001260677067,
0.449224333717288,0.518890997201741,0.588162968639136,0.657150262455076,0.725931306920668,
0.794564638603943,0.863096095390739,0.931563510454054,1.),
.UNSPECIFIED.);
#3145=VERTEX_POINT('',#5479);
#3146=CIRCLE('',#5480,10.48425);
#3147=VERTEX_POINT('',#5484);
#3148=B_SPLINE_CURVE_WITH_KNOTS('',3,
(#5485,#5486,#5487,#5488,#5489,#5490,#5491,#5492,#5493,#5494,#5495,#5496,#5497,#5498,
#5499,#5500,#5501,#5502,#5503,#5504,#5505,#5506,#5507,#5508,#5509,#5510,#5511,#5512,
#5513,#5514),
.UNSPECIFIED.,.F.,.F.,
(4,2,2,2,2,2,2,2,2,2,2,2,2,2,4),
(0.,0.0684364895459459,0.136903904609257,0.20543536139604,0.274068693079301,0.342849737544878,
0.411837031360814,0.481109002798209,0.550775666282663,0.620998739322871,0.692028404768448,
0.764275376683528,0.838464877200103,0.916004082576885,1.),
.UNSPECIFIED.);
#3149=B_SPLINE_CURVE_WITH_KNOTS('',3,
(#5515,#5516,#5517,#5518,#5519,#5520,#5521,#5522,#5523,#5524,#5525,#5526,#5527,#5528,
#5529,#5530,#5531,#5532,#5533,#5534,#5535,#5536,#5537,#5538,#5539,#5540,#5541,#5542,
#5543,#5544),
.UNSPECIFIED.,.F.,.F.,
(4,2,2,2,2,2,2,2,2,2,2,2,2,2,4),
(0.,0.0636866778521681,0.12856744918548,0.194640090525953,0.261903736974102,0.330357961586132,
0.400002522160914,0.470837268021406,0.542862099033218,0.616076945260474,0.690481755925174,
0.766076492991057,0.842861127226683,0.920835635680376,1.),
.UNSPECIFIED.);
#3150=VERTEX_POINT('',#5545);
#3151=B_SPLINE_CURVE_WITH_KNOTS('',3,
(#5546,#5547,#5548,#5549,#5550,#5551,#5552,#5553,#5554,#5555,#5556,#5557,#5558,#5559,
#5560,#5561,#5562,#5563,#5564,#5565,#5566,#5567,#5568,#5569,#5570,#5571,#5572,#5573,
#5574,#5575),
.UNSPECIFIED.,.F.,.F.,
(4,2,2,2,2,2,2,2,2,2,2,2,2,2,4),
(0.,0.0791643643196287,0.157138872773325,0.233923507008953,0.309518244074838,0.383923054739535,
0.45713790096679,0.5291627319786,0.599997477839088,0.669642038413869,0.738096263025901,
0.805359909474051,0.871432550814523,0.936313322147835,1.),
.UNSPECIFIED.);
#3152=VERTEX_POINT('',#5576);
#3153=B_SPLINE_CURVE_WITH_KNOTS('',3,
(#5577,#5578,#5579,#5580,#5581,#5582,#5583,#5584,#5585,#5586,#5587,#5588,#5589,#5590,
#5591,#5592,#5593,#5594,#5595,#5596,#5597,#5598,#5599,#5600,#5601,#5602,#5603,#5604,
#5605,#5606),
.UNSPECIFIED.,.F.,.F.,
(4,2,2,2,2,2,2,2,2,2,2,2,2,2,4),
(0.,0.0839959174230824,0.161535122799846,0.235724623316405,0.307971595231485,0.379001260677067,
0.449224333717288,0.518890997201741,0.588162968639136,0.657150262455076,0.725931306920668,
0.794564638603943,0.863096095390739,0.931563510454054,1.),
.UNSPECIFIED.);
#3154=VERTEX_POINT('',#5607);
#3155=CIRCLE('',#5608,10.48425);
#3156=VERTEX_POINT('',#5612);
#3157=B_SPLINE_CURVE_WITH_KNOTS('',3,
(#5613,#5614,#5615,#5616,#5617,#5618,#5619,#5620,#5621,#5622,#5623,#5624,#5625,#5626,
#5627,#5628,#5629,#5630,#5631,#5632,#5633,#5634,#5635,#5636,#5637,#5638,#5639,#5640,
#5641,#5642),
.UNSPECIFIED.,.F.,.F.,
(4,2,2,2,2,2,2,2,2,2,2,2,2,2,4),
(0.,0.0684364895459459,0.136903904609257,0.20543536139604,0.274068693079301,0.342849737544878,
0.411837031360814,0.481109002798209,0.550775666282663,0.620998739322871,0.692028404768448,
0.764275376683528,0.838464877200103,0.916004082576885,1.),
.UNSPECIFIED.);
#3158=B_SPLINE_CURVE_WITH_KNOTS('',3,
(#5643,#5644,#5645,#5646,#5647,#5648,#5649,#5650,#5651,#5652,#5653,#5654,#5655,#5656,
#5657,#5658,#5659,#5660,#5661,#5662,#5663,#5664,#5665,#5666,#5667,#5668,#5669,#5670,
#5671,#5672),
.UNSPECIFIED.,.F.,.F.,
(4,2,2,2,2,2,2,2,2,2,2,2,2,2,4),
(0.,0.0636866778521681,0.12856744918548,0.194640090525953,0.261903736974102,0.330357961586132,
0.400002522160914,0.470837268021406,0.542862099033218,0.616076945260474,0.690481755925174,
0.766076492991057,0.842861127226683,0.920835635680376,1.),
.UNSPECIFIED.);
#3159=VERTEX_POINT('',#5673);
#3160=B_SPLINE_CURVE_WITH_KNOTS('',3,
(#5674,#5675,#5676,#5677,#5678,#5679,#5680,#5681,#5682,#5683,#5684,#5685,#5686,#5687,
#5688,#5689,#5690,#5691,#5692,#5693,#5694,#5695,#5696,#5697,#5698,#5699,#5700,#5701,
#5702,#5703),
.UNSPECIFIED.,.F.,.F.,
(4,2,2,2,2,2,2,2,2,2,2,2,2,2,4),
(0.,0.0791643643196287,0.157138872773325,0.233923507008953,0.309518244074838,0.383923054739535,
0.45713790096679,0.5291627319786,0.599997477839088,0.669642038413869,0.738096263025901,
0.805359909474051,0.871432550814523,0.936313322147835,1.),
.UNSPECIFIED.);
#3161=VERTEX_POINT('',#5704);
#3162=B_SPLINE_CURVE_WITH_KNOTS('',3,
(#5705,#5706,#5707,#5708,#5709,#5710,#5711,#5712,#5713,#5714,#5715,#5716,#5717,#5718,
#5719,#5720,#5721,#5722,#5723,#5724,#5725,#5726,#5727,#5728,#5729,#5730,#5731,#5732,
#5733,#5734),
.UNSPECIFIED.,.F.,.F.,
(4,2,2,2,2,2,2,2,2,2,2,2,2,2,4),
(0.,0.0839959174230824,0.161535122799846,0.235724623316405,0.307971595231485,0.379001260677067,
0.449224333717288,0.518890997201741,0.588162968639136,0.657150262455076,0.725931306920668,
0.794564638603943,0.863096095390739,0.931563510454054,1.),
.UNSPECIFIED.);
#3163=VERTEX_POINT('',#5735);
#3164=CIRCLE('',#5736,10.48425);
#3165=VERTEX_POINT('',#5740);
#3166=B_SPLINE_CURVE_WITH_KNOTS('',3,
(#5741,#5742,#5743,#5744,#5745,#5746,#5747,#5748,#5749,#5750,#5751,#5752,#5753,#5754,
#5755,#5756,#5757,#5758,#5759,#5760,#5761,#5762,#5763,#5764,#5765,#5766,#5767,#5768,
#5769,#5770),
.UNSPECIFIED.,.F.,.F.,
(4,2,2,2,2,2,2,2,2,2,2,2,2,2,4),
(0.,0.0684364895459459,0.136903904609257,0.20543536139604,0.274068693079301,0.342849737544878,
0.411837031360814,0.481109002798209,0.550775666282663,0.620998739322871,0.692028404768448,
0.764275376683528,0.838464877200103,0.916004082576885,1.),
.UNSPECIFIED.);
#3167=B_SPLINE_CURVE_WITH_KNOTS('',3,
(#5771,#5772,#5773,#5774,#5775,#5776,#5777,#5778,#5779,#5780,#5781,#5782,#5783,#5784,
#5785,#5786,#5787,#5788,#5789,#5790,#5791,#5792,#5793,#5794,#5795,#5796,#5797,#5798,
#5799,#5800),
.UNSPECIFIED.,.F.,.F.,
(4,2,2,2,2,2,2,2,2,2,2,2,2,2,4),
(0.,0.0636866778521681,0.12856744918548,0.194640090525953,0.261903736974102,0.330357961586132,
0.400002522160914,0.470837268021406,0.542862099033218,0.616076945260474,0.690481755925174,
0.766076492991057,0.842861127226683,0.920835635680376,1.),
.UNSPECIFIED.);
#3168=VERTEX_POINT('',#5801);
#3169=B_SPLINE_CURVE_WITH_KNOTS('',3,
(#5802,#5803,#5804,#5805,#5806,#5807,#5808,#5809,#5810,#5811,#5812,#5813,#5814,#5815,
#5816,#5817,#5818,#5819,#5820,#5821,#5822,#5823,#5824,#5825,#5826,#5827,#5828,#5829,
#5830,#5831),
.UNSPECIFIED.,.F.,.F.,
(4,2,2,2,2,2,2,2,2,2,2,2,2,2,4),
(0.,0.0791643643196287,0.157138872773325,0.233923507008953,0.309518244074838,0.383923054739535,
0.45713790096679,0.5291627319786,0.599997477839088,0.669642038413869,0.738096263025901,
0.805359909474051,0.871432550814523,0.936313322147835,1.),
.UNSPECIFIED.);
#3170=VERTEX_POINT('',#5832);
#3171=B_SPLINE_CURVE_WITH_KNOTS('',3,
(#5833,#5834,#5835,#5836,#5837,#5838,#5839,#5840,#5841,#5842,#5843,#5844,#5845,#5846,
#5847,#5848,#5849,#5850,#5851,#5852,#5853,#5854,#5855,#5856,#5857,#5858,#5859,#5860,
#5861,#5862),
.UNSPECIFIED.,.F.,.F.,
(4,2,2,2,2,2,2,2,2,2,2,2,2,2,4),
(0.,0.0839959174230824,0.161535122799846,0.235724623316405,0.307971595231485,0.379001260677067,
0.449224333717288,0.518890997201741,0.588162968639136,0.657150262455076,0.725931306920668,
0.794564638603943,0.863096095390739,0.931563510454054,1.),
.UNSPECIFIED.);
#3172=VERTEX_POINT('',#5863);
#3173=CIRCLE('',#5864,10.48425);
#3174=VERTEX_POINT('',#5868);
#3175=B_SPLINE_CURVE_WITH_KNOTS('',3,
(#5869,#5870,#5871,#5872,#5873,#5874,#5875,#5876,#5877,#5878,#5879,#5880,#5881,#5882,
#5883,#5884,#5885,#5886,#5887,#5888,#5889,#5890,#5891,#5892,#5893,#5894,#5895,#5896,
#5897,#5898),
.UNSPECIFIED.,.F.,.F.,
(4,2,2,2,2,2,2,2,2,2,2,2,2,2,4),
(0.,0.0684364895459459,0.136903904609257,0.20543536139604,0.274068693079301,0.342849737544878,
0.411837031360814,0.481109002798209,0.550775666282663,0.620998739322871,0.692028404768448,
0.764275376683528,0.838464877200103,0.916004082576885,1.),
.UNSPECIFIED.);
#3176=B_SPLINE_CURVE_WITH_KNOTS('',3,
(#5899,#5900,#5901,#5902,#5903,#5904,#5905,#5906,#5907,#5908,#5909,#5910,#5911,#5912,
#5913,#5914,#5915,#5916,#5917,#5918,#5919,#5920,#5921,#5922,#5923,#5924,#5925,#5926,
#5927,#5928),
.UNSPECIFIED.,.F.,.F.,
(4,2,2,2,2,2,2,2,2,2,2,2,2,2,4),
(0.,0.0636866778521681,0.12856744918548,0.194640090525953,0.261903736974102,0.330357961586132,
0.400002522160914,0.470837268021406,0.542862099033218,0.616076945260474,0.690481755925174,
0.766076492991057,0.842861127226683,0.920835635680376,1.),
.UNSPECIFIED.);
#3177=VERTEX_POINT('',#5929);
#3178=B_SPLINE_CURVE_WITH_KNOTS('',3,
(#5930,#5931,#5932,#5933,#5934,#5935,#5936,#5937,#5938,#5939,#5940,#5941,#5942,#5943,
#5944,#5945,#5946,#5947,#5948,#5949,#5950,#5951,#5952,#5953,#5954,#5955,#5956,#5957,
#5958,#5959),
.UNSPECIFIED.,.F.,.F.,
(4,2,2,2,2,2,2,2,2,2,2,2,2,2,4),
(0.,0.0791643643196287,0.157138872773325,0.233923507008953,0.309518244074838,0.383923054739535,
0.45713790096679,0.5291627319786,0.599997477839088,0.669642038413869,0.738096263025901,
0.805359909474051,0.871432550814523,0.936313322147835,1.),
.UNSPECIFIED.);
#3179=VERTEX_POINT('',#5960);
#3180=B_SPLINE_CURVE_WITH_KNOTS('',3,
(#5961,#5962,#5963,#5964,#5965,#5966,#5967,#5968,#5969,#5970,#5971,#5972,#5973,#5974,
#5975,#5976,#5977,#5978,#5979,#5980,#5981,#5982,#5983,#5984,#5985,#5986,#5987,#5988,
#5989,#5990),
.UNSPECIFIED.,.F.,.F.,
(4,2,2,2,2,2,2,2,2,2,2,2,2,2,4),
(0.,0.0839959174230824,0.161535122799846,0.235724623316405,0.307971595231485,0.379001260677067,
0.449224333717288,0.518890997201741,0.588162968639136,0.657150262455076,0.725931306920668,
0.794564638603943,0.863096095390739,0.931563510454054,1.),
.UNSPECIFIED.);
#3181=VERTEX_POINT('',#5991);
#3182=CIRCLE('',#5992,10.48425);
#3183=VERTEX_POINT('',#5996);
#3184=B_SPLINE_CURVE_WITH_KNOTS('',3,
(#5997,#5998,#5999,#6000,#6001,#6002,#6003,#6004,#6005,#6006,#6007,#6008,#6009,#6010,
#6011,#6012,#6013,#6014,#6015,#6016,#6017,#6018,#6019,#6020,#6021,#6022,#6023,#6024,
#6025,#6026),
.UNSPECIFIED.,.F.,.F.,
(4,2,2,2,2,2,2,2,2,2,2,2,2,2,4),
(0.,0.0684364895459459,0.136903904609257,0.20543536139604,0.274068693079301,0.342849737544878,
0.411837031360814,0.481109002798209,0.550775666282663,0.620998739322871,0.692028404768448,
0.764275376683528,0.838464877200103,0.916004082576885,1.),
.UNSPECIFIED.);
#3185=B_SPLINE_CURVE_WITH_KNOTS('',3,
(#6027,#6028,#6029,#6030,#6031,#6032,#6033,#6034,#6035,#6036,#6037,#6038,#6039,#6040,
#6041,#6042,#6043,#6044,#6045,#6046,#6047,#6048,#6049,#6050,#6051,#6052,#6053,#6054,
#6055,#6056),
.UNSPECIFIED.,.F.,.F.,
(4,2,2,2,2,2,2,2,2,2,2,2,2,2,4),
(0.,0.0636866778521681,0.12856744918548,0.194640090525953,0.261903736974102,0.330357961586132,
0.400002522160914,0.470837268021406,0.542862099033218,0.616076945260474,0.690481755925174,
0.766076492991057,0.842861127226683,0.920835635680376,1.),
.UNSPECIFIED.);
#3186=VERTEX_POINT('',#6057);
#3187=B_SPLINE_CURVE_WITH_KNOTS('',3,
(#6058,#6059,#6060,#6061,#6062,#6063,#6064,#6065,#6066,#6067,#6068,#6069,#6070,#6071,
#6072,#6073,#6074,#6075,#6076,#6077,#6078,#6079,#6080,#6081,#6082,#6083,#6084,#6085,
#6086,#6087),
.UNSPECIFIED.,.F.,.F.,
(4,2,2,2,2,2,2,2,2,2,2,2,2,2,4),
(0.,0.0791643643196287,0.157138872773325,0.233923507008953,0.309518244074838,0.383923054739535,
0.45713790096679,0.5291627319786,0.599997477839088,0.669642038413869,0.738096263025901,
0.805359909474051,0.871432550814523,0.936313322147835,1.),
.UNSPECIFIED.);
#3188=VERTEX_POINT('',#6088);
#3189=B_SPLINE_CURVE_WITH_KNOTS('',3,
(#6089,#6090,#6091,#6092,#6093,#6094,#6095,#6096,#6097,#6098,#6099,#6100,#6101,#6102,
#6103,#6104,#6105,#6106,#6107,#6108,#6109,#6110,#6111,#6112,#6113,#6114,#6115,#6116,
#6117,#6118),
.UNSPECIFIED.,.F.,.F.,
(4,2,2,2,2,2,2,2,2,2,2,2,2,2,4),
(0.,0.0839959174230824,0.161535122799846,0.235724623316405,0.307971595231485,0.379001260677067,
0.449224333717288,0.518890997201741,0.588162968639136,0.657150262455076,0.725931306920668,
0.794564638603943,0.863096095390739,0.931563510454054,1.),
.UNSPECIFIED.);
#3190=VERTEX_POINT('',#6119);
#3191=CIRCLE('',#6120,10.48425);
#3192=VERTEX_POINT('',#6124);
#3193=B_SPLINE_CURVE_WITH_KNOTS('',3,
(#6125,#6126,#6127,#6128,#6129,#6130,#6131,#6132,#6133,#6134,#6135,#6136,#6137,#6138,
#6139,#6140,#6141,#6142,#6143,#6144,#6145,#6146,#6147,#6148,#6149,#6150,#6151,#6152,
#6153,#6154),
.UNSPECIFIED.,.F.,.F.,
(4,2,2,2,2,2,2,2,2,2,2,2,2,2,4),
(0.,0.0684364895459459,0.136903904609257,0.20543536139604,0.274068693079301,0.342849737544878,
0.411837031360814,0.481109002798209,0.550775666282663,0.620998739322871,0.692028404768448,
0.764275376683528,0.838464877200103,0.916004082576885,1.),
.UNSPECIFIED.);
#3194=B_SPLINE_CURVE_WITH_KNOTS('',3,
(#6155,#6156,#6157,#6158,#6159,#6160,#6161,#6162,#6163,#6164,#6165,#6166,#6167,#6168,
#6169,#6170,#6171,#6172,#6173,#6174,#6175,#6176,#6177,#6178,#6179,#6180,#6181,#6182,
#6183,#6184),
.UNSPECIFIED.,.F.,.F.,
(4,2,2,2,2,2,2,2,2,2,2,2,2,2,4),
(0.,0.0636866778521681,0.12856744918548,0.194640090525953,0.261903736974102,0.330357961586132,
0.400002522160914,0.470837268021406,0.542862099033218,0.616076945260474,0.690481755925174,
0.766076492991057,0.842861127226683,0.920835635680376,1.),
.UNSPECIFIED.);
#3195=VERTEX_POINT('',#6185);
#3196=B_SPLINE_CURVE_WITH_KNOTS('',3,
(#6186,#6187,#6188,#6189,#6190,#6191,#6192,#6193,#6194,#6195,#6196,#6197,#6198,#6199,
#6200,#6201,#6202,#6203,#6204,#6205,#6206,#6207,#6208,#6209,#6210,#6211,#6212,#6213,
#6214,#6215),
.UNSPECIFIED.,.F.,.F.,
(4,2,2,2,2,2,2,2,2,2,2,2,2,2,4),
(0.,0.0791643643196287,0.157138872773325,0.233923507008953,0.309518244074838,0.383923054739535,
0.45713790096679,0.5291627319786,0.599997477839088,0.669642038413869,0.738096263025901,
0.805359909474051,0.871432550814523,0.936313322147835,1.),
.UNSPECIFIED.);
#3197=VERTEX_POINT('',#6216);
#3198=B_SPLINE_CURVE_WITH_KNOTS('',3,
(#6217,#6218,#6219,#6220,#6221,#6222,#6223,#6224,#6225,#6226,#6227,#6228,#6229,#6230,
#6231,#6232,#6233,#6234,#6235,#6236,#6237,#6238,#6239,#6240,#6241,#6242,#6243,#6244,
#6245,#6246),
.UNSPECIFIED.,.F.,.F.,
(4,2,2,2,2,2,2,2,2,2,2,2,2,2,4),
(0.,0.0839959174230824,0.161535122799846,0.235724623316405,0.307971595231485,0.379001260677067,
0.449224333717288,0.518890997201741,0.588162968639136,0.657150262455076,0.725931306920668,
0.794564638603943,0.863096095390739,0.931563510454054,1.),
.UNSPECIFIED.);
#3199=VERTEX_POINT('',#6247);
#3200=CIRCLE('',#6248,10.48425);
#3201=VERTEX_POINT('',#6252);
#3202=B_SPLINE_CURVE_WITH_KNOTS('',3,
(#6253,#6254,#6255,#6256,#6257,#6258,#6259,#6260,#6261,#6262,#6263,#6264,#6265,#6266,
#6267,#6268,#6269,#6270,#6271,#6272,#6273,#6274,#6275,#6276,#6277,#6278,#6279,#6280,
#6281,#6282),
.UNSPECIFIED.,.F.,.F.,
(4,2,2,2,2,2,2,2,2,2,2,2,2,2,4),
(0.,0.0684364895459459,0.136903904609257,0.20543536139604,0.274068693079301,0.342849737544878,
0.411837031360814,0.481109002798209,0.550775666282663,0.620998739322871,0.692028404768448,
0.764275376683528,0.838464877200103,0.916004082576885,1.),
.UNSPECIFIED.);
#3203=B_SPLINE_CURVE_WITH_KNOTS('',3,
(#6283,#6284,#6285,#6286,#6287,#6288,#6289,#6290,#6291,#6292,#6293,#6294,#6295,#6296,
#6297,#6298,#6299,#6300,#6301,#6302,#6303,#6304,#6305,#6306,#6307,#6308,#6309,#6310,
#6311,#6312),
.UNSPECIFIED.,.F.,.F.,
(4,2,2,2,2,2,2,2,2,2,2,2,2,2,4),
(0.,0.0636866778521681,0.12856744918548,0.194640090525953,0.261903736974102,0.330357961586132,
0.400002522160914,0.470837268021406,0.542862099033218,0.616076945260474,0.690481755925174,
0.766076492991057,0.842861127226683,0.920835635680376,1.),
.UNSPECIFIED.);
#3204=VERTEX_POINT('',#6313);
#3205=B_SPLINE_CURVE_WITH_KNOTS('',3,
(#6314,#6315,#6316,#6317,#6318,#6319,#6320,#6321,#6322,#6323,#6324,#6325,#6326,#6327,
#6328,#6329,#6330,#6331,#6332,#6333,#6334,#6335,#6336,#6337,#6338,#6339,#6340,#6341,
#6342,#6343),
.UNSPECIFIED.,.F.,.F.,
(4,2,2,2,2,2,2,2,2,2,2,2,2,2,4),
(0.,0.0791643643196287,0.157138872773325,0.233923507008953,0.309518244074838,0.383923054739535,
0.45713790096679,0.5291627319786,0.599997477839088,0.669642038413869,0.738096263025901,
0.805359909474051,0.871432550814523,0.936313322147835,1.),
.UNSPECIFIED.);
#3206=VERTEX_POINT('',#6344);
#3207=B_SPLINE_CURVE_WITH_KNOTS('',3,
(#6345,#6346,#6347,#6348,#6349,#6350,#6351,#6352,#6353,#6354,#6355,#6356,#6357,#6358,
#6359,#6360,#6361,#6362,#6363,#6364,#6365,#6366,#6367,#6368,#6369,#6370,#6371,#6372,
#6373,#6374),
.UNSPECIFIED.,.F.,.F.,
(4,2,2,2,2,2,2,2,2,2,2,2,2,2,4),
(0.,0.0839959174230824,0.161535122799846,0.235724623316405,0.307971595231485,0.379001260677067,
0.449224333717288,0.518890997201741,0.588162968639136,0.657150262455076,0.725931306920668,
0.794564638603943,0.863096095390739,0.931563510454054,1.),
.UNSPECIFIED.);
#3208=VERTEX_POINT('',#6375);
#3209=CIRCLE('',#6376,10.48425);
#3210=VERTEX_POINT('',#6380);
#3211=B_SPLINE_CURVE_WITH_KNOTS('',3,
(#6381,#6382,#6383,#6384,#6385,#6386,#6387,#6388,#6389,#6390,#6391,#6392,#6393,#6394,
#6395,#6396,#6397,#6398,#6399,#6400,#6401,#6402,#6403,#6404,#6405,#6406,#6407,#6408,
#6409,#6410),
.UNSPECIFIED.,.F.,.F.,
(4,2,2,2,2,2,2,2,2,2,2,2,2,2,4),
(0.,0.0684364895459459,0.136903904609257,0.20543536139604,0.274068693079301,0.342849737544878,
0.411837031360814,0.481109002798209,0.550775666282663,0.620998739322871,0.692028404768448,
0.764275376683528,0.838464877200103,0.916004082576885,1.),
.UNSPECIFIED.);
#3212=B_SPLINE_CURVE_WITH_KNOTS('',3,
(#6411,#6412,#6413,#6414,#6415,#6416,#6417,#6418,#6419,#6420,#6421,#6422,#6423,#6424,
#6425,#6426,#6427,#6428,#6429,#6430,#6431,#6432,#6433,#6434,#6435,#6436,#6437,#6438,
#6439,#6440),
.UNSPECIFIED.,.F.,.F.,
(4,2,2,2,2,2,2,2,2,2,2,2,2,2,4),
(0.,0.0636866778521681,0.12856744918548,0.194640090525953,0.261903736974102,0.330357961586132,
0.400002522160914,0.470837268021406,0.542862099033218,0.616076945260474,0.690481755925174,
0.766076492991057,0.842861127226683,0.920835635680376,1.),
.UNSPECIFIED.);
#3213=VERTEX_POINT('',#6441);
#3214=B_SPLINE_CURVE_WITH_KNOTS('',3,
(#6442,#6443,#6444,#6445,#6446,#6447,#6448,#6449,#6450,#6451,#6452,#6453,#6454,#6455,
#6456,#6457,#6458,#6459,#6460,#6461,#6462,#6463,#6464,#6465,#6466,#6467,#6468,#6469,
#6470,#6471),
.UNSPECIFIED.,.F.,.F.,
(4,2,2,2,2,2,2,2,2,2,2,2,2,2,4),
(0.,0.0791643643196287,0.157138872773325,0.233923507008953,0.309518244074838,0.383923054739535,
0.45713790096679,0.5291627319786,0.599997477839088,0.669642038413869,0.738096263025901,
0.805359909474051,0.871432550814523,0.936313322147835,1.),
.UNSPECIFIED.);
#3215=VERTEX_POINT('',#6472);
#3216=B_SPLINE_CURVE_WITH_KNOTS('',3,
(#6473,#6474,#6475,#6476,#6477,#6478,#6479,#6480,#6481,#6482,#6483,#6484,#6485,#6486,
#6487,#6488,#6489,#6490,#6491,#6492,#6493,#6494,#6495,#6496,#6497,#6498,#6499,#6500,
#6501,#6502),
.UNSPECIFIED.,.F.,.F.,
(4,2,2,2,2,2,2,2,2,2,2,2,2,2,4),
(0.,0.0839959174230824,0.161535122799846,0.235724623316405,0.307971595231485,0.379001260677067,
0.449224333717288,0.518890997201741,0.588162968639136,0.657150262455076,0.725931306920668,
0.794564638603943,0.863096095390739,0.931563510454054,1.),
.UNSPECIFIED.);
#3217=VERTEX_POINT('',#6503);
#3218=CIRCLE('',#6504,10.48425);
#3219=VERTEX_POINT('',#6508);
#3220=B_SPLINE_CURVE_WITH_KNOTS('',3,
(#6509,#6510,#6511,#6512,#6513,#6514,#6515,#6516,#6517,#6518,#6519,#6520,#6521,#6522,
#6523,#6524,#6525,#6526,#6527,#6528,#6529,#6530,#6531,#6532,#6533,#6534,#6535,#6536,
#6537,#6538),
.UNSPECIFIED.,.F.,.F.,
(4,2,2,2,2,2,2,2,2,2,2,2,2,2,4),
(0.,0.0684364895459459,0.136903904609257,0.20543536139604,0.274068693079301,0.342849737544878,
0.411837031360814,0.481109002798209,0.550775666282663,0.620998739322871,0.692028404768448,
0.764275376683528,0.838464877200103,0.916004082576885,1.),
.UNSPECIFIED.);
#3221=B_SPLINE_CURVE_WITH_KNOTS('',3,
(#6539,#6540,#6541,#6542,#6543,#6544,#6545,#6546,#6547,#6548,#6549,#6550,#6551,#6552,
#6553,#6554,#6555,#6556,#6557,#6558,#6559,#6560,#6561,#6562,#6563,#6564,#6565,#6566,
#6567,#6568),
.UNSPECIFIED.,.F.,.F.,
(4,2,2,2,2,2,2,2,2,2,2,2,2,2,4),
(0.,0.0636866778521681,0.12856744918548,0.194640090525953,0.261903736974102,0.330357961586132,
0.400002522160914,0.470837268021406,0.542862099033218,0.616076945260474,0.690481755925174,
0.766076492991057,0.842861127226683,0.920835635680376,1.),
.UNSPECIFIED.);
#3222=VERTEX_POINT('',#6569);
#3223=B_SPLINE_CURVE_WITH_KNOTS('',3,
(#6570,#6571,#6572,#6573,#6574,#6575,#6576,#6577,#6578,#6579,#6580,#6581,#6582,#6583,
#6584,#6585,#6586,#6587,#6588,#6589,#6590,#6591,#6592,#6593,#6594,#6595,#6596,#6597,
#6598,#6599),
.UNSPECIFIED.,.F.,.F.,
(4,2,2,2,2,2,2,2,2,2,2,2,2,2,4),
(0.,0.0791643643196287,0.157138872773325,0.233923507008953,0.309518244074838,0.383923054739535,
0.45713790096679,0.5291627319786,0.599997477839088,0.669642038413869,0.738096263025901,
0.805359909474051,0.871432550814523,0.936313322147835,1.),
.UNSPECIFIED.);
#3224=VERTEX_POINT('',#6600);
#3225=B_SPLINE_CURVE_WITH_KNOTS('',3,
(#6601,#6602,#6603,#6604,#6605,#6606,#6607,#6608,#6609,#6610,#6611,#6612,#6613,#6614,
#6615,#6616,#6617,#6618,#6619,#6620,#6621,#6622,#6623,#6624,#6625,#6626,#6627,#6628,
#6629,#6630),
.UNSPECIFIED.,.F.,.F.,
(4,2,2,2,2,2,2,2,2,2,2,2,2,2,4),
(0.,0.0839959174230824,0.161535122799846,0.235724623316405,0.307971595231485,0.379001260677067,
0.449224333717288,0.518890997201741,0.588162968639136,0.657150262455076,0.725931306920668,
0.794564638603943,0.863096095390739,0.931563510454054,1.),
.UNSPECIFIED.);
#3226=VERTEX_POINT('',#6631);
#3227=CIRCLE('',#6632,10.48425);
#3228=VERTEX_POINT('',#6636);
#3229=B_SPLINE_CURVE_WITH_KNOTS('',3,
(#6637,#6638,#6639,#6640,#6641,#6642,#6643,#6644,#6645,#6646,#6647,#6648,#6649,#6650,
#6651,#6652,#6653,#6654,#6655,#6656,#6657,#6658,#6659,#6660,#6661,#6662,#6663,#6664,
#6665,#6666),
.UNSPECIFIED.,.F.,.F.,
(4,2,2,2,2,2,2,2,2,2,2,2,2,2,4),
(0.,0.0684364895459459,0.136903904609257,0.20543536139604,0.274068693079301,0.342849737544878,
0.411837031360814,0.481109002798209,0.550775666282663,0.620998739322871,0.692028404768448,
0.764275376683528,0.838464877200103,0.916004082576885,1.),
.UNSPECIFIED.);
#3230=B_SPLINE_CURVE_WITH_KNOTS('',3,
(#6667,#6668,#6669,#6670,#6671,#6672,#6673,#6674,#6675,#6676,#6677,#6678,#6679,#6680,
#6681,#6682,#6683,#6684,#6685,#6686,#6687,#6688,#6689,#6690,#6691,#6692,#6693,#6694,
#6695,#6696),
.UNSPECIFIED.,.F.,.F.,
(4,2,2,2,2,2,2,2,2,2,2,2,2,2,4),
(0.,0.0636866778521681,0.12856744918548,0.194640090525953,0.261903736974102,0.330357961586132,
0.400002522160914,0.470837268021406,0.542862099033218,0.616076945260474,0.690481755925174,
0.766076492991057,0.842861127226683,0.920835635680376,1.),
.UNSPECIFIED.);
#3231=VERTEX_POINT('',#6697);
#3232=B_SPLINE_CURVE_WITH_KNOTS('',3,
(#6698,#6699,#6700,#6701,#6702,#6703,#6704,#6705,#6706,#6707,#6708,#6709,#6710,#6711,
#6712,#6713,#6714,#6715,#6716,#6717,#6718,#6719,#6720,#6721,#6722,#6723,#6724,#6725,
#6726,#6727),
.UNSPECIFIED.,.F.,.F.,
(4,2,2,2,2,2,2,2,2,2,2,2,2,2,4),
(0.,0.0791643643196287,0.157138872773325,0.233923507008953,0.309518244074838,0.383923054739535,
0.45713790096679,0.5291627319786,0.599997477839088,0.669642038413869,0.738096263025901,
0.805359909474051,0.871432550814523,0.936313322147835,1.),
.UNSPECIFIED.);
#3233=VERTEX_POINT('',#6728);
#3234=B_SPLINE_CURVE_WITH_KNOTS('',3,
(#6729,#6730,#6731,#6732,#6733,#6734,#6735,#6736,#6737,#6738,#6739,#6740,#6741,#6742,
#6743,#6744,#6745,#6746,#6747,#6748,#6749,#6750,#6751,#6752,#6753,#6754,#6755,#6756,
#6757,#6758),
.UNSPECIFIED.,.F.,.F.,
(4,2,2,2,2,2,2,2,2,2,2,2,2,2,4),
(0.,0.0839959174230824,0.161535122799846,0.235724623316405,0.307971595231485,0.379001260677067,
0.449224333717288,0.518890997201741,0.588162968639136,0.657150262455076,0.725931306920668,
0.794564638603943,0.863096095390739,0.931563510454054,1.),
.UNSPECIFIED.);
#3235=VERTEX_POINT('',#6759);
#3236=CIRCLE('',#6760,10.48425);
#3237=VERTEX_POINT('',#6764);
#3238=B_SPLINE_CURVE_WITH_KNOTS('',3,
(#6765,#6766,#6767,#6768,#6769,#6770,#6771,#6772,#6773,#6774,#6775,#6776,#6777,#6778,
#6779,#6780,#6781,#6782,#6783,#6784,#6785,#6786,#6787,#6788,#6789,#6790,#6791,#6792,
#6793,#6794),
.UNSPECIFIED.,.F.,.F.,
(4,2,2,2,2,2,2,2,2,2,2,2,2,2,4),
(0.,0.0684364895459459,0.136903904609257,0.20543536139604,0.274068693079301,0.342849737544878,
0.411837031360814,0.481109002798209,0.550775666282663,0.620998739322871,0.692028404768448,
0.764275376683528,0.838464877200103,0.916004082576885,1.),
.UNSPECIFIED.);
#3239=B_SPLINE_CURVE_WITH_KNOTS('',3,
(#6795,#6796,#6797,#6798,#6799,#6800,#6801,#6802,#6803,#6804,#6805,#6806,#6807,#6808,
#6809,#6810,#6811,#6812,#6813,#6814,#6815,#6816,#6817,#6818,#6819,#6820,#6821,#6822,
#6823,#6824),
.UNSPECIFIED.,.F.,.F.,
(4,2,2,2,2,2,2,2,2,2,2,2,2,2,4),
(0.,0.0636866778521681,0.12856744918548,0.194640090525953,0.261903736974102,0.330357961586132,
0.400002522160914,0.470837268021406,0.542862099033218,0.616076945260474,0.690481755925174,
0.766076492991057,0.842861127226683,0.920835635680376,1.),
.UNSPECIFIED.);
#3240=B_SPLINE_CURVE_WITH_KNOTS('',3,
(#6825,#6826,#6827,#6828,#6829,#6830,#6831,#6832,#6833,#6834,#6835,#6836,#6837,#6838,
#6839,#6840,#6841,#6842,#6843,#6844,#6845,#6846,#6847,#6848,#6849,#6850,#6851,#6852,
#6853,#6854),
.UNSPECIFIED.,.F.,.F.,
(4,2,2,2,2,2,2,2,2,2,2,2,2,2,4),
(0.,0.0791643643196287,0.157138872773325,0.233923507008953,0.309518244074838,0.383923054739535,
0.45713790096679,0.5291627319786,0.599997477839088,0.669642038413869,0.738096263025901,
0.805359909474051,0.871432550814523,0.936313322147835,1.),
.UNSPECIFIED.);
#3241=LINE('',#6855,#6856);
#3242=LINE('',#6858,#6859);
#3243=LINE('',#6861,#6862);
#3244=LINE('',#6864,#6865);
#3245=LINE('',#6867,#6868);
#3246=LINE('',#6870,#6871);
#3247=LINE('',#6873,#6874);
#3248=LINE('',#6876,#6877);
#3249=LINE('',#6879,#6880);
#3250=LINE('',#6882,#6883);
#3251=LINE('',#6885,#6886);
#3252=LINE('',#6888,#6889);
#3253=LINE('',#6891,#6892);
#3254=LINE('',#6894,#6895);
#3255=LINE('',#6897,#6898);
#3256=LINE('',#6900,#6901);
#3257=LINE('',#6903,#6904);
#3258=LINE('',#6906,#6907);
#3259=LINE('',#6909,#6910);
#3260=LINE('',#6912,#6913);
#3261=LINE('',#6915,#6916);
#3262=LINE('',#6918,#6919);
#3263=LINE('',#6921,#6922);
#3264=LINE('',#6924,#6925);
#3265=LINE('',#6927,#6928);
#3266=LINE('',#6930,#6931);
#3267=LINE('',#6933,#6934);
#3268=LINE('',#6936,#6937);
#3269=LINE('',#6939,#6940);
#3270=LINE('',#6942,#6943);
#3271=LINE('',#6945,#6946);
#3272=LINE('',#6948,#6949);
#3273=LINE('',#6951,#6952);
#3274=LINE('',#6954,#6955);
#3275=LINE('',#6957,#6958);
#3276=LINE('',#6960,#6961);
#3277=LINE('',#6963,#6964);
#3278=LINE('',#6966,#6967);
#3279=LINE('',#6969,#6970);
#3280=LINE('',#6972,#6973);
#3281=LINE('',#6975,#6976);
#3282=LINE('',#6978,#6979);
#3283=LINE('',#6981,#6982);
#3284=LINE('',#6984,#6985);
#3285=LINE('',#6987,#6988);
#3286=LINE('',#6990,#6991);
#3287=LINE('',#6993,#6994);
#3288=LINE('',#6996,#6997);
#3289=LINE('',#6999,#7000);
#3290=LINE('',#7002,#7003);
#3291=LINE('',#7005,#7006);
#3292=LINE('',#7008,#7009);
#3293=CARTESIAN_POINT('',(12.5498591141366,-5.96190172808327,0.));
#3294=CARTESIAN_POINT('',(12.5498591141366,-5.96190172808327,34.));
#3295=CARTESIAN_POINT('',(12.5498591106062,-5.96190173551485,0.));
#3296=VECTOR('',#3297,1.);
#3297=DIRECTION('',(0.,0.,1.));
#3298=CARTESIAN_POINT('',(12.0356814714288,-6.94158537499224,34.));
#3299=AXIS2_PLACEMENT_3D('',#3300,#3301,#3302);
#3300=CARTESIAN_POINT('',(0.,0.,34.));
#3301=DIRECTION('',(0.,0.,1.));
#3302=DIRECTION('',(0.866250285837683,-0.49961029041257,0.));
#3303=CARTESIAN_POINT('',(12.0356814714288,-6.94158537499224,0.));
#3304=CARTESIAN_POINT('',(12.0356814714288,-6.94158537499224,0.));
#3305=VECTOR('',#3306,1.);
#3306=DIRECTION('',(0.,0.,1.));
#3307=AXIS2_PLACEMENT_3D('',#3308,#3309,#3310);
#3308=CARTESIAN_POINT('',(0.,0.,0.));
#3309=DIRECTION('',(0.,0.,1.));
#3310=DIRECTION('',(0.866250285837683,-0.49961029041257,0.));
#3311=CARTESIAN_POINT('',(13.8829822561983,-0.553208526762288,34.));
#3312=CARTESIAN_POINT('',(13.8829822561983,-0.553208526762288,0.));
#3313=CARTESIAN_POINT('',(13.8829822561983,-0.553208526762286,0.));
#3314=VECTOR('',#3315,1.);
#3315=DIRECTION('',(0.,0.,1.));
#3316=CARTESIAN_POINT('',(13.8829822561983,0.553208526762295,0.));
#3317=AXIS2_PLACEMENT_3D('',#3318,#3319,#3320);
#3318=CARTESIAN_POINT('',(0.,0.,0.));
#3319=DIRECTION('',(0.,0.,1.));
#3320=DIRECTION('',(0.99920701426503,-0.0398163615058507,0.));
#3321=CARTESIAN_POINT('',(13.8829822561983,0.553208526762295,34.));
#3322=CARTESIAN_POINT('',(13.8829822561983,0.553208526762294,0.));
#3323=VECTOR('',#3324,1.);
#3324=DIRECTION('',(0.,0.,1.));
#3325=AXIS2_PLACEMENT_3D('',#3326,#3327,#3328);
#3326=CARTESIAN_POINT('',(0.,0.,34.));
#3327=DIRECTION('',(0.,0.,1.));
#3328=DIRECTION('',(0.99920701426503,-0.0398163615058507,0.));
#3329=CARTESIAN_POINT('',(8.34171449123788,-11.1112121456964,0.));
#3330=CARTESIAN_POINT('',(8.34171449123788,-11.1112121456964,34.));
#3331=CARTESIAN_POINT('',(8.34171449091538,-11.1112121459386,0.));
#3332=VECTOR('',#3333,1.);
#3333=DIRECTION('',(0.,0.,1.));
#3334=CARTESIAN_POINT('',(7.43115110724027,-11.7397286689839,34.));
#3335=AXIS2_PLACEMENT_3D('',#3336,#3337,#3338);
#3336=CARTESIAN_POINT('',(0.,0.,34.));
#3337=DIRECTION('',(0.,0.,1.));
#3338=DIRECTION('',(0.534846056372554,-0.844949522742469,0.));
#3339=CARTESIAN_POINT('',(7.43115110724027,-11.7397286689839,0.));
#3340=CARTESIAN_POINT('',(7.43115110743585,-11.7397286688601,0.));
#3341=VECTOR('',#3342,1.);
#3342=DIRECTION('',(0.,0.,1.));
#3343=AXIS2_PLACEMENT_3D('',#3344,#3345,#3346);
#3344=CARTESIAN_POINT('',(0.,0.,0.));
#3345=DIRECTION('',(0.,0.,1.));
#3346=DIRECTION('',(0.534846056372554,-0.844949522742469,0.));
#3347=CARTESIAN_POINT('',(2.22258360686789,-13.7150777653822,0.));
#3348=CARTESIAN_POINT('',(2.22258360686789,-13.7150777653822,34.));
#3349=CARTESIAN_POINT('',(2.22258360693769,-13.7150777653709,0.));
#3350=VECTOR('',#3351,1.);
#3351=DIRECTION('',(0.,0.,1.));
#3352=CARTESIAN_POINT('',(1.12423357946207,-13.8484416039788,34.));
#3353=AXIS2_PLACEMENT_3D('',#3354,#3355,#3356);
#3354=CARTESIAN_POINT('',(0.,0.,34.));
#3355=DIRECTION('',(0.,0.,1.));
#3356=DIRECTION('',(0.0809150409861857,-0.996721002157677,0.));
#3357=CARTESIAN_POINT('',(1.12423357946207,-13.8484416039788,0.));
#3358=CARTESIAN_POINT('',(1.12423357950986,-13.8484416039749,0.));
#3359=VECTOR('',#3360,1.);
#3360=DIRECTION('',(0.,0.,1.));
#3361=AXIS2_PLACEMENT_3D('',#3362,#3363,#3364);
#3362=CARTESIAN_POINT('',(0.,0.,0.));
#3363=DIRECTION('',(0.,0.,1.));
#3364=DIRECTION('',(0.0809150409861857,-0.996721002157677,0.));
#3365=CARTESIAN_POINT('',(-4.40571439681519,-13.1769843535498,0.));
#3366=CARTESIAN_POINT('',(-4.40571439681519,-13.1769843535498,34.));
#3367=CARTESIAN_POINT('',(-4.40571439731286,-13.1769843533834,0.));
#3368=VECTOR('',#3369,1.);
#3369=DIRECTION('',(0.,0.,1.));
#3370=CARTESIAN_POINT('',(-5.44023231288755,-12.7846434593153,34.));
#3371=AXIS2_PLACEMENT_3D('',#3372,#3373,#3374);
#3372=CARTESIAN_POINT('',(0.,0.,34.));
#3373=DIRECTION('',(0.,0.,1.));
#3374=DIRECTION('',(-0.391552635158165,-0.920155711768773,0.));
#3375=CARTESIAN_POINT('',(-5.44023231288755,-12.7846434593153,0.));
#3376=CARTESIAN_POINT('',(-5.44023231217097,-12.7846434596203,0.));
#3377=VECTOR('',#3378,1.);
#3378=DIRECTION('',(0.,0.,1.));
#3379=AXIS2_PLACEMENT_3D('',#3380,#3381,#3382);
#3380=CARTESIAN_POINT('',(0.,0.,0.));
#3381=DIRECTION('',(0.,0.,1.));
#3382=DIRECTION('',(-0.391552635158165,-0.920155711768773,0.));
#3383=CARTESIAN_POINT('',(-10.0247163267421,-9.62020262615868,0.));
#3384=CARTESIAN_POINT('',(-10.0247163267421,-9.62020262615868,34.));
#3385=CARTESIAN_POINT('',(-10.024716326605,-9.6202026263015,0.));
#3386=VECTOR('',#3387,1.);
#3387=DIRECTION('',(0.,0.,1.));
#3388=CARTESIAN_POINT('',(-10.7584065442612,-8.79203756977855,34.));
#3389=AXIS2_PLACEMENT_3D('',#3390,#3391,#3392);
#3390=CARTESIAN_POINT('',(0.,0.,34.));
#3391=DIRECTION('',(0.,0.,1.));
#3392=DIRECTION('',(-0.774320321308566,-0.632793836892079,0.));
#3393=CARTESIAN_POINT('',(-10.7584065442612,-8.79203756977855,0.));
#3394=CARTESIAN_POINT('',(-10.7584065442612,-8.79203756977855,0.));
#3395=VECTOR('',#3396,1.);
#3396=DIRECTION('',(0.,0.,1.));
#3397=AXIS2_PLACEMENT_3D('',#3398,#3399,#3400);
#3398=CARTESIAN_POINT('',(0.,0.,0.));
#3399=DIRECTION('',(0.,0.,1.));
#3400=DIRECTION('',(-0.774320321308566,-0.632793836892079,0.));
#3401=CARTESIAN_POINT('',(-13.3471765570854,-3.85954841322,0.));
#3402=CARTESIAN_POINT('',(-13.3471765570854,-3.85954841322,34.));
#3403=CARTESIAN_POINT('',(-13.3471765570552,-3.85954841332464,0.));
#3404=VECTOR('',#3405,1.);
#3405=DIRECTION('',(0.,0.,1.));
#3406=CARTESIAN_POINT('',(-13.6119594891985,-2.78528182854431,34.));
#3407=AXIS2_PLACEMENT_3D('',#3408,#3409,#3410);
#3408=CARTESIAN_POINT('',(0.,0.,34.));
#3409=DIRECTION('',(0.,0.,1.));
#3410=DIRECTION('',(-0.979700553418633,-0.200466519975839,0.));
#3411=CARTESIAN_POINT('',(-13.6119594891985,-2.78528182854431,0.));
#3412=CARTESIAN_POINT('',(-13.6119594891985,-2.78528182854431,0.));
#3413=VECTOR('',#3414,1.);
#3414=DIRECTION('',(0.,0.,1.));
#3415=AXIS2_PLACEMENT_3D('',#3416,#3417,#3418);
#3416=CARTESIAN_POINT('',(0.,0.,0.));
#3417=DIRECTION('',(0.,0.,1.));
#3418=DIRECTION('',(-0.979700553418633,-0.200466519975839,0.));
#3419=CARTESIAN_POINT('',(-13.6119594891901,2.78528182858515,0.));
#3420=CARTESIAN_POINT('',(-13.6119594891901,2.78528182858515,34.));
#3421=CARTESIAN_POINT('',(-13.6119594891985,2.78528182854431,0.));
#3422=VECTOR('',#3423,1.);
#3423=DIRECTION('',(0.,0.,1.));
#3424=CARTESIAN_POINT('',(-13.3471765570552,3.85954841332464,34.));
#3425=AXIS2_PLACEMENT_3D('',#3426,#3427,#3428);
#3426=CARTESIAN_POINT('',(0.,0.,34.));
#3427=DIRECTION('',(0.,0.,1.));
#3428=DIRECTION('',(-0.960643195412061,0.277785260783407,0.));
#3429=CARTESIAN_POINT('',(-13.3471765570552,3.85954841332464,0.));
#3430=CARTESIAN_POINT('',(-13.3471765570552,3.85954841332465,0.));
#3431=VECTOR('',#3432,1.);
#3432=DIRECTION('',(0.,0.,1.));
#3433=AXIS2_PLACEMENT_3D('',#3434,#3435,#3436);
#3434=CARTESIAN_POINT('',(0.,0.,0.));
#3435=DIRECTION('',(0.,0.,1.));
#3436=DIRECTION('',(-0.960643195412061,0.277785260783407,0.));
#3437=CARTESIAN_POINT('',(-10.758406544255,8.79203756978613,0.));
#3438=CARTESIAN_POINT('',(-10.758406544255,8.79203756978613,34.));
#3439=CARTESIAN_POINT('',(-10.7584065437684,8.79203757038155,0.));
#3440=VECTOR('',#3441,1.);
#3441=DIRECTION('',(0.,0.,1.));
#3442=CARTESIAN_POINT('',(-10.024716326605,9.6202026263015,34.));
#3443=AXIS2_PLACEMENT_3D('',#3444,#3445,#3446);
#3444=CARTESIAN_POINT('',(0.,0.,34.));
#3445=DIRECTION('',(0.,0.,1.));
#3446=DIRECTION('',(-0.721514058342093,0.692399785972471,0.));
#3447=CARTESIAN_POINT('',(-10.024716326605,9.6202026263015,0.));
#3448=CARTESIAN_POINT('',(-10.0247163270832,9.62020262580324,0.));
#3449=VECTOR('',#3450,1.);
#3450=DIRECTION('',(0.,0.,1.));
#3451=AXIS2_PLACEMENT_3D('',#3452,#3453,#3454);
#3452=CARTESIAN_POINT('',(0.,0.,0.));
#3453=DIRECTION('',(0.,0.,1.));
#3454=DIRECTION('',(-0.721514058342093,0.692399785972471,0.));
#3455=CARTESIAN_POINT('',(-5.44023231288686,12.7846434593156,0.));
#3456=CARTESIAN_POINT('',(-5.44023231288686,12.7846434593156,34.));
#3457=CARTESIAN_POINT('',(-5.44023231284341,12.7846434593341,0.));
#3458=VECTOR('',#3459,1.);
#3459=DIRECTION('',(0.,0.,1.));
#3460=CARTESIAN_POINT('',(-4.40571439665793,13.1769843536023,34.));
#3461=AXIS2_PLACEMENT_3D('',#3462,#3463,#3464);
#3462=CARTESIAN_POINT('',(0.,0.,34.));
#3463=DIRECTION('',(0.,0.,1.));
#3464=DIRECTION('',(-0.317094745692955,0.948393864517227,0.));
#3465=CARTESIAN_POINT('',(-4.40571439665793,13.1769843536023,0.));
#3466=CARTESIAN_POINT('',(-4.40571439666911,13.1769843535986,0.));
#3467=VECTOR('',#3468,1.);
#3468=DIRECTION('',(0.,0.,1.));
#3469=AXIS2_PLACEMENT_3D('',#3470,#3471,#3472);
#3470=CARTESIAN_POINT('',(0.,0.,0.));
#3471=DIRECTION('',(0.,0.,1.));
#3472=DIRECTION('',(-0.317094745692955,0.948393864517227,0.));
#3473=CARTESIAN_POINT('',(1.12423357958481,13.8484416039688,0.));
#3474=CARTESIAN_POINT('',(1.12423357958481,13.8484416039688,34.));
#3475=CARTESIAN_POINT('',(1.12423357969278,13.84844160396,0.));
#3476=VECTOR('',#3477,1.);
#3477=DIRECTION('',(0.,0.,1.));
#3478=CARTESIAN_POINT('',(2.22258360694933,13.715077765369,34.));
#3479=AXIS2_PLACEMENT_3D('',#3480,#3481,#3482);
#3480=CARTESIAN_POINT('',(0.,0.,34.));
#3481=DIRECTION('',(0.,0.,1.));
#3482=DIRECTION('',(0.159967151788494,0.987122338086155,0.));
#3483=CARTESIAN_POINT('',(2.22258360694933,13.715077765369,0.));
#3484=CARTESIAN_POINT('',(2.2225836065479,13.7150777654341,0.));
#3485=VECTOR('',#3486,1.);
#3486=DIRECTION('',(0.,0.,1.));
#3487=AXIS2_PLACEMENT_3D('',#3488,#3489,#3490);
#3488=CARTESIAN_POINT('',(0.,0.,0.));
#3489=DIRECTION('',(0.,0.,1.));
#3490=DIRECTION('',(0.159967151788494,0.987122338086155,0.));
#3491=CARTESIAN_POINT('',(7.43115110740643,11.7397286688787,0.));
#3492=CARTESIAN_POINT('',(7.43115110740643,11.7397286688787,34.));
#3493=CARTESIAN_POINT('',(7.43115110724027,11.7397286689839,0.));
#3494=VECTOR('',#3495,1.);
#3495=DIRECTION('',(0.,0.,1.));
#3496=CARTESIAN_POINT('',(8.34171449124059,11.1112121456944,34.));
#3497=AXIS2_PLACEMENT_3D('',#3498,#3499,#3500);
#3498=CARTESIAN_POINT('',(0.,0.,34.));
#3499=DIRECTION('',(0.,0.,1.));
#3500=DIRECTION('',(0.600382502608363,0.799712980113315,0.));
#3501=CARTESIAN_POINT('',(8.34171449124059,11.1112121456944,0.));
#3502=CARTESIAN_POINT('',(8.34171448464337,11.1112121506472,0.));
#3503=VECTOR('',#3504,1.);
#3504=DIRECTION('',(0.,0.,1.));
#3505=AXIS2_PLACEMENT_3D('',#3506,#3507,#3508);
#3506=CARTESIAN_POINT('',(0.,0.,0.));
#3507=DIRECTION('',(0.,0.,1.));
#3508=DIRECTION('',(0.600382502608363,0.799712980113315,0.));
#3509=CARTESIAN_POINT('',(12.0356814715073,6.94158537485606,0.));
#3510=CARTESIAN_POINT('',(12.0356814715073,6.94158537485606,34.));
#3511=CARTESIAN_POINT('',(12.0356814714288,6.94158537499225,0.));
#3512=VECTOR('',#3513,1.);
#3513=DIRECTION('',(0.,0.,1.));
#3514=CARTESIAN_POINT('',(12.5498591129097,5.96190173066586,34.));
#3515=AXIS2_PLACEMENT_3D('',#3516,#3517,#3518);
#3516=CARTESIAN_POINT('',(0.,0.,34.));
#3517=DIRECTION('',(0.,0.,1.));
#3518=DIRECTION('',(0.903257457385183,0.429099016169991,0.));
#3519=CARTESIAN_POINT('',(12.5498591129097,5.96190173066586,0.));
#3520=CARTESIAN_POINT('',(12.5498591129097,5.96190173066587,0.));
#3521=VECTOR('',#3522,1.);
#3522=DIRECTION('',(0.,0.,1.));
#3523=AXIS2_PLACEMENT_3D('',#3524,#3525,#3526);
#3524=CARTESIAN_POINT('',(0.,0.,0.));
#3525=DIRECTION('',(0.,0.,1.));
#3526=DIRECTION('',(0.903257457385183,0.429099016169991,0.));
#3527=CARTESIAN_POINT('',(10.2039394549208,-2.40813572350264,34.));
#3528=CARTESIAN_POINT('',(10.8288961247853,-1.88977205305293,34.));
#3529=CARTESIAN_POINT('',(10.8288961247853,-1.88977205305293,34.));
#3530=CARTESIAN_POINT('',(10.8044838388887,-1.89127359603428,34.));
#3531=CARTESIAN_POINT('',(10.7802693449423,-1.89399519272085,34.));
#3532=CARTESIAN_POINT('',(10.7340820893563,-1.90157550137874,34.));
#3533=CARTESIAN_POINT('',(10.7119729460764,-1.9062434707184,34.));
#3534=CARTESIAN_POINT('',(10.6694589122798,-1.91745285657634,34.));
#3535=CARTESIAN_POINT('',(10.6488292573949,-1.92390760487491,34.));
#3536=CARTESIAN_POINT('',(10.6089805980509,-1.93849627016201,34.));
#3537=CARTESIAN_POINT('',(10.5895640821407,-1.94661943982139,34.));
#3538=CARTESIAN_POINT('',(10.5520484717855,-1.96441096908767,34.));
#3539=CARTESIAN_POINT('',(10.5337722141632,-1.97411112222545,34.));
#3540=CARTESIAN_POINT('',(10.4985335811258,-1.99494128325061,34.));
#3541=CARTESIAN_POINT('',(10.4814106741079,-2.00613082527488,34.));
#3542=CARTESIAN_POINT('',(10.4485173699251,-2.02982776063924,34.));
#3543=CARTESIAN_POINT('',(10.4326011145315,-2.04241489205285,34.));
#3544=CARTESIAN_POINT('',(10.4021789944708,-2.06879223617991,34.));
#3545=CARTESIAN_POINT('',(10.3875409773955,-2.08267804599392,34.));
#3546=CARTESIAN_POINT('',(10.3597403296243,-2.11153280967697,34.));
#3547=CARTESIAN_POINT('',(10.346458855782,-2.12661039787841,34.));
#3548=CARTESIAN_POINT('',(10.3214364493363,-2.15772287279372,34.));
#3549=CARTESIAN_POINT('',(10.309589918645,-2.17387737869496,34.));
#3550=CARTESIAN_POINT('',(10.2874984590754,-2.2070120151155,34.));
#3551=CARTESIAN_POINT('',(10.2771613040533,-2.22412110008778,34.));
#3552=CARTESIAN_POINT('',(10.2581428260333,-2.25902791677198,34.));
#3553=CARTESIAN_POINT('',(10.2493828804162,-2.27696250273397,34.));
#3554=CARTESIAN_POINT('',(10.2335644030068,-2.31337882638918,34.));
#3555=CARTESIAN_POINT('',(10.2264411346275,-2.33200399556103,34.));
#3556=CARTESIAN_POINT('',(10.2139317290774,-2.36965642971896,34.));
#3557=CARTESIAN_POINT('',(10.208516541063,-2.38875684910829,34.));
#3558=CARTESIAN_POINT('',(10.2039394549208,-2.40813572350264,34.));
#3559=CARTESIAN_POINT('',(13.8829822561983,-0.55320852676229,34.));
#3560=CARTESIAN_POINT('',(13.8122005502969,-0.607417047280154,34.));
#3561=CARTESIAN_POINT('',(13.7406061384212,-0.660492966016341,34.));
#3562=CARTESIAN_POINT('',(13.5968801958525,-0.763598881720834,34.));
#3563=CARTESIAN_POINT('',(13.5247688312675,-0.813732890427941,34.));
#3564=CARTESIAN_POINT('',(13.3800978167846,-0.910776277420484,34.));
#3565=CARTESIAN_POINT('',(13.3075526144589,-0.957866022546788,34.));
#3566=CARTESIAN_POINT('',(13.1620977028702,-1.0487694571697,34.));
#3567=CARTESIAN_POINT('',(13.0891994615433,-1.09277524064816,34.));
#3568=CARTESIAN_POINT('',(12.9431235899847,-1.17745189474404,34.));
#3569=CARTESIAN_POINT('',(12.8699540369641,-1.2183289258376,34.));
#3570=CARTESIAN_POINT('',(12.7234224048904,-1.29667925692506,34.));
#3571=CARTESIAN_POINT('',(12.6500644646526,-1.33437589593309,34.));
#3572=CARTESIAN_POINT('',(12.5032452503974,-1.40628312952644,34.));
#3573=CARTESIAN_POINT('',(12.4297834269137,-1.44073849913844,34.));
#3574=CARTESIAN_POINT('',(12.2828488320791,-1.50606228216074,34.));
#3575=CARTESIAN_POINT('',(12.2093697611519,-1.53720293435948,34.));
#3576=CARTESIAN_POINT('',(12.062497572598,-1.59577010011183,34.));
#3577=CARTESIAN_POINT('',(11.9890908370549,-1.6235052254804,34.));
#3578=CARTESIAN_POINT('',(11.8424668499929,-1.67509575193183,34.));
#3579=CARTESIAN_POINT('',(11.7692262164745,-1.69931005952604,34.));
#3580=CARTESIAN_POINT('',(11.6230481893477,-1.74363447491913,34.));
#3581=CARTESIAN_POINT('',(11.5500735453188,-1.76417723397453,34.));
#3582=CARTESIAN_POINT('',(11.404558134431,-1.80083738060583,34.));
#3583=CARTESIAN_POINT('',(11.331958600108,-1.81750516422441,34.));
#3584=CARTESIAN_POINT('',(11.1873548764233,-1.84591818834562,34.));
#3585=CARTESIAN_POINT('',(11.115253582264,-1.85842967118714,34.));
#3586=CARTESIAN_POINT('',(10.9718743212528,-1.87765265764689,34.));
#3587=CARTESIAN_POINT('',(10.9005403224064,-1.88486653103053,34.));
#3588=CARTESIAN_POINT('',(10.8288961247853,-1.88977205305293,34.));
#3589=CARTESIAN_POINT('',(10.8288961247853,1.88977205305293,34.));
#3590=CARTESIAN_POINT('',(10.8288961247853,1.88977205305293,34.));
#3591=CARTESIAN_POINT('',(10.9005403224064,1.88486653103053,34.));
#3592=CARTESIAN_POINT('',(10.9718743212528,1.8776526576469,34.));
#3593=CARTESIAN_POINT('',(11.1152535822639,1.85842967118714,34.));
#3594=CARTESIAN_POINT('',(11.1873548764233,1.84591818834562,34.));
#3595=CARTESIAN_POINT('',(11.331958600108,1.81750516422441,34.));
#3596=CARTESIAN_POINT('',(11.404558134431,1.80083738060583,34.));
#3597=CARTESIAN_POINT('',(11.5500735453188,1.76417723397453,34.));
#3598=CARTESIAN_POINT('',(11.6230481893477,1.74363447491913,34.));
#3599=CARTESIAN_POINT('',(11.7692262164745,1.69931005952605,34.));
#3600=CARTESIAN_POINT('',(11.8424668499929,1.67509575193184,34.));
#3601=CARTESIAN_POINT('',(11.9890908370549,1.6235052254804,34.));
#3602=CARTESIAN_POINT('',(12.062497572598,1.59577010011184,34.));
#3603=CARTESIAN_POINT('',(12.2093697611519,1.53720293435948,34.));
#3604=CARTESIAN_POINT('',(12.2828488320791,1.50606228216074,34.));
#3605=CARTESIAN_POINT('',(12.4297834269137,1.44073849913844,34.));
#3606=CARTESIAN_POINT('',(12.5032452503974,1.40628312952645,34.));
#3607=CARTESIAN_POINT('',(12.6500644646526,1.33437589593309,34.));
#3608=CARTESIAN_POINT('',(12.7234224048904,1.29667925692507,34.));
#3609=CARTESIAN_POINT('',(12.8699540369641,1.2183289258376,34.));
#3610=CARTESIAN_POINT('',(12.9431235899847,1.17745189474404,34.));
#3611=CARTESIAN_POINT('',(13.0891994615433,1.09277524064816,34.));
#3612=CARTESIAN_POINT('',(13.1620977028702,1.0487694571697,34.));
#3613=CARTESIAN_POINT('',(13.3075526144589,0.957866022546791,34.));
#3614=CARTESIAN_POINT('',(13.3800978167846,0.910776277420489,34.));
#3615=CARTESIAN_POINT('',(13.5247688312675,0.813732890427946,34.));
#3616=CARTESIAN_POINT('',(13.5968801958525,0.763598881720839,34.));
#3617=CARTESIAN_POINT('',(13.7406061384212,0.660492966016345,34.));
#3618=CARTESIAN_POINT('',(13.8122005502969,0.607417047280158,34.));
#3619=CARTESIAN_POINT('',(13.8829822561983,0.553208526762295,34.));
#3620=CARTESIAN_POINT('',(10.2039394549208,2.40813572350264,34.));
#3621=CARTESIAN_POINT('',(10.2039394549208,2.40813572350264,34.));
#3622=CARTESIAN_POINT('',(10.208516541063,2.38875684910829,34.));
#3623=CARTESIAN_POINT('',(10.2139317290774,2.36965642971896,34.));
#3624=CARTESIAN_POINT('',(10.2264411346275,2.33200399556104,34.));
#3625=CARTESIAN_POINT('',(10.2335644030068,2.31337882638919,34.));
#3626=CARTESIAN_POINT('',(10.2493828804162,2.27696250273398,34.));
#3627=CARTESIAN_POINT('',(10.2581428260333,2.25902791677198,34.));
#3628=CARTESIAN_POINT('',(10.2771613040533,2.22412110008778,34.));
#3629=CARTESIAN_POINT('',(10.2874984590754,2.2070120151155,34.));
#3630=CARTESIAN_POINT('',(10.309589918645,2.17387737869496,34.));
#3631=CARTESIAN_POINT('',(10.3214364493363,2.15772287279372,34.));
#3632=CARTESIAN_POINT('',(10.346458855782,2.12661039787842,34.));
#3633=CARTESIAN_POINT('',(10.3597403296243,2.11153280967697,34.));
#3634=CARTESIAN_POINT('',(10.3875409773955,2.08267804599393,34.));
#3635=CARTESIAN_POINT('',(10.4021789944708,2.06879223617991,34.));
#3636=CARTESIAN_POINT('',(10.4326011145315,2.04241489205286,34.));
#3637=CARTESIAN_POINT('',(10.4485173699251,2.02982776063924,34.));
#3638=CARTESIAN_POINT('',(10.4814106741079,2.00613082527489,34.));
#3639=CARTESIAN_POINT('',(10.4985335811258,1.99494128325062,34.));
#3640=CARTESIAN_POINT('',(10.5337722141632,1.97411112222545,34.));
#3641=CARTESIAN_POINT('',(10.5520484717855,1.96441096908767,34.));
#3642=CARTESIAN_POINT('',(10.5895640821407,1.94661943982139,34.));
#3643=CARTESIAN_POINT('',(10.6089805980509,1.93849627016201,34.));
#3644=CARTESIAN_POINT('',(10.6488292573949,1.92390760487491,34.));
#3645=CARTESIAN_POINT('',(10.6694589122798,1.91745285657635,34.));
#3646=CARTESIAN_POINT('',(10.7119729460764,1.9062434707184,34.));
#3647=CARTESIAN_POINT('',(10.7340820893563,1.90157550137875,34.));
#3648=CARTESIAN_POINT('',(10.7802693449423,1.89399519272085,34.));
#3649=CARTESIAN_POINT('',(10.8044838388887,1.89127359603429,34.));
#3650=CARTESIAN_POINT('',(10.8288961247853,1.88977205305293,34.));
#3651=CARTESIAN_POINT('',(10.1542561478983,2.60970882386722,34.));
#3652=AXIS2_PLACEMENT_3D('',#3653,#3654,#3655);
#3653=CARTESIAN_POINT('',(0.,0.,34.));
#3654=DIRECTION('',(0.,0.,-1.));
#3655=DIRECTION('',(0.96852480128748,0.248917073120845,0.));
#3656=CARTESIAN_POINT('',(10.4667321877983,3.35912890535594,34.));
#3657=CARTESIAN_POINT('',(10.4667321877983,3.35912890535594,34.));
#3658=CARTESIAN_POINT('',(10.4458139839684,3.34645440013661,34.));
#3659=CARTESIAN_POINT('',(10.4256379034406,3.33279150951489,34.));
#3660=CARTESIAN_POINT('',(10.3882638647582,3.30461519161355,34.));
#3661=CARTESIAN_POINT('',(10.3708565041375,3.29020727883795,34.));
#3662=CARTESIAN_POINT('',(10.33842145809,3.26052460394383,34.));
#3663=CARTESIAN_POINT('',(10.3231544769691,3.24522212951254,34.));
#3664=CARTESIAN_POINT('',(10.2946499322469,3.2137859125558,34.));
#3665=CARTESIAN_POINT('',(10.2812324864081,3.19756989816965,34.));
#3666=CARTESIAN_POINT('',(10.2562821990792,3.16438190792983,34.));
#3667=CARTESIAN_POINT('',(10.2446072625766,3.14729944846887,34.));
#3668=CARTESIAN_POINT('',(10.2230852611237,3.11247904755018,34.));
#3669=CARTESIAN_POINT('',(10.2131237193912,3.09461378847653,34.));
#3670=CARTESIAN_POINT('',(10.1950106599692,3.05834491360984,34.));
#3671=CARTESIAN_POINT('',(10.1867670473625,3.03980290956039,34.));
#3672=CARTESIAN_POINT('',(10.1720877608744,3.00230906712743,34.));
#3673=CARTESIAN_POINT('',(10.1655794980347,2.98321116742891,34.));
#3674=CARTESIAN_POINT('',(10.1543727242559,2.94474193783981,34.));
#3675=CARTESIAN_POINT('',(10.1496194678285,2.92521918786115,34.));
#3676=CARTESIAN_POINT('',(10.1419219152976,2.88604196737879,34.));
#3677=CARTESIAN_POINT('',(10.1389397065391,2.8662325054665,34.));
#3678=CARTESIAN_POINT('',(10.1347771238896,2.82662682882385,34.));
#3679=CARTESIAN_POINT('',(10.1335750159262,2.80667357096994,34.));
#3680=CARTESIAN_POINT('',(10.1329569965401,2.76692679236763,34.));
#3681=CARTESIAN_POINT('',(10.1335350675866,2.74697555544591,34.));
#3682=CARTESIAN_POINT('',(10.136452010891,2.70737928923466,34.));
#3683=CARTESIAN_POINT('',(10.1388002176797,2.6875771730861,34.));
#3684=CARTESIAN_POINT('',(10.145221647795,2.64842418775284,34.));
#3685=CARTESIAN_POINT('',(10.1493031444236,2.62899504296076,34.));
#3686=CARTESIAN_POINT('',(10.1542561478983,2.60970882386722,34.));
#3687=CARTESIAN_POINT('',(12.549859114146,5.96190172806343,34.));
#3688=CARTESIAN_POINT('',(12.5123769817564,5.88100856803996,34.));
#3689=CARTESIAN_POINT('',(12.4736488876723,5.80074059379047,34.));
#3690=CARTESIAN_POINT('',(12.3943015939848,5.64265206351392,34.));
#3691=CARTESIAN_POINT('',(12.3537485872485,5.5647487813237,34.));
#3692=CARTESIAN_POINT('',(12.2707470763664,5.41158915680809,34.));
#3693=CARTESIAN_POINT('',(12.2283951855607,5.33617982169816,34.));
#3694=CARTESIAN_POINT('',(12.1418461901212,5.18809255985586,34.));
#3695=CARTESIAN_POINT('',(12.0977485103652,5.11524987176546,34.));
#3696=CARTESIAN_POINT('',(12.0077559529806,4.97238757577433,34.));
#3697=CARTESIAN_POINT('',(11.9619640349176,4.90218917550495,34.));
#3698=CARTESIAN_POINT('',(11.8686279327428,4.76471675786958,34.));
#3699=CARTESIAN_POINT('',(11.821191204185,4.69724690703116,34.));
#3700=CARTESIAN_POINT('',(11.7246062039295,4.56534592279224,34.));
#3701=CARTESIAN_POINT('',(11.6755711983303,4.50069779651969,34.));
#3702=CARTESIAN_POINT('',(11.5758245516132,4.37457254822966,34.));
#3703=CARTESIAN_POINT('',(11.5252338481705,4.31285144317736,34.));
#3704=CARTESIAN_POINT('',(11.4224025028607,4.19273788400677,34.));
#3705=CARTESIAN_POINT('',(11.3702932219888,4.13406583913592,34.));
#3706=CARTESIAN_POINT('',(11.2644394422394,4.02024513225774,34.));
#3707=CARTESIAN_POINT('',(11.2108410318019,3.96476780816028,34.));
#3708=CARTESIAN_POINT('',(11.1020053997849,3.85758817101744,34.));
#3709=CARTESIAN_POINT('',(11.0469362576603,3.80548545317639,34.));
#3710=CARTESIAN_POINT('',(10.9351255798944,3.70540012211138,34.));
#3711=CARTESIAN_POINT('',(10.8785877900426,3.65690284679251,34.));
#3712=CARTESIAN_POINT('',(10.7637517422711,3.56454366221729,34.));
#3713=CARTESIAN_POINT('',(10.7057235928934,3.5199581522152,34.));
#3714=CARTESIAN_POINT('',(10.5877009295211,3.43630537804098,34.));
#3715=CARTESIAN_POINT('',(10.5278902645301,3.39676724816665,34.));
#3716=CARTESIAN_POINT('',(10.4667321877983,3.35912890535594,34.));
#3717=CARTESIAN_POINT('',(8.71029046192942,6.70574900832945,34.));
#3718=CARTESIAN_POINT('',(8.71029046192942,6.70574900832945,34.));
#3719=CARTESIAN_POINT('',(8.77600795817086,6.73470010307273,34.));
#3720=CARTESIAN_POINT('',(8.84252353140496,6.76146309763539,34.));
#3721=CARTESIAN_POINT('',(8.9784129292647,6.81107365342593,34.));
#3722=CARTESIAN_POINT('',(9.0480698306286,6.83350242768426,34.));
#3723=CARTESIAN_POINT('',(9.18931425979401,6.87554464542916,34.));
#3724=CARTESIAN_POINT('',(9.26134386019417,6.89452474186933,34.));
#3725=CARTESIAN_POINT('',(9.40722817722019,6.92968817746231,34.));
#3726=CARTESIAN_POINT('',(9.48139071164629,6.94541147572507,34.));
#3727=CARTESIAN_POINT('',(9.63142350950429,6.97409647148118,34.));
#3728=CARTESIAN_POINT('',(9.70752781960981,6.98669238644602,34.));
#3729=CARTESIAN_POINT('',(9.86133222555903,7.00915080829811,34.));
#3730=CARTESIAN_POINT('',(9.93921981730758,7.01870638540927,34.));
#3731=CARTESIAN_POINT('',(10.0964862007095,7.03510264493816,34.));
#3732=CARTESIAN_POINT('',(10.1760204694907,7.04167639372617,34.));
#3733=CARTESIAN_POINT('',(10.3364820675199,7.05211896742508,34.));
#3734=CARTESIAN_POINT('',(10.4175414904391,7.05574966441952,34.));
#3735=CARTESIAN_POINT('',(10.5809604060714,7.06030926211187,34.));
#3736=CARTESIAN_POINT('',(10.6634341379397,7.06102168063723,34.));
#3737=CARTESIAN_POINT('',(10.8295926689018,7.05974255272596,34.));
#3738=CARTESIAN_POINT('',(10.9133775940718,7.05755132601013,34.));
#3739=CARTESIAN_POINT('',(11.0820725580354,7.05045871479856,34.));
#3740=CARTESIAN_POINT('',(11.1670712523641,7.04537103059978,34.));
#3741=CARTESIAN_POINT('',(11.3381101127789,7.03247630456321,34.));
#3742=CARTESIAN_POINT('',(11.4242293950362,7.02449384253602,34.));
#3743=CARTESIAN_POINT('',(11.5974275271765,7.00579816352695,34.));
#3744=CARTESIAN_POINT('',(11.6845774050201,6.99491852551746,34.));
#3745=CARTESIAN_POINT('',(11.8597561151129,6.97041554711192,34.));
#3746=CARTESIAN_POINT('',(11.9478154278255,6.95669073723735,34.));
#3747=CARTESIAN_POINT('',(12.0356814714288,6.94158537499224,34.));
#3748=CARTESIAN_POINT('',(7.91602320362214,6.87430539779954,34.));
#3749=CARTESIAN_POINT('',(7.91602320362214,6.87430539779954,34.));
#3750=CARTESIAN_POINT('',(7.9290818241058,6.85927333468738,34.));
#3751=CARTESIAN_POINT('',(7.94275314244922,6.84487731659789,34.));
#3752=CARTESIAN_POINT('',(7.97132762960793,6.81735115251986,34.));
#3753=CARTESIAN_POINT('',(7.98629051821408,6.80416973212436,34.));
#3754=CARTESIAN_POINT('',(8.01722059379614,6.77927589191033,34.));
#3755=CARTESIAN_POINT('',(8.03331175810469,6.76746655441677,34.));
#3756=CARTESIAN_POINT('',(8.06637379064169,6.74539643068027,34.));
#3757=CARTESIAN_POINT('',(8.08347787508323,6.73505100376995,34.));
#3758=CARTESIAN_POINT('',(8.11843732441647,6.7159781534598,34.));
#3759=CARTESIAN_POINT('',(8.13643427962542,6.7071794061887,34.));
#3760=CARTESIAN_POINT('',(8.17304920822189,6.69125916989757,34.));
#3761=CARTESIAN_POINT('',(8.19181627388079,6.68408083722567,34.));
#3762=CARTESIAN_POINT('',(8.2298420022743,6.67145081807086,34.));
#3763=CARTESIAN_POINT('',(8.24925638028034,6.6659581698276,34.));
#3764=CARTESIAN_POINT('',(8.28845199283408,6.65674005566449,34.));
#3765=CARTESIAN_POINT('',(8.30839466871566,6.65299135700219,34.));
#3766=CARTESIAN_POINT('',(8.34853275807816,6.64729504345312,34.));
#3767=CARTESIAN_POINT('',(8.36889437873708,6.64534460770739,34.));
#3768=CARTESIAN_POINT('',(8.40977689720164,6.64327662543596,34.));
#3769=CARTESIAN_POINT('',(8.43046760557525,6.64318096680571,34.));
#3770=CARTESIAN_POINT('',(8.47195416473641,6.6448617234567,34.));
#3771=CARTESIAN_POINT('',(8.49292166091748,6.64669231879824,34.));
#3772=CARTESIAN_POINT('',(8.53498558725595,6.65229329258559,34.));
#3773=CARTESIAN_POINT('',(8.55625191058492,6.65616497546679,34.));
#3774=CARTESIAN_POINT('',(8.59910547933752,6.66599681385734,34.));
#3775=CARTESIAN_POINT('',(8.62085146699532,6.67213816347422,34.));
#3776=CARTESIAN_POINT('',(8.66527099584686,6.68689042142067,34.));
#3777=CARTESIAN_POINT('',(8.68797665446504,6.69573360367136,34.));
#3778=CARTESIAN_POINT('',(8.71029046192942,6.70574900832945,34.));
#3779=CARTESIAN_POINT('',(7.77835512944448,7.02970053008979,34.));
#3780=AXIS2_PLACEMENT_3D('',#3781,#3782,#3783);
#3781=CARTESIAN_POINT('',(0.,0.,34.));
#3782=DIRECTION('',(0.,0.,-1.));
#3783=DIRECTION('',(0.741908589498007,0.670501040140191,0.));
#3784=CARTESIAN_POINT('',(7.70676604438345,7.83849391343951,34.));
#3785=CARTESIAN_POINT('',(7.70676604438345,7.83849391343951,34.));
#3786=CARTESIAN_POINT('',(7.69413403102606,7.81755002238361,34.));
#3787=CARTESIAN_POINT('',(7.6826184608177,7.79607584141249,34.));
#3788=CARTESIAN_POINT('',(7.66261958089499,7.75375836913745,34.));
#3789=CARTESIAN_POINT('',(7.65390181947024,7.73291119210863,34.));
#3790=CARTESIAN_POINT('',(7.63897623933672,7.69155517128156,34.));
#3791=CARTESIAN_POINT('',(7.63256941336754,7.67091058319495,34.));
#3792=CARTESIAN_POINT('',(7.62193903094591,7.62982847302587,34.));
#3793=CARTESIAN_POINT('',(7.61759443032255,7.60923450738466,34.));
#3794=CARTESIAN_POINT('',(7.6109252761634,7.56825302477661,34.));
#3795=CARTESIAN_POINT('',(7.60852624803506,7.54770164458903,34.));
#3796=CARTESIAN_POINT('',(7.60565130933118,7.50686793799596,34.));
#3797=CARTESIAN_POINT('',(7.60513320204548,7.48641967742699,34.));
#3798=CARTESIAN_POINT('',(7.60594987101174,7.44588762520259,34.));
#3799=CARTESIAN_POINT('',(7.60726741349395,7.42563849818966,34.));
#3800=CARTESIAN_POINT('',(7.61169380820831,7.38561754490242,34.));
#3801=CARTESIAN_POINT('',(7.61480626418763,7.36568265398567,34.));
#3802=CARTESIAN_POINT('',(7.6227607012178,7.32641179538492,34.));
#3803=CARTESIAN_POINT('',(7.62762457596976,7.3069163103745,34.));
#3804=CARTESIAN_POINT('',(7.63901529387289,7.26864937340091,34.));
#3805=CARTESIAN_POINT('',(7.64558059513428,7.24972306447177,34.));
#3806=CARTESIAN_POINT('',(7.66030048692532,7.21271953082569,34.));
#3807=CARTESIAN_POINT('',(7.66850881446814,7.19449315100166,34.));
#3808=CARTESIAN_POINT('',(7.6864328345093,7.15901191845844,34.));
#3809=CARTESIAN_POINT('',(7.69621649310918,7.14161461851728,34.));
#3810=CARTESIAN_POINT('',(7.71720062056932,7.10790943715224,34.));
#3811=CARTESIAN_POINT('',(7.72848235664953,7.09146680019525,34.));
#3812=CARTESIAN_POINT('',(7.75236355017756,7.05978274078187,34.));
#3813=CARTESIAN_POINT('',(7.76500670975885,7.04447585351233,34.));
#3814=CARTESIAN_POINT('',(7.77835512944448,7.02970053008979,34.));
#3815=CARTESIAN_POINT('',(8.3417144912406,11.1112121456944,34.));
#3816=CARTESIAN_POINT('',(8.34611863718466,11.0221659942584,34.));
#3817=CARTESIAN_POINT('',(8.34912900052253,10.9330943900622,34.));
#3818=CARTESIAN_POINT('',(8.35233786446153,10.7562394223267,34.));
#3819=CARTESIAN_POINT('',(8.35263342070061,10.6684135697668,34.));
#3820=CARTESIAN_POINT('',(8.3503160592856,10.4942247319311,34.));
#3821=CARTESIAN_POINT('',(8.34785978778787,10.4077711767302,34.));
#3822=CARTESIAN_POINT('',(8.34004404032438,10.2364250947116,34.));
#3823=CARTESIAN_POINT('',(8.3348491691367,10.1514328840012,34.));
#3824=CARTESIAN_POINT('',(8.32155613629498,9.98311297644912,34.));
#3825=CARTESIAN_POINT('',(8.31363222976551,9.89967481452319,34.));
#3826=CARTESIAN_POINT('',(8.29487383367587,9.73457358449796,34.));
#3827=CARTESIAN_POINT('',(8.284225499636,9.65278705155637,34.));
#3828=CARTESIAN_POINT('',(8.26000117296325,9.49110924258184,34.));
#3829=CARTESIAN_POINT('',(8.24662631409561,9.41107846628341,34.));
#3830=CARTESIAN_POINT('',(8.21691837018138,9.25304552713488,34.));
#3831=CARTESIAN_POINT('',(8.200805754698,9.17488353057655,34.));
#3832=CARTESIAN_POINT('',(8.16557267459063,9.02074014686839,34.));
#3833=CARTESIAN_POINT('',(8.14669845665281,8.94457224090039,34.));
#3834=CARTESIAN_POINT('',(8.10586470948024,8.79459630585305,34.));
#3835=CARTESIAN_POINT('',(8.08418727202402,8.72056515162882,34.));
#3836=CARTESIAN_POINT('',(8.03762696680024,8.57508385595101,34.));
#3837=CARTESIAN_POINT('',(8.01307900338566,8.50335728407587,34.));
#3838=CARTESIAN_POINT('',(7.96058753755311,8.36277511176516,34.));
#3839=CARTESIAN_POINT('',(7.93306361847336,8.29355848606601,34.));
#3840=CARTESIAN_POINT('',(7.87430280123508,8.15841151717414,34.));
#3841=CARTESIAN_POINT('',(7.84364134634642,8.09196598303931,34.));
#3842=CARTESIAN_POINT('',(7.7780128504643,7.96304726358872,34.));
#3843=CARTESIAN_POINT('',(7.7434274218816,7.90024258629178,34.));
#3844=CARTESIAN_POINT('',(7.70676604438345,7.83849391343951,34.));
#3845=CARTESIAN_POINT('',(4.59626222462486,9.98551967883377,34.));
#3846=CARTESIAN_POINT('',(4.59626222462486,9.98551967883377,34.));
#3847=CARTESIAN_POINT('',(4.64099793307945,10.0416950434356,34.));
#3848=CARTESIAN_POINT('',(4.68745716447282,10.0963038264192,34.));
#3849=CARTESIAN_POINT('',(4.78472607577628,10.2033827440005,34.));
#3850=CARTESIAN_POINT('',(4.83598102769889,10.2556136134721,34.));
#3851=CARTESIAN_POINT('',(4.94150876580318,10.3584797076614,34.));
#3852=CARTESIAN_POINT('',(4.99646731887952,10.4087595728009,34.));
#3853=CARTESIAN_POINT('',(5.10930020310979,10.5076910712891,34.));
#3854=CARTESIAN_POINT('',(5.16766088505144,10.5560784087243,34.));
#3855=CARTESIAN_POINT('',(5.28717774774257,10.6512014287936,34.));
#3856=CARTESIAN_POINT('',(5.34871115414643,10.6977219939962,34.));
#3857=CARTESIAN_POINT('',(5.47446124312398,10.7890844103589,34.));
#3858=CARTESIAN_POINT('',(5.53898658245554,10.8337416223908,34.));
#3859=CARTESIAN_POINT('',(5.67061932753353,10.9213451217392,34.));
#3860=CARTESIAN_POINT('',(5.73798845168284,10.9641273048889,34.));
#3861=CARTESIAN_POINT('',(5.87521723457005,11.0479439675212,34.));
#3862=CARTESIAN_POINT('',(5.94530452000584,11.0888289821953,34.));
#3863=CARTESIAN_POINT('',(6.08788583285534,11.1688108622911,34.));
#3864=CARTESIAN_POINT('',(6.16058161829926,11.2077691318513,34.));
#3865=CARTESIAN_POINT('',(6.30830213113372,11.2838542399055,34.));
#3866=CARTESIAN_POINT('',(6.38350831181446,11.3208508012009,34.));
#3867=CARTESIAN_POINT('',(6.53617638493371,11.392967064627,34.));
#3868=CARTESIAN_POINT('',(6.61380335573895,11.4279630068446,34.));
#3869=CARTESIAN_POINT('',(6.77124322330039,11.496031015731,34.));
#3870=CARTESIAN_POINT('',(6.85120769577411,11.5289845226543,34.));
#3871=CARTESIAN_POINT('',(7.01325534076219,11.5929195063823,34.));
#3872=CARTESIAN_POINT('',(7.09547874512016,11.6237866330246,34.));
#3873=CARTESIAN_POINT('',(7.26197889138713,11.6834999289778,34.));
#3874=CARTESIAN_POINT('',(7.346329777624,11.7122704165052,34.));
#3875=CARTESIAN_POINT('',(7.43115110724026,11.7397286689839,34.));
#3876=CARTESIAN_POINT('',(3.81464143479484,9.76565454982135,34.));
#3877=CARTESIAN_POINT('',(3.81464143479484,9.76565454982135,34.));
#3878=CARTESIAN_POINT('',(3.83319001704067,9.75841296249436,34.));
#3879=CARTESIAN_POINT('',(3.85198553143782,9.75201929995818,34.));
#3880=CARTESIAN_POINT('',(3.89007902955699,9.74092531842409,34.));
#3881=CARTESIAN_POINT('',(3.90945372093272,9.73620735136422,34.));
#3882=CARTESIAN_POINT('',(3.94840968711938,9.72853887338111,34.));
#3883=CARTESIAN_POINT('',(3.9681457782959,9.72556016125781,34.));
#3884=CARTESIAN_POINT('',(4.00767725213636,9.72138272984322,34.));
#3885=CARTESIAN_POINT('',(4.02762992637831,9.7201709736241,34.));
#3886=CARTESIAN_POINT('',(4.06744857693999,9.71952926957764,34.));
#3887=CARTESIAN_POINT('',(4.08747307111501,9.72010196790008,34.));
#3888=CARTESIAN_POINT('',(4.12729248297851,9.72302110450778,34.));
#3889=CARTESIAN_POINT('',(4.14724583187929,9.72538649687227,34.));
#3890=CARTESIAN_POINT('',(4.18678540477977,9.73187460742583,34.));
#3891=CARTESIAN_POINT('',(4.20652854368406,9.73603342027226,34.));
#3892=CARTESIAN_POINT('',(4.24551840625308,9.74608629493755,34.));
#3893=CARTESIAN_POINT('',(4.26491887591345,9.75203481071339,34.));
#3894=CARTESIAN_POINT('',(4.30310659789916,9.76564407576567,34.));
#3895=CARTESIAN_POINT('',(4.32204233029029,9.77337956762253,34.));
#3896=CARTESIAN_POINT('',(4.35920304188952,9.79054751392134,34.));
#3897=CARTESIAN_POINT('',(4.37756820907605,9.80007826403799,34.));
#3898=CARTESIAN_POINT('',(4.41352164630664,9.82084626551283,34.));
#3899=CARTESIAN_POINT('',(4.43123672206918,9.83221125852361,34.));
#3900=CARTESIAN_POINT('',(4.46587957680322,9.85671875578977,34.));
#3901=CARTESIAN_POINT('',(4.48291071018865,9.8700299139615,34.));
#3902=CARTESIAN_POINT('',(4.5162865777375,9.89865062091176,34.));
#3903=CARTESIAN_POINT('',(4.5326876660683,9.91419438029922,34.));
#3904=CARTESIAN_POINT('',(4.56516348943888,9.94789964033848,34.));
#3905=CARTESIAN_POINT('',(4.58115871997228,9.96628173504468,34.));
#3906=CARTESIAN_POINT('',(4.59626222462486,9.98551967883377,34.));
#3907=CARTESIAN_POINT('',(3.62052669017608,9.83927256194393,34.));
#3908=AXIS2_PLACEMENT_3D('',#3909,#3910,#3911);
#3909=CARTESIAN_POINT('',(0.,0.,34.));
#3910=DIRECTION('',(0.,0.,-1.));
#3911=DIRECTION('',(0.345330060822289,0.938481299276909,0.));
#3912=CARTESIAN_POINT('',(3.1812726767995,10.5221544300461,34.));
#3913=CARTESIAN_POINT('',(3.1812726767995,10.5221544300461,34.));
#3914=CARTESIAN_POINT('',(3.1798206959425,10.4977391461933,34.));
#3915=CARTESIAN_POINT('',(3.17960371441062,10.4733731509413,34.));
#3916=CARTESIAN_POINT('',(3.18156149562527,10.42660894721,34.));
#3917=CARTESIAN_POINT('',(3.18353046747851,10.4040983429495,34.));
#3918=CARTESIAN_POINT('',(3.18953362379477,10.3605431421669,34.));
#3919=CARTESIAN_POINT('',(3.1934546795962,10.3392858667614,34.));
#3920=CARTESIAN_POINT('',(3.203133751978,10.2979692797266,34.));
#3921=CARTESIAN_POINT('',(3.20885729221473,10.2777151921745,34.));
#3922=CARTESIAN_POINT('',(3.22199709407117,10.2383285809833,34.));
#3923=CARTESIAN_POINT('',(3.22942356274987,10.2190163535991,34.));
#3924=CARTESIAN_POINT('',(3.24585430060537,10.1815238514126,34.));
#3925=CARTESIAN_POINT('',(3.2548983199017,10.1631770394164,34.));
#3926=CARTESIAN_POINT('',(3.27445762823801,10.1276672145348,34.));
#3927=CARTESIAN_POINT('',(3.2850344927045,10.1103497955286,34.));
#3928=CARTESIAN_POINT('',(3.30755253493612,10.0769700494804,34.));
#3929=CARTESIAN_POINT('',(3.31957268357876,10.060765010613,34.));
#3930=CARTESIAN_POINT('',(3.34486606575562,10.0296890034408,34.));
#3931=CARTESIAN_POINT('',(3.35823281659735,10.0146869640685,34.));
#3932=CARTESIAN_POINT('',(3.38610232873596,9.98609680469773,34.));
#3933=CARTESIAN_POINT('',(3.40071110861871,9.97238943804066,34.));
#3934=CARTESIAN_POINT('',(3.43094132503488,9.94646511100856,34.));
#3935=CARTESIAN_POINT('',(3.44667965916491,9.9341410531804,34.));
#3936=CARTESIAN_POINT('',(3.47903954164979,9.91105368947671,34.));
#3937=CARTESIAN_POINT('',(3.49578746952364,9.90019583827244,34.));
#3938=CARTESIAN_POINT('',(3.53003157042457,9.88010319261288,34.));
#3939=CARTESIAN_POINT('',(3.54766232602004,9.87078684481904,34.));
#3940=CARTESIAN_POINT('',(3.58353238932303,9.85383014750285,34.));
#3941=CARTESIAN_POINT('',(3.60184081636359,9.84615214116131,34.));
#3942=CARTESIAN_POINT('',(3.62052669017608,9.83927256194393,34.));
#3943=CARTESIAN_POINT('',(2.22258360694934,13.715077765369,34.));
#3944=CARTESIAN_POINT('',(2.26786509446698,13.6382780226921,34.));
#3945=CARTESIAN_POINT('',(2.31192427726498,13.5608080196414,34.));
#3946=CARTESIAN_POINT('',(2.39695418677304,13.4057019562216,34.));
#3947=CARTESIAN_POINT('',(2.43803059761493,13.3280733776973,34.));
#3948=CARTESIAN_POINT('',(2.51692826524002,13.1727598900865,34.));
#3949=CARTESIAN_POINT('',(2.55493031524913,13.095067582413,34.));
#3950=CARTESIAN_POINT('',(2.62763830931555,12.9397160026644,34.));
#3951=CARTESIAN_POINT('',(2.66253632908026,12.8620449605406,34.));
#3952=CARTESIAN_POINT('',(2.7289880944071,12.7068275037729,34.));
#3953=CARTESIAN_POINT('',(2.76074747090358,12.6292642575488,34.));
#3954=CARTESIAN_POINT('',(2.82086410338007,12.474356917247,34.));
#3955=CARTESIAN_POINT('',(2.84944356886038,12.3969900112646,34.));
#3956=CARTESIAN_POINT('',(2.90312941707633,12.2425738151617,34.));
#3957=CARTESIAN_POINT('',(2.92847872392225,12.1654944752119,34.));
#3958=CARTESIAN_POINT('',(2.97561521474213,12.0117572870605,34.));
#3959=CARTESIAN_POINT('',(2.9976718932472,11.9350603704534,34.));
#3960=CARTESIAN_POINT('',(3.03810855239022,11.7821995537861,34.));
#3961=CARTESIAN_POINT('',(3.05679325325706,11.7059849360554,34.));
#3962=CARTESIAN_POINT('',(3.09033405803855,11.5542114521523,34.));
#3963=CARTESIAN_POINT('',(3.10554363324336,11.478586113062,34.));
#3964=CARTESIAN_POINT('',(3.13192505962714,11.3281311704493,34.));
#3965=CARTESIAN_POINT('',(3.14352191750583,11.2532124377578,34.));
#3966=CARTESIAN_POINT('',(3.16237482583806,11.1043391056789,34.));
#3967=CARTESIAN_POINT('',(3.17017017569238,11.0302598243964,34.));
#3968=CARTESIAN_POINT('',(3.18094598407197,10.8832856130635,34.));
#3969=CARTESIAN_POINT('',(3.18467539347679,10.8102019259107,34.));
#3970=CARTESIAN_POINT('',(3.18647576258231,10.6655509861709,34.));
#3971=CARTESIAN_POINT('',(3.18503867529658,10.5938675561417,34.));
#3972=CARTESIAN_POINT('',(3.1812726767995,10.5221544300461,34.));
#3973=CARTESIAN_POINT('',(-0.57071429737679,10.9777281294747,34.));
#3974=CARTESIAN_POINT('',(-0.57071429737679,10.9777281294747,34.));
#3975=CARTESIAN_POINT('',(-0.557208788392269,11.0482586648912,34.));
#3976=CARTESIAN_POINT('',(-0.541449148857425,11.1182030222216,34.));
#3977=CARTESIAN_POINT('',(-0.505083859472417,11.2582198120165,34.));
#3978=CARTESIAN_POINT('',(-0.483972748787432,11.3282873139557,34.));
#3979=CARTESIAN_POINT('',(-0.438336834796838,11.4684119020814,34.));
#3980=CARTESIAN_POINT('',(-0.413039671231742,11.5384730247548,34.));
#3981=CARTESIAN_POINT('',(-0.359106873790721,11.6785085720884,34.));
#3982=CARTESIAN_POINT('',(-0.329917773243902,11.7484749928203,34.));
#3983=CARTESIAN_POINT('',(-0.268296718627838,11.8882444996615,34.));
#3984=CARTESIAN_POINT('',(-0.235430777774827,11.9580324142477,34.));
#3985=CARTESIAN_POINT('',(-0.166542835700851,12.0973687965686,34.));
#3986=CARTESIAN_POINT('',(-0.130161726412499,12.1668972144225,34.));
#3987=CARTESIAN_POINT('',(-0.0543180952092517,12.3056390476263,34.));
#3988=CARTESIAN_POINT('',(-0.0145475701485407,12.3748287825593,34.));
#3989=CARTESIAN_POINT('',(0.0680109372233644,12.5128181468163,34.));
#3990=CARTESIAN_POINT('',(0.111069932725758,12.5815912150261,34.));
#3991=CARTESIAN_POINT('',(0.200149982309733,12.7186724926816,34.));
#3992=CARTESIAN_POINT('',(0.246414092963303,12.7869517432184,34.));
#3993=CARTESIAN_POINT('',(0.34185559840491,12.9229709059078,34.));
#3994=CARTESIAN_POINT('',(0.391254204935142,12.9906797888785,34.));
#3995=CARTESIAN_POINT('',(0.492920971508134,13.1254839600865,34.));
#3996=CARTESIAN_POINT('',(0.545392815284821,13.1925463801052,34.));
#3997=CARTESIAN_POINT('',(0.653166113690718,13.3259835633873,34.));
#3998=CARTESIAN_POINT('',(0.708656879413407,13.3923237879577,34.));
#3999=CARTESIAN_POINT('',(0.822430874668371,13.5242427001508,34.));
#4000=CARTESIAN_POINT('',(0.880891414501788,13.5897853047202,34.));
#4001=CARTESIAN_POINT('',(1.00056981997744,13.7200352785526,34.));
#4002=CARTESIAN_POINT('',(1.06188850824009,13.7847100915114,34.));
#4003=CARTESIAN_POINT('',(1.12423357946206,13.8484416039788,34.));
#4004=CARTESIAN_POINT('',(-1.16062871533114,10.4198099333744,34.));
#4005=CARTESIAN_POINT('',(-1.16062871533114,10.4198099333744,34.));
#4006=CARTESIAN_POINT('',(-1.14083942798102,10.4220177822187,34.));
#4007=CARTESIAN_POINT('',(-1.12122554336802,10.4250911862709,34.));
#4008=CARTESIAN_POINT('',(-1.08233979563108,10.4329708847532,34.));
#4009=CARTESIAN_POINT('',(-1.0629918097896,10.4377972004247,34.));
#4010=CARTESIAN_POINT('',(-1.02493429538142,10.4491108405633,34.));
#4011=CARTESIAN_POINT('',(-1.00607457797978,10.4556451408603,34.));
#4012=CARTESIAN_POINT('',(-0.969129847086817,10.4703174009612,34.));
#4013=CARTESIAN_POINT('',(-0.950899500257485,10.4785169141798,34.));
#4014=CARTESIAN_POINT('',(-0.915343621444288,10.4964533630607,34.));
#4015=CARTESIAN_POINT('',(-0.897878958597382,10.5062663086928,34.));
#4016=CARTESIAN_POINT('',(-0.863977210848843,10.5273560791819,34.));
#4017=CARTESIAN_POINT('',(-0.847408650475433,10.5387233136982,34.));
#4018=CARTESIAN_POINT('',(-0.815413272715972,10.5628432060225,34.));
#4019=CARTESIAN_POINT('',(-0.799864288105795,10.5757007460546,34.));
#4020=CARTESIAN_POINT('',(-0.770012283157275,10.6027216171128,34.));
#4021=CARTESIAN_POINT('',(-0.755598433516301,10.6170046140499,34.));
#4022=CARTESIAN_POINT('',(-0.728109425802361,10.6468017390895,34.));
#4023=CARTESIAN_POINT('',(-0.714937529769517,10.6624510505873,34.));
#4024=CARTESIAN_POINT('',(-0.69001169622788,10.6949219558555,34.));
#4025=CARTESIAN_POINT('',(-0.678179308706603,10.7118957347253,34.));
#4026=CARTESIAN_POINT('',(-0.655995492590233,10.7469932821676,34.));
#4027=CARTESIAN_POINT('',(-0.645591147613614,10.7652890899119,34.));
#4028=CARTESIAN_POINT('',(-0.62630562501191,10.8030887383805,34.));
#4029=CARTESIAN_POINT('',(-0.617411308981226,10.8227899459225,34.));
#4030=CARTESIAN_POINT('',(-0.601159151668751,10.8636428623871,34.));
#4031=CARTESIAN_POINT('',(-0.593860254347002,10.8850281435921,34.));
#4032=CARTESIAN_POINT('',(-0.580767956215471,10.9299649368415,34.));
#4033=CARTESIAN_POINT('',(-0.57514746831864,10.9536748276343,34.));
#4034=CARTESIAN_POINT('',(-0.57071429737679,10.9777281294747,34.));
#4035=CARTESIAN_POINT('',(-1.36672078173512,10.3947858259453,34.));
#4036=AXIS2_PLACEMENT_3D('',#4037,#4038,#4039);
#4037=CARTESIAN_POINT('',(0.,0.,34.));
#4038=DIRECTION('',(0.,0.,-1.));
#4039=DIRECTION('',(-0.130359423109437,0.991466802674994,0.));
#4040=CARTESIAN_POINT('',(-2.07301192254739,10.7953161724364,34.));
#4041=CARTESIAN_POINT('',(-2.07301192254739,10.7953161724364,34.));
#4042=CARTESIAN_POINT('',(-2.06295123958791,10.7730227430813,34.));
#4043=CARTESIAN_POINT('',(-2.05181992458928,10.7513468894186,34.));
#4044=CARTESIAN_POINT('',(-2.02835398631972,10.710849069736,34.));
#4045=CARTESIAN_POINT('',(-2.01614934891139,10.6918319463978,34.));
#4046=CARTESIAN_POINT('',(-1.99059270691151,10.6560555372619,34.));
#4047=CARTESIAN_POINT('',(-1.97724203596975,10.6390553601549,34.));
#4048=CARTESIAN_POINT('',(-1.94947086762172,10.6069694284252,34.));
#4049=CARTESIAN_POINT('',(-1.934990380617,10.5916951863323,34.));
#4050=CARTESIAN_POINT('',(-1.9050517929985,10.5629264445217,34.));
#4051=CARTESIAN_POINT('',(-1.8895011419884,10.549277568497,34.));
#4052=CARTESIAN_POINT('',(-1.85752881160435,10.5237153511344,34.));
#4053=CARTESIAN_POINT('',(-1.84099454155453,10.5116730212363,34.));
#4054=CARTESIAN_POINT('',(-1.80717339567282,10.489320296638,34.));
#4055=CARTESIAN_POINT('',(-1.78976024140628,10.4789017976353,34.));
#4056=CARTESIAN_POINT('',(-1.75430916376084,10.4598101563763,34.));
#4057=CARTESIAN_POINT('',(-1.73613499365041,10.4510473486708,34.));
#4058=CARTESIAN_POINT('',(-1.69929707536527,10.4352853316639,34.));
#4059=CARTESIAN_POINT('',(-1.68048960996481,10.4282135243557,34.));
#4060=CARTESIAN_POINT('',(-1.64252587295765,10.4158498035508,34.));
#4061=CARTESIAN_POINT('',(-1.62322030986979,10.4105015716753,34.));
#4062=CARTESIAN_POINT('',(-1.58440514709583,10.4015954021582,34.));
#4063=CARTESIAN_POINT('',(-1.5647422690603,10.3979969594534,34.));
#4064=CARTESIAN_POINT('',(-1.52535978323012,10.3925925013808,34.));
#4065=CARTESIAN_POINT('',(-1.50548433452379,10.3907615017731,34.));
#4066=CARTESIAN_POINT('',(-1.46582517101232,10.3888843747969,34.));
#4067=CARTESIAN_POINT('',(-1.44588438953488,10.3888285791717,34.));
#4068=CARTESIAN_POINT('',(-1.40624285567852,10.3904838189574,34.));
#4069=CARTESIAN_POINT('',(-1.38646340117321,10.3921936322667,34.));
#4070=CARTESIAN_POINT('',(-1.36672078173512,10.3947858259453,34.));
#4071=CARTESIAN_POINT('',(-4.40571439665792,13.1769843536024,34.));
#4072=CARTESIAN_POINT('',(-4.32992901065591,13.1300249151945,34.));
#4073=CARTESIAN_POINT('',(-4.25491443620609,13.0819039573734,34.));
#4074=CARTESIAN_POINT('',(-4.10754280867578,12.9840797281682,34.));
#4075=CARTESIAN_POINT('',(-4.03509565393054,12.9344321954935,34.));
#4076=CARTESIAN_POINT('',(-3.89305746209828,12.833574506389,34.));
#4077=CARTESIAN_POINT('',(-3.82330290226508,12.7824418176369,34.));
#4078=CARTESIAN_POINT('',(-3.68672769188305,12.6786739148893,34.));
#4079=CARTESIAN_POINT('',(-3.6197314969273,12.6261175410651,34.));
#4080=CARTESIAN_POINT('',(-3.48875823203772,12.5195609838542,34.));
#4081=CARTESIAN_POINT('',(-3.42459126292864,12.4656414583034,34.));
#4082=CARTESIAN_POINT('',(-3.29937159790243,12.3564154125523,34.));
#4083=CARTESIAN_POINT('',(-3.23811154402358,12.3011919593174,34.));
#4084=CARTESIAN_POINT('',(-3.1188143017606,12.1894122656964,34.));
#4085=CARTESIAN_POINT('',(-3.06054804990725,12.1329423099711,34.));
#4086=CARTESIAN_POINT('',(-2.94736552634381,12.0187202098882,34.));
#4087=CARTESIAN_POINT('',(-2.89219247308401,11.9610587125291,34.));
#4088=CARTESIAN_POINT('',(-2.78534962598569,11.8444990338286,34.));
#4089=CARTESIAN_POINT('',(-2.73338644610771,11.7856975547716,34.));
#4090=CARTESIAN_POINT('',(-2.6331548835371,11.6668959981062,34.));
#4091=CARTESIAN_POINT('',(-2.58454262605543,11.6070013279512,34.));
#4092=CARTESIAN_POINT('',(-2.49126313491796,11.4860401525776,34.));
#4093=CARTESIAN_POINT('',(-2.44617815612872,11.4250922378607,34.));
#4094=CARTESIAN_POINT('',(-2.36029984772844,11.3020328322748,34.));
#4095=CARTESIAN_POINT('',(-2.31897104964753,11.2400615659986,34.));
#4096=CARTESIAN_POINT('',(-2.24112722348727,11.1149301328098,34.));
#4097=CARTESIAN_POINT('',(-2.20386131253936,11.0519508846119,34.));
#4098=CARTESIAN_POINT('',(-2.13504452131147,10.9247055116444,34.));
#4099=CARTESIAN_POINT('',(-2.10300404792185,10.8605651388236,34.));
#4100=CARTESIAN_POINT('',(-2.07301192254739,10.7953161724364,34.));
#4101=CARTESIAN_POINT('',(-5.6069470517023,9.45507136161843,34.));
#4102=CARTESIAN_POINT('',(-5.6069470517023,9.45507136161843,34.));
#4103=CARTESIAN_POINT('',(-5.62776569153717,9.52379937217092,34.));
#4104=CARTESIAN_POINT('',(-5.64631598735403,9.59305589450441,34.));
#4105=CARTESIAN_POINT('',(-5.67918516943634,9.73393439735622,34.));
#4106=CARTESIAN_POINT('',(-5.69305420103045,9.80578691147364,34.));
#4107=CARTESIAN_POINT('',(-5.71776474907641,9.9510691390806,34.));
#4108=CARTESIAN_POINT('',(-5.72792425033145,10.0248613604114,34.));
#4109=CARTESIAN_POINT('',(-5.74524689361275,10.1739205003076,34.));
#4110=CARTESIAN_POINT('',(-5.75191624562924,10.2494375405333,34.));
#4111=CARTESIAN_POINT('',(-5.76230764008657,10.4018340245342,34.));
#4112=CARTESIAN_POINT('',(-5.76563835575631,10.4789017183077,34.));
#4113=CARTESIAN_POINT('',(-5.76939395792536,10.6342917805827,34.));
#4114=CARTESIAN_POINT('',(-5.76949155237828,10.7127632816365,34.));
#4115=CARTESIAN_POINT('',(-5.7668118969436,10.8708593667291,34.));
#4116=CARTESIAN_POINT('',(-5.76375091897612,10.9506061189989,34.));
#4117=CARTESIAN_POINT('',(-5.75477584622055,11.1111564844814,34.));
#4118=CARTESIAN_POINT('',(-5.748609437604,11.1920625251053,34.));
#4119=CARTESIAN_POINT('',(-5.73343781711427,11.3548395316181,34.));
#4120=CARTESIAN_POINT('',(-5.7242039314588,11.4367978096877,34.));
#4121=CARTESIAN_POINT('',(-5.7029059321119,11.6015906760488,34.));
#4122=CARTESIAN_POINT('',(-5.69063152517051,11.6845005915867,34.));
#4123=CARTESIAN_POINT('',(-5.66325669614829,11.8511106595193,34.));
#4124=CARTESIAN_POINT('',(-5.64796064645513,11.9348763651027,34.));
#4125=CARTESIAN_POINT('',(-5.61454348106052,12.1031138721827,34.));
#4126=CARTESIAN_POINT('',(-5.5962386877797,12.1876430684376,34.));
#4127=CARTESIAN_POINT('',(-5.55680259344549,12.3573248761075,34.));
#4128=CARTESIAN_POINT('',(-5.53549752328658,12.4425279377713,34.));
#4129=CARTESIAN_POINT('',(-5.49005773901558,12.6134758901602,34.));
#4130=CARTESIAN_POINT('',(-5.46581862123783,12.6992388083175,34.));
#4131=CARTESIAN_POINT('',(-5.44023231288754,12.7846434593153,34.));
#4132=CARTESIAN_POINT('',(-5.87001281386704,8.68691243351381,34.));
#4133=CARTESIAN_POINT('',(-5.87001281386704,8.68691243351381,34.));
#4134=CARTESIAN_POINT('',(-5.85351630865777,8.69806392696649,34.));
#4135=CARTESIAN_POINT('',(-5.83757735842083,8.70990031777722,34.));
#4136=CARTESIAN_POINT('',(-5.80680761724858,8.73494855231434,34.));
#4137=CARTESIAN_POINT('',(-5.79191872732914,8.74821349996029,34.));
#4138=CARTESIAN_POINT('',(-5.76347818260759,8.77591743960891,34.));
#4139=CARTESIAN_POINT('',(-5.74981537295332,8.79046782287509,34.));
#4140=CARTESIAN_POINT('',(-5.72392097762315,8.82062853652227,34.));
#4141=CARTESIAN_POINT('',(-5.71158931096555,8.83636090951512,34.));
#4142=CARTESIAN_POINT('',(-5.68844162724214,8.86876648704241,34.));
#4143=CARTESIAN_POINT('',(-5.67753773950957,8.88557165239862,34.));
#4144=CARTESIAN_POINT('',(-5.65732013772483,8.92000064450938,34.));
#4145=CARTESIAN_POINT('',(-5.64793202338755,8.93776562473972,34.));
#4146=CARTESIAN_POINT('',(-5.6308105962277,8.97399172217951,34.));
#4147=CARTESIAN_POINT('',(-5.62301785090024,8.99260248192615,34.));
#4148=CARTESIAN_POINT('',(-5.60914243815027,9.03040119345452,34.));
#4149=CARTESIAN_POINT('',(-5.60301724777572,9.04974660908339,34.));
#4150=CARTESIAN_POINT('',(-5.59252435472236,9.08890543185799,34.));
#4151=CARTESIAN_POINT('',(-5.58813381769037,9.10888349432728,34.));
#4152=CARTESIAN_POINT('',(-5.58115307028186,9.1492186654847,34.));
#4153=CARTESIAN_POINT('',(-5.57856411981123,9.16974698492482,34.));
#4154=CARTESIAN_POINT('',(-5.57523196973737,9.21113365318694,34.));
#4155=CARTESIAN_POINT('',(-5.57452186559487,9.23216892659886,34.));
#4156=CARTESIAN_POINT('',(-5.57501175593781,9.27460128234099,34.));
#4157=CARTESIAN_POINT('',(-5.57629183787637,9.2961792300306,34.));
#4158=CARTESIAN_POINT('',(-5.58088656418083,9.33990544517848,34.));
#4159=CARTESIAN_POINT('',(-5.5843619472833,9.36223313799751,34.));
#4160=CARTESIAN_POINT('',(-5.59365246211346,9.40810698667082,34.));
#4161=CARTESIAN_POINT('',(-5.59969430289613,9.43171302330472,34.));
#4162=CARTESIAN_POINT('',(-5.6069470517023,9.45507136161843,34.));
#4163=CARTESIAN_POINT('',(-6.04086899332173,8.56897892797176,34.));
#4164=AXIS2_PLACEMENT_3D('',#4165,#4166,#4167);
#4165=CARTESIAN_POINT('',(0.,0.,34.));
#4166=DIRECTION('',(0.,0.,-1.));
#4167=DIRECTION('',(-0.576185134208144,0.817319210050482,0.));
#4168=CARTESIAN_POINT('',(-6.85239447294056,8.59540107738456,34.));
#4169=CARTESIAN_POINT('',(-6.85239447294056,8.59540107738457,34.));
#4170=CARTESIAN_POINT('',(-6.83312590738626,8.58033665852745,34.));
#4171=CARTESIAN_POINT('',(-6.81319634597641,8.56631662330585,34.));
#4172=CARTESIAN_POINT('',(-6.77359801431428,8.54136275010973,34.));
#4173=CARTESIAN_POINT('',(-6.75395364669928,8.53019570146936,34.));
#4174=CARTESIAN_POINT('',(-6.71469823770704,8.51039402816068,34.));
#4175=CARTESIAN_POINT('',(-6.69497642944467,8.50154548505307,34.));
#4176=CARTESIAN_POINT('',(-6.65547520512009,8.4860407089104,34.));
#4177=CARTESIAN_POINT('',(-6.63555507641137,8.4792454570655,34.));
#4178=CARTESIAN_POINT('',(-6.59567627265511,8.46768515668347,34.));
#4179=CARTESIAN_POINT('',(-6.57556390605437,8.46282642502877,34.));
#4180=CARTESIAN_POINT('',(-6.53537445872441,8.4550504884297,34.));
#4181=CARTESIAN_POINT('',(-6.51513773992996,8.45207139328347,34.));
#4182=CARTESIAN_POINT('',(-6.47480277343534,8.44799650879441,34.));
#4183=CARTESIAN_POINT('',(-6.45454247315996,8.44686368236029,34.));
#4184=CARTESIAN_POINT('',(-6.41427977475748,8.44643381082361,34.));
#4185=CARTESIAN_POINT('',(-6.39411506652907,8.44712068792216,34.));
#4186=CARTESIAN_POINT('',(-6.35417173526973,8.45028354922395,34.));
#4187=CARTESIAN_POINT('',(-6.33423211897926,8.4527620398096,34.));
#4188=CARTESIAN_POINT('',(-6.29487119173926,8.45945713700805,34.));
#4189=CARTESIAN_POINT('',(-6.27529151729246,8.46369325538355,34.));
#4190=CARTESIAN_POINT('',(-6.2367834941788,8.47384553948687,34.));
#4191=CARTESIAN_POINT('',(-6.21770060063234,8.47979707176307,34.));
#4192=CARTESIAN_POINT('',(-6.18031756435016,8.49331361553532,34.));
#4193=CARTESIAN_POINT('',(-6.16186782058485,8.50092892746825,34.));
#4194=CARTESIAN_POINT('',(-6.12587903087859,8.51769734634399,34.));
#4195=CARTESIAN_POINT('',(-6.10819641624318,8.52691488499261,34.));
#4196=CARTESIAN_POINT('',(-6.07386480950767,8.54680286639323,34.));
#4197=CARTESIAN_POINT('',(-6.05714556219652,8.5575088017297,34.));
#4198=CARTESIAN_POINT('',(-6.04086899332173,8.56897892797176,34.));
#4199=CARTESIAN_POINT('',(-10.024716326605,9.6202026263015,34.));
#4200=CARTESIAN_POINT('',(-9.93578856073882,9.61384133357939,34.));
#4201=CARTESIAN_POINT('',(-9.84700352962,9.60609335250432,34.));
#4202=CARTESIAN_POINT('',(-9.67105124791399,9.58796130951484,34.));
#4203=CARTESIAN_POINT('',(-9.58383011933467,9.57766847410801,34.));
#4204=CARTESIAN_POINT('',(-9.41119064129825,9.55437186461658,34.));
#4205=CARTESIAN_POINT('',(-9.32566350066516,9.54151267756341,34.));
#4206=CARTESIAN_POINT('',(-9.15650880875634,9.51310042779742,34.));
#4207=CARTESIAN_POINT('',(-9.07276245948225,9.49769875414302,34.));
#4208=CARTESIAN_POINT('',(-8.90727209161716,9.46421391960016,34.));
#4209=CARTESIAN_POINT('',(-8.82539740922258,9.44629042822567,34.));
#4210=CARTESIAN_POINT('',(-8.66376102784359,9.40776804779032,34.));
#4211=CARTESIAN_POINT('',(-8.58385432564618,9.38733907492421,34.));
#4212=CARTESIAN_POINT('',(-8.42627524985099,9.34380326450238,34.));
#4213=CARTESIAN_POINT('',(-8.34844014910536,9.3208792793214,34.));
#4214=CARTESIAN_POINT('',(-8.19514034494946,9.27233917391057,34.));
#4215=CARTESIAN_POINT('',(-8.11949039852938,9.24692264994803,34.));
#4216=CARTESIAN_POINT('',(-7.9707177721501,9.19336652690813,34.));
#4217=CARTESIAN_POINT('',(-7.89738025154684,9.16544889674221,34.));
#4218=CARTESIAN_POINT('',(-7.75341977425075,9.10683527223253,34.));
#4219=CARTESIAN_POINT('',(-7.68254131684006,9.07639241813637,34.));
#4220=CARTESIAN_POINT('',(-7.54373296822876,9.01263575753977,34.));
#4221=CARTESIAN_POINT('',(-7.4754882938367,8.97962109355716,34.));
#4222=CARTESIAN_POINT('',(-7.34225827087707,8.91056704125735,34.));
#4223=CARTESIAN_POINT('',(-7.27686395414389,8.87490066025668,34.));
#4224=CARTESIAN_POINT('',(-7.14978519265647,8.80027810855819,34.));
#4225=CARTESIAN_POINT('',(-7.08751995126072,8.76183108609505,34.));
#4226=CARTESIAN_POINT('',(-6.96745183544854,8.68114166137383,34.));
#4227=CARTESIAN_POINT('',(-6.90927388770757,8.63923813219941,34.));
#4228=CARTESIAN_POINT('',(-6.85239447294056,8.59540107738457,34.));
#4229=CARTESIAN_POINT('',(-9.35869580751981,5.76637169077759,34.));
#4230=CARTESIAN_POINT('',(-9.35869580751981,5.76637169077759,34.));
#4231=CARTESIAN_POINT('',(-9.40906929667971,5.81755241751075,34.));
#4232=CARTESIAN_POINT('',(-9.45767987863194,5.87025527021236,34.));
#4233=CARTESIAN_POINT('',(-9.55225359868308,5.97972191888773,34.));
#4234=CARTESIAN_POINT('',(-9.59792554455803,6.03689890011574,34.));
#4235=CARTESIAN_POINT('',(-9.68732166587761,6.15405635969978,34.));
#4236=CARTESIAN_POINT('',(-9.73061041265052,6.21467477107384,34.));
#4237=CARTESIAN_POINT('',(-9.81522008783887,6.33860985093976,34.));
#4238=CARTESIAN_POINT('',(-9.8562200242461,6.40237746682248,34.));
#4239=CARTESIAN_POINT('',(-9.93624332453653,6.53248873007534,34.));
#4240=CARTESIAN_POINT('',(-9.97500766990856,6.59918092315907,34.));
#4241=CARTESIAN_POINT('',(-10.0505464531236,6.73502667477415,34.));
#4242=CARTESIAN_POINT('',(-10.0871003936048,6.80446438382056,34.));
#4243=CARTESIAN_POINT('',(-10.1581985907054,6.94569681297158,34.));
#4244=CARTESIAN_POINT('',(-10.1925483929947,7.01773156268575,34.));
#4245=CARTESIAN_POINT('',(-10.2592128358624,7.16406277550335,34.));
#4246=CARTESIAN_POINT('',(-10.2913516640325,7.23856718965791,34.));
#4247=CARTESIAN_POINT('',(-10.3535641080534,7.38974967451149,34.));
#4248=CARTESIAN_POINT('',(-10.3834758193193,7.46661132631247,34.));
#4249=CARTESIAN_POINT('',(-10.4412004410487,7.62242583663128,34.));
#4250=CARTESIAN_POINT('',(-10.4688621524038,7.70154312225947,34.));
#4251=CARTESIAN_POINT('',(-10.5220505043589,7.8617907282222,34.));
#4252=CARTESIAN_POINT('',(-10.5474343893966,7.94307000570723,34.));
#4253=CARTESIAN_POINT('',(-10.5960288268847,8.10756665119506,34.));
#4254=CARTESIAN_POINT('',(-10.6191034135897,8.19092019895959,34.));
#4255=CARTESIAN_POINT('',(-10.6630395541318,8.3594928448567,34.));
#4256=CARTESIAN_POINT('',(-10.6837706884668,8.44483736899588,34.));
#4257=CARTESIAN_POINT('',(-10.7229792323682,8.61732118419503,34.));
#4258=CARTESIAN_POINT('',(-10.7413725748452,8.70452495655629,34.));
#4259=CARTESIAN_POINT('',(-10.7584065442612,8.79203756977855,34.));
#4260=CARTESIAN_POINT('',(-9.23464771806911,4.96394798377873,34.));
#4261=CARTESIAN_POINT('',(-9.23464771806911,4.96394798377873,34.));
#4262=CARTESIAN_POINT('',(-9.2252231455397,4.98148844907993,34.));
#4263=CARTESIAN_POINT('',(-9.21661055109293,4.99937625215843,34.));
#4264=CARTESIAN_POINT('',(-9.20100579337236,5.03585477408183,34.));
#4265=CARTESIAN_POINT('',(-9.19398686462493,5.05451951405649,34.));
#4266=CARTESIAN_POINT('',(-9.18167867563998,5.09226711451035,34.));
#4267=CARTESIAN_POINT('',(-9.17634275877016,5.11150026329051,34.));
#4268=CARTESIAN_POINT('',(-9.16743079291164,5.1502399744634,34.));
#4269=CARTESIAN_POINT('',(-9.16382284264433,5.16990111017345,34.));
#4270=CARTESIAN_POINT('',(-9.15838620939192,5.20935208906516,34.));
#4271=CARTESIAN_POINT('',(-9.15654104604713,5.22929961328661,34.));
#4272=CARTESIAN_POINT('',(-9.15463919914656,5.26918055984077,34.));
#4273=CARTESIAN_POINT('',(-9.15458223470103,5.28927354290567,34.));
#4274=CARTESIAN_POINT('',(-9.15625707076754,5.32930688310928,34.));
#4275=CARTESIAN_POINT('',(-9.15800578876457,5.34940736179643,34.));
#4276=CARTESIAN_POINT('',(-9.16328565805732,5.38932468450774,34.));
#4277=CARTESIAN_POINT('',(-9.16685233424745,5.40930071724532,34.));
#4278=CARTESIAN_POINT('',(-9.17575935120013,5.44885042337224,34.));
#4279=CARTESIAN_POINT('',(-9.18115599229132,5.46858050346303,34.));
#4280=CARTESIAN_POINT('',(-9.19371953612009,5.50753963888904,34.));
#4281=CARTESIAN_POINT('',(-9.2009671200527,5.52691970830881,34.));
#4282=CARTESIAN_POINT('',(-9.21724999144651,5.56511431045526,34.));
#4283=CARTESIAN_POINT('',(-9.22639680443949,5.58407012189869,34.));
#4284=CARTESIAN_POINT('',(-9.24654987975333,5.6214144435791,34.));
#4285=CARTESIAN_POINT('',(-9.25771110831566,5.63992588364313,34.));
#4286=CARTESIAN_POINT('',(-9.28210012181317,5.67650824854194,34.));
#4287=CARTESIAN_POINT('',(-9.29555361695398,5.69466334762804,34.));
#4288=CARTESIAN_POINT('',(-9.32509859976108,5.73096510583394,34.));
#4289=CARTESIAN_POINT('',(-9.34141865631202,5.74905942979971,34.));
#4290=CARTESIAN_POINT('',(-9.35869580751981,5.76637169077759,34.));
#4291=CARTESIAN_POINT('',(-9.33112691890161,4.78012222499066,34.));
#4292=AXIS2_PLACEMENT_3D('',#4293,#4294,#4295);
#4293=CARTESIAN_POINT('',(0.,0.,34.));
#4294=DIRECTION('',(0.,0.,-1.));
#4295=DIRECTION('',(-0.890013774843371,0.455933636167647,0.));
#4296=CARTESIAN_POINT('',(-10.0619760298885,4.42638318131613,34.));
#4297=CARTESIAN_POINT('',(-10.0619760298885,4.42638318131613,34.));
#4298=CARTESIAN_POINT('',(-10.0379137778965,4.42199884977126,34.));
#4299=CARTESIAN_POINT('',(-10.0137515924172,4.41884645410025,34.));
#4300=CARTESIAN_POINT('',(-9.96709236793468,4.41515315901303,34.));
#4301=CARTESIAN_POINT('',(-9.94450855799331,4.41439442133649,34.));
#4302=CARTESIAN_POINT('',(-9.90054732312986,4.41510380857405,34.));
#4303=CARTESIAN_POINT('',(-9.87897240614624,4.4164339940553,34.));
#4304=CARTESIAN_POINT('',(-9.83679038029651,4.42106233086109,34.));
#4305=CARTESIAN_POINT('',(-9.81599407130739,4.42430277957023,34.));
#4306=CARTESIAN_POINT('',(-9.77531080476225,4.43259924611751,34.));
#4307=CARTESIAN_POINT('',(-9.75524422337879,4.43764373570084,34.));
#4308=CARTESIAN_POINT('',(-9.71604457715088,4.44943545322996,34.));
#4309=CARTESIAN_POINT('',(-9.69674139800871,4.45620206763165,34.));
#4310=CARTESIAN_POINT('',(-9.65913286563606,4.47133853018063,34.));
#4311=CARTESIAN_POINT('',(-9.64066680998184,4.47975089319906,34.));
#4312=CARTESIAN_POINT('',(-9.60481618980821,4.49808126977328,34.));
#4313=CARTESIAN_POINT('',(-9.58728043510586,4.50806047641032,34.));
#4314=CARTESIAN_POINT('',(-9.55338222669452,4.52942364261313,34.));
#4315=CARTESIAN_POINT('',(-9.53687838530776,4.54088463876857,34.));
#4316=CARTESIAN_POINT('',(-9.50513738191501,4.56510478788683,34.));
#4317=CARTESIAN_POINT('',(-9.48976906356437,4.5779548128443,34.));
#4318=CARTESIAN_POINT('',(-9.46038990413438,4.60483978462823,34.));
#4319=CARTESIAN_POINT('',(-9.44625865601468,4.61897786756475,34.));
#4320=CARTESIAN_POINT('',(-9.41943907237832,4.64831893589557,34.));
#4321=CARTESIAN_POINT('',(-9.40664164750714,4.66363598317983,34.));
#4322=CARTESIAN_POINT('',(-9.38256782961586,4.69520850522434,34.));
#4323=CARTESIAN_POINT('',(-9.37119425573686,4.71158775112584,34.));
#4324=CARTESIAN_POINT('',(-9.35003753348459,4.74515237727859,34.));
#4325=CARTESIAN_POINT('',(-9.3402086714378,4.76240183387714,34.));
#4326=CARTESIAN_POINT('',(-9.33112691890162,4.78012222499066,34.));
#4327=CARTESIAN_POINT('',(-13.3471765570552,3.85954841332465,34.));
#4328=CARTESIAN_POINT('',(-13.2654786907889,3.89524256178903,34.));
#4329=CARTESIAN_POINT('',(-13.1832627836548,3.92964252655101,34.));
#4330=CARTESIAN_POINT('',(-13.0190383950571,3.99535650231132,34.));
#4331=CARTESIAN_POINT('',(-12.9370246020727,4.0267763287219,34.));
#4332=CARTESIAN_POINT('',(-12.773333461719,4.0863777713235,34.));
#4333=CARTESIAN_POINT('',(-12.6916269774913,4.1147379707531,34.));
#4334=CARTESIAN_POINT('',(-12.5286441054369,4.1681902779854,34.));
#4335=CARTESIAN_POINT('',(-12.4473328812103,4.1934716423247,34.));
#4336=CARTESIAN_POINT('',(-12.2852372592725,4.24072950250768,34.));
#4337=CARTESIAN_POINT('',(-12.2044113666321,4.26290810118188,34.));
#4338=CARTESIAN_POINT('',(-12.0433872159447,4.30391439917502,34.));
#4339=CARTESIAN_POINT('',(-11.963139527922,4.32295993816556,34.));
#4340=CARTESIAN_POINT('',(-11.8033780858255,4.35764154044712,34.));
#4341=CARTESIAN_POINT('',(-11.7238052197538,4.37351513455148,34.));
#4342=CARTESIAN_POINT('',(-11.5655072726746,4.40177697699065,34.));
#4343=CARTESIAN_POINT('',(-11.4867109241384,4.41442804576213,34.));
#4344=CARTESIAN_POINT('',(-11.3300905342772,4.43614454075009,34.));
#4345=CARTESIAN_POINT('',(-11.2521794151059,4.44550635210229,34.));
#4346=CARTESIAN_POINT('',(-11.0974696335211,4.46050833475279,34.));
#4347=CARTESIAN_POINT('',(-11.0205623765961,4.46649138771274,34.));
#4348=CARTESIAN_POINT('',(-10.8680244903559,4.47454512448475,34.));
#4349=CARTESIAN_POINT('',(-10.7922541528268,4.477026972885,34.));
#4350=CARTESIAN_POINT('',(-10.642193807972,4.47779772506163,34.));
#4351=CARTESIAN_POINT('',(-10.5677150224632,4.47660696739722,34.));
#4352=CARTESIAN_POINT('',(-10.4205135384403,4.469588424484,34.));
#4353=CARTESIAN_POINT('',(-10.3475131830229,4.4644813772651,34.));
#4354=CARTESIAN_POINT('',(-10.2036999009814,4.44883287558075,34.));
#4355=CARTESIAN_POINT('',(-10.1327123455962,4.43876578359431,34.));
#4356=CARTESIAN_POINT('',(-10.0619760298885,4.42638318131613,34.));
#4357=CARTESIAN_POINT('',(-10.9664801383454,0.756665757891779,34.));
#4358=CARTESIAN_POINT('',(-10.9664801383454,0.756665757891779,34.));
#4359=CARTESIAN_POINT('',(-11.0348685175302,0.778574313105668,34.));
#4360=CARTESIAN_POINT('',(-11.1024032871135,0.802649907759685,34.));
#4361=CARTESIAN_POINT('',(-11.2370158456067,0.855627212263212,34.));
#4362=CARTESIAN_POINT('',(-11.3040278133691,0.885030103259797,34.));
#4363=CARTESIAN_POINT('',(-11.437629933908,0.947223432730658,34.));
#4364=CARTESIAN_POINT('',(-11.5041309959991,0.980781086633241,34.));
#4365=CARTESIAN_POINT('',(-11.636644646166,1.05120007325121,34.));
#4366=CARTESIAN_POINT('',(-11.7025825756358,1.08860987247535,34.));
#4367=CARTESIAN_POINT('',(-11.8339054080481,1.16662899257956,34.));
#4368=CARTESIAN_POINT('',(-11.8992229387587,1.20766730726608,34.));
#4369=CARTESIAN_POINT('',(-12.0292398781262,1.29284812364502,34.));
#4370=CARTESIAN_POINT('',(-12.0938760973942,1.33734469835661,34.));
#4371=CARTESIAN_POINT('',(-12.2224644069005,1.42935882408282,34.));
#4372=CARTESIAN_POINT('',(-12.2863558637021,1.4771792781947,34.));
#4373=CARTESIAN_POINT('',(-12.4133878017258,1.57576862097316,34.));
#4374=CARTESIAN_POINT('',(-12.4764692484635,1.62680334525111,34.));
#4375=CARTESIAN_POINT('',(-12.601813635811,1.73175722311197,34.));
#4376=CARTESIAN_POINT('',(-12.6640185314225,1.78591417050005,34.));
#4377=CARTESIAN_POINT('',(-12.7875417590472,1.89705509823091,34.));
#4378=CARTESIAN_POINT('',(-12.8488026239871,1.95425493727863,34.));
#4379=CARTESIAN_POINT('',(-12.9703693464757,2.07142928593847,34.));
#4380=CARTESIAN_POINT('',(-13.0306180240911,2.13160203237483,34.));
#4381=CARTESIAN_POINT('',(-13.1500916644598,2.25467361718862,34.));
#4382=CARTESIAN_POINT('',(-13.2092595214155,2.31775622318913,34.));
#4383=CARTESIAN_POINT('',(-13.3265026565235,2.44660174565897,34.));
#4384=CARTESIAN_POINT('',(-13.3845207423136,2.51253633030626,34.));
#4385=CARTESIAN_POINT('',(-13.4993954094937,2.64704204490894,34.));
#4386=CARTESIAN_POINT('',(-13.5562075191278,2.71570933814551,34.));
#4387=CARTESIAN_POINT('',(-13.6119594891985,2.78528182854431,34.));
#4388=CARTESIAN_POINT('',(-10.4837361196309,0.103802873018151,34.));
#4389=CARTESIAN_POINT('',(-10.4837361196309,0.103802873018151,34.));
#4390=CARTESIAN_POINT('',(-10.4835425357694,0.12371400095288,34.));
#4391=CARTESIAN_POINT('',(-10.4842293387075,0.143555336185275,34.));
#4392=CARTESIAN_POINT('',(-10.4873644263747,0.183107355736147,34.));
#4393=CARTESIAN_POINT('',(-10.4898234107881,0.202896021045812,34.));
#4394=CARTESIAN_POINT('',(-10.4964672353064,0.242039761948831,34.));
#4395=CARTESIAN_POINT('',(-10.5006806054712,0.261549593642016,34.));
#4396=CARTESIAN_POINT('',(-10.5107926930616,0.299993501375031,34.));
#4397=CARTESIAN_POINT('',(-10.5167349971104,0.319079270553478,34.));
#4398=CARTESIAN_POINT('',(-10.5302548814885,0.356537906981367,34.));
#4399=CARTESIAN_POINT('',(-10.5378911472172,0.375058052662637,34.));
#4400=CARTESIAN_POINT('',(-10.554740745406,0.41125470942215,34.));
#4401=CARTESIAN_POINT('',(-10.5640279807202,0.429072635048133,34.));
#4402=CARTESIAN_POINT('',(-10.5841153952542,0.46374206222896,34.));
#4403=CARTESIAN_POINT('',(-10.5950049663569,0.480727482426421,34.));
#4404=CARTESIAN_POINT('',(-10.6182305632667,0.513618838743391,34.));
#4405=CARTESIAN_POINT('',(-10.6306720234895,0.529649220226798,34.));
#4406=CARTESIAN_POINT('',(-10.6569384602055,0.560529448657999,34.));
#4407=CARTESIAN_POINT('',(-10.6708859739825,0.575491622794731,34.));
#4408=CARTESIAN_POINT('',(-10.7001156525645,0.604149654071715,34.));
#4409=CARTESIAN_POINT('',(-10.7155394367642,0.61794173312221,34.));
#4410=CARTESIAN_POINT('',(-10.7477071200192,0.644194346096094,34.));
#4411=CARTESIAN_POINT('',(-10.7646154255221,0.656728147611644,34.));
#4412=CARTESIAN_POINT('',(-10.7998148591233,0.680429301181205,34.));
#4413=CARTESIAN_POINT('',(-10.8183003313532,0.691633485788026,34.));
#4414=CARTESIAN_POINT('',(-10.8568964029709,0.712691421504745,34.));
#4415=CARTESIAN_POINT('',(-10.8772459765455,0.722514812449953,34.));
#4416=CARTESIAN_POINT('',(-10.9202770278241,0.740928184867074,34.));
#4417=CARTESIAN_POINT('',(-10.9431365718655,0.749365604604395,34.));
#4418=CARTESIAN_POINT('',(-10.9664801383454,0.756665757891779,34.));
#4419=CARTESIAN_POINT('',(-10.4837361196309,-0.103802873018149,34.));
#4420=AXIS2_PLACEMENT_3D('',#4421,#4422,#4423);
#4421=CARTESIAN_POINT('',(0.,0.,34.));
#4422=DIRECTION('',(0.,0.,-1.));
#4423=DIRECTION('',(-0.999950985490701,-0.00990083916523832,0.));
#4424=CARTESIAN_POINT('',(-10.9664801383454,-0.756665757891779,34.));
#4425=CARTESIAN_POINT('',(-10.9664801383454,-0.756665757891779,34.));
#4426=CARTESIAN_POINT('',(-10.9431365718655,-0.749365604604395,34.));
#4427=CARTESIAN_POINT('',(-10.9202770278241,-0.740928184867072,34.));
#4428=CARTESIAN_POINT('',(-10.8772459765455,-0.722514812449952,34.));
#4429=CARTESIAN_POINT('',(-10.8568964029709,-0.712691421504745,34.));
#4430=CARTESIAN_POINT('',(-10.8183003313532,-0.691633485788026,34.));
#4431=CARTESIAN_POINT('',(-10.7998148591233,-0.680429301181204,34.));
#4432=CARTESIAN_POINT('',(-10.7646154255221,-0.656728147611642,34.));
#4433=CARTESIAN_POINT('',(-10.7477071200192,-0.644194346096092,34.));
#4434=CARTESIAN_POINT('',(-10.7155394367642,-0.617941733122208,34.));
#4435=CARTESIAN_POINT('',(-10.7001156525645,-0.604149654071714,34.));
#4436=CARTESIAN_POINT('',(-10.6708859739825,-0.575491622794729,34.));
#4437=CARTESIAN_POINT('',(-10.6569384602055,-0.560529448658,34.));
#4438=CARTESIAN_POINT('',(-10.6306720234895,-0.529649220226798,34.));
#4439=CARTESIAN_POINT('',(-10.6182305632667,-0.51361883874339,34.));
#4440=CARTESIAN_POINT('',(-10.5950049663569,-0.480727482426422,34.));
#4441=CARTESIAN_POINT('',(-10.5841153952542,-0.463742062228959,34.));
#4442=CARTESIAN_POINT('',(-10.5640279807202,-0.429072635048133,34.));
#4443=CARTESIAN_POINT('',(-10.554740745406,-0.411254709422149,34.));
#4444=CARTESIAN_POINT('',(-10.5378911472172,-0.375058052662636,34.));
#4445=CARTESIAN_POINT('',(-10.5302548814885,-0.356537906981366,34.));
#4446=CARTESIAN_POINT('',(-10.5167349971104,-0.319079270553477,34.));
#4447=CARTESIAN_POINT('',(-10.5107926930616,-0.299993501375031,34.));
#4448=CARTESIAN_POINT('',(-10.5006806054712,-0.261549593642016,34.));
#4449=CARTESIAN_POINT('',(-10.4964672353064,-0.242039761948831,34.));
#4450=CARTESIAN_POINT('',(-10.4898234107881,-0.202896021045812,34.));
#4451=CARTESIAN_POINT('',(-10.4873644263747,-0.183107355736147,34.));
#4452=CARTESIAN_POINT('',(-10.4842293387075,-0.143555336185275,34.));
#4453=CARTESIAN_POINT('',(-10.4835425357694,-0.123714000952878,34.));
#4454=CARTESIAN_POINT('',(-10.4837361196309,-0.10380287301815,34.));
#4455=CARTESIAN_POINT('',(-13.6119594891985,-2.78528182854431,34.));
#4456=CARTESIAN_POINT('',(-13.5562075191278,-2.71570933814551,34.));
#4457=CARTESIAN_POINT('',(-13.4993954094937,-2.64704204490894,34.));
#4458=CARTESIAN_POINT('',(-13.3845207423136,-2.51253633030626,34.));
#4459=CARTESIAN_POINT('',(-13.3265026565235,-2.44660174565897,34.));
#4460=CARTESIAN_POINT('',(-13.2092595214155,-2.31775622318913,34.));
#4461=CARTESIAN_POINT('',(-13.1500916644598,-2.25467361718861,34.));
#4462=CARTESIAN_POINT('',(-13.0306180240911,-2.13160203237483,34.));
#4463=CARTESIAN_POINT('',(-12.9703693464757,-2.07142928593847,34.));
#4464=CARTESIAN_POINT('',(-12.8488026239871,-1.95425493727863,34.));
#4465=CARTESIAN_POINT('',(-12.7875417590472,-1.89705509823091,34.));
#4466=CARTESIAN_POINT('',(-12.6640185314225,-1.78591417050005,34.));
#4467=CARTESIAN_POINT('',(-12.601813635811,-1.73175722311197,34.));
#4468=CARTESIAN_POINT('',(-12.4764692484635,-1.62680334525111,34.));
#4469=CARTESIAN_POINT('',(-12.4133878017258,-1.57576862097316,34.));
#4470=CARTESIAN_POINT('',(-12.2863558637021,-1.47717927819469,34.));
#4471=CARTESIAN_POINT('',(-12.2224644069005,-1.42935882408282,34.));
#4472=CARTESIAN_POINT('',(-12.0938760973942,-1.33734469835661,34.));
#4473=CARTESIAN_POINT('',(-12.0292398781262,-1.29284812364502,34.));
#4474=CARTESIAN_POINT('',(-11.8992229387587,-1.20766730726608,34.));
#4475=CARTESIAN_POINT('',(-11.8339054080481,-1.16662899257955,34.));
#4476=CARTESIAN_POINT('',(-11.7025825756358,-1.08860987247534,34.));
#4477=CARTESIAN_POINT('',(-11.636644646166,-1.05120007325121,34.));
#4478=CARTESIAN_POINT('',(-11.5041309959991,-0.98078108663324,34.));
#4479=CARTESIAN_POINT('',(-11.437629933908,-0.947223432730656,34.));
#4480=CARTESIAN_POINT('',(-11.3040278133691,-0.885030103259796,34.));
#4481=CARTESIAN_POINT('',(-11.2370158456067,-0.855627212263211,34.));
#4482=CARTESIAN_POINT('',(-11.1024032871135,-0.802649907759684,34.));
#4483=CARTESIAN_POINT('',(-11.0348685175302,-0.778574313105667,34.));
#4484=CARTESIAN_POINT('',(-10.9664801383454,-0.756665757891779,34.));
#4485=CARTESIAN_POINT('',(-10.0619760298885,-4.42638318131613,34.));
#4486=CARTESIAN_POINT('',(-10.0619760298885,-4.42638318131613,34.));
#4487=CARTESIAN_POINT('',(-10.1327123455962,-4.43876578359431,34.));
#4488=CARTESIAN_POINT('',(-10.2036999009814,-4.44883287558075,34.));
#4489=CARTESIAN_POINT('',(-10.3475131830229,-4.46448137726509,34.));
#4490=CARTESIAN_POINT('',(-10.4205135384403,-4.469588424484,34.));
#4491=CARTESIAN_POINT('',(-10.5677150224632,-4.47660696739722,34.));
#4492=CARTESIAN_POINT('',(-10.642193807972,-4.47779772506163,34.));
#4493=CARTESIAN_POINT('',(-10.7922541528268,-4.477026972885,34.));
#4494=CARTESIAN_POINT('',(-10.8680244903559,-4.47454512448475,34.));
#4495=CARTESIAN_POINT('',(-11.0205623765961,-4.46649138771274,34.));
#4496=CARTESIAN_POINT('',(-11.0974696335211,-4.46050833475279,34.));
#4497=CARTESIAN_POINT('',(-11.2521794151059,-4.44550635210229,34.));
#4498=CARTESIAN_POINT('',(-11.3300905342772,-4.43614454075009,34.));
#4499=CARTESIAN_POINT('',(-11.4867109241384,-4.41442804576213,34.));
#4500=CARTESIAN_POINT('',(-11.5655072726746,-4.40177697699065,34.));
#4501=CARTESIAN_POINT('',(-11.7238052197538,-4.37351513455148,34.));
#4502=CARTESIAN_POINT('',(-11.8033780858255,-4.35764154044712,34.));
#4503=CARTESIAN_POINT('',(-11.963139527922,-4.32295993816556,34.));
#4504=CARTESIAN_POINT('',(-12.0433872159447,-4.30391439917502,34.));
#4505=CARTESIAN_POINT('',(-12.2044113666321,-4.26290810118188,34.));
#4506=CARTESIAN_POINT('',(-12.2852372592725,-4.24072950250768,34.));
#4507=CARTESIAN_POINT('',(-12.4473328812103,-4.1934716423247,34.));
#4508=CARTESIAN_POINT('',(-12.528644105437,-4.1681902779854,34.));
#4509=CARTESIAN_POINT('',(-12.6916269774913,-4.1147379707531,34.));
#4510=CARTESIAN_POINT('',(-12.773333461719,-4.0863777713235,34.));
#4511=CARTESIAN_POINT('',(-12.9370246020727,-4.0267763287219,34.));
#4512=CARTESIAN_POINT('',(-13.0190383950571,-3.99535650231132,34.));
#4513=CARTESIAN_POINT('',(-13.1832627836548,-3.929642526551,34.));
#4514=CARTESIAN_POINT('',(-13.2654786907889,-3.89524256178903,34.));
#4515=CARTESIAN_POINT('',(-13.3471765570552,-3.85954841332465,34.));
#4516=CARTESIAN_POINT('',(-9.33112691890162,-4.78012222499066,34.));
#4517=CARTESIAN_POINT('',(-9.33112691890162,-4.78012222499066,34.));
#4518=CARTESIAN_POINT('',(-9.3402086714378,-4.76240183387714,34.));
#4519=CARTESIAN_POINT('',(-9.35003753348459,-4.74515237727859,34.));
#4520=CARTESIAN_POINT('',(-9.37119425573686,-4.71158775112584,34.));
#4521=CARTESIAN_POINT('',(-9.38256782961586,-4.69520850522434,34.));
#4522=CARTESIAN_POINT('',(-9.40664164750714,-4.66363598317983,34.));
#4523=CARTESIAN_POINT('',(-9.41943907237832,-4.64831893589557,34.));
#4524=CARTESIAN_POINT('',(-9.44625865601469,-4.61897786756475,34.));
#4525=CARTESIAN_POINT('',(-9.46038990413438,-4.60483978462823,34.));
#4526=CARTESIAN_POINT('',(-9.48976906356438,-4.57795481284429,34.));
#4527=CARTESIAN_POINT('',(-9.50513738191501,-4.56510478788683,34.));
#4528=CARTESIAN_POINT('',(-9.53687838530776,-4.54088463876857,34.));
#4529=CARTESIAN_POINT('',(-9.55338222669453,-4.52942364261313,34.));
#4530=CARTESIAN_POINT('',(-9.58728043510587,-4.50806047641032,34.));
#4531=CARTESIAN_POINT('',(-9.60481618980821,-4.49808126977328,34.));
#4532=CARTESIAN_POINT('',(-9.64066680998185,-4.47975089319906,34.));
#4533=CARTESIAN_POINT('',(-9.65913286563606,-4.47133853018063,34.));
#4534=CARTESIAN_POINT('',(-9.69674139800871,-4.45620206763165,34.));
#4535=CARTESIAN_POINT('',(-9.71604457715089,-4.44943545322996,34.));
#4536=CARTESIAN_POINT('',(-9.7552442233788,-4.43764373570084,34.));
#4537=CARTESIAN_POINT('',(-9.77531080476225,-4.43259924611751,34.));
#4538=CARTESIAN_POINT('',(-9.81599407130739,-4.42430277957023,34.));
#4539=CARTESIAN_POINT('',(-9.83679038029651,-4.42106233086109,34.));
#4540=CARTESIAN_POINT('',(-9.87897240614624,-4.4164339940553,34.));
#4541=CARTESIAN_POINT('',(-9.90054732312987,-4.41510380857405,34.));
#4542=CARTESIAN_POINT('',(-9.94450855799331,-4.41439442133649,34.));
#4543=CARTESIAN_POINT('',(-9.96709236793468,-4.41515315901303,34.));
#4544=CARTESIAN_POINT('',(-10.0137515924172,-4.41884645410025,34.));
#4545=CARTESIAN_POINT('',(-10.0379137778965,-4.42199884977126,34.));
#4546=CARTESIAN_POINT('',(-10.0619760298885,-4.42638318131613,34.));
#4547=CARTESIAN_POINT('',(-9.23464771806911,-4.96394798377873,34.));
#4548=AXIS2_PLACEMENT_3D('',#4549,#4550,#4551);
#4549=CARTESIAN_POINT('',(0.,0.,34.));
#4550=DIRECTION('',(0.,0.,-1.));
#4551=DIRECTION('',(-0.880811476077842,-0.473467151563414,0.));
#4552=CARTESIAN_POINT('',(-9.35869580751981,-5.76637169077759,34.));
#4553=CARTESIAN_POINT('',(-9.35869580751981,-5.76637169077759,34.));
#4554=CARTESIAN_POINT('',(-9.34141865631203,-5.74905942979971,34.));
#4555=CARTESIAN_POINT('',(-9.32509859976108,-5.73096510583394,34.));
#4556=CARTESIAN_POINT('',(-9.29555361695398,-5.69466334762804,34.));
#4557=CARTESIAN_POINT('',(-9.28210012181317,-5.67650824854194,34.));
#4558=CARTESIAN_POINT('',(-9.25771110831567,-5.63992588364313,34.));
#4559=CARTESIAN_POINT('',(-9.24654987975333,-5.6214144435791,34.));
#4560=CARTESIAN_POINT('',(-9.22639680443949,-5.58407012189869,34.));
#4561=CARTESIAN_POINT('',(-9.21724999144651,-5.56511431045526,34.));
#4562=CARTESIAN_POINT('',(-9.2009671200527,-5.52691970830881,34.));
#4563=CARTESIAN_POINT('',(-9.19371953612009,-5.50753963888904,34.));
#4564=CARTESIAN_POINT('',(-9.18115599229132,-5.46858050346303,34.));
#4565=CARTESIAN_POINT('',(-9.17575935120013,-5.44885042337224,34.));
#4566=CARTESIAN_POINT('',(-9.16685233424745,-5.40930071724532,34.));
#4567=CARTESIAN_POINT('',(-9.16328565805732,-5.38932468450773,34.));
#4568=CARTESIAN_POINT('',(-9.15800578876457,-5.34940736179643,34.));
#4569=CARTESIAN_POINT('',(-9.15625707076754,-5.32930688310928,34.));
#4570=CARTESIAN_POINT('',(-9.15458223470103,-5.28927354290567,34.));
#4571=CARTESIAN_POINT('',(-9.15463919914656,-5.26918055984077,34.));
#4572=CARTESIAN_POINT('',(-9.15654104604713,-5.22929961328661,34.));
#4573=CARTESIAN_POINT('',(-9.15838620939192,-5.20935208906516,34.));
#4574=CARTESIAN_POINT('',(-9.16382284264433,-5.16990111017344,34.));
#4575=CARTESIAN_POINT('',(-9.16743079291164,-5.1502399744634,34.));
#4576=CARTESIAN_POINT('',(-9.17634275877017,-5.11150026329051,34.));
#4577=CARTESIAN_POINT('',(-9.18167867563998,-5.09226711451035,34.));
#4578=CARTESIAN_POINT('',(-9.19398686462493,-5.05451951405649,34.));
#4579=CARTESIAN_POINT('',(-9.20100579337236,-5.03585477408183,34.));
#4580=CARTESIAN_POINT('',(-9.21661055109293,-4.99937625215843,34.));
#4581=CARTESIAN_POINT('',(-9.22522314553971,-4.98148844907992,34.));
#4582=CARTESIAN_POINT('',(-9.23464771806911,-4.96394798377873,34.));
#4583=CARTESIAN_POINT('',(-10.7584065442612,-8.79203756977855,34.));
#4584=CARTESIAN_POINT('',(-10.7413725748452,-8.70452495655629,34.));
#4585=CARTESIAN_POINT('',(-10.7229792323682,-8.61732118419504,34.));
#4586=CARTESIAN_POINT('',(-10.6837706884668,-8.44483736899588,34.));
#4587=CARTESIAN_POINT('',(-10.6630395541318,-8.3594928448567,34.));
#4588=CARTESIAN_POINT('',(-10.6191034135897,-8.19092019895959,34.));
#4589=CARTESIAN_POINT('',(-10.5960288268847,-8.10756665119506,34.));
#4590=CARTESIAN_POINT('',(-10.5474343893966,-7.94307000570723,34.));
#4591=CARTESIAN_POINT('',(-10.5220505043589,-7.8617907282222,34.));
#4592=CARTESIAN_POINT('',(-10.4688621524038,-7.70154312225947,34.));
#4593=CARTESIAN_POINT('',(-10.4412004410487,-7.62242583663128,34.));
#4594=CARTESIAN_POINT('',(-10.3834758193193,-7.46661132631247,34.));
#4595=CARTESIAN_POINT('',(-10.3535641080534,-7.38974967451149,34.));
#4596=CARTESIAN_POINT('',(-10.2913516640325,-7.23856718965791,34.));
#4597=CARTESIAN_POINT('',(-10.2592128358624,-7.16406277550335,34.));
#4598=CARTESIAN_POINT('',(-10.1925483929947,-7.01773156268575,34.));
#4599=CARTESIAN_POINT('',(-10.1581985907054,-6.94569681297157,34.));
#4600=CARTESIAN_POINT('',(-10.0871003936048,-6.80446438382056,34.));
#4601=CARTESIAN_POINT('',(-10.0505464531236,-6.73502667477415,34.));
#4602=CARTESIAN_POINT('',(-9.97500766990856,-6.59918092315906,34.));
#4603=CARTESIAN_POINT('',(-9.93624332453653,-6.53248873007534,34.));
#4604=CARTESIAN_POINT('',(-9.8562200242461,-6.40237746682248,34.));
#4605=CARTESIAN_POINT('',(-9.81522008783887,-6.33860985093976,34.));
#4606=CARTESIAN_POINT('',(-9.73061041265052,-6.21467477107384,34.));
#4607=CARTESIAN_POINT('',(-9.68732166587762,-6.15405635969978,34.));
#4608=CARTESIAN_POINT('',(-9.59792554455803,-6.03689890011574,34.));
#4609=CARTESIAN_POINT('',(-9.55225359868309,-5.97972191888773,34.));
#4610=CARTESIAN_POINT('',(-9.45767987863194,-5.87025527021236,34.));
#4611=CARTESIAN_POINT('',(-9.40906929667972,-5.81755241751075,34.));
#4612=CARTESIAN_POINT('',(-9.35869580751981,-5.76637169077759,34.));
#4613=CARTESIAN_POINT('',(-6.85239447294056,-8.59540107738456,34.));
#4614=CARTESIAN_POINT('',(-6.85239447294056,-8.59540107738456,34.));
#4615=CARTESIAN_POINT('',(-6.90927388770757,-8.63923813219941,34.));
#4616=CARTESIAN_POINT('',(-6.96745183544854,-8.68114166137383,34.));
#4617=CARTESIAN_POINT('',(-7.08751995126072,-8.76183108609505,34.));
#4618=CARTESIAN_POINT('',(-7.14978519265647,-8.80027810855819,34.));
#4619=CARTESIAN_POINT('',(-7.27686395414389,-8.87490066025668,34.));
#4620=CARTESIAN_POINT('',(-7.34225827087707,-8.91056704125735,34.));
#4621=CARTESIAN_POINT('',(-7.4754882938367,-8.97962109355716,34.));
#4622=CARTESIAN_POINT('',(-7.54373296822876,-9.01263575753977,34.));
#4623=CARTESIAN_POINT('',(-7.68254131684006,-9.07639241813637,34.));
#4624=CARTESIAN_POINT('',(-7.75341977425076,-9.10683527223253,34.));
#4625=CARTESIAN_POINT('',(-7.89738025154684,-9.16544889674221,34.));
#4626=CARTESIAN_POINT('',(-7.9707177721501,-9.19336652690813,34.));
#4627=CARTESIAN_POINT('',(-8.11949039852938,-9.24692264994803,34.));
#4628=CARTESIAN_POINT('',(-8.19514034494946,-9.27233917391057,34.));
#4629=CARTESIAN_POINT('',(-8.34844014910536,-9.3208792793214,34.));
#4630=CARTESIAN_POINT('',(-8.42627524985099,-9.34380326450238,34.));
#4631=CARTESIAN_POINT('',(-8.58385432564618,-9.38733907492421,34.));
#4632=CARTESIAN_POINT('',(-8.66376102784359,-9.40776804779032,34.));
#4633=CARTESIAN_POINT('',(-8.82539740922258,-9.44629042822567,34.));
#4634=CARTESIAN_POINT('',(-8.90727209161716,-9.46421391960016,34.));
#4635=CARTESIAN_POINT('',(-9.07276245948225,-9.49769875414302,34.));
#4636=CARTESIAN_POINT('',(-9.15650880875635,-9.51310042779742,34.));
#4637=CARTESIAN_POINT('',(-9.32566350066516,-9.54151267756341,34.));
#4638=CARTESIAN_POINT('',(-9.41119064129825,-9.55437186461658,34.));
#4639=CARTESIAN_POINT('',(-9.58383011933468,-9.57766847410801,34.));
#4640=CARTESIAN_POINT('',(-9.67105124791399,-9.58796130951484,34.));
#4641=CARTESIAN_POINT('',(-9.84700352962,-9.60609335250432,34.));
#4642=CARTESIAN_POINT('',(-9.93578856073882,-9.61384133357939,34.));
#4643=CARTESIAN_POINT('',(-10.024716326605,-9.6202026263015,34.));
#4644=CARTESIAN_POINT('',(-6.04086899332173,-8.56897892797176,34.));
#4645=CARTESIAN_POINT('',(-6.04086899332173,-8.56897892797176,34.));
#4646=CARTESIAN_POINT('',(-6.05714556219652,-8.5575088017297,34.));
#4647=CARTESIAN_POINT('',(-6.07386480950767,-8.54680286639323,34.));
#4648=CARTESIAN_POINT('',(-6.10819641624318,-8.52691488499261,34.));
#4649=CARTESIAN_POINT('',(-6.12587903087859,-8.51769734634399,34.));
#4650=CARTESIAN_POINT('',(-6.16186782058485,-8.50092892746825,34.));
#4651=CARTESIAN_POINT('',(-6.18031756435016,-8.49331361553531,34.));
#4652=CARTESIAN_POINT('',(-6.21770060063234,-8.47979707176307,34.));
#4653=CARTESIAN_POINT('',(-6.23678349417881,-8.47384553948687,34.));
#4654=CARTESIAN_POINT('',(-6.27529151729246,-8.46369325538355,34.));
#4655=CARTESIAN_POINT('',(-6.29487119173926,-8.45945713700806,34.));
#4656=CARTESIAN_POINT('',(-6.33423211897926,-8.4527620398096,34.));
#4657=CARTESIAN_POINT('',(-6.35417173526973,-8.45028354922395,34.));
#4658=CARTESIAN_POINT('',(-6.39411506652907,-8.44712068792216,34.));
#4659=CARTESIAN_POINT('',(-6.41427977475748,-8.44643381082361,34.));
#4660=CARTESIAN_POINT('',(-6.45454247315996,-8.44686368236029,34.));
#4661=CARTESIAN_POINT('',(-6.47480277343534,-8.44799650879441,34.));
#4662=CARTESIAN_POINT('',(-6.51513773992996,-8.45207139328347,34.));
#4663=CARTESIAN_POINT('',(-6.53537445872442,-8.4550504884297,34.));
#4664=CARTESIAN_POINT('',(-6.57556390605437,-8.46282642502877,34.));
#4665=CARTESIAN_POINT('',(-6.59567627265512,-8.46768515668347,34.));
#4666=CARTESIAN_POINT('',(-6.63555507641137,-8.4792454570655,34.));
#4667=CARTESIAN_POINT('',(-6.65547520512009,-8.4860407089104,34.));
#4668=CARTESIAN_POINT('',(-6.69497642944467,-8.50154548505308,34.));
#4669=CARTESIAN_POINT('',(-6.71469823770704,-8.51039402816068,34.));
#4670=CARTESIAN_POINT('',(-6.75395364669928,-8.53019570146936,34.));
#4671=CARTESIAN_POINT('',(-6.77359801431428,-8.54136275010973,34.));
#4672=CARTESIAN_POINT('',(-6.81319634597641,-8.56631662330584,34.));
#4673=CARTESIAN_POINT('',(-6.83312590738626,-8.58033665852745,34.));
#4674=CARTESIAN_POINT('',(-6.85239447294056,-8.59540107738456,34.));
#4675=CARTESIAN_POINT('',(-5.87001281386704,-8.6869124335138,34.));
#4676=AXIS2_PLACEMENT_3D('',#4677,#4678,#4679);
#4677=CARTESIAN_POINT('',(0.,0.,34.));
#4678=DIRECTION('',(0.,0.,-1.));
#4679=DIRECTION('',(-0.559888672424545,-0.828567845436136,0.));
#4680=CARTESIAN_POINT('',(-5.6069470517023,-9.45507136161843,34.));
#4681=CARTESIAN_POINT('',(-5.6069470517023,-9.45507136161843,34.));
#4682=CARTESIAN_POINT('',(-5.59969430289613,-9.43171302330472,34.));
#4683=CARTESIAN_POINT('',(-5.59365246211346,-9.40810698667082,34.));
#4684=CARTESIAN_POINT('',(-5.5843619472833,-9.36223313799751,34.));
#4685=CARTESIAN_POINT('',(-5.58088656418084,-9.33990544517848,34.));
#4686=CARTESIAN_POINT('',(-5.57629183787637,-9.2961792300306,34.));
#4687=CARTESIAN_POINT('',(-5.57501175593781,-9.27460128234099,34.));
#4688=CARTESIAN_POINT('',(-5.57452186559487,-9.23216892659886,34.));
#4689=CARTESIAN_POINT('',(-5.57523196973737,-9.21113365318694,34.));
#4690=CARTESIAN_POINT('',(-5.57856411981123,-9.16974698492482,34.));
#4691=CARTESIAN_POINT('',(-5.58115307028186,-9.1492186654847,34.));
#4692=CARTESIAN_POINT('',(-5.58813381769037,-9.10888349432728,34.));
#4693=CARTESIAN_POINT('',(-5.59252435472236,-9.08890543185799,34.));
#4694=CARTESIAN_POINT('',(-5.60301724777572,-9.04974660908339,34.));
#4695=CARTESIAN_POINT('',(-5.60914243815027,-9.03040119345452,34.));
#4696=CARTESIAN_POINT('',(-5.62301785090024,-8.99260248192615,34.));
#4697=CARTESIAN_POINT('',(-5.6308105962277,-8.97399172217951,34.));
#4698=CARTESIAN_POINT('',(-5.64793202338755,-8.93776562473972,34.));
#4699=CARTESIAN_POINT('',(-5.65732013772483,-8.92000064450938,34.));
#4700=CARTESIAN_POINT('',(-5.67753773950957,-8.88557165239861,34.));
#4701=CARTESIAN_POINT('',(-5.68844162724214,-8.8687664870424,34.));
#4702=CARTESIAN_POINT('',(-5.71158931096555,-8.83636090951511,34.));
#4703=CARTESIAN_POINT('',(-5.72392097762315,-8.82062853652227,34.));
#4704=CARTESIAN_POINT('',(-5.74981537295332,-8.79046782287509,34.));
#4705=CARTESIAN_POINT('',(-5.76347818260759,-8.77591743960891,34.));
#4706=CARTESIAN_POINT('',(-5.79191872732914,-8.74821349996028,34.));
#4707=CARTESIAN_POINT('',(-5.80680761724859,-8.73494855231434,34.));
#4708=CARTESIAN_POINT('',(-5.83757735842083,-8.70990031777722,34.));
#4709=CARTESIAN_POINT('',(-5.85351630865777,-8.69806392696649,34.));
#4710=CARTESIAN_POINT('',(-5.87001281386704,-8.6869124335138,34.));
#4711=CARTESIAN_POINT('',(-5.44023231288755,-12.7846434593153,34.));
#4712=CARTESIAN_POINT('',(-5.46581862123784,-12.6992388083175,34.));
#4713=CARTESIAN_POINT('',(-5.49005773901558,-12.6134758901602,34.));
#4714=CARTESIAN_POINT('',(-5.53549752328658,-12.4425279377713,34.));
#4715=CARTESIAN_POINT('',(-5.55680259344549,-12.3573248761075,34.));
#4716=CARTESIAN_POINT('',(-5.5962386877797,-12.1876430684376,34.));
#4717=CARTESIAN_POINT('',(-5.61454348106052,-12.1031138721827,34.));
#4718=CARTESIAN_POINT('',(-5.64796064645513,-11.9348763651027,34.));
#4719=CARTESIAN_POINT('',(-5.66325669614829,-11.8511106595193,34.));
#4720=CARTESIAN_POINT('',(-5.6906315251705,-11.6845005915867,34.));
#4721=CARTESIAN_POINT('',(-5.7029059321119,-11.6015906760488,34.));
#4722=CARTESIAN_POINT('',(-5.7242039314588,-11.4367978096877,34.));
#4723=CARTESIAN_POINT('',(-5.73343781711427,-11.3548395316181,34.));
#4724=CARTESIAN_POINT('',(-5.74860943760401,-11.1920625251053,34.));
#4725=CARTESIAN_POINT('',(-5.75477584622055,-11.1111564844814,34.));
#4726=CARTESIAN_POINT('',(-5.76375091897612,-10.9506061189989,34.));
#4727=CARTESIAN_POINT('',(-5.7668118969436,-10.8708593667291,34.));
#4728=CARTESIAN_POINT('',(-5.76949155237828,-10.7127632816365,34.));
#4729=CARTESIAN_POINT('',(-5.76939395792536,-10.6342917805827,34.));
#4730=CARTESIAN_POINT('',(-5.76563835575631,-10.4789017183077,34.));
#4731=CARTESIAN_POINT('',(-5.76230764008657,-10.4018340245342,34.));
#4732=CARTESIAN_POINT('',(-5.75191624562924,-10.2494375405333,34.));
#4733=CARTESIAN_POINT('',(-5.74524689361275,-10.1739205003076,34.));
#4734=CARTESIAN_POINT('',(-5.72792425033146,-10.0248613604114,34.));
#4735=CARTESIAN_POINT('',(-5.71776474907642,-9.95106913908059,34.));
#4736=CARTESIAN_POINT('',(-5.69305420103045,-9.80578691147364,34.));
#4737=CARTESIAN_POINT('',(-5.67918516943634,-9.73393439735622,34.));
#4738=CARTESIAN_POINT('',(-5.64631598735404,-9.59305589450441,34.));
#4739=CARTESIAN_POINT('',(-5.62776569153717,-9.52379937217092,34.));
#4740=CARTESIAN_POINT('',(-5.6069470517023,-9.45507136161843,34.));
#4741=CARTESIAN_POINT('',(-2.07301192254739,-10.7953161724364,34.));
#4742=CARTESIAN_POINT('',(-2.07301192254739,-10.7953161724364,34.));
#4743=CARTESIAN_POINT('',(-2.10300404792186,-10.8605651388236,34.));
#4744=CARTESIAN_POINT('',(-2.13504452131147,-10.9247055116444,34.));
#4745=CARTESIAN_POINT('',(-2.20386131253936,-11.0519508846118,34.));
#4746=CARTESIAN_POINT('',(-2.24112722348727,-11.1149301328098,34.));
#4747=CARTESIAN_POINT('',(-2.31897104964753,-11.2400615659986,34.));
#4748=CARTESIAN_POINT('',(-2.36029984772844,-11.3020328322748,34.));
#4749=CARTESIAN_POINT('',(-2.44617815612872,-11.4250922378607,34.));
#4750=CARTESIAN_POINT('',(-2.49126313491796,-11.4860401525776,34.));
#4751=CARTESIAN_POINT('',(-2.58454262605543,-11.6070013279512,34.));
#4752=CARTESIAN_POINT('',(-2.6331548835371,-11.6668959981062,34.));
#4753=CARTESIAN_POINT('',(-2.73338644610771,-11.7856975547716,34.));
#4754=CARTESIAN_POINT('',(-2.78534962598569,-11.8444990338286,34.));
#4755=CARTESIAN_POINT('',(-2.89219247308401,-11.9610587125291,34.));
#4756=CARTESIAN_POINT('',(-2.94736552634381,-12.0187202098882,34.));
#4757=CARTESIAN_POINT('',(-3.06054804990725,-12.1329423099711,34.));
#4758=CARTESIAN_POINT('',(-3.1188143017606,-12.1894122656964,34.));
#4759=CARTESIAN_POINT('',(-3.23811154402358,-12.3011919593174,34.));
#4760=CARTESIAN_POINT('',(-3.29937159790243,-12.3564154125523,34.));
#4761=CARTESIAN_POINT('',(-3.42459126292864,-12.4656414583034,34.));
#4762=CARTESIAN_POINT('',(-3.48875823203771,-12.5195609838542,34.));
#4763=CARTESIAN_POINT('',(-3.6197314969273,-12.6261175410651,34.));
#4764=CARTESIAN_POINT('',(-3.68672769188305,-12.6786739148893,34.));
#4765=CARTESIAN_POINT('',(-3.82330290226508,-12.7824418176369,34.));
#4766=CARTESIAN_POINT('',(-3.89305746209828,-12.833574506389,34.));
#4767=CARTESIAN_POINT('',(-4.03509565393054,-12.9344321954935,34.));
#4768=CARTESIAN_POINT('',(-4.10754280867578,-12.9840797281682,34.));
#4769=CARTESIAN_POINT('',(-4.25491443620609,-13.0819039573734,34.));
#4770=CARTESIAN_POINT('',(-4.32992901065591,-13.1300249151945,34.));
#4771=CARTESIAN_POINT('',(-4.40571439665792,-13.1769843536023,34.));
#4772=CARTESIAN_POINT('',(-1.36672078173512,-10.3947858259453,34.));
#4773=CARTESIAN_POINT('',(-1.36672078173512,-10.3947858259453,34.));
#4774=CARTESIAN_POINT('',(-1.38646340117321,-10.3921936322667,34.));
#4775=CARTESIAN_POINT('',(-1.40624285567852,-10.3904838189574,34.));
#4776=CARTESIAN_POINT('',(-1.44588438953488,-10.3888285791717,34.));
#4777=CARTESIAN_POINT('',(-1.46582517101232,-10.3888843747969,34.));
#4778=CARTESIAN_POINT('',(-1.50548433452379,-10.3907615017731,34.));
#4779=CARTESIAN_POINT('',(-1.52535978323012,-10.3925925013808,34.));
#4780=CARTESIAN_POINT('',(-1.5647422690603,-10.3979969594534,34.));
#4781=CARTESIAN_POINT('',(-1.58440514709583,-10.4015954021582,34.));
#4782=CARTESIAN_POINT('',(-1.62322030986979,-10.4105015716753,34.));
#4783=CARTESIAN_POINT('',(-1.64252587295765,-10.4158498035508,34.));
#4784=CARTESIAN_POINT('',(-1.68048960996481,-10.4282135243557,34.));
#4785=CARTESIAN_POINT('',(-1.69929707536527,-10.4352853316639,34.));
#4786=CARTESIAN_POINT('',(-1.73613499365041,-10.4510473486708,34.));
#4787=CARTESIAN_POINT('',(-1.75430916376084,-10.4598101563763,34.));
#4788=CARTESIAN_POINT('',(-1.78976024140628,-10.4789017976353,34.));
#4789=CARTESIAN_POINT('',(-1.80717339567281,-10.489320296638,34.));
#4790=CARTESIAN_POINT('',(-1.84099454155453,-10.5116730212363,34.));
#4791=CARTESIAN_POINT('',(-1.85752881160435,-10.5237153511344,34.));
#4792=CARTESIAN_POINT('',(-1.8895011419884,-10.549277568497,34.));
#4793=CARTESIAN_POINT('',(-1.9050517929985,-10.5629264445217,34.));
#4794=CARTESIAN_POINT('',(-1.934990380617,-10.5916951863323,34.));
#4795=CARTESIAN_POINT('',(-1.94947086762173,-10.6069694284252,34.));
#4796=CARTESIAN_POINT('',(-1.97724203596975,-10.6390553601549,34.));
#4797=CARTESIAN_POINT('',(-1.99059270691151,-10.6560555372619,34.));
#4798=CARTESIAN_POINT('',(-2.01614934891139,-10.6918319463978,34.));
#4799=CARTESIAN_POINT('',(-2.02835398631972,-10.710849069736,34.));
#4800=CARTESIAN_POINT('',(-2.05181992458929,-10.7513468894186,34.));
#4801=CARTESIAN_POINT('',(-2.06295123958791,-10.7730227430813,34.));
#4802=CARTESIAN_POINT('',(-2.07301192254739,-10.7953161724364,34.));
#4803=CARTESIAN_POINT('',(-1.16062871533114,-10.4198099333744,34.));
#4804=AXIS2_PLACEMENT_3D('',#4805,#4806,#4807);
#4805=CARTESIAN_POINT('',(0.,0.,34.));
#4806=DIRECTION('',(0.,0.,-1.));
#4807=DIRECTION('',(-0.110702121308738,-0.993853631244433,0.));
#4808=CARTESIAN_POINT('',(-0.57071429737679,-10.9777281294747,34.));
#4809=CARTESIAN_POINT('',(-0.57071429737679,-10.9777281294747,34.));
#4810=CARTESIAN_POINT('',(-0.575147468318641,-10.9536748276343,34.));
#4811=CARTESIAN_POINT('',(-0.580767956215472,-10.9299649368415,34.));
#4812=CARTESIAN_POINT('',(-0.593860254347002,-10.8850281435921,34.));
#4813=CARTESIAN_POINT('',(-0.601159151668752,-10.8636428623871,34.));
#4814=CARTESIAN_POINT('',(-0.617411308981226,-10.8227899459225,34.));
#4815=CARTESIAN_POINT('',(-0.62630562501191,-10.8030887383805,34.));
#4816=CARTESIAN_POINT('',(-0.645591147613616,-10.7652890899119,34.));
#4817=CARTESIAN_POINT('',(-0.655995492590234,-10.7469932821676,34.));
#4818=CARTESIAN_POINT('',(-0.678179308706604,-10.7118957347253,34.));
#4819=CARTESIAN_POINT('',(-0.69001169622788,-10.6949219558554,34.));
#4820=CARTESIAN_POINT('',(-0.714937529769519,-10.6624510505873,34.));
#4821=CARTESIAN_POINT('',(-0.728109425802361,-10.6468017390895,34.));
#4822=CARTESIAN_POINT('',(-0.755598433516301,-10.6170046140499,34.));
#4823=CARTESIAN_POINT('',(-0.770012283157276,-10.6027216171128,34.));
#4824=CARTESIAN_POINT('',(-0.799864288105794,-10.5757007460546,34.));
#4825=CARTESIAN_POINT('',(-0.815413272715972,-10.5628432060225,34.));
#4826=CARTESIAN_POINT('',(-0.847408650475434,-10.5387233136982,34.));
#4827=CARTESIAN_POINT('',(-0.863977210848843,-10.5273560791819,34.));
#4828=CARTESIAN_POINT('',(-0.897878958597383,-10.5062663086928,34.));
#4829=CARTESIAN_POINT('',(-0.915343621444288,-10.4964533630607,34.));
#4830=CARTESIAN_POINT('',(-0.950899500257486,-10.4785169141798,34.));
#4831=CARTESIAN_POINT('',(-0.969129847086817,-10.4703174009612,34.));
#4832=CARTESIAN_POINT('',(-1.00607457797978,-10.4556451408603,34.));
#4833=CARTESIAN_POINT('',(-1.02493429538142,-10.4491108405633,34.));
#4834=CARTESIAN_POINT('',(-1.0629918097896,-10.4377972004247,34.));
#4835=CARTESIAN_POINT('',(-1.08233979563108,-10.4329708847532,34.));
#4836=CARTESIAN_POINT('',(-1.12122554336801,-10.4250911862709,34.));
#4837=CARTESIAN_POINT('',(-1.14083942798102,-10.4220177822187,34.));
#4838=CARTESIAN_POINT('',(-1.16062871533114,-10.4198099333744,34.));
#4839=CARTESIAN_POINT('',(1.12423357946206,-13.8484416039788,34.));
#4840=CARTESIAN_POINT('',(1.06188850824008,-13.7847100915114,34.));
#4841=CARTESIAN_POINT('',(1.00056981997744,-13.7200352785526,34.));
#4842=CARTESIAN_POINT('',(0.880891414501789,-13.5897853047202,34.));
#4843=CARTESIAN_POINT('',(0.82243087466837,-13.5242427001508,34.));
#4844=CARTESIAN_POINT('',(0.708656879413406,-13.3923237879577,34.));
#4845=CARTESIAN_POINT('',(0.653166113690716,-13.3259835633873,34.));
#4846=CARTESIAN_POINT('',(0.545392815284821,-13.1925463801052,34.));
#4847=CARTESIAN_POINT('',(0.492920971508132,-13.1254839600865,34.));
#4848=CARTESIAN_POINT('',(0.391254204935142,-12.9906797888785,34.));
#4849=CARTESIAN_POINT('',(0.341855598404909,-12.9229709059078,34.));
#4850=CARTESIAN_POINT('',(0.246414092963304,-12.7869517432184,34.));
#4851=CARTESIAN_POINT('',(0.200149982309734,-12.7186724926816,34.));
#4852=CARTESIAN_POINT('',(0.111069932725757,-12.5815912150261,34.));
#4853=CARTESIAN_POINT('',(0.0680109372233639,-12.5128181468163,34.));
#4854=CARTESIAN_POINT('',(-0.014547570148542,-12.3748287825593,34.));
#4855=CARTESIAN_POINT('',(-0.0543180952092532,-12.3056390476263,34.));
#4856=CARTESIAN_POINT('',(-0.1301617264125,-12.1668972144225,34.));
#4857=CARTESIAN_POINT('',(-0.166542835700852,-12.0973687965686,34.));
#4858=CARTESIAN_POINT('',(-0.235430777774828,-11.9580324142476,34.));
#4859=CARTESIAN_POINT('',(-0.268296718627839,-11.8882444996615,34.));
#4860=CARTESIAN_POINT('',(-0.329917773243904,-11.7484749928203,34.));
#4861=CARTESIAN_POINT('',(-0.359106873790722,-11.6785085720884,34.));
#4862=CARTESIAN_POINT('',(-0.413039671231743,-11.5384730247548,34.));
#4863=CARTESIAN_POINT('',(-0.43833683479684,-11.4684119020814,34.));
#4864=CARTESIAN_POINT('',(-0.483972748787432,-11.3282873139557,34.));
#4865=CARTESIAN_POINT('',(-0.505083859472418,-11.2582198120165,34.));
#4866=CARTESIAN_POINT('',(-0.541449148857426,-11.1182030222216,34.));
#4867=CARTESIAN_POINT('',(-0.55720878839227,-11.0482586648912,34.));
#4868=CARTESIAN_POINT('',(-0.57071429737679,-10.9777281294747,34.));
#4869=CARTESIAN_POINT('',(3.1812726767995,-10.5221544300461,34.));
#4870=CARTESIAN_POINT('',(3.1812726767995,-10.5221544300461,34.));
#4871=CARTESIAN_POINT('',(3.18503867529658,-10.5938675561417,34.));
#4872=CARTESIAN_POINT('',(3.18647576258231,-10.6655509861709,34.));
#4873=CARTESIAN_POINT('',(3.18467539347679,-10.8102019259107,34.));
#4874=CARTESIAN_POINT('',(3.18094598407197,-10.8832856130635,34.));
#4875=CARTESIAN_POINT('',(3.17017017569238,-11.0302598243964,34.));
#4876=CARTESIAN_POINT('',(3.16237482583806,-11.1043391056789,34.));
#4877=CARTESIAN_POINT('',(3.14352191750583,-11.2532124377578,34.));
#4878=CARTESIAN_POINT('',(3.13192505962714,-11.3281311704493,34.));
#4879=CARTESIAN_POINT('',(3.10554363324336,-11.478586113062,34.));
#4880=CARTESIAN_POINT('',(3.09033405803855,-11.5542114521523,34.));
#4881=CARTESIAN_POINT('',(3.05679325325706,-11.7059849360554,34.));
#4882=CARTESIAN_POINT('',(3.03810855239022,-11.7821995537861,34.));
#4883=CARTESIAN_POINT('',(2.9976718932472,-11.9350603704535,34.));
#4884=CARTESIAN_POINT('',(2.97561521474213,-12.0117572870605,34.));
#4885=CARTESIAN_POINT('',(2.92847872392225,-12.1654944752119,34.));
#4886=CARTESIAN_POINT('',(2.90312941707633,-12.2425738151617,34.));
#4887=CARTESIAN_POINT('',(2.84944356886038,-12.3969900112646,34.));
#4888=CARTESIAN_POINT('',(2.82086410338007,-12.474356917247,34.));
#4889=CARTESIAN_POINT('',(2.76074747090358,-12.6292642575488,34.));
#4890=CARTESIAN_POINT('',(2.7289880944071,-12.7068275037729,34.));
#4891=CARTESIAN_POINT('',(2.66253632908026,-12.8620449605406,34.));
#4892=CARTESIAN_POINT('',(2.62763830931555,-12.9397160026644,34.));
#4893=CARTESIAN_POINT('',(2.55493031524913,-13.095067582413,34.));
#4894=CARTESIAN_POINT('',(2.51692826524003,-13.1727598900865,34.));
#4895=CARTESIAN_POINT('',(2.43803059761493,-13.3280733776973,34.));
#4896=CARTESIAN_POINT('',(2.39695418677304,-13.4057019562216,34.));
#4897=CARTESIAN_POINT('',(2.31192427726498,-13.5608080196414,34.));
#4898=CARTESIAN_POINT('',(2.26786509446698,-13.6382780226921,34.));
#4899=CARTESIAN_POINT('',(2.22258360694934,-13.715077765369,34.));
#4900=CARTESIAN_POINT('',(3.62052669017608,-9.83927256194393,34.));
#4901=CARTESIAN_POINT('',(3.62052669017608,-9.83927256194393,34.));
#4902=CARTESIAN_POINT('',(3.60184081636359,-9.84615214116131,34.));
#4903=CARTESIAN_POINT('',(3.58353238932303,-9.85383014750285,34.));
#4904=CARTESIAN_POINT('',(3.54766232602004,-9.87078684481904,34.));
#4905=CARTESIAN_POINT('',(3.53003157042457,-9.88010319261288,34.));
#4906=CARTESIAN_POINT('',(3.49578746952364,-9.90019583827244,34.));
#4907=CARTESIAN_POINT('',(3.47903954164979,-9.91105368947671,34.));
#4908=CARTESIAN_POINT('',(3.44667965916491,-9.9341410531804,34.));
#4909=CARTESIAN_POINT('',(3.43094132503489,-9.94646511100856,34.));
#4910=CARTESIAN_POINT('',(3.40071110861871,-9.97238943804066,34.));
#4911=CARTESIAN_POINT('',(3.38610232873596,-9.98609680469773,34.));
#4912=CARTESIAN_POINT('',(3.35823281659735,-10.0146869640685,34.));
#4913=CARTESIAN_POINT('',(3.34486606575562,-10.0296890034408,34.));
#4914=CARTESIAN_POINT('',(3.31957268357876,-10.060765010613,34.));
#4915=CARTESIAN_POINT('',(3.30755253493612,-10.0769700494804,34.));
#4916=CARTESIAN_POINT('',(3.2850344927045,-10.1103497955286,34.));
#4917=CARTESIAN_POINT('',(3.27445762823801,-10.1276672145348,34.));
#4918=CARTESIAN_POINT('',(3.2548983199017,-10.1631770394164,34.));
#4919=CARTESIAN_POINT('',(3.24585430060537,-10.1815238514126,34.));
#4920=CARTESIAN_POINT('',(3.22942356274987,-10.2190163535991,34.));
#4921=CARTESIAN_POINT('',(3.22199709407117,-10.2383285809833,34.));
#4922=CARTESIAN_POINT('',(3.20885729221473,-10.2777151921745,34.));
#4923=CARTESIAN_POINT('',(3.20313375197799,-10.2979692797266,34.));
#4924=CARTESIAN_POINT('',(3.1934546795962,-10.3392858667614,34.));
#4925=CARTESIAN_POINT('',(3.18953362379477,-10.3605431421669,34.));
#4926=CARTESIAN_POINT('',(3.18353046747851,-10.4040983429495,34.));
#4927=CARTESIAN_POINT('',(3.18156149562527,-10.42660894721,34.));
#4928=CARTESIAN_POINT('',(3.17960371441061,-10.4733731509413,34.));
#4929=CARTESIAN_POINT('',(3.1798206959425,-10.4977391461933,34.));
#4930=CARTESIAN_POINT('',(3.1812726767995,-10.5221544300461,34.));
#4931=CARTESIAN_POINT('',(3.81464143479484,-9.76565454982134,34.));
#4932=AXIS2_PLACEMENT_3D('',#4933,#4934,#4935);
#4933=CARTESIAN_POINT('',(0.,0.,34.));
#4934=DIRECTION('',(0.,0.,-1.));
#4935=DIRECTION('',(0.363844951693716,-0.931459527369277,0.));
#4936=CARTESIAN_POINT('',(4.59626222462486,-9.98551967883377,34.));
#4937=CARTESIAN_POINT('',(4.59626222462486,-9.98551967883377,34.));
#4938=CARTESIAN_POINT('',(4.58115871997228,-9.96628173504468,34.));
#4939=CARTESIAN_POINT('',(4.56516348943888,-9.94789964033848,34.));
#4940=CARTESIAN_POINT('',(4.5326876660683,-9.91419438029922,34.));
#4941=CARTESIAN_POINT('',(4.5162865777375,-9.89865062091176,34.));
#4942=CARTESIAN_POINT('',(4.48291071018865,-9.8700299139615,34.));
#4943=CARTESIAN_POINT('',(4.46587957680322,-9.85671875578977,34.));
#4944=CARTESIAN_POINT('',(4.43123672206918,-9.83221125852361,34.));
#4945=CARTESIAN_POINT('',(4.41352164630664,-9.82084626551283,34.));
#4946=CARTESIAN_POINT('',(4.37756820907605,-9.80007826403799,34.));
#4947=CARTESIAN_POINT('',(4.35920304188952,-9.79054751392134,34.));
#4948=CARTESIAN_POINT('',(4.32204233029029,-9.77337956762253,34.));
#4949=CARTESIAN_POINT('',(4.30310659789916,-9.76564407576567,34.));
#4950=CARTESIAN_POINT('',(4.26491887591345,-9.75203481071339,34.));
#4951=CARTESIAN_POINT('',(4.24551840625308,-9.74608629493755,34.));
#4952=CARTESIAN_POINT('',(4.20652854368406,-9.73603342027226,34.));
#4953=CARTESIAN_POINT('',(4.18678540477977,-9.73187460742583,34.));
#4954=CARTESIAN_POINT('',(4.14724583187929,-9.72538649687227,34.));
#4955=CARTESIAN_POINT('',(4.12729248297851,-9.72302110450778,34.));
#4956=CARTESIAN_POINT('',(4.08747307111501,-9.72010196790008,34.));
#4957=CARTESIAN_POINT('',(4.06744857693999,-9.71952926957765,34.));
#4958=CARTESIAN_POINT('',(4.02762992637831,-9.7201709736241,34.));
#4959=CARTESIAN_POINT('',(4.00767725213636,-9.72138272984323,34.));
#4960=CARTESIAN_POINT('',(3.9681457782959,-9.72556016125781,34.));
#4961=CARTESIAN_POINT('',(3.94840968711938,-9.72853887338111,34.));
#4962=CARTESIAN_POINT('',(3.90945372093272,-9.73620735136422,34.));
#4963=CARTESIAN_POINT('',(3.89007902955699,-9.74092531842409,34.));
#4964=CARTESIAN_POINT('',(3.85198553143782,-9.75201929995818,34.));
#4965=CARTESIAN_POINT('',(3.83319001704067,-9.75841296249436,34.));
#4966=CARTESIAN_POINT('',(3.81464143479484,-9.76565454982134,34.));
#4967=CARTESIAN_POINT('',(7.43115110724026,-11.7397286689839,34.));
#4968=CARTESIAN_POINT('',(7.346329777624,-11.7122704165052,34.));
#4969=CARTESIAN_POINT('',(7.26197889138713,-11.6834999289778,34.));
#4970=CARTESIAN_POINT('',(7.09547874512016,-11.6237866330246,34.));
#4971=CARTESIAN_POINT('',(7.01325534076219,-11.5929195063823,34.));
#4972=CARTESIAN_POINT('',(6.85120769577411,-11.5289845226543,34.));
#4973=CARTESIAN_POINT('',(6.77124322330039,-11.496031015731,34.));
#4974=CARTESIAN_POINT('',(6.61380335573895,-11.4279630068446,34.));
#4975=CARTESIAN_POINT('',(6.53617638493371,-11.392967064627,34.));
#4976=CARTESIAN_POINT('',(6.38350831181446,-11.3208508012009,34.));
#4977=CARTESIAN_POINT('',(6.30830213113372,-11.2838542399055,34.));
#4978=CARTESIAN_POINT('',(6.16058161829926,-11.2077691318513,34.));
#4979=CARTESIAN_POINT('',(6.08788583285534,-11.1688108622911,34.));
#4980=CARTESIAN_POINT('',(5.94530452000584,-11.0888289821953,34.));
#4981=CARTESIAN_POINT('',(5.87521723457005,-11.0479439675212,34.));
#4982=CARTESIAN_POINT('',(5.73798845168284,-10.9641273048889,34.));
#4983=CARTESIAN_POINT('',(5.67061932753352,-10.9213451217392,34.));
#4984=CARTESIAN_POINT('',(5.53898658245554,-10.8337416223908,34.));
#4985=CARTESIAN_POINT('',(5.47446124312398,-10.7890844103589,34.));
#4986=CARTESIAN_POINT('',(5.34871115414643,-10.6977219939962,34.));
#4987=CARTESIAN_POINT('',(5.28717774774257,-10.6512014287936,34.));
#4988=CARTESIAN_POINT('',(5.16766088505143,-10.5560784087243,34.));
#4989=CARTESIAN_POINT('',(5.10930020310979,-10.5076910712891,34.));
#4990=CARTESIAN_POINT('',(4.99646731887952,-10.4087595728009,34.));
#4991=CARTESIAN_POINT('',(4.94150876580318,-10.3584797076614,34.));
#4992=CARTESIAN_POINT('',(4.83598102769889,-10.2556136134721,34.));
#4993=CARTESIAN_POINT('',(4.78472607577628,-10.2033827440005,34.));
#4994=CARTESIAN_POINT('',(4.68745716447282,-10.0963038264192,34.));
#4995=CARTESIAN_POINT('',(4.64099793307945,-10.0416950434356,34.));
#4996=CARTESIAN_POINT('',(4.59626222462486,-9.98551967883377,34.));
#4997=CARTESIAN_POINT('',(7.70676604438345,-7.83849391343951,34.));
#4998=CARTESIAN_POINT('',(7.70676604438345,-7.83849391343951,34.));
#4999=CARTESIAN_POINT('',(7.7434274218816,-7.90024258629178,34.));
#5000=CARTESIAN_POINT('',(7.7780128504643,-7.96304726358872,34.));
#5001=CARTESIAN_POINT('',(7.84364134634641,-8.09196598303931,34.));
#5002=CARTESIAN_POINT('',(7.87430280123508,-8.15841151717414,34.));
#5003=CARTESIAN_POINT('',(7.93306361847336,-8.29355848606601,34.));
#5004=CARTESIAN_POINT('',(7.9605875375531,-8.36277511176516,34.));
#5005=CARTESIAN_POINT('',(8.01307900338566,-8.50335728407587,34.));
#5006=CARTESIAN_POINT('',(8.03762696680024,-8.57508385595101,34.));
#5007=CARTESIAN_POINT('',(8.08418727202402,-8.72056515162882,34.));
#5008=CARTESIAN_POINT('',(8.10586470948024,-8.79459630585304,34.));
#5009=CARTESIAN_POINT('',(8.1466984566528,-8.94457224090039,34.));
#5010=CARTESIAN_POINT('',(8.16557267459063,-9.02074014686839,34.));
#5011=CARTESIAN_POINT('',(8.200805754698,-9.17488353057655,34.));
#5012=CARTESIAN_POINT('',(8.21691837018138,-9.25304552713488,34.));
#5013=CARTESIAN_POINT('',(8.24662631409561,-9.41107846628341,34.));
#5014=CARTESIAN_POINT('',(8.26000117296325,-9.49110924258184,34.));
#5015=CARTESIAN_POINT('',(8.284225499636,-9.65278705155637,34.));
#5016=CARTESIAN_POINT('',(8.29487383367587,-9.73457358449796,34.));
#5017=CARTESIAN_POINT('',(8.31363222976551,-9.89967481452319,34.));
#5018=CARTESIAN_POINT('',(8.32155613629498,-9.98311297644911,34.));
#5019=CARTESIAN_POINT('',(8.3348491691367,-10.1514328840012,34.));
#5020=CARTESIAN_POINT('',(8.34004404032438,-10.2364250947116,34.));
#5021=CARTESIAN_POINT('',(8.34785978778787,-10.4077711767302,34.));
#5022=CARTESIAN_POINT('',(8.3503160592856,-10.4942247319311,34.));
#5023=CARTESIAN_POINT('',(8.35263342070061,-10.6684135697668,34.));
#5024=CARTESIAN_POINT('',(8.35233786446153,-10.7562394223267,34.));
#5025=CARTESIAN_POINT('',(8.34912900052252,-10.9330943900622,34.));
#5026=CARTESIAN_POINT('',(8.34611863718466,-11.0221659942584,34.));
#5027=CARTESIAN_POINT('',(8.3417144912406,-11.1112121456944,34.));
#5028=CARTESIAN_POINT('',(7.77835512944448,-7.02970053008979,34.));
#5029=CARTESIAN_POINT('',(7.77835512944448,-7.02970053008979,34.));
#5030=CARTESIAN_POINT('',(7.76500670975884,-7.04447585351233,34.));
#5031=CARTESIAN_POINT('',(7.75236355017756,-7.05978274078187,34.));
#5032=CARTESIAN_POINT('',(7.72848235664953,-7.09146680019525,34.));
#5033=CARTESIAN_POINT('',(7.71720062056932,-7.10790943715224,34.));
#5034=CARTESIAN_POINT('',(7.69621649310918,-7.14161461851728,34.));
#5035=CARTESIAN_POINT('',(7.6864328345093,-7.15901191845844,34.));
#5036=CARTESIAN_POINT('',(7.66850881446814,-7.19449315100166,34.));
#5037=CARTESIAN_POINT('',(7.66030048692532,-7.21271953082569,34.));
#5038=CARTESIAN_POINT('',(7.64558059513428,-7.24972306447177,34.));
#5039=CARTESIAN_POINT('',(7.63901529387289,-7.26864937340091,34.));
#5040=CARTESIAN_POINT('',(7.62762457596976,-7.3069163103745,34.));
#5041=CARTESIAN_POINT('',(7.62276070121779,-7.32641179538491,34.));
#5042=CARTESIAN_POINT('',(7.61480626418763,-7.36568265398567,34.));
#5043=CARTESIAN_POINT('',(7.61169380820831,-7.38561754490242,34.));
#5044=CARTESIAN_POINT('',(7.60726741349395,-7.42563849818966,34.));
#5045=CARTESIAN_POINT('',(7.60594987101174,-7.44588762520259,34.));
#5046=CARTESIAN_POINT('',(7.60513320204548,-7.48641967742698,34.));
#5047=CARTESIAN_POINT('',(7.60565130933118,-7.50686793799596,34.));
#5048=CARTESIAN_POINT('',(7.60852624803505,-7.54770164458903,34.));
#5049=CARTESIAN_POINT('',(7.6109252761634,-7.56825302477661,34.));
#5050=CARTESIAN_POINT('',(7.61759443032255,-7.60923450738466,34.));
#5051=CARTESIAN_POINT('',(7.6219390309459,-7.62982847302587,34.));
#5052=CARTESIAN_POINT('',(7.63256941336754,-7.67091058319495,34.));
#5053=CARTESIAN_POINT('',(7.63897623933672,-7.69155517128156,34.));
#5054=CARTESIAN_POINT('',(7.65390181947024,-7.73291119210863,34.));
#5055=CARTESIAN_POINT('',(7.66261958089499,-7.75375836913745,34.));
#5056=CARTESIAN_POINT('',(7.6826184608177,-7.79607584141249,34.));
#5057=CARTESIAN_POINT('',(7.69413403102606,-7.8175500223836,34.));
#5058=CARTESIAN_POINT('',(7.70676604438345,-7.83849391343951,34.));
#5059=CARTESIAN_POINT('',(7.91602320362213,-6.87430539779954,34.));
#5060=AXIS2_PLACEMENT_3D('',#5061,#5062,#5063);
#5061=CARTESIAN_POINT('',(0.,0.,34.));
#5062=DIRECTION('',(0.,0.,-1.));
#5063=DIRECTION('',(0.755039531070142,-0.655679271078002,0.));
#5064=CARTESIAN_POINT('',(8.71029046192942,-6.70574900832945,34.));
#5065=CARTESIAN_POINT('',(8.71029046192942,-6.70574900832945,34.));
#5066=CARTESIAN_POINT('',(8.68797665446504,-6.69573360367135,34.));
#5067=CARTESIAN_POINT('',(8.66527099584686,-6.68689042142067,34.));
#5068=CARTESIAN_POINT('',(8.62085146699532,-6.67213816347421,34.));
#5069=CARTESIAN_POINT('',(8.59910547933752,-6.66599681385734,34.));
#5070=CARTESIAN_POINT('',(8.55625191058492,-6.65616497546679,34.));
#5071=CARTESIAN_POINT('',(8.53498558725595,-6.65229329258559,34.));
#5072=CARTESIAN_POINT('',(8.49292166091748,-6.64669231879824,34.));
#5073=CARTESIAN_POINT('',(8.47195416473641,-6.6448617234567,34.));
#5074=CARTESIAN_POINT('',(8.43046760557524,-6.6431809668057,34.));
#5075=CARTESIAN_POINT('',(8.40977689720164,-6.64327662543596,34.));
#5076=CARTESIAN_POINT('',(8.36889437873708,-6.64534460770739,34.));
#5077=CARTESIAN_POINT('',(8.34853275807816,-6.64729504345311,34.));
#5078=CARTESIAN_POINT('',(8.30839466871566,-6.65299135700219,34.));
#5079=CARTESIAN_POINT('',(8.28845199283408,-6.65674005566448,34.));
#5080=CARTESIAN_POINT('',(8.24925638028034,-6.6659581698276,34.));
#5081=CARTESIAN_POINT('',(8.2298420022743,-6.67145081807086,34.));
#5082=CARTESIAN_POINT('',(8.19181627388079,-6.68408083722567,34.));
#5083=CARTESIAN_POINT('',(8.17304920822188,-6.69125916989757,34.));
#5084=CARTESIAN_POINT('',(8.13643427962542,-6.70717940618869,34.));
#5085=CARTESIAN_POINT('',(8.11843732441647,-6.7159781534598,34.));
#5086=CARTESIAN_POINT('',(8.08347787508323,-6.73505100376995,34.));
#5087=CARTESIAN_POINT('',(8.06637379064169,-6.74539643068027,34.));
#5088=CARTESIAN_POINT('',(8.03331175810469,-6.76746655441677,34.));
#5089=CARTESIAN_POINT('',(8.01722059379614,-6.77927589191033,34.));
#5090=CARTESIAN_POINT('',(7.98629051821408,-6.80416973212436,34.));
#5091=CARTESIAN_POINT('',(7.97132762960793,-6.81735115251986,34.));
#5092=CARTESIAN_POINT('',(7.94275314244922,-6.84487731659788,34.));
#5093=CARTESIAN_POINT('',(7.9290818241058,-6.85927333468738,34.));
#5094=CARTESIAN_POINT('',(7.91602320362214,-6.87430539779954,34.));
#5095=CARTESIAN_POINT('',(12.0356814714288,-6.94158537499224,34.));
#5096=CARTESIAN_POINT('',(11.9478154278255,-6.95669073723735,34.));
#5097=CARTESIAN_POINT('',(11.8597561151129,-6.97041554711192,34.));
#5098=CARTESIAN_POINT('',(11.6845774050201,-6.99491852551746,34.));
#5099=CARTESIAN_POINT('',(11.5974275271765,-7.00579816352695,34.));
#5100=CARTESIAN_POINT('',(11.4242293950362,-7.02449384253602,34.));
#5101=CARTESIAN_POINT('',(11.3381101127789,-7.03247630456321,34.));
#5102=CARTESIAN_POINT('',(11.1670712523641,-7.04537103059978,34.));
#5103=CARTESIAN_POINT('',(11.0820725580354,-7.05045871479856,34.));
#5104=CARTESIAN_POINT('',(10.9133775940718,-7.05755132601013,34.));
#5105=CARTESIAN_POINT('',(10.8295926689018,-7.05974255272595,34.));
#5106=CARTESIAN_POINT('',(10.6634341379397,-7.06102168063723,34.));
#5107=CARTESIAN_POINT('',(10.5809604060714,-7.06030926211187,34.));
#5108=CARTESIAN_POINT('',(10.4175414904391,-7.05574966441952,34.));
#5109=CARTESIAN_POINT('',(10.3364820675199,-7.05211896742508,34.));
#5110=CARTESIAN_POINT('',(10.1760204694907,-7.04167639372616,34.));
#5111=CARTESIAN_POINT('',(10.0964862007095,-7.03510264493816,34.));
#5112=CARTESIAN_POINT('',(9.93921981730757,-7.01870638540927,34.));
#5113=CARTESIAN_POINT('',(9.86133222555903,-7.00915080829811,34.));
#5114=CARTESIAN_POINT('',(9.70752781960981,-6.98669238644602,34.));
#5115=CARTESIAN_POINT('',(9.63142350950429,-6.97409647148118,34.));
#5116=CARTESIAN_POINT('',(9.48139071164629,-6.94541147572507,34.));
#5117=CARTESIAN_POINT('',(9.40722817722019,-6.92968817746231,34.));
#5118=CARTESIAN_POINT('',(9.26134386019416,-6.89452474186933,34.));
#5119=CARTESIAN_POINT('',(9.18931425979401,-6.87554464542916,34.));
#5120=CARTESIAN_POINT('',(9.0480698306286,-6.83350242768426,34.));
#5121=CARTESIAN_POINT('',(8.9784129292647,-6.81107365342593,34.));
#5122=CARTESIAN_POINT('',(8.84252353140496,-6.76146309763539,34.));
#5123=CARTESIAN_POINT('',(8.77600795817086,-6.73470010307273,34.));
#5124=CARTESIAN_POINT('',(8.71029046192942,-6.70574900832945,34.));
#5125=CARTESIAN_POINT('',(10.4667321877983,-3.35912890535594,34.));
#5126=CARTESIAN_POINT('',(10.4667321877983,-3.35912890535594,34.));
#5127=CARTESIAN_POINT('',(10.5278902645301,-3.39676724816664,34.));
#5128=CARTESIAN_POINT('',(10.5877009295211,-3.43630537804097,34.));
#5129=CARTESIAN_POINT('',(10.7057235928934,-3.5199581522152,34.));
#5130=CARTESIAN_POINT('',(10.7637517422711,-3.56454366221729,34.));
#5131=CARTESIAN_POINT('',(10.8785877900426,-3.6569028467925,34.));
#5132=CARTESIAN_POINT('',(10.9351255798944,-3.70540012211138,34.));
#5133=CARTESIAN_POINT('',(11.0469362576603,-3.80548545317639,34.));
#5134=CARTESIAN_POINT('',(11.1020053997849,-3.85758817101744,34.));
#5135=CARTESIAN_POINT('',(11.2108410318019,-3.96476780816028,34.));
#5136=CARTESIAN_POINT('',(11.2644394422394,-4.02024513225774,34.));
#5137=CARTESIAN_POINT('',(11.3702932219888,-4.13406583913592,34.));
#5138=CARTESIAN_POINT('',(11.4224025028607,-4.19273788400676,34.));
#5139=CARTESIAN_POINT('',(11.5252338481705,-4.31285144317736,34.));
#5140=CARTESIAN_POINT('',(11.5758245516132,-4.37457254822966,34.));
#5141=CARTESIAN_POINT('',(11.6755711983303,-4.50069779651969,34.));
#5142=CARTESIAN_POINT('',(11.7246062039295,-4.56534592279223,34.));
#5143=CARTESIAN_POINT('',(11.821191204185,-4.69724690703115,34.));
#5144=CARTESIAN_POINT('',(11.8686279327428,-4.76471675786958,34.));
#5145=CARTESIAN_POINT('',(11.9619640349176,-4.90218917550494,34.));
#5146=CARTESIAN_POINT('',(12.0077559529806,-4.97238757577433,34.));
#5147=CARTESIAN_POINT('',(12.0977485103652,-5.11524987176546,34.));
#5148=CARTESIAN_POINT('',(12.1418461901212,-5.18809255985586,34.));
#5149=CARTESIAN_POINT('',(12.2283951855607,-5.33617982169816,34.));
#5150=CARTESIAN_POINT('',(12.2707470763664,-5.41158915680808,34.));
#5151=CARTESIAN_POINT('',(12.3537485872485,-5.56474878132369,34.));
#5152=CARTESIAN_POINT('',(12.3943015939848,-5.64265206351392,34.));
#5153=CARTESIAN_POINT('',(12.4736488876723,-5.80074059379046,34.));
#5154=CARTESIAN_POINT('',(12.5123769817565,-5.88100856803996,34.));
#5155=CARTESIAN_POINT('',(12.549859114146,-5.96190172806343,34.));
#5156=CARTESIAN_POINT('',(10.1542561478983,-2.60970882386721,34.));
#5157=CARTESIAN_POINT('',(10.1542561478983,-2.60970882386721,34.));
#5158=CARTESIAN_POINT('',(10.1493031444236,-2.62899504296076,34.));
#5159=CARTESIAN_POINT('',(10.145221647795,-2.64842418775283,34.));
#5160=CARTESIAN_POINT('',(10.1388002176797,-2.6875771730861,34.));
#5161=CARTESIAN_POINT('',(10.136452010891,-2.70737928923465,34.));
#5162=CARTESIAN_POINT('',(10.1335350675866,-2.74697555544591,34.));
#5163=CARTESIAN_POINT('',(10.1329569965401,-2.76692679236763,34.));
#5164=CARTESIAN_POINT('',(10.1335750159262,-2.80667357096993,34.));
#5165=CARTESIAN_POINT('',(10.1347771238896,-2.82662682882384,34.));
#5166=CARTESIAN_POINT('',(10.1389397065391,-2.86623250546649,34.));
#5167=CARTESIAN_POINT('',(10.1419219152976,-2.88604196737879,34.));
#5168=CARTESIAN_POINT('',(10.1496194678285,-2.92521918786114,34.));
#5169=CARTESIAN_POINT('',(10.1543727242559,-2.94474193783981,34.));
#5170=CARTESIAN_POINT('',(10.1655794980347,-2.98321116742891,34.));
#5171=CARTESIAN_POINT('',(10.1720877608744,-3.00230906712743,34.));
#5172=CARTESIAN_POINT('',(10.1867670473625,-3.03980290956038,34.));
#5173=CARTESIAN_POINT('',(10.1950106599692,-3.05834491360983,34.));
#5174=CARTESIAN_POINT('',(10.2131237193912,-3.09461378847653,34.));
#5175=CARTESIAN_POINT('',(10.2230852611237,-3.11247904755018,34.));
#5176=CARTESIAN_POINT('',(10.2446072625766,-3.14729944846887,34.));
#5177=CARTESIAN_POINT('',(10.2562821990792,-3.16438190792983,34.));
#5178=CARTESIAN_POINT('',(10.2812324864081,-3.19756989816965,34.));
#5179=CARTESIAN_POINT('',(10.2946499322469,-3.21378591255579,34.));
#5180=CARTESIAN_POINT('',(10.3231544769691,-3.24522212951254,34.));
#5181=CARTESIAN_POINT('',(10.33842145809,-3.26052460394382,34.));
#5182=CARTESIAN_POINT('',(10.3708565041375,-3.29020727883795,34.));
#5183=CARTESIAN_POINT('',(10.3882638647582,-3.30461519161354,34.));
#5184=CARTESIAN_POINT('',(10.4256379034406,-3.33279150951489,34.));
#5185=CARTESIAN_POINT('',(10.4458139839684,-3.34645440013661,34.));
#5186=CARTESIAN_POINT('',(10.4667321877983,-3.35912890535594,34.));
#5187=AXIS2_PLACEMENT_3D('',#5188,#5189,#5190);
#5188=CARTESIAN_POINT('',(0.,0.,34.));
#5189=DIRECTION('',(0.,0.,-1.));
#5190=DIRECTION('',(0.973263653091146,-0.229690795574565,0.));
#5191=CARTESIAN_POINT('',(10.8288961247853,-1.88977205305293,0.));
#5192=CARTESIAN_POINT('',(10.2039394549208,-2.40813572350264,0.));
#5193=CARTESIAN_POINT('',(10.8288961247853,-1.88977205305293,0.));
#5194=CARTESIAN_POINT('',(10.8044838388887,-1.89127359603428,0.));
#5195=CARTESIAN_POINT('',(10.7802693449423,-1.89399519272085,0.));
#5196=CARTESIAN_POINT('',(10.7340820893563,-1.90157550137874,0.));
#5197=CARTESIAN_POINT('',(10.7119729460764,-1.9062434707184,0.));
#5198=CARTESIAN_POINT('',(10.6694589122798,-1.91745285657634,0.));
#5199=CARTESIAN_POINT('',(10.6488292573949,-1.92390760487491,0.));
#5200=CARTESIAN_POINT('',(10.6089805980509,-1.93849627016201,0.));
#5201=CARTESIAN_POINT('',(10.5895640821407,-1.94661943982139,0.));
#5202=CARTESIAN_POINT('',(10.5520484717855,-1.96441096908767,0.));
#5203=CARTESIAN_POINT('',(10.5337722141632,-1.97411112222545,0.));
#5204=CARTESIAN_POINT('',(10.4985335811258,-1.99494128325061,0.));
#5205=CARTESIAN_POINT('',(10.4814106741079,-2.00613082527488,0.));
#5206=CARTESIAN_POINT('',(10.4485173699251,-2.02982776063924,0.));
#5207=CARTESIAN_POINT('',(10.4326011145315,-2.04241489205285,0.));
#5208=CARTESIAN_POINT('',(10.4021789944708,-2.06879223617991,0.));
#5209=CARTESIAN_POINT('',(10.3875409773955,-2.08267804599392,0.));
#5210=CARTESIAN_POINT('',(10.3597403296243,-2.11153280967697,0.));
#5211=CARTESIAN_POINT('',(10.346458855782,-2.12661039787841,0.));
#5212=CARTESIAN_POINT('',(10.3214364493363,-2.15772287279372,0.));
#5213=CARTESIAN_POINT('',(10.309589918645,-2.17387737869496,0.));
#5214=CARTESIAN_POINT('',(10.2874984590754,-2.2070120151155,0.));
#5215=CARTESIAN_POINT('',(10.2771613040533,-2.22412110008778,0.));
#5216=CARTESIAN_POINT('',(10.2581428260333,-2.25902791677198,0.));
#5217=CARTESIAN_POINT('',(10.2493828804162,-2.27696250273397,0.));
#5218=CARTESIAN_POINT('',(10.2335644030068,-2.31337882638918,0.));
#5219=CARTESIAN_POINT('',(10.2264411346275,-2.33200399556103,0.));
#5220=CARTESIAN_POINT('',(10.2139317290774,-2.36965642971896,0.));
#5221=CARTESIAN_POINT('',(10.208516541063,-2.38875684910829,0.));
#5222=CARTESIAN_POINT('',(10.2039394549208,-2.40813572350264,0.));
#5223=CARTESIAN_POINT('',(10.1542561478983,-2.60970882386721,0.));
#5224=AXIS2_PLACEMENT_3D('',#5225,#5226,#5227);
#5225=CARTESIAN_POINT('',(0.,0.,0.));
#5226=DIRECTION('',(0.,0.,-1.));
#5227=DIRECTION('',(0.973263653091146,-0.229690795574565,0.));
#5228=CARTESIAN_POINT('',(10.4667321877983,-3.35912890535594,0.));
#5229=CARTESIAN_POINT('',(10.1542561478983,-2.60970882386721,0.));
#5230=CARTESIAN_POINT('',(10.1493031444236,-2.62899504296076,0.));
#5231=CARTESIAN_POINT('',(10.145221647795,-2.64842418775283,0.));
#5232=CARTESIAN_POINT('',(10.1388002176797,-2.6875771730861,0.));
#5233=CARTESIAN_POINT('',(10.136452010891,-2.70737928923465,0.));
#5234=CARTESIAN_POINT('',(10.1335350675866,-2.74697555544591,0.));
#5235=CARTESIAN_POINT('',(10.1329569965401,-2.76692679236763,0.));
#5236=CARTESIAN_POINT('',(10.1335750159262,-2.80667357096993,0.));
#5237=CARTESIAN_POINT('',(10.1347771238896,-2.82662682882384,0.));
#5238=CARTESIAN_POINT('',(10.1389397065391,-2.86623250546649,0.));
#5239=CARTESIAN_POINT('',(10.1419219152976,-2.88604196737879,0.));
#5240=CARTESIAN_POINT('',(10.1496194678285,-2.92521918786114,0.));
#5241=CARTESIAN_POINT('',(10.1543727242559,-2.94474193783981,0.));
#5242=CARTESIAN_POINT('',(10.1655794980347,-2.98321116742891,0.));
#5243=CARTESIAN_POINT('',(10.1720877608744,-3.00230906712743,0.));
#5244=CARTESIAN_POINT('',(10.1867670473625,-3.03980290956038,0.));
#5245=CARTESIAN_POINT('',(10.1950106599692,-3.05834491360983,0.));
#5246=CARTESIAN_POINT('',(10.2131237193912,-3.09461378847653,0.));
#5247=CARTESIAN_POINT('',(10.2230852611237,-3.11247904755018,0.));
#5248=CARTESIAN_POINT('',(10.2446072625766,-3.14729944846887,0.));
#5249=CARTESIAN_POINT('',(10.2562821990792,-3.16438190792983,0.));
#5250=CARTESIAN_POINT('',(10.2812324864081,-3.19756989816965,0.));
#5251=CARTESIAN_POINT('',(10.2946499322469,-3.21378591255579,0.));
#5252=CARTESIAN_POINT('',(10.3231544769691,-3.24522212951254,0.));
#5253=CARTESIAN_POINT('',(10.33842145809,-3.26052460394382,0.));
#5254=CARTESIAN_POINT('',(10.3708565041375,-3.29020727883795,0.));
#5255=CARTESIAN_POINT('',(10.3882638647582,-3.30461519161354,0.));
#5256=CARTESIAN_POINT('',(10.4256379034406,-3.33279150951489,0.));
#5257=CARTESIAN_POINT('',(10.4458139839684,-3.34645440013661,0.));
#5258=CARTESIAN_POINT('',(10.4667321877983,-3.35912890535594,0.));
#5259=CARTESIAN_POINT('',(10.4667321877983,-3.35912890535594,0.));
#5260=CARTESIAN_POINT('',(10.5278902645301,-3.39676724816664,0.));
#5261=CARTESIAN_POINT('',(10.5877009295211,-3.43630537804097,0.));
#5262=CARTESIAN_POINT('',(10.7057235928934,-3.5199581522152,0.));
#5263=CARTESIAN_POINT('',(10.7637517422711,-3.56454366221729,0.));
#5264=CARTESIAN_POINT('',(10.8785877900426,-3.6569028467925,0.));
#5265=CARTESIAN_POINT('',(10.9351255798944,-3.70540012211138,0.));
#5266=CARTESIAN_POINT('',(11.0469362576603,-3.80548545317639,0.));
#5267=CARTESIAN_POINT('',(11.1020053997849,-3.85758817101744,0.));
#5268=CARTESIAN_POINT('',(11.2108410318019,-3.96476780816028,0.));
#5269=CARTESIAN_POINT('',(11.2644394422394,-4.02024513225774,0.));
#5270=CARTESIAN_POINT('',(11.3702932219888,-4.13406583913592,0.));
#5271=CARTESIAN_POINT('',(11.4224025028607,-4.19273788400676,0.));
#5272=CARTESIAN_POINT('',(11.5252338481705,-4.31285144317736,0.));
#5273=CARTESIAN_POINT('',(11.5758245516132,-4.37457254822966,0.));
#5274=CARTESIAN_POINT('',(11.6755711983303,-4.50069779651969,0.));
#5275=CARTESIAN_POINT('',(11.7246062039295,-4.56534592279223,0.));
#5276=CARTESIAN_POINT('',(11.821191204185,-4.69724690703115,0.));
#5277=CARTESIAN_POINT('',(11.8686279327428,-4.76471675786958,0.));
#5278=CARTESIAN_POINT('',(11.9619640349176,-4.90218917550494,0.));
#5279=CARTESIAN_POINT('',(12.0077559529806,-4.97238757577433,0.));
#5280=CARTESIAN_POINT('',(12.0977485103652,-5.11524987176546,0.));
#5281=CARTESIAN_POINT('',(12.1418461901212,-5.18809255985586,0.));
#5282=CARTESIAN_POINT('',(12.2283951855607,-5.33617982169816,0.));
#5283=CARTESIAN_POINT('',(12.2707470763664,-5.41158915680808,0.));
#5284=CARTESIAN_POINT('',(12.3537485872485,-5.56474878132369,0.));
#5285=CARTESIAN_POINT('',(12.3943015939848,-5.64265206351392,0.));
#5286=CARTESIAN_POINT('',(12.4736488876723,-5.80074059379046,0.));
#5287=CARTESIAN_POINT('',(12.5123769817565,-5.88100856803996,0.));
#5288=CARTESIAN_POINT('',(12.549859114146,-5.96190172806343,0.));
#5289=CARTESIAN_POINT('',(8.71029046192942,-6.70574900832945,0.));
#5290=CARTESIAN_POINT('',(12.0356814714288,-6.94158537499224,0.));
#5291=CARTESIAN_POINT('',(11.9478154278255,-6.95669073723735,0.));
#5292=CARTESIAN_POINT('',(11.8597561151129,-6.97041554711192,0.));
#5293=CARTESIAN_POINT('',(11.6845774050201,-6.99491852551746,0.));
#5294=CARTESIAN_POINT('',(11.5974275271765,-7.00579816352695,0.));
#5295=CARTESIAN_POINT('',(11.4242293950362,-7.02449384253602,0.));
#5296=CARTESIAN_POINT('',(11.3381101127789,-7.03247630456321,0.));
#5297=CARTESIAN_POINT('',(11.1670712523641,-7.04537103059978,0.));
#5298=CARTESIAN_POINT('',(11.0820725580354,-7.05045871479856,0.));
#5299=CARTESIAN_POINT('',(10.9133775940718,-7.05755132601013,0.));
#5300=CARTESIAN_POINT('',(10.8295926689018,-7.05974255272595,0.));
#5301=CARTESIAN_POINT('',(10.6634341379397,-7.06102168063723,0.));
#5302=CARTESIAN_POINT('',(10.5809604060714,-7.06030926211187,0.));
#5303=CARTESIAN_POINT('',(10.4175414904391,-7.05574966441952,0.));
#5304=CARTESIAN_POINT('',(10.3364820675199,-7.05211896742508,0.));
#5305=CARTESIAN_POINT('',(10.1760204694907,-7.04167639372616,0.));
#5306=CARTESIAN_POINT('',(10.0964862007095,-7.03510264493816,0.));
#5307=CARTESIAN_POINT('',(9.93921981730757,-7.01870638540927,0.));
#5308=CARTESIAN_POINT('',(9.86133222555903,-7.00915080829811,0.));
#5309=CARTESIAN_POINT('',(9.70752781960981,-6.98669238644602,0.));
#5310=CARTESIAN_POINT('',(9.63142350950429,-6.97409647148118,0.));
#5311=CARTESIAN_POINT('',(9.48139071164629,-6.94541147572507,0.));
#5312=CARTESIAN_POINT('',(9.40722817722019,-6.92968817746231,0.));
#5313=CARTESIAN_POINT('',(9.26134386019416,-6.89452474186933,0.));
#5314=CARTESIAN_POINT('',(9.18931425979401,-6.87554464542916,0.));
#5315=CARTESIAN_POINT('',(9.0480698306286,-6.83350242768426,0.));
#5316=CARTESIAN_POINT('',(8.9784129292647,-6.81107365342593,0.));
#5317=CARTESIAN_POINT('',(8.84252353140496,-6.76146309763539,0.));
#5318=CARTESIAN_POINT('',(8.77600795817086,-6.73470010307273,0.));
#5319=CARTESIAN_POINT('',(8.71029046192942,-6.70574900832945,0.));
#5320=CARTESIAN_POINT('',(7.91602320362213,-6.87430539779954,0.));
#5321=CARTESIAN_POINT('',(8.71029046192942,-6.70574900832945,0.));
#5322=CARTESIAN_POINT('',(8.68797665446504,-6.69573360367135,0.));
#5323=CARTESIAN_POINT('',(8.66527099584686,-6.68689042142067,0.));
#5324=CARTESIAN_POINT('',(8.62085146699532,-6.67213816347421,0.));
#5325=CARTESIAN_POINT('',(8.59910547933752,-6.66599681385734,0.));
#5326=CARTESIAN_POINT('',(8.55625191058492,-6.65616497546679,0.));
#5327=CARTESIAN_POINT('',(8.53498558725595,-6.65229329258559,0.));
#5328=CARTESIAN_POINT('',(8.49292166091748,-6.64669231879824,0.));
#5329=CARTESIAN_POINT('',(8.47195416473641,-6.6448617234567,0.));
#5330=CARTESIAN_POINT('',(8.43046760557524,-6.6431809668057,0.));
#5331=CARTESIAN_POINT('',(8.40977689720164,-6.64327662543596,0.));
#5332=CARTESIAN_POINT('',(8.36889437873708,-6.64534460770739,0.));
#5333=CARTESIAN_POINT('',(8.34853275807816,-6.64729504345311,0.));
#5334=CARTESIAN_POINT('',(8.30839466871566,-6.65299135700219,0.));
#5335=CARTESIAN_POINT('',(8.28845199283408,-6.65674005566448,0.));
#5336=CARTESIAN_POINT('',(8.24925638028034,-6.6659581698276,0.));
#5337=CARTESIAN_POINT('',(8.2298420022743,-6.67145081807086,0.));
#5338=CARTESIAN_POINT('',(8.19181627388079,-6.68408083722567,0.));
#5339=CARTESIAN_POINT('',(8.17304920822188,-6.69125916989757,0.));
#5340=CARTESIAN_POINT('',(8.13643427962542,-6.70717940618869,0.));
#5341=CARTESIAN_POINT('',(8.11843732441647,-6.7159781534598,0.));
#5342=CARTESIAN_POINT('',(8.08347787508323,-6.73505100376995,0.));
#5343=CARTESIAN_POINT('',(8.06637379064169,-6.74539643068027,0.));
#5344=CARTESIAN_POINT('',(8.03331175810469,-6.76746655441677,0.));
#5345=CARTESIAN_POINT('',(8.01722059379614,-6.77927589191033,0.));
#5346=CARTESIAN_POINT('',(7.98629051821408,-6.80416973212436,0.));
#5347=CARTESIAN_POINT('',(7.97132762960793,-6.81735115251986,0.));
#5348=CARTESIAN_POINT('',(7.94275314244922,-6.84487731659788,0.));
#5349=CARTESIAN_POINT('',(7.9290818241058,-6.85927333468738,0.));
#5350=CARTESIAN_POINT('',(7.91602320362214,-6.87430539779954,0.));
#5351=CARTESIAN_POINT('',(7.77835512944448,-7.02970053008979,0.));
#5352=AXIS2_PLACEMENT_3D('',#5353,#5354,#5355);
#5353=CARTESIAN_POINT('',(0.,0.,0.));
#5354=DIRECTION('',(0.,0.,-1.));
#5355=DIRECTION('',(0.755039531070142,-0.655679271078002,0.));
#5356=CARTESIAN_POINT('',(7.70676604438345,-7.83849391343951,0.));
#5357=CARTESIAN_POINT('',(7.77835512944448,-7.02970053008979,0.));
#5358=CARTESIAN_POINT('',(7.76500670975884,-7.04447585351233,0.));
#5359=CARTESIAN_POINT('',(7.75236355017756,-7.05978274078187,0.));
#5360=CARTESIAN_POINT('',(7.72848235664953,-7.09146680019525,0.));
#5361=CARTESIAN_POINT('',(7.71720062056932,-7.10790943715224,0.));
#5362=CARTESIAN_POINT('',(7.69621649310918,-7.14161461851728,0.));
#5363=CARTESIAN_POINT('',(7.6864328345093,-7.15901191845844,0.));
#5364=CARTESIAN_POINT('',(7.66850881446814,-7.19449315100166,0.));
#5365=CARTESIAN_POINT('',(7.66030048692532,-7.21271953082569,0.));
#5366=CARTESIAN_POINT('',(7.64558059513428,-7.24972306447177,0.));
#5367=CARTESIAN_POINT('',(7.63901529387289,-7.26864937340091,0.));
#5368=CARTESIAN_POINT('',(7.62762457596976,-7.3069163103745,0.));
#5369=CARTESIAN_POINT('',(7.62276070121779,-7.32641179538491,0.));
#5370=CARTESIAN_POINT('',(7.61480626418763,-7.36568265398567,0.));
#5371=CARTESIAN_POINT('',(7.61169380820831,-7.38561754490242,0.));
#5372=CARTESIAN_POINT('',(7.60726741349395,-7.42563849818966,0.));
#5373=CARTESIAN_POINT('',(7.60594987101174,-7.44588762520259,0.));
#5374=CARTESIAN_POINT('',(7.60513320204548,-7.48641967742698,0.));
#5375=CARTESIAN_POINT('',(7.60565130933118,-7.50686793799596,0.));
#5376=CARTESIAN_POINT('',(7.60852624803505,-7.54770164458903,0.));
#5377=CARTESIAN_POINT('',(7.6109252761634,-7.56825302477661,0.));
#5378=CARTESIAN_POINT('',(7.61759443032255,-7.60923450738466,0.));
#5379=CARTESIAN_POINT('',(7.6219390309459,-7.62982847302587,0.));
#5380=CARTESIAN_POINT('',(7.63256941336754,-7.67091058319495,0.));
#5381=CARTESIAN_POINT('',(7.63897623933672,-7.69155517128156,0.));
#5382=CARTESIAN_POINT('',(7.65390181947024,-7.73291119210863,0.));
#5383=CARTESIAN_POINT('',(7.66261958089499,-7.75375836913745,0.));
#5384=CARTESIAN_POINT('',(7.6826184608177,-7.79607584141249,0.));
#5385=CARTESIAN_POINT('',(7.69413403102606,-7.8175500223836,0.));
#5386=CARTESIAN_POINT('',(7.70676604438345,-7.83849391343951,0.));
#5387=CARTESIAN_POINT('',(7.70676604438345,-7.83849391343951,0.));
#5388=CARTESIAN_POINT('',(7.7434274218816,-7.90024258629178,0.));
#5389=CARTESIAN_POINT('',(7.7780128504643,-7.96304726358872,0.));
#5390=CARTESIAN_POINT('',(7.84364134634641,-8.09196598303931,0.));
#5391=CARTESIAN_POINT('',(7.87430280123508,-8.15841151717414,0.));
#5392=CARTESIAN_POINT('',(7.93306361847336,-8.29355848606601,0.));
#5393=CARTESIAN_POINT('',(7.9605875375531,-8.36277511176516,0.));
#5394=CARTESIAN_POINT('',(8.01307900338566,-8.50335728407587,0.));
#5395=CARTESIAN_POINT('',(8.03762696680024,-8.57508385595101,0.));
#5396=CARTESIAN_POINT('',(8.08418727202402,-8.72056515162882,0.));
#5397=CARTESIAN_POINT('',(8.10586470948024,-8.79459630585304,0.));
#5398=CARTESIAN_POINT('',(8.1466984566528,-8.94457224090039,0.));
#5399=CARTESIAN_POINT('',(8.16557267459063,-9.02074014686839,0.));
#5400=CARTESIAN_POINT('',(8.200805754698,-9.17488353057655,0.));
#5401=CARTESIAN_POINT('',(8.21691837018138,-9.25304552713488,0.));
#5402=CARTESIAN_POINT('',(8.24662631409561,-9.41107846628341,0.));
#5403=CARTESIAN_POINT('',(8.26000117296325,-9.49110924258184,0.));
#5404=CARTESIAN_POINT('',(8.284225499636,-9.65278705155637,0.));
#5405=CARTESIAN_POINT('',(8.29487383367587,-9.73457358449796,0.));
#5406=CARTESIAN_POINT('',(8.31363222976551,-9.89967481452319,0.));
#5407=CARTESIAN_POINT('',(8.32155613629498,-9.98311297644911,0.));
#5408=CARTESIAN_POINT('',(8.3348491691367,-10.1514328840012,0.));
#5409=CARTESIAN_POINT('',(8.34004404032438,-10.2364250947116,0.));
#5410=CARTESIAN_POINT('',(8.34785978778787,-10.4077711767302,0.));
#5411=CARTESIAN_POINT('',(8.3503160592856,-10.4942247319311,0.));
#5412=CARTESIAN_POINT('',(8.35263342070061,-10.6684135697668,0.));
#5413=CARTESIAN_POINT('',(8.35233786446153,-10.7562394223267,0.));
#5414=CARTESIAN_POINT('',(8.34912900052252,-10.9330943900622,0.));
#5415=CARTESIAN_POINT('',(8.34611863718466,-11.0221659942584,0.));
#5416=CARTESIAN_POINT('',(8.3417144912406,-11.1112121456944,0.));
#5417=CARTESIAN_POINT('',(4.59626222462486,-9.98551967883377,0.));
#5418=CARTESIAN_POINT('',(7.43115110724026,-11.7397286689839,0.));
#5419=CARTESIAN_POINT('',(7.346329777624,-11.7122704165052,0.));
#5420=CARTESIAN_POINT('',(7.26197889138713,-11.6834999289778,0.));
#5421=CARTESIAN_POINT('',(7.09547874512016,-11.6237866330246,0.));
#5422=CARTESIAN_POINT('',(7.01325534076219,-11.5929195063823,0.));
#5423=CARTESIAN_POINT('',(6.85120769577411,-11.5289845226543,0.));
#5424=CARTESIAN_POINT('',(6.77124322330039,-11.496031015731,0.));
#5425=CARTESIAN_POINT('',(6.61380335573895,-11.4279630068446,0.));
#5426=CARTESIAN_POINT('',(6.53617638493371,-11.392967064627,0.));
#5427=CARTESIAN_POINT('',(6.38350831181446,-11.3208508012009,0.));
#5428=CARTESIAN_POINT('',(6.30830213113372,-11.2838542399055,0.));
#5429=CARTESIAN_POINT('',(6.16058161829926,-11.2077691318513,0.));
#5430=CARTESIAN_POINT('',(6.08788583285534,-11.1688108622911,0.));
#5431=CARTESIAN_POINT('',(5.94530452000584,-11.0888289821953,0.));
#5432=CARTESIAN_POINT('',(5.87521723457005,-11.0479439675212,0.));
#5433=CARTESIAN_POINT('',(5.73798845168284,-10.9641273048889,0.));
#5434=CARTESIAN_POINT('',(5.67061932753352,-10.9213451217392,0.));
#5435=CARTESIAN_POINT('',(5.53898658245554,-10.8337416223908,0.));
#5436=CARTESIAN_POINT('',(5.47446124312398,-10.7890844103589,0.));
#5437=CARTESIAN_POINT('',(5.34871115414643,-10.6977219939962,0.));
#5438=CARTESIAN_POINT('',(5.28717774774257,-10.6512014287936,0.));
#5439=CARTESIAN_POINT('',(5.16766088505143,-10.5560784087243,0.));
#5440=CARTESIAN_POINT('',(5.10930020310979,-10.5076910712891,0.));
#5441=CARTESIAN_POINT('',(4.99646731887952,-10.4087595728009,0.));
#5442=CARTESIAN_POINT('',(4.94150876580318,-10.3584797076614,0.));
#5443=CARTESIAN_POINT('',(4.83598102769889,-10.2556136134721,0.));
#5444=CARTESIAN_POINT('',(4.78472607577628,-10.2033827440005,0.));
#5445=CARTESIAN_POINT('',(4.68745716447282,-10.0963038264192,0.));
#5446=CARTESIAN_POINT('',(4.64099793307945,-10.0416950434356,0.));
#5447=CARTESIAN_POINT('',(4.59626222462486,-9.98551967883377,0.));
#5448=CARTESIAN_POINT('',(3.81464143479484,-9.76565454982134,0.));
#5449=CARTESIAN_POINT('',(4.59626222462486,-9.98551967883377,0.));
#5450=CARTESIAN_POINT('',(4.58115871997228,-9.96628173504468,0.));
#5451=CARTESIAN_POINT('',(4.56516348943888,-9.94789964033848,0.));
#5452=CARTESIAN_POINT('',(4.5326876660683,-9.91419438029922,0.));
#5453=CARTESIAN_POINT('',(4.5162865777375,-9.89865062091176,0.));
#5454=CARTESIAN_POINT('',(4.48291071018865,-9.8700299139615,0.));
#5455=CARTESIAN_POINT('',(4.46587957680322,-9.85671875578977,0.));
#5456=CARTESIAN_POINT('',(4.43123672206918,-9.83221125852361,0.));
#5457=CARTESIAN_POINT('',(4.41352164630664,-9.82084626551283,0.));
#5458=CARTESIAN_POINT('',(4.37756820907605,-9.80007826403799,0.));
#5459=CARTESIAN_POINT('',(4.35920304188952,-9.79054751392134,0.));
#5460=CARTESIAN_POINT('',(4.32204233029029,-9.77337956762253,0.));
#5461=CARTESIAN_POINT('',(4.30310659789916,-9.76564407576567,0.));
#5462=CARTESIAN_POINT('',(4.26491887591345,-9.75203481071339,0.));
#5463=CARTESIAN_POINT('',(4.24551840625308,-9.74608629493755,0.));
#5464=CARTESIAN_POINT('',(4.20652854368406,-9.73603342027226,0.));
#5465=CARTESIAN_POINT('',(4.18678540477977,-9.73187460742583,0.));
#5466=CARTESIAN_POINT('',(4.14724583187929,-9.72538649687227,0.));
#5467=CARTESIAN_POINT('',(4.12729248297851,-9.72302110450778,0.));
#5468=CARTESIAN_POINT('',(4.08747307111501,-9.72010196790008,0.));
#5469=CARTESIAN_POINT('',(4.06744857693999,-9.71952926957765,0.));
#5470=CARTESIAN_POINT('',(4.02762992637831,-9.7201709736241,0.));
#5471=CARTESIAN_POINT('',(4.00767725213636,-9.72138272984323,0.));
#5472=CARTESIAN_POINT('',(3.9681457782959,-9.72556016125781,0.));
#5473=CARTESIAN_POINT('',(3.94840968711938,-9.72853887338111,0.));
#5474=CARTESIAN_POINT('',(3.90945372093272,-9.73620735136422,0.));
#5475=CARTESIAN_POINT('',(3.89007902955699,-9.74092531842409,0.));
#5476=CARTESIAN_POINT('',(3.85198553143782,-9.75201929995818,0.));
#5477=CARTESIAN_POINT('',(3.83319001704067,-9.75841296249436,0.));
#5478=CARTESIAN_POINT('',(3.81464143479484,-9.76565454982134,0.));
#5479=CARTESIAN_POINT('',(3.62052669017608,-9.83927256194393,0.));
#5480=AXIS2_PLACEMENT_3D('',#5481,#5482,#5483);
#5481=CARTESIAN_POINT('',(0.,0.,0.));
#5482=DIRECTION('',(0.,0.,-1.));
#5483=DIRECTION('',(0.363844951693716,-0.931459527369277,0.));
#5484=CARTESIAN_POINT('',(3.1812726767995,-10.5221544300461,0.));
#5485=CARTESIAN_POINT('',(3.62052669017608,-9.83927256194393,0.));
#5486=CARTESIAN_POINT('',(3.60184081636359,-9.84615214116131,0.));
#5487=CARTESIAN_POINT('',(3.58353238932303,-9.85383014750285,0.));
#5488=CARTESIAN_POINT('',(3.54766232602004,-9.87078684481904,0.));
#5489=CARTESIAN_POINT('',(3.53003157042457,-9.88010319261288,0.));
#5490=CARTESIAN_POINT('',(3.49578746952364,-9.90019583827244,0.));
#5491=CARTESIAN_POINT('',(3.47903954164979,-9.91105368947671,0.));
#5492=CARTESIAN_POINT('',(3.44667965916491,-9.9341410531804,0.));
#5493=CARTESIAN_POINT('',(3.43094132503489,-9.94646511100856,0.));
#5494=CARTESIAN_POINT('',(3.40071110861871,-9.97238943804066,0.));
#5495=CARTESIAN_POINT('',(3.38610232873596,-9.98609680469773,0.));
#5496=CARTESIAN_POINT('',(3.35823281659735,-10.0146869640685,0.));
#5497=CARTESIAN_POINT('',(3.34486606575562,-10.0296890034408,0.));
#5498=CARTESIAN_POINT('',(3.31957268357876,-10.060765010613,0.));
#5499=CARTESIAN_POINT('',(3.30755253493612,-10.0769700494804,0.));
#5500=CARTESIAN_POINT('',(3.2850344927045,-10.1103497955286,0.));
#5501=CARTESIAN_POINT('',(3.27445762823801,-10.1276672145348,0.));
#5502=CARTESIAN_POINT('',(3.2548983199017,-10.1631770394164,0.));
#5503=CARTESIAN_POINT('',(3.24585430060537,-10.1815238514126,0.));
#5504=CARTESIAN_POINT('',(3.22942356274987,-10.2190163535991,0.));
#5505=CARTESIAN_POINT('',(3.22199709407117,-10.2383285809833,0.));
#5506=CARTESIAN_POINT('',(3.20885729221473,-10.2777151921745,0.));
#5507=CARTESIAN_POINT('',(3.20313375197799,-10.2979692797266,0.));
#5508=CARTESIAN_POINT('',(3.1934546795962,-10.3392858667614,0.));
#5509=CARTESIAN_POINT('',(3.18953362379477,-10.3605431421669,0.));
#5510=CARTESIAN_POINT('',(3.18353046747851,-10.4040983429495,0.));
#5511=CARTESIAN_POINT('',(3.18156149562527,-10.42660894721,0.));
#5512=CARTESIAN_POINT('',(3.17960371441061,-10.4733731509413,0.));
#5513=CARTESIAN_POINT('',(3.1798206959425,-10.4977391461933,0.));
#5514=CARTESIAN_POINT('',(3.1812726767995,-10.5221544300461,0.));
#5515=CARTESIAN_POINT('',(3.1812726767995,-10.5221544300461,0.));
#5516=CARTESIAN_POINT('',(3.18503867529658,-10.5938675561417,0.));
#5517=CARTESIAN_POINT('',(3.18647576258231,-10.6655509861709,0.));
#5518=CARTESIAN_POINT('',(3.18467539347679,-10.8102019259107,0.));
#5519=CARTESIAN_POINT('',(3.18094598407197,-10.8832856130635,0.));
#5520=CARTESIAN_POINT('',(3.17017017569238,-11.0302598243964,0.));
#5521=CARTESIAN_POINT('',(3.16237482583806,-11.1043391056789,0.));
#5522=CARTESIAN_POINT('',(3.14352191750583,-11.2532124377578,0.));
#5523=CARTESIAN_POINT('',(3.13192505962714,-11.3281311704493,0.));
#5524=CARTESIAN_POINT('',(3.10554363324336,-11.478586113062,0.));
#5525=CARTESIAN_POINT('',(3.09033405803855,-11.5542114521523,0.));
#5526=CARTESIAN_POINT('',(3.05679325325706,-11.7059849360554,0.));
#5527=CARTESIAN_POINT('',(3.03810855239022,-11.7821995537861,0.));
#5528=CARTESIAN_POINT('',(2.9976718932472,-11.9350603704535,0.));
#5529=CARTESIAN_POINT('',(2.97561521474213,-12.0117572870605,0.));
#5530=CARTESIAN_POINT('',(2.92847872392225,-12.1654944752119,0.));
#5531=CARTESIAN_POINT('',(2.90312941707633,-12.2425738151617,0.));
#5532=CARTESIAN_POINT('',(2.84944356886038,-12.3969900112646,0.));
#5533=CARTESIAN_POINT('',(2.82086410338007,-12.474356917247,0.));
#5534=CARTESIAN_POINT('',(2.76074747090358,-12.6292642575488,0.));
#5535=CARTESIAN_POINT('',(2.7289880944071,-12.7068275037729,0.));
#5536=CARTESIAN_POINT('',(2.66253632908026,-12.8620449605406,0.));
#5537=CARTESIAN_POINT('',(2.62763830931555,-12.9397160026644,0.));
#5538=CARTESIAN_POINT('',(2.55493031524913,-13.095067582413,0.));
#5539=CARTESIAN_POINT('',(2.51692826524003,-13.1727598900865,0.));
#5540=CARTESIAN_POINT('',(2.43803059761493,-13.3280733776973,0.));
#5541=CARTESIAN_POINT('',(2.39695418677304,-13.4057019562216,0.));
#5542=CARTESIAN_POINT('',(2.31192427726498,-13.5608080196414,0.));
#5543=CARTESIAN_POINT('',(2.26786509446698,-13.6382780226921,0.));
#5544=CARTESIAN_POINT('',(2.22258360694934,-13.715077765369,0.));
#5545=CARTESIAN_POINT('',(-0.57071429737679,-10.9777281294747,0.));
#5546=CARTESIAN_POINT('',(1.12423357946206,-13.8484416039788,0.));
#5547=CARTESIAN_POINT('',(1.06188850824008,-13.7847100915114,0.));
#5548=CARTESIAN_POINT('',(1.00056981997744,-13.7200352785526,0.));
#5549=CARTESIAN_POINT('',(0.880891414501789,-13.5897853047202,0.));
#5550=CARTESIAN_POINT('',(0.82243087466837,-13.5242427001508,0.));
#5551=CARTESIAN_POINT('',(0.708656879413406,-13.3923237879577,0.));
#5552=CARTESIAN_POINT('',(0.653166113690716,-13.3259835633873,0.));
#5553=CARTESIAN_POINT('',(0.545392815284821,-13.1925463801052,0.));
#5554=CARTESIAN_POINT('',(0.492920971508132,-13.1254839600865,0.));
#5555=CARTESIAN_POINT('',(0.391254204935142,-12.9906797888785,0.));
#5556=CARTESIAN_POINT('',(0.341855598404909,-12.9229709059078,0.));
#5557=CARTESIAN_POINT('',(0.246414092963304,-12.7869517432184,0.));
#5558=CARTESIAN_POINT('',(0.200149982309734,-12.7186724926816,0.));
#5559=CARTESIAN_POINT('',(0.111069932725757,-12.5815912150261,0.));
#5560=CARTESIAN_POINT('',(0.0680109372233639,-12.5128181468163,0.));
#5561=CARTESIAN_POINT('',(-0.014547570148542,-12.3748287825593,0.));
#5562=CARTESIAN_POINT('',(-0.0543180952092532,-12.3056390476263,0.));
#5563=CARTESIAN_POINT('',(-0.1301617264125,-12.1668972144225,0.));
#5564=CARTESIAN_POINT('',(-0.166542835700852,-12.0973687965686,0.));
#5565=CARTESIAN_POINT('',(-0.235430777774828,-11.9580324142476,0.));
#5566=CARTESIAN_POINT('',(-0.268296718627839,-11.8882444996615,0.));
#5567=CARTESIAN_POINT('',(-0.329917773243904,-11.7484749928203,0.));
#5568=CARTESIAN_POINT('',(-0.359106873790722,-11.6785085720884,0.));
#5569=CARTESIAN_POINT('',(-0.413039671231743,-11.5384730247548,0.));
#5570=CARTESIAN_POINT('',(-0.43833683479684,-11.4684119020814,0.));
#5571=CARTESIAN_POINT('',(-0.483972748787432,-11.3282873139557,0.));
#5572=CARTESIAN_POINT('',(-0.505083859472418,-11.2582198120165,0.));
#5573=CARTESIAN_POINT('',(-0.541449148857426,-11.1182030222216,0.));
#5574=CARTESIAN_POINT('',(-0.55720878839227,-11.0482586648912,0.));
#5575=CARTESIAN_POINT('',(-0.57071429737679,-10.9777281294747,0.));
#5576=CARTESIAN_POINT('',(-1.16062871533114,-10.4198099333744,0.));
#5577=CARTESIAN_POINT('',(-0.57071429737679,-10.9777281294747,0.));
#5578=CARTESIAN_POINT('',(-0.575147468318641,-10.9536748276343,0.));
#5579=CARTESIAN_POINT('',(-0.580767956215472,-10.9299649368415,0.));
#5580=CARTESIAN_POINT('',(-0.593860254347002,-10.8850281435921,0.));
#5581=CARTESIAN_POINT('',(-0.601159151668752,-10.8636428623871,0.));
#5582=CARTESIAN_POINT('',(-0.617411308981226,-10.8227899459225,0.));
#5583=CARTESIAN_POINT('',(-0.62630562501191,-10.8030887383805,0.));
#5584=CARTESIAN_POINT('',(-0.645591147613616,-10.7652890899119,0.));
#5585=CARTESIAN_POINT('',(-0.655995492590234,-10.7469932821676,0.));
#5586=CARTESIAN_POINT('',(-0.678179308706604,-10.7118957347253,0.));
#5587=CARTESIAN_POINT('',(-0.69001169622788,-10.6949219558554,0.));
#5588=CARTESIAN_POINT('',(-0.714937529769519,-10.6624510505873,0.));
#5589=CARTESIAN_POINT('',(-0.728109425802361,-10.6468017390895,0.));
#5590=CARTESIAN_POINT('',(-0.755598433516301,-10.6170046140499,0.));
#5591=CARTESIAN_POINT('',(-0.770012283157276,-10.6027216171128,0.));
#5592=CARTESIAN_POINT('',(-0.799864288105794,-10.5757007460546,0.));
#5593=CARTESIAN_POINT('',(-0.815413272715972,-10.5628432060225,0.));
#5594=CARTESIAN_POINT('',(-0.847408650475434,-10.5387233136982,0.));
#5595=CARTESIAN_POINT('',(-0.863977210848843,-10.5273560791819,0.));
#5596=CARTESIAN_POINT('',(-0.897878958597383,-10.5062663086928,0.));
#5597=CARTESIAN_POINT('',(-0.915343621444288,-10.4964533630607,0.));
#5598=CARTESIAN_POINT('',(-0.950899500257486,-10.4785169141798,0.));
#5599=CARTESIAN_POINT('',(-0.969129847086817,-10.4703174009612,0.));
#5600=CARTESIAN_POINT('',(-1.00607457797978,-10.4556451408603,0.));
#5601=CARTESIAN_POINT('',(-1.02493429538142,-10.4491108405633,0.));
#5602=CARTESIAN_POINT('',(-1.0629918097896,-10.4377972004247,0.));
#5603=CARTESIAN_POINT('',(-1.08233979563108,-10.4329708847532,0.));
#5604=CARTESIAN_POINT('',(-1.12122554336801,-10.4250911862709,0.));
#5605=CARTESIAN_POINT('',(-1.14083942798102,-10.4220177822187,0.));
#5606=CARTESIAN_POINT('',(-1.16062871533114,-10.4198099333744,0.));
#5607=CARTESIAN_POINT('',(-1.36672078173512,-10.3947858259453,0.));
#5608=AXIS2_PLACEMENT_3D('',#5609,#5610,#5611);
#5609=CARTESIAN_POINT('',(0.,0.,0.));
#5610=DIRECTION('',(0.,0.,-1.));
#5611=DIRECTION('',(-0.110702121308738,-0.993853631244433,0.));
#5612=CARTESIAN_POINT('',(-2.07301192254739,-10.7953161724364,0.));
#5613=CARTESIAN_POINT('',(-1.36672078173512,-10.3947858259453,0.));
#5614=CARTESIAN_POINT('',(-1.38646340117321,-10.3921936322667,0.));
#5615=CARTESIAN_POINT('',(-1.40624285567852,-10.3904838189574,0.));
#5616=CARTESIAN_POINT('',(-1.44588438953488,-10.3888285791717,0.));
#5617=CARTESIAN_POINT('',(-1.46582517101232,-10.3888843747969,0.));
#5618=CARTESIAN_POINT('',(-1.50548433452379,-10.3907615017731,0.));
#5619=CARTESIAN_POINT('',(-1.52535978323012,-10.3925925013808,0.));
#5620=CARTESIAN_POINT('',(-1.5647422690603,-10.3979969594534,0.));
#5621=CARTESIAN_POINT('',(-1.58440514709583,-10.4015954021582,0.));
#5622=CARTESIAN_POINT('',(-1.62322030986979,-10.4105015716753,0.));
#5623=CARTESIAN_POINT('',(-1.64252587295765,-10.4158498035508,0.));
#5624=CARTESIAN_POINT('',(-1.68048960996481,-10.4282135243557,0.));
#5625=CARTESIAN_POINT('',(-1.69929707536527,-10.4352853316639,0.));
#5626=CARTESIAN_POINT('',(-1.73613499365041,-10.4510473486708,0.));
#5627=CARTESIAN_POINT('',(-1.75430916376084,-10.4598101563763,0.));
#5628=CARTESIAN_POINT('',(-1.78976024140628,-10.4789017976353,0.));
#5629=CARTESIAN_POINT('',(-1.80717339567281,-10.489320296638,0.));
#5630=CARTESIAN_POINT('',(-1.84099454155453,-10.5116730212363,0.));
#5631=CARTESIAN_POINT('',(-1.85752881160435,-10.5237153511344,0.));
#5632=CARTESIAN_POINT('',(-1.8895011419884,-10.549277568497,0.));
#5633=CARTESIAN_POINT('',(-1.9050517929985,-10.5629264445217,0.));
#5634=CARTESIAN_POINT('',(-1.934990380617,-10.5916951863323,0.));
#5635=CARTESIAN_POINT('',(-1.94947086762173,-10.6069694284252,0.));
#5636=CARTESIAN_POINT('',(-1.97724203596975,-10.6390553601549,0.));
#5637=CARTESIAN_POINT('',(-1.99059270691151,-10.6560555372619,0.));
#5638=CARTESIAN_POINT('',(-2.01614934891139,-10.6918319463978,0.));
#5639=CARTESIAN_POINT('',(-2.02835398631972,-10.710849069736,0.));
#5640=CARTESIAN_POINT('',(-2.05181992458929,-10.7513468894186,0.));
#5641=CARTESIAN_POINT('',(-2.06295123958791,-10.7730227430813,0.));
#5642=CARTESIAN_POINT('',(-2.07301192254739,-10.7953161724364,0.));
#5643=CARTESIAN_POINT('',(-2.07301192254739,-10.7953161724364,0.));
#5644=CARTESIAN_POINT('',(-2.10300404792186,-10.8605651388236,0.));
#5645=CARTESIAN_POINT('',(-2.13504452131147,-10.9247055116444,0.));
#5646=CARTESIAN_POINT('',(-2.20386131253936,-11.0519508846118,0.));
#5647=CARTESIAN_POINT('',(-2.24112722348727,-11.1149301328098,0.));
#5648=CARTESIAN_POINT('',(-2.31897104964753,-11.2400615659986,0.));
#5649=CARTESIAN_POINT('',(-2.36029984772844,-11.3020328322748,0.));
#5650=CARTESIAN_POINT('',(-2.44617815612872,-11.4250922378607,0.));
#5651=CARTESIAN_POINT('',(-2.49126313491796,-11.4860401525776,0.));
#5652=CARTESIAN_POINT('',(-2.58454262605543,-11.6070013279512,0.));
#5653=CARTESIAN_POINT('',(-2.6331548835371,-11.6668959981062,0.));
#5654=CARTESIAN_POINT('',(-2.73338644610771,-11.7856975547716,0.));
#5655=CARTESIAN_POINT('',(-2.78534962598569,-11.8444990338286,0.));
#5656=CARTESIAN_POINT('',(-2.89219247308401,-11.9610587125291,0.));
#5657=CARTESIAN_POINT('',(-2.94736552634381,-12.0187202098882,0.));
#5658=CARTESIAN_POINT('',(-3.06054804990725,-12.1329423099711,0.));
#5659=CARTESIAN_POINT('',(-3.1188143017606,-12.1894122656964,0.));
#5660=CARTESIAN_POINT('',(-3.23811154402358,-12.3011919593174,0.));
#5661=CARTESIAN_POINT('',(-3.29937159790243,-12.3564154125523,0.));
#5662=CARTESIAN_POINT('',(-3.42459126292864,-12.4656414583034,0.));
#5663=CARTESIAN_POINT('',(-3.48875823203771,-12.5195609838542,0.));
#5664=CARTESIAN_POINT('',(-3.6197314969273,-12.6261175410651,0.));
#5665=CARTESIAN_POINT('',(-3.68672769188305,-12.6786739148893,0.));
#5666=CARTESIAN_POINT('',(-3.82330290226508,-12.7824418176369,0.));
#5667=CARTESIAN_POINT('',(-3.89305746209828,-12.833574506389,0.));
#5668=CARTESIAN_POINT('',(-4.03509565393054,-12.9344321954935,0.));
#5669=CARTESIAN_POINT('',(-4.10754280867578,-12.9840797281682,0.));
#5670=CARTESIAN_POINT('',(-4.25491443620609,-13.0819039573734,0.));
#5671=CARTESIAN_POINT('',(-4.32992901065591,-13.1300249151945,0.));
#5672=CARTESIAN_POINT('',(-4.40571439665792,-13.1769843536023,0.));
#5673=CARTESIAN_POINT('',(-5.6069470517023,-9.45507136161843,0.));
#5674=CARTESIAN_POINT('',(-5.44023231288755,-12.7846434593153,0.));
#5675=CARTESIAN_POINT('',(-5.46581862123784,-12.6992388083175,0.));
#5676=CARTESIAN_POINT('',(-5.49005773901558,-12.6134758901602,0.));
#5677=CARTESIAN_POINT('',(-5.53549752328658,-12.4425279377713,0.));
#5678=CARTESIAN_POINT('',(-5.55680259344549,-12.3573248761075,0.));
#5679=CARTESIAN_POINT('',(-5.5962386877797,-12.1876430684376,0.));
#5680=CARTESIAN_POINT('',(-5.61454348106052,-12.1031138721827,0.));
#5681=CARTESIAN_POINT('',(-5.64796064645513,-11.9348763651027,0.));
#5682=CARTESIAN_POINT('',(-5.66325669614829,-11.8511106595193,0.));
#5683=CARTESIAN_POINT('',(-5.6906315251705,-11.6845005915867,0.));
#5684=CARTESIAN_POINT('',(-5.7029059321119,-11.6015906760488,0.));
#5685=CARTESIAN_POINT('',(-5.7242039314588,-11.4367978096877,0.));
#5686=CARTESIAN_POINT('',(-5.73343781711427,-11.3548395316181,0.));
#5687=CARTESIAN_POINT('',(-5.74860943760401,-11.1920625251053,0.));
#5688=CARTESIAN_POINT('',(-5.75477584622055,-11.1111564844814,0.));
#5689=CARTESIAN_POINT('',(-5.76375091897612,-10.9506061189989,0.));
#5690=CARTESIAN_POINT('',(-5.7668118969436,-10.8708593667291,0.));
#5691=CARTESIAN_POINT('',(-5.76949155237828,-10.7127632816365,0.));
#5692=CARTESIAN_POINT('',(-5.76939395792536,-10.6342917805827,0.));
#5693=CARTESIAN_POINT('',(-5.76563835575631,-10.4789017183077,0.));
#5694=CARTESIAN_POINT('',(-5.76230764008657,-10.4018340245342,0.));
#5695=CARTESIAN_POINT('',(-5.75191624562924,-10.2494375405333,0.));
#5696=CARTESIAN_POINT('',(-5.74524689361275,-10.1739205003076,0.));
#5697=CARTESIAN_POINT('',(-5.72792425033146,-10.0248613604114,0.));
#5698=CARTESIAN_POINT('',(-5.71776474907642,-9.95106913908059,0.));
#5699=CARTESIAN_POINT('',(-5.69305420103045,-9.80578691147364,0.));
#5700=CARTESIAN_POINT('',(-5.67918516943634,-9.73393439735622,0.));
#5701=CARTESIAN_POINT('',(-5.64631598735404,-9.59305589450441,0.));
#5702=CARTESIAN_POINT('',(-5.62776569153717,-9.52379937217092,0.));
#5703=CARTESIAN_POINT('',(-5.6069470517023,-9.45507136161843,0.));
#5704=CARTESIAN_POINT('',(-5.87001281386704,-8.6869124335138,0.));
#5705=CARTESIAN_POINT('',(-5.6069470517023,-9.45507136161843,0.));
#5706=CARTESIAN_POINT('',(-5.59969430289613,-9.43171302330472,0.));
#5707=CARTESIAN_POINT('',(-5.59365246211346,-9.40810698667082,0.));
#5708=CARTESIAN_POINT('',(-5.5843619472833,-9.36223313799751,0.));
#5709=CARTESIAN_POINT('',(-5.58088656418084,-9.33990544517848,0.));
#5710=CARTESIAN_POINT('',(-5.57629183787637,-9.2961792300306,0.));
#5711=CARTESIAN_POINT('',(-5.57501175593781,-9.27460128234099,0.));
#5712=CARTESIAN_POINT('',(-5.57452186559487,-9.23216892659886,0.));
#5713=CARTESIAN_POINT('',(-5.57523196973737,-9.21113365318694,0.));
#5714=CARTESIAN_POINT('',(-5.57856411981123,-9.16974698492482,0.));
#5715=CARTESIAN_POINT('',(-5.58115307028186,-9.1492186654847,0.));
#5716=CARTESIAN_POINT('',(-5.58813381769037,-9.10888349432728,0.));
#5717=CARTESIAN_POINT('',(-5.59252435472236,-9.08890543185799,0.));
#5718=CARTESIAN_POINT('',(-5.60301724777572,-9.04974660908339,0.));
#5719=CARTESIAN_POINT('',(-5.60914243815027,-9.03040119345452,0.));
#5720=CARTESIAN_POINT('',(-5.62301785090024,-8.99260248192615,0.));
#5721=CARTESIAN_POINT('',(-5.6308105962277,-8.97399172217951,0.));
#5722=CARTESIAN_POINT('',(-5.64793202338755,-8.93776562473972,0.));
#5723=CARTESIAN_POINT('',(-5.65732013772483,-8.92000064450938,0.));
#5724=CARTESIAN_POINT('',(-5.67753773950957,-8.88557165239861,0.));
#5725=CARTESIAN_POINT('',(-5.68844162724214,-8.8687664870424,0.));
#5726=CARTESIAN_POINT('',(-5.71158931096555,-8.83636090951511,0.));
#5727=CARTESIAN_POINT('',(-5.72392097762315,-8.82062853652227,0.));
#5728=CARTESIAN_POINT('',(-5.74981537295332,-8.79046782287509,0.));
#5729=CARTESIAN_POINT('',(-5.76347818260759,-8.77591743960891,0.));
#5730=CARTESIAN_POINT('',(-5.79191872732914,-8.74821349996028,0.));
#5731=CARTESIAN_POINT('',(-5.80680761724859,-8.73494855231434,0.));
#5732=CARTESIAN_POINT('',(-5.83757735842083,-8.70990031777722,0.));
#5733=CARTESIAN_POINT('',(-5.85351630865777,-8.69806392696649,0.));
#5734=CARTESIAN_POINT('',(-5.87001281386704,-8.6869124335138,0.));
#5735=CARTESIAN_POINT('',(-6.04086899332173,-8.56897892797176,0.));
#5736=AXIS2_PLACEMENT_3D('',#5737,#5738,#5739);
#5737=CARTESIAN_POINT('',(0.,0.,0.));
#5738=DIRECTION('',(0.,0.,-1.));
#5739=DIRECTION('',(-0.559888672424545,-0.828567845436136,0.));
#5740=CARTESIAN_POINT('',(-6.85239447294056,-8.59540107738456,0.));
#5741=CARTESIAN_POINT('',(-6.04086899332173,-8.56897892797176,0.));
#5742=CARTESIAN_POINT('',(-6.05714556219652,-8.5575088017297,0.));
#5743=CARTESIAN_POINT('',(-6.07386480950767,-8.54680286639323,0.));
#5744=CARTESIAN_POINT('',(-6.10819641624318,-8.52691488499261,0.));
#5745=CARTESIAN_POINT('',(-6.12587903087859,-8.51769734634399,0.));
#5746=CARTESIAN_POINT('',(-6.16186782058485,-8.50092892746825,0.));
#5747=CARTESIAN_POINT('',(-6.18031756435016,-8.49331361553531,0.));
#5748=CARTESIAN_POINT('',(-6.21770060063234,-8.47979707176307,0.));
#5749=CARTESIAN_POINT('',(-6.23678349417881,-8.47384553948687,0.));
#5750=CARTESIAN_POINT('',(-6.27529151729246,-8.46369325538355,0.));
#5751=CARTESIAN_POINT('',(-6.29487119173926,-8.45945713700806,0.));
#5752=CARTESIAN_POINT('',(-6.33423211897926,-8.4527620398096,0.));
#5753=CARTESIAN_POINT('',(-6.35417173526973,-8.45028354922395,0.));
#5754=CARTESIAN_POINT('',(-6.39411506652907,-8.44712068792216,0.));
#5755=CARTESIAN_POINT('',(-6.41427977475748,-8.44643381082361,0.));
#5756=CARTESIAN_POINT('',(-6.45454247315996,-8.44686368236029,0.));
#5757=CARTESIAN_POINT('',(-6.47480277343534,-8.44799650879441,0.));
#5758=CARTESIAN_POINT('',(-6.51513773992996,-8.45207139328347,0.));
#5759=CARTESIAN_POINT('',(-6.53537445872442,-8.4550504884297,0.));
#5760=CARTESIAN_POINT('',(-6.57556390605437,-8.46282642502877,0.));
#5761=CARTESIAN_POINT('',(-6.59567627265512,-8.46768515668347,0.));
#5762=CARTESIAN_POINT('',(-6.63555507641137,-8.4792454570655,0.));
#5763=CARTESIAN_POINT('',(-6.65547520512009,-8.4860407089104,0.));
#5764=CARTESIAN_POINT('',(-6.69497642944467,-8.50154548505308,0.));
#5765=CARTESIAN_POINT('',(-6.71469823770704,-8.51039402816068,0.));
#5766=CARTESIAN_POINT('',(-6.75395364669928,-8.53019570146936,0.));
#5767=CARTESIAN_POINT('',(-6.77359801431428,-8.54136275010973,0.));
#5768=CARTESIAN_POINT('',(-6.81319634597641,-8.56631662330584,0.));
#5769=CARTESIAN_POINT('',(-6.83312590738626,-8.58033665852745,0.));
#5770=CARTESIAN_POINT('',(-6.85239447294056,-8.59540107738456,0.));
#5771=CARTESIAN_POINT('',(-6.85239447294056,-8.59540107738456,0.));
#5772=CARTESIAN_POINT('',(-6.90927388770757,-8.63923813219941,0.));
#5773=CARTESIAN_POINT('',(-6.96745183544854,-8.68114166137383,0.));
#5774=CARTESIAN_POINT('',(-7.08751995126072,-8.76183108609505,0.));
#5775=CARTESIAN_POINT('',(-7.14978519265647,-8.80027810855819,0.));
#5776=CARTESIAN_POINT('',(-7.27686395414389,-8.87490066025668,0.));
#5777=CARTESIAN_POINT('',(-7.34225827087707,-8.91056704125735,0.));
#5778=CARTESIAN_POINT('',(-7.4754882938367,-8.97962109355716,0.));
#5779=CARTESIAN_POINT('',(-7.54373296822876,-9.01263575753977,0.));
#5780=CARTESIAN_POINT('',(-7.68254131684006,-9.07639241813637,0.));
#5781=CARTESIAN_POINT('',(-7.75341977425076,-9.10683527223253,0.));
#5782=CARTESIAN_POINT('',(-7.89738025154684,-9.16544889674221,0.));
#5783=CARTESIAN_POINT('',(-7.9707177721501,-9.19336652690813,0.));
#5784=CARTESIAN_POINT('',(-8.11949039852938,-9.24692264994803,0.));
#5785=CARTESIAN_POINT('',(-8.19514034494946,-9.27233917391057,0.));
#5786=CARTESIAN_POINT('',(-8.34844014910536,-9.3208792793214,0.));
#5787=CARTESIAN_POINT('',(-8.42627524985099,-9.34380326450238,0.));
#5788=CARTESIAN_POINT('',(-8.58385432564618,-9.38733907492421,0.));
#5789=CARTESIAN_POINT('',(-8.66376102784359,-9.40776804779032,0.));
#5790=CARTESIAN_POINT('',(-8.82539740922258,-9.44629042822567,0.));
#5791=CARTESIAN_POINT('',(-8.90727209161716,-9.46421391960016,0.));
#5792=CARTESIAN_POINT('',(-9.07276245948225,-9.49769875414302,0.));
#5793=CARTESIAN_POINT('',(-9.15650880875635,-9.51310042779742,0.));
#5794=CARTESIAN_POINT('',(-9.32566350066516,-9.54151267756341,0.));
#5795=CARTESIAN_POINT('',(-9.41119064129825,-9.55437186461658,0.));
#5796=CARTESIAN_POINT('',(-9.58383011933468,-9.57766847410801,0.));
#5797=CARTESIAN_POINT('',(-9.67105124791399,-9.58796130951484,0.));
#5798=CARTESIAN_POINT('',(-9.84700352962,-9.60609335250432,0.));
#5799=CARTESIAN_POINT('',(-9.93578856073882,-9.61384133357939,0.));
#5800=CARTESIAN_POINT('',(-10.024716326605,-9.6202026263015,0.));
#5801=CARTESIAN_POINT('',(-9.35869580751981,-5.76637169077759,0.));
#5802=CARTESIAN_POINT('',(-10.7584065442612,-8.79203756977855,0.));
#5803=CARTESIAN_POINT('',(-10.7413725748452,-8.70452495655629,0.));
#5804=CARTESIAN_POINT('',(-10.7229792323682,-8.61732118419504,0.));
#5805=CARTESIAN_POINT('',(-10.6837706884668,-8.44483736899588,0.));
#5806=CARTESIAN_POINT('',(-10.6630395541318,-8.3594928448567,0.));
#5807=CARTESIAN_POINT('',(-10.6191034135897,-8.19092019895959,0.));
#5808=CARTESIAN_POINT('',(-10.5960288268847,-8.10756665119506,0.));
#5809=CARTESIAN_POINT('',(-10.5474343893966,-7.94307000570723,0.));
#5810=CARTESIAN_POINT('',(-10.5220505043589,-7.8617907282222,0.));
#5811=CARTESIAN_POINT('',(-10.4688621524038,-7.70154312225947,0.));
#5812=CARTESIAN_POINT('',(-10.4412004410487,-7.62242583663128,0.));
#5813=CARTESIAN_POINT('',(-10.3834758193193,-7.46661132631247,0.));
#5814=CARTESIAN_POINT('',(-10.3535641080534,-7.38974967451149,0.));
#5815=CARTESIAN_POINT('',(-10.2913516640325,-7.23856718965791,0.));
#5816=CARTESIAN_POINT('',(-10.2592128358624,-7.16406277550335,0.));
#5817=CARTESIAN_POINT('',(-10.1925483929947,-7.01773156268575,0.));
#5818=CARTESIAN_POINT('',(-10.1581985907054,-6.94569681297157,0.));
#5819=CARTESIAN_POINT('',(-10.0871003936048,-6.80446438382056,0.));
#5820=CARTESIAN_POINT('',(-10.0505464531236,-6.73502667477415,0.));
#5821=CARTESIAN_POINT('',(-9.97500766990856,-6.59918092315906,0.));
#5822=CARTESIAN_POINT('',(-9.93624332453653,-6.53248873007534,0.));
#5823=CARTESIAN_POINT('',(-9.8562200242461,-6.40237746682248,0.));
#5824=CARTESIAN_POINT('',(-9.81522008783887,-6.33860985093976,0.));
#5825=CARTESIAN_POINT('',(-9.73061041265052,-6.21467477107384,0.));
#5826=CARTESIAN_POINT('',(-9.68732166587762,-6.15405635969978,0.));
#5827=CARTESIAN_POINT('',(-9.59792554455803,-6.03689890011574,0.));
#5828=CARTESIAN_POINT('',(-9.55225359868309,-5.97972191888773,0.));
#5829=CARTESIAN_POINT('',(-9.45767987863194,-5.87025527021236,0.));
#5830=CARTESIAN_POINT('',(-9.40906929667972,-5.81755241751075,0.));
#5831=CARTESIAN_POINT('',(-9.35869580751981,-5.76637169077759,0.));
#5832=CARTESIAN_POINT('',(-9.23464771806911,-4.96394798377873,0.));
#5833=CARTESIAN_POINT('',(-9.35869580751981,-5.76637169077759,0.));
#5834=CARTESIAN_POINT('',(-9.34141865631203,-5.74905942979971,0.));
#5835=CARTESIAN_POINT('',(-9.32509859976108,-5.73096510583394,0.));
#5836=CARTESIAN_POINT('',(-9.29555361695398,-5.69466334762804,0.));
#5837=CARTESIAN_POINT('',(-9.28210012181317,-5.67650824854194,0.));
#5838=CARTESIAN_POINT('',(-9.25771110831567,-5.63992588364313,0.));
#5839=CARTESIAN_POINT('',(-9.24654987975333,-5.6214144435791,0.));
#5840=CARTESIAN_POINT('',(-9.22639680443949,-5.58407012189869,0.));
#5841=CARTESIAN_POINT('',(-9.21724999144651,-5.56511431045526,0.));
#5842=CARTESIAN_POINT('',(-9.2009671200527,-5.52691970830881,0.));
#5843=CARTESIAN_POINT('',(-9.19371953612009,-5.50753963888904,0.));
#5844=CARTESIAN_POINT('',(-9.18115599229132,-5.46858050346303,0.));
#5845=CARTESIAN_POINT('',(-9.17575935120013,-5.44885042337224,0.));
#5846=CARTESIAN_POINT('',(-9.16685233424745,-5.40930071724532,0.));
#5847=CARTESIAN_POINT('',(-9.16328565805732,-5.38932468450773,0.));
#5848=CARTESIAN_POINT('',(-9.15800578876457,-5.34940736179643,0.));
#5849=CARTESIAN_POINT('',(-9.15625707076754,-5.32930688310928,0.));
#5850=CARTESIAN_POINT('',(-9.15458223470103,-5.28927354290567,0.));
#5851=CARTESIAN_POINT('',(-9.15463919914656,-5.26918055984077,0.));
#5852=CARTESIAN_POINT('',(-9.15654104604713,-5.22929961328661,0.));
#5853=CARTESIAN_POINT('',(-9.15838620939192,-5.20935208906516,0.));
#5854=CARTESIAN_POINT('',(-9.16382284264433,-5.16990111017344,0.));
#5855=CARTESIAN_POINT('',(-9.16743079291164,-5.1502399744634,0.));
#5856=CARTESIAN_POINT('',(-9.17634275877017,-5.11150026329051,0.));
#5857=CARTESIAN_POINT('',(-9.18167867563998,-5.09226711451035,0.));
#5858=CARTESIAN_POINT('',(-9.19398686462493,-5.05451951405649,0.));
#5859=CARTESIAN_POINT('',(-9.20100579337236,-5.03585477408183,0.));
#5860=CARTESIAN_POINT('',(-9.21661055109293,-4.99937625215843,0.));
#5861=CARTESIAN_POINT('',(-9.22522314553971,-4.98148844907992,0.));
#5862=CARTESIAN_POINT('',(-9.23464771806911,-4.96394798377873,0.));
#5863=CARTESIAN_POINT('',(-9.33112691890162,-4.78012222499066,0.));
#5864=AXIS2_PLACEMENT_3D('',#5865,#5866,#5867);
#5865=CARTESIAN_POINT('',(0.,0.,0.));
#5866=DIRECTION('',(0.,0.,-1.));
#5867=DIRECTION('',(-0.880811476077842,-0.473467151563414,0.));
#5868=CARTESIAN_POINT('',(-10.0619760298885,-4.42638318131613,0.));
#5869=CARTESIAN_POINT('',(-9.33112691890162,-4.78012222499066,0.));
#5870=CARTESIAN_POINT('',(-9.3402086714378,-4.76240183387714,0.));
#5871=CARTESIAN_POINT('',(-9.35003753348459,-4.74515237727859,0.));
#5872=CARTESIAN_POINT('',(-9.37119425573686,-4.71158775112584,0.));
#5873=CARTESIAN_POINT('',(-9.38256782961586,-4.69520850522434,0.));
#5874=CARTESIAN_POINT('',(-9.40664164750714,-4.66363598317983,0.));
#5875=CARTESIAN_POINT('',(-9.41943907237832,-4.64831893589557,0.));
#5876=CARTESIAN_POINT('',(-9.44625865601469,-4.61897786756475,0.));
#5877=CARTESIAN_POINT('',(-9.46038990413438,-4.60483978462823,0.));
#5878=CARTESIAN_POINT('',(-9.48976906356438,-4.57795481284429,0.));
#5879=CARTESIAN_POINT('',(-9.50513738191501,-4.56510478788683,0.));
#5880=CARTESIAN_POINT('',(-9.53687838530776,-4.54088463876857,0.));
#5881=CARTESIAN_POINT('',(-9.55338222669453,-4.52942364261313,0.));
#5882=CARTESIAN_POINT('',(-9.58728043510587,-4.50806047641032,0.));
#5883=CARTESIAN_POINT('',(-9.60481618980821,-4.49808126977328,0.));
#5884=CARTESIAN_POINT('',(-9.64066680998185,-4.47975089319906,0.));
#5885=CARTESIAN_POINT('',(-9.65913286563606,-4.47133853018063,0.));
#5886=CARTESIAN_POINT('',(-9.69674139800871,-4.45620206763165,0.));
#5887=CARTESIAN_POINT('',(-9.71604457715089,-4.44943545322996,0.));
#5888=CARTESIAN_POINT('',(-9.7552442233788,-4.43764373570084,0.));
#5889=CARTESIAN_POINT('',(-9.77531080476225,-4.43259924611751,0.));
#5890=CARTESIAN_POINT('',(-9.81599407130739,-4.42430277957023,0.));
#5891=CARTESIAN_POINT('',(-9.83679038029651,-4.42106233086109,0.));
#5892=CARTESIAN_POINT('',(-9.87897240614624,-4.4164339940553,0.));
#5893=CARTESIAN_POINT('',(-9.90054732312987,-4.41510380857405,0.));
#5894=CARTESIAN_POINT('',(-9.94450855799331,-4.41439442133649,0.));
#5895=CARTESIAN_POINT('',(-9.96709236793468,-4.41515315901303,0.));
#5896=CARTESIAN_POINT('',(-10.0137515924172,-4.41884645410025,0.));
#5897=CARTESIAN_POINT('',(-10.0379137778965,-4.42199884977126,0.));
#5898=CARTESIAN_POINT('',(-10.0619760298885,-4.42638318131613,0.));
#5899=CARTESIAN_POINT('',(-10.0619760298885,-4.42638318131613,0.));
#5900=CARTESIAN_POINT('',(-10.1327123455962,-4.43876578359431,0.));
#5901=CARTESIAN_POINT('',(-10.2036999009814,-4.44883287558075,0.));
#5902=CARTESIAN_POINT('',(-10.3475131830229,-4.46448137726509,0.));
#5903=CARTESIAN_POINT('',(-10.4205135384403,-4.469588424484,0.));
#5904=CARTESIAN_POINT('',(-10.5677150224632,-4.47660696739722,0.));
#5905=CARTESIAN_POINT('',(-10.642193807972,-4.47779772506163,0.));
#5906=CARTESIAN_POINT('',(-10.7922541528268,-4.477026972885,0.));
#5907=CARTESIAN_POINT('',(-10.8680244903559,-4.47454512448475,0.));
#5908=CARTESIAN_POINT('',(-11.0205623765961,-4.46649138771274,0.));
#5909=CARTESIAN_POINT('',(-11.0974696335211,-4.46050833475279,0.));
#5910=CARTESIAN_POINT('',(-11.2521794151059,-4.44550635210229,0.));
#5911=CARTESIAN_POINT('',(-11.3300905342772,-4.43614454075009,0.));
#5912=CARTESIAN_POINT('',(-11.4867109241384,-4.41442804576213,0.));
#5913=CARTESIAN_POINT('',(-11.5655072726746,-4.40177697699065,0.));
#5914=CARTESIAN_POINT('',(-11.7238052197538,-4.37351513455148,0.));
#5915=CARTESIAN_POINT('',(-11.8033780858255,-4.35764154044712,0.));
#5916=CARTESIAN_POINT('',(-11.963139527922,-4.32295993816556,0.));
#5917=CARTESIAN_POINT('',(-12.0433872159447,-4.30391439917502,0.));
#5918=CARTESIAN_POINT('',(-12.2044113666321,-4.26290810118188,0.));
#5919=CARTESIAN_POINT('',(-12.2852372592725,-4.24072950250768,0.));
#5920=CARTESIAN_POINT('',(-12.4473328812103,-4.1934716423247,0.));
#5921=CARTESIAN_POINT('',(-12.528644105437,-4.1681902779854,0.));
#5922=CARTESIAN_POINT('',(-12.6916269774913,-4.1147379707531,0.));
#5923=CARTESIAN_POINT('',(-12.773333461719,-4.0863777713235,0.));
#5924=CARTESIAN_POINT('',(-12.9370246020727,-4.0267763287219,0.));
#5925=CARTESIAN_POINT('',(-13.0190383950571,-3.99535650231132,0.));
#5926=CARTESIAN_POINT('',(-13.1832627836548,-3.929642526551,0.));
#5927=CARTESIAN_POINT('',(-13.2654786907889,-3.89524256178903,0.));
#5928=CARTESIAN_POINT('',(-13.3471765570552,-3.85954841332465,0.));
#5929=CARTESIAN_POINT('',(-10.9664801383454,-0.756665757891779,0.));
#5930=CARTESIAN_POINT('',(-13.6119594891985,-2.78528182854431,0.));
#5931=CARTESIAN_POINT('',(-13.5562075191278,-2.71570933814551,0.));
#5932=CARTESIAN_POINT('',(-13.4993954094937,-2.64704204490894,0.));
#5933=CARTESIAN_POINT('',(-13.3845207423136,-2.51253633030626,0.));
#5934=CARTESIAN_POINT('',(-13.3265026565235,-2.44660174565897,0.));
#5935=CARTESIAN_POINT('',(-13.2092595214155,-2.31775622318913,0.));
#5936=CARTESIAN_POINT('',(-13.1500916644598,-2.25467361718861,0.));
#5937=CARTESIAN_POINT('',(-13.0306180240911,-2.13160203237483,0.));
#5938=CARTESIAN_POINT('',(-12.9703693464757,-2.07142928593847,0.));
#5939=CARTESIAN_POINT('',(-12.8488026239871,-1.95425493727863,0.));
#5940=CARTESIAN_POINT('',(-12.7875417590472,-1.89705509823091,0.));
#5941=CARTESIAN_POINT('',(-12.6640185314225,-1.78591417050005,0.));
#5942=CARTESIAN_POINT('',(-12.601813635811,-1.73175722311197,0.));
#5943=CARTESIAN_POINT('',(-12.4764692484635,-1.62680334525111,0.));
#5944=CARTESIAN_POINT('',(-12.4133878017258,-1.57576862097316,0.));
#5945=CARTESIAN_POINT('',(-12.2863558637021,-1.47717927819469,0.));
#5946=CARTESIAN_POINT('',(-12.2224644069005,-1.42935882408282,0.));
#5947=CARTESIAN_POINT('',(-12.0938760973942,-1.33734469835661,0.));
#5948=CARTESIAN_POINT('',(-12.0292398781262,-1.29284812364502,0.));
#5949=CARTESIAN_POINT('',(-11.8992229387587,-1.20766730726608,0.));
#5950=CARTESIAN_POINT('',(-11.8339054080481,-1.16662899257955,0.));
#5951=CARTESIAN_POINT('',(-11.7025825756358,-1.08860987247534,0.));
#5952=CARTESIAN_POINT('',(-11.636644646166,-1.05120007325121,0.));
#5953=CARTESIAN_POINT('',(-11.5041309959991,-0.98078108663324,0.));
#5954=CARTESIAN_POINT('',(-11.437629933908,-0.947223432730656,0.));
#5955=CARTESIAN_POINT('',(-11.3040278133691,-0.885030103259796,0.));
#5956=CARTESIAN_POINT('',(-11.2370158456067,-0.855627212263211,0.));
#5957=CARTESIAN_POINT('',(-11.1024032871135,-0.802649907759684,0.));
#5958=CARTESIAN_POINT('',(-11.0348685175302,-0.778574313105667,0.));
#5959=CARTESIAN_POINT('',(-10.9664801383454,-0.756665757891779,0.));
#5960=CARTESIAN_POINT('',(-10.4837361196309,-0.103802873018149,0.));
#5961=CARTESIAN_POINT('',(-10.9664801383454,-0.756665757891779,0.));
#5962=CARTESIAN_POINT('',(-10.9431365718655,-0.749365604604395,0.));
#5963=CARTESIAN_POINT('',(-10.9202770278241,-0.740928184867072,0.));
#5964=CARTESIAN_POINT('',(-10.8772459765455,-0.722514812449952,0.));
#5965=CARTESIAN_POINT('',(-10.8568964029709,-0.712691421504745,0.));
#5966=CARTESIAN_POINT('',(-10.8183003313532,-0.691633485788026,0.));
#5967=CARTESIAN_POINT('',(-10.7998148591233,-0.680429301181204,0.));
#5968=CARTESIAN_POINT('',(-10.7646154255221,-0.656728147611642,0.));
#5969=CARTESIAN_POINT('',(-10.7477071200192,-0.644194346096092,0.));
#5970=CARTESIAN_POINT('',(-10.7155394367642,-0.617941733122208,0.));
#5971=CARTESIAN_POINT('',(-10.7001156525645,-0.604149654071714,0.));
#5972=CARTESIAN_POINT('',(-10.6708859739825,-0.575491622794729,0.));
#5973=CARTESIAN_POINT('',(-10.6569384602055,-0.560529448658,0.));
#5974=CARTESIAN_POINT('',(-10.6306720234895,-0.529649220226798,0.));
#5975=CARTESIAN_POINT('',(-10.6182305632667,-0.51361883874339,0.));
#5976=CARTESIAN_POINT('',(-10.5950049663569,-0.480727482426422,0.));
#5977=CARTESIAN_POINT('',(-10.5841153952542,-0.463742062228959,0.));
#5978=CARTESIAN_POINT('',(-10.5640279807202,-0.429072635048133,0.));
#5979=CARTESIAN_POINT('',(-10.554740745406,-0.411254709422149,0.));
#5980=CARTESIAN_POINT('',(-10.5378911472172,-0.375058052662636,0.));
#5981=CARTESIAN_POINT('',(-10.5302548814885,-0.356537906981366,0.));
#5982=CARTESIAN_POINT('',(-10.5167349971104,-0.319079270553477,0.));
#5983=CARTESIAN_POINT('',(-10.5107926930616,-0.299993501375031,0.));
#5984=CARTESIAN_POINT('',(-10.5006806054712,-0.261549593642016,0.));
#5985=CARTESIAN_POINT('',(-10.4964672353064,-0.242039761948831,0.));
#5986=CARTESIAN_POINT('',(-10.4898234107881,-0.202896021045812,0.));
#5987=CARTESIAN_POINT('',(-10.4873644263747,-0.183107355736147,0.));
#5988=CARTESIAN_POINT('',(-10.4842293387075,-0.143555336185275,0.));
#5989=CARTESIAN_POINT('',(-10.4835425357694,-0.123714000952878,0.));
#5990=CARTESIAN_POINT('',(-10.4837361196309,-0.10380287301815,0.));
#5991=CARTESIAN_POINT('',(-10.4837361196309,0.103802873018151,0.));
#5992=AXIS2_PLACEMENT_3D('',#5993,#5994,#5995);
#5993=CARTESIAN_POINT('',(0.,0.,0.));
#5994=DIRECTION('',(0.,0.,-1.));
#5995=DIRECTION('',(-0.999950985490701,-0.00990083916523832,0.));
#5996=CARTESIAN_POINT('',(-10.9664801383454,0.756665757891779,0.));
#5997=CARTESIAN_POINT('',(-10.4837361196309,0.103802873018151,0.));
#5998=CARTESIAN_POINT('',(-10.4835425357694,0.12371400095288,0.));
#5999=CARTESIAN_POINT('',(-10.4842293387075,0.143555336185275,0.));
#6000=CARTESIAN_POINT('',(-10.4873644263747,0.183107355736147,0.));
#6001=CARTESIAN_POINT('',(-10.4898234107881,0.202896021045812,0.));
#6002=CARTESIAN_POINT('',(-10.4964672353064,0.242039761948831,0.));
#6003=CARTESIAN_POINT('',(-10.5006806054712,0.261549593642016,0.));
#6004=CARTESIAN_POINT('',(-10.5107926930616,0.299993501375031,0.));
#6005=CARTESIAN_POINT('',(-10.5167349971104,0.319079270553478,0.));
#6006=CARTESIAN_POINT('',(-10.5302548814885,0.356537906981367,0.));
#6007=CARTESIAN_POINT('',(-10.5378911472172,0.375058052662637,0.));
#6008=CARTESIAN_POINT('',(-10.554740745406,0.41125470942215,0.));
#6009=CARTESIAN_POINT('',(-10.5640279807202,0.429072635048133,0.));
#6010=CARTESIAN_POINT('',(-10.5841153952542,0.46374206222896,0.));
#6011=CARTESIAN_POINT('',(-10.5950049663569,0.480727482426421,0.));
#6012=CARTESIAN_POINT('',(-10.6182305632667,0.513618838743391,0.));
#6013=CARTESIAN_POINT('',(-10.6306720234895,0.529649220226798,0.));
#6014=CARTESIAN_POINT('',(-10.6569384602055,0.560529448657999,0.));
#6015=CARTESIAN_POINT('',(-10.6708859739825,0.575491622794731,0.));
#6016=CARTESIAN_POINT('',(-10.7001156525645,0.604149654071715,0.));
#6017=CARTESIAN_POINT('',(-10.7155394367642,0.61794173312221,0.));
#6018=CARTESIAN_POINT('',(-10.7477071200192,0.644194346096094,0.));
#6019=CARTESIAN_POINT('',(-10.7646154255221,0.656728147611644,0.));
#6020=CARTESIAN_POINT('',(-10.7998148591233,0.680429301181205,0.));
#6021=CARTESIAN_POINT('',(-10.8183003313532,0.691633485788026,0.));
#6022=CARTESIAN_POINT('',(-10.8568964029709,0.712691421504745,0.));
#6023=CARTESIAN_POINT('',(-10.8772459765455,0.722514812449953,0.));
#6024=CARTESIAN_POINT('',(-10.9202770278241,0.740928184867074,0.));
#6025=CARTESIAN_POINT('',(-10.9431365718655,0.749365604604395,0.));
#6026=CARTESIAN_POINT('',(-10.9664801383454,0.756665757891779,0.));
#6027=CARTESIAN_POINT('',(-10.9664801383454,0.756665757891779,0.));
#6028=CARTESIAN_POINT('',(-11.0348685175302,0.778574313105668,0.));
#6029=CARTESIAN_POINT('',(-11.1024032871135,0.802649907759685,0.));
#6030=CARTESIAN_POINT('',(-11.2370158456067,0.855627212263212,0.));
#6031=CARTESIAN_POINT('',(-11.3040278133691,0.885030103259797,0.));
#6032=CARTESIAN_POINT('',(-11.437629933908,0.947223432730658,0.));
#6033=CARTESIAN_POINT('',(-11.5041309959991,0.980781086633241,0.));
#6034=CARTESIAN_POINT('',(-11.636644646166,1.05120007325121,0.));
#6035=CARTESIAN_POINT('',(-11.7025825756358,1.08860987247535,0.));
#6036=CARTESIAN_POINT('',(-11.8339054080481,1.16662899257956,0.));
#6037=CARTESIAN_POINT('',(-11.8992229387587,1.20766730726608,0.));
#6038=CARTESIAN_POINT('',(-12.0292398781262,1.29284812364502,0.));
#6039=CARTESIAN_POINT('',(-12.0938760973942,1.33734469835661,0.));
#6040=CARTESIAN_POINT('',(-12.2224644069005,1.42935882408282,0.));
#6041=CARTESIAN_POINT('',(-12.2863558637021,1.4771792781947,0.));
#6042=CARTESIAN_POINT('',(-12.4133878017258,1.57576862097316,0.));
#6043=CARTESIAN_POINT('',(-12.4764692484635,1.62680334525111,0.));
#6044=CARTESIAN_POINT('',(-12.601813635811,1.73175722311197,0.));
#6045=CARTESIAN_POINT('',(-12.6640185314225,1.78591417050005,0.));
#6046=CARTESIAN_POINT('',(-12.7875417590472,1.89705509823091,0.));
#6047=CARTESIAN_POINT('',(-12.8488026239871,1.95425493727863,0.));
#6048=CARTESIAN_POINT('',(-12.9703693464757,2.07142928593847,0.));
#6049=CARTESIAN_POINT('',(-13.0306180240911,2.13160203237483,0.));
#6050=CARTESIAN_POINT('',(-13.1500916644598,2.25467361718862,0.));
#6051=CARTESIAN_POINT('',(-13.2092595214155,2.31775622318913,0.));
#6052=CARTESIAN_POINT('',(-13.3265026565235,2.44660174565897,0.));
#6053=CARTESIAN_POINT('',(-13.3845207423136,2.51253633030626,0.));
#6054=CARTESIAN_POINT('',(-13.4993954094937,2.64704204490894,0.));
#6055=CARTESIAN_POINT('',(-13.5562075191278,2.71570933814551,0.));
#6056=CARTESIAN_POINT('',(-13.6119594891985,2.78528182854431,0.));
#6057=CARTESIAN_POINT('',(-10.0619760298885,4.42638318131613,0.));
#6058=CARTESIAN_POINT('',(-13.3471765570552,3.85954841332465,0.));
#6059=CARTESIAN_POINT('',(-13.2654786907889,3.89524256178903,0.));
#6060=CARTESIAN_POINT('',(-13.1832627836548,3.92964252655101,0.));
#6061=CARTESIAN_POINT('',(-13.0190383950571,3.99535650231132,0.));
#6062=CARTESIAN_POINT('',(-12.9370246020727,4.0267763287219,0.));
#6063=CARTESIAN_POINT('',(-12.773333461719,4.0863777713235,0.));
#6064=CARTESIAN_POINT('',(-12.6916269774913,4.1147379707531,0.));
#6065=CARTESIAN_POINT('',(-12.5286441054369,4.1681902779854,0.));
#6066=CARTESIAN_POINT('',(-12.4473328812103,4.1934716423247,0.));
#6067=CARTESIAN_POINT('',(-12.2852372592725,4.24072950250768,0.));
#6068=CARTESIAN_POINT('',(-12.2044113666321,4.26290810118188,0.));
#6069=CARTESIAN_POINT('',(-12.0433872159447,4.30391439917502,0.));
#6070=CARTESIAN_POINT('',(-11.963139527922,4.32295993816556,0.));
#6071=CARTESIAN_POINT('',(-11.8033780858255,4.35764154044712,0.));
#6072=CARTESIAN_POINT('',(-11.7238052197538,4.37351513455148,0.));
#6073=CARTESIAN_POINT('',(-11.5655072726746,4.40177697699065,0.));
#6074=CARTESIAN_POINT('',(-11.4867109241384,4.41442804576213,0.));
#6075=CARTESIAN_POINT('',(-11.3300905342772,4.43614454075009,0.));
#6076=CARTESIAN_POINT('',(-11.2521794151059,4.44550635210229,0.));
#6077=CARTESIAN_POINT('',(-11.0974696335211,4.46050833475279,0.));
#6078=CARTESIAN_POINT('',(-11.0205623765961,4.46649138771274,0.));
#6079=CARTESIAN_POINT('',(-10.8680244903559,4.47454512448475,0.));
#6080=CARTESIAN_POINT('',(-10.7922541528268,4.477026972885,0.));
#6081=CARTESIAN_POINT('',(-10.642193807972,4.47779772506163,0.));
#6082=CARTESIAN_POINT('',(-10.5677150224632,4.47660696739722,0.));
#6083=CARTESIAN_POINT('',(-10.4205135384403,4.469588424484,0.));
#6084=CARTESIAN_POINT('',(-10.3475131830229,4.4644813772651,0.));
#6085=CARTESIAN_POINT('',(-10.2036999009814,4.44883287558075,0.));
#6086=CARTESIAN_POINT('',(-10.1327123455962,4.43876578359431,0.));
#6087=CARTESIAN_POINT('',(-10.0619760298885,4.42638318131613,0.));
#6088=CARTESIAN_POINT('',(-9.33112691890161,4.78012222499066,0.));
#6089=CARTESIAN_POINT('',(-10.0619760298885,4.42638318131613,0.));
#6090=CARTESIAN_POINT('',(-10.0379137778965,4.42199884977126,0.));
#6091=CARTESIAN_POINT('',(-10.0137515924172,4.41884645410025,0.));
#6092=CARTESIAN_POINT('',(-9.96709236793468,4.41515315901303,0.));
#6093=CARTESIAN_POINT('',(-9.94450855799331,4.41439442133649,0.));
#6094=CARTESIAN_POINT('',(-9.90054732312986,4.41510380857405,0.));
#6095=CARTESIAN_POINT('',(-9.87897240614624,4.4164339940553,0.));
#6096=CARTESIAN_POINT('',(-9.83679038029651,4.42106233086109,0.));
#6097=CARTESIAN_POINT('',(-9.81599407130739,4.42430277957023,0.));
#6098=CARTESIAN_POINT('',(-9.77531080476225,4.43259924611751,0.));
#6099=CARTESIAN_POINT('',(-9.75524422337879,4.43764373570084,0.));
#6100=CARTESIAN_POINT('',(-9.71604457715088,4.44943545322996,0.));
#6101=CARTESIAN_POINT('',(-9.69674139800871,4.45620206763165,0.));
#6102=CARTESIAN_POINT('',(-9.65913286563606,4.47133853018063,0.));
#6103=CARTESIAN_POINT('',(-9.64066680998184,4.47975089319906,0.));
#6104=CARTESIAN_POINT('',(-9.60481618980821,4.49808126977328,0.));
#6105=CARTESIAN_POINT('',(-9.58728043510586,4.50806047641032,0.));
#6106=CARTESIAN_POINT('',(-9.55338222669452,4.52942364261313,0.));
#6107=CARTESIAN_POINT('',(-9.53687838530776,4.54088463876857,0.));
#6108=CARTESIAN_POINT('',(-9.50513738191501,4.56510478788683,0.));
#6109=CARTESIAN_POINT('',(-9.48976906356437,4.5779548128443,0.));
#6110=CARTESIAN_POINT('',(-9.46038990413438,4.60483978462823,0.));
#6111=CARTESIAN_POINT('',(-9.44625865601468,4.61897786756475,0.));
#6112=CARTESIAN_POINT('',(-9.41943907237832,4.64831893589557,0.));
#6113=CARTESIAN_POINT('',(-9.40664164750714,4.66363598317983,0.));
#6114=CARTESIAN_POINT('',(-9.38256782961586,4.69520850522434,0.));
#6115=CARTESIAN_POINT('',(-9.37119425573686,4.71158775112584,0.));
#6116=CARTESIAN_POINT('',(-9.35003753348459,4.74515237727859,0.));
#6117=CARTESIAN_POINT('',(-9.3402086714378,4.76240183387714,0.));
#6118=CARTESIAN_POINT('',(-9.33112691890162,4.78012222499066,0.));
#6119=CARTESIAN_POINT('',(-9.23464771806911,4.96394798377873,0.));
#6120=AXIS2_PLACEMENT_3D('',#6121,#6122,#6123);
#6121=CARTESIAN_POINT('',(0.,0.,0.));
#6122=DIRECTION('',(0.,0.,-1.));
#6123=DIRECTION('',(-0.890013774843371,0.455933636167647,0.));
#6124=CARTESIAN_POINT('',(-9.35869580751981,5.76637169077759,0.));
#6125=CARTESIAN_POINT('',(-9.23464771806911,4.96394798377873,0.));
#6126=CARTESIAN_POINT('',(-9.2252231455397,4.98148844907993,0.));
#6127=CARTESIAN_POINT('',(-9.21661055109293,4.99937625215843,0.));
#6128=CARTESIAN_POINT('',(-9.20100579337236,5.03585477408183,0.));
#6129=CARTESIAN_POINT('',(-9.19398686462493,5.05451951405649,0.));
#6130=CARTESIAN_POINT('',(-9.18167867563998,5.09226711451035,0.));
#6131=CARTESIAN_POINT('',(-9.17634275877016,5.11150026329051,0.));
#6132=CARTESIAN_POINT('',(-9.16743079291164,5.1502399744634,0.));
#6133=CARTESIAN_POINT('',(-9.16382284264433,5.16990111017345,0.));
#6134=CARTESIAN_POINT('',(-9.15838620939192,5.20935208906516,0.));
#6135=CARTESIAN_POINT('',(-9.15654104604713,5.22929961328661,0.));
#6136=CARTESIAN_POINT('',(-9.15463919914656,5.26918055984077,0.));
#6137=CARTESIAN_POINT('',(-9.15458223470103,5.28927354290567,0.));
#6138=CARTESIAN_POINT('',(-9.15625707076754,5.32930688310928,0.));
#6139=CARTESIAN_POINT('',(-9.15800578876457,5.34940736179643,0.));
#6140=CARTESIAN_POINT('',(-9.16328565805732,5.38932468450774,0.));
#6141=CARTESIAN_POINT('',(-9.16685233424745,5.40930071724532,0.));
#6142=CARTESIAN_POINT('',(-9.17575935120013,5.44885042337224,0.));
#6143=CARTESIAN_POINT('',(-9.18115599229132,5.46858050346303,0.));
#6144=CARTESIAN_POINT('',(-9.19371953612009,5.50753963888904,0.));
#6145=CARTESIAN_POINT('',(-9.2009671200527,5.52691970830881,0.));
#6146=CARTESIAN_POINT('',(-9.21724999144651,5.56511431045526,0.));
#6147=CARTESIAN_POINT('',(-9.22639680443949,5.58407012189869,0.));
#6148=CARTESIAN_POINT('',(-9.24654987975333,5.6214144435791,0.));
#6149=CARTESIAN_POINT('',(-9.25771110831566,5.63992588364313,0.));
#6150=CARTESIAN_POINT('',(-9.28210012181317,5.67650824854194,0.));
#6151=CARTESIAN_POINT('',(-9.29555361695398,5.69466334762804,0.));
#6152=CARTESIAN_POINT('',(-9.32509859976108,5.73096510583394,0.));
#6153=CARTESIAN_POINT('',(-9.34141865631202,5.74905942979971,0.));
#6154=CARTESIAN_POINT('',(-9.35869580751981,5.76637169077759,0.));
#6155=CARTESIAN_POINT('',(-9.35869580751981,5.76637169077759,0.));
#6156=CARTESIAN_POINT('',(-9.40906929667971,5.81755241751075,0.));
#6157=CARTESIAN_POINT('',(-9.45767987863194,5.87025527021236,0.));
#6158=CARTESIAN_POINT('',(-9.55225359868308,5.97972191888773,0.));
#6159=CARTESIAN_POINT('',(-9.59792554455803,6.03689890011574,0.));
#6160=CARTESIAN_POINT('',(-9.68732166587761,6.15405635969978,0.));
#6161=CARTESIAN_POINT('',(-9.73061041265052,6.21467477107384,0.));
#6162=CARTESIAN_POINT('',(-9.81522008783887,6.33860985093976,0.));
#6163=CARTESIAN_POINT('',(-9.8562200242461,6.40237746682248,0.));
#6164=CARTESIAN_POINT('',(-9.93624332453653,6.53248873007534,0.));
#6165=CARTESIAN_POINT('',(-9.97500766990856,6.59918092315907,0.));
#6166=CARTESIAN_POINT('',(-10.0505464531236,6.73502667477415,0.));
#6167=CARTESIAN_POINT('',(-10.0871003936048,6.80446438382056,0.));
#6168=CARTESIAN_POINT('',(-10.1581985907054,6.94569681297158,0.));
#6169=CARTESIAN_POINT('',(-10.1925483929947,7.01773156268575,0.));
#6170=CARTESIAN_POINT('',(-10.2592128358624,7.16406277550335,0.));
#6171=CARTESIAN_POINT('',(-10.2913516640325,7.23856718965791,0.));
#6172=CARTESIAN_POINT('',(-10.3535641080534,7.38974967451149,0.));
#6173=CARTESIAN_POINT('',(-10.3834758193193,7.46661132631247,0.));
#6174=CARTESIAN_POINT('',(-10.4412004410487,7.62242583663128,0.));
#6175=CARTESIAN_POINT('',(-10.4688621524038,7.70154312225947,0.));
#6176=CARTESIAN_POINT('',(-10.5220505043589,7.8617907282222,0.));
#6177=CARTESIAN_POINT('',(-10.5474343893966,7.94307000570723,0.));
#6178=CARTESIAN_POINT('',(-10.5960288268847,8.10756665119506,0.));
#6179=CARTESIAN_POINT('',(-10.6191034135897,8.19092019895959,0.));
#6180=CARTESIAN_POINT('',(-10.6630395541318,8.3594928448567,0.));
#6181=CARTESIAN_POINT('',(-10.6837706884668,8.44483736899588,0.));
#6182=CARTESIAN_POINT('',(-10.7229792323682,8.61732118419503,0.));
#6183=CARTESIAN_POINT('',(-10.7413725748452,8.70452495655629,0.));
#6184=CARTESIAN_POINT('',(-10.7584065442612,8.79203756977855,0.));
#6185=CARTESIAN_POINT('',(-6.85239447294056,8.59540107738456,0.));
#6186=CARTESIAN_POINT('',(-10.024716326605,9.6202026263015,0.));
#6187=CARTESIAN_POINT('',(-9.93578856073882,9.61384133357939,0.));
#6188=CARTESIAN_POINT('',(-9.84700352962,9.60609335250432,0.));
#6189=CARTESIAN_POINT('',(-9.67105124791399,9.58796130951484,0.));
#6190=CARTESIAN_POINT('',(-9.58383011933467,9.57766847410801,0.));
#6191=CARTESIAN_POINT('',(-9.41119064129825,9.55437186461658,0.));
#6192=CARTESIAN_POINT('',(-9.32566350066516,9.54151267756341,0.));
#6193=CARTESIAN_POINT('',(-9.15650880875634,9.51310042779742,0.));
#6194=CARTESIAN_POINT('',(-9.07276245948225,9.49769875414302,0.));
#6195=CARTESIAN_POINT('',(-8.90727209161716,9.46421391960016,0.));
#6196=CARTESIAN_POINT('',(-8.82539740922258,9.44629042822567,0.));
#6197=CARTESIAN_POINT('',(-8.66376102784359,9.40776804779032,0.));
#6198=CARTESIAN_POINT('',(-8.58385432564618,9.38733907492421,0.));
#6199=CARTESIAN_POINT('',(-8.42627524985099,9.34380326450238,0.));
#6200=CARTESIAN_POINT('',(-8.34844014910536,9.3208792793214,0.));
#6201=CARTESIAN_POINT('',(-8.19514034494946,9.27233917391057,0.));
#6202=CARTESIAN_POINT('',(-8.11949039852938,9.24692264994803,0.));
#6203=CARTESIAN_POINT('',(-7.9707177721501,9.19336652690813,0.));
#6204=CARTESIAN_POINT('',(-7.89738025154684,9.16544889674221,0.));
#6205=CARTESIAN_POINT('',(-7.75341977425075,9.10683527223253,0.));
#6206=CARTESIAN_POINT('',(-7.68254131684006,9.07639241813637,0.));
#6207=CARTESIAN_POINT('',(-7.54373296822876,9.01263575753977,0.));
#6208=CARTESIAN_POINT('',(-7.4754882938367,8.97962109355716,0.));
#6209=CARTESIAN_POINT('',(-7.34225827087707,8.91056704125735,0.));
#6210=CARTESIAN_POINT('',(-7.27686395414389,8.87490066025668,0.));
#6211=CARTESIAN_POINT('',(-7.14978519265647,8.80027810855819,0.));
#6212=CARTESIAN_POINT('',(-7.08751995126072,8.76183108609505,0.));
#6213=CARTESIAN_POINT('',(-6.96745183544854,8.68114166137383,0.));
#6214=CARTESIAN_POINT('',(-6.90927388770757,8.63923813219941,0.));
#6215=CARTESIAN_POINT('',(-6.85239447294056,8.59540107738457,0.));
#6216=CARTESIAN_POINT('',(-6.04086899332173,8.56897892797176,0.));
#6217=CARTESIAN_POINT('',(-6.85239447294056,8.59540107738457,0.));
#6218=CARTESIAN_POINT('',(-6.83312590738626,8.58033665852745,0.));
#6219=CARTESIAN_POINT('',(-6.81319634597641,8.56631662330585,0.));
#6220=CARTESIAN_POINT('',(-6.77359801431428,8.54136275010973,0.));
#6221=CARTESIAN_POINT('',(-6.75395364669928,8.53019570146936,0.));
#6222=CARTESIAN_POINT('',(-6.71469823770704,8.51039402816068,0.));
#6223=CARTESIAN_POINT('',(-6.69497642944467,8.50154548505307,0.));
#6224=CARTESIAN_POINT('',(-6.65547520512009,8.4860407089104,0.));
#6225=CARTESIAN_POINT('',(-6.63555507641137,8.4792454570655,0.));
#6226=CARTESIAN_POINT('',(-6.59567627265511,8.46768515668347,0.));
#6227=CARTESIAN_POINT('',(-6.57556390605437,8.46282642502877,0.));
#6228=CARTESIAN_POINT('',(-6.53537445872441,8.4550504884297,0.));
#6229=CARTESIAN_POINT('',(-6.51513773992996,8.45207139328347,0.));
#6230=CARTESIAN_POINT('',(-6.47480277343534,8.44799650879441,0.));
#6231=CARTESIAN_POINT('',(-6.45454247315996,8.44686368236029,0.));
#6232=CARTESIAN_POINT('',(-6.41427977475748,8.44643381082361,0.));
#6233=CARTESIAN_POINT('',(-6.39411506652907,8.44712068792216,0.));
#6234=CARTESIAN_POINT('',(-6.35417173526973,8.45028354922395,0.));
#6235=CARTESIAN_POINT('',(-6.33423211897926,8.4527620398096,0.));
#6236=CARTESIAN_POINT('',(-6.29487119173926,8.45945713700805,0.));
#6237=CARTESIAN_POINT('',(-6.27529151729246,8.46369325538355,0.));
#6238=CARTESIAN_POINT('',(-6.2367834941788,8.47384553948687,0.));
#6239=CARTESIAN_POINT('',(-6.21770060063234,8.47979707176307,0.));
#6240=CARTESIAN_POINT('',(-6.18031756435016,8.49331361553532,0.));
#6241=CARTESIAN_POINT('',(-6.16186782058485,8.50092892746825,0.));
#6242=CARTESIAN_POINT('',(-6.12587903087859,8.51769734634399,0.));
#6243=CARTESIAN_POINT('',(-6.10819641624318,8.52691488499261,0.));
#6244=CARTESIAN_POINT('',(-6.07386480950767,8.54680286639323,0.));
#6245=CARTESIAN_POINT('',(-6.05714556219652,8.5575088017297,0.));
#6246=CARTESIAN_POINT('',(-6.04086899332173,8.56897892797176,0.));
#6247=CARTESIAN_POINT('',(-5.87001281386704,8.68691243351381,0.));
#6248=AXIS2_PLACEMENT_3D('',#6249,#6250,#6251);
#6249=CARTESIAN_POINT('',(0.,0.,0.));
#6250=DIRECTION('',(0.,0.,-1.));
#6251=DIRECTION('',(-0.576185134208144,0.817319210050482,0.));
#6252=CARTESIAN_POINT('',(-5.6069470517023,9.45507136161843,0.));
#6253=CARTESIAN_POINT('',(-5.87001281386704,8.68691243351381,0.));
#6254=CARTESIAN_POINT('',(-5.85351630865777,8.69806392696649,0.));
#6255=CARTESIAN_POINT('',(-5.83757735842083,8.70990031777722,0.));
#6256=CARTESIAN_POINT('',(-5.80680761724858,8.73494855231434,0.));
#6257=CARTESIAN_POINT('',(-5.79191872732914,8.74821349996029,0.));
#6258=CARTESIAN_POINT('',(-5.76347818260759,8.77591743960891,0.));
#6259=CARTESIAN_POINT('',(-5.74981537295332,8.79046782287509,0.));
#6260=CARTESIAN_POINT('',(-5.72392097762315,8.82062853652227,0.));
#6261=CARTESIAN_POINT('',(-5.71158931096555,8.83636090951512,0.));
#6262=CARTESIAN_POINT('',(-5.68844162724214,8.86876648704241,0.));
#6263=CARTESIAN_POINT('',(-5.67753773950957,8.88557165239862,0.));
#6264=CARTESIAN_POINT('',(-5.65732013772483,8.92000064450938,0.));
#6265=CARTESIAN_POINT('',(-5.64793202338755,8.93776562473972,0.));
#6266=CARTESIAN_POINT('',(-5.6308105962277,8.97399172217951,0.));
#6267=CARTESIAN_POINT('',(-5.62301785090024,8.99260248192615,0.));
#6268=CARTESIAN_POINT('',(-5.60914243815027,9.03040119345452,0.));
#6269=CARTESIAN_POINT('',(-5.60301724777572,9.04974660908339,0.));
#6270=CARTESIAN_POINT('',(-5.59252435472236,9.08890543185799,0.));
#6271=CARTESIAN_POINT('',(-5.58813381769037,9.10888349432728,0.));
#6272=CARTESIAN_POINT('',(-5.58115307028186,9.1492186654847,0.));
#6273=CARTESIAN_POINT('',(-5.57856411981123,9.16974698492482,0.));
#6274=CARTESIAN_POINT('',(-5.57523196973737,9.21113365318694,0.));
#6275=CARTESIAN_POINT('',(-5.57452186559487,9.23216892659886,0.));
#6276=CARTESIAN_POINT('',(-5.57501175593781,9.27460128234099,0.));
#6277=CARTESIAN_POINT('',(-5.57629183787637,9.2961792300306,0.));
#6278=CARTESIAN_POINT('',(-5.58088656418083,9.33990544517848,0.));
#6279=CARTESIAN_POINT('',(-5.5843619472833,9.36223313799751,0.));
#6280=CARTESIAN_POINT('',(-5.59365246211346,9.40810698667082,0.));
#6281=CARTESIAN_POINT('',(-5.59969430289613,9.43171302330472,0.));
#6282=CARTESIAN_POINT('',(-5.6069470517023,9.45507136161843,0.));
#6283=CARTESIAN_POINT('',(-5.6069470517023,9.45507136161843,0.));
#6284=CARTESIAN_POINT('',(-5.62776569153717,9.52379937217092,0.));
#6285=CARTESIAN_POINT('',(-5.64631598735403,9.59305589450441,0.));
#6286=CARTESIAN_POINT('',(-5.67918516943634,9.73393439735622,0.));
#6287=CARTESIAN_POINT('',(-5.69305420103045,9.80578691147364,0.));
#6288=CARTESIAN_POINT('',(-5.71776474907641,9.9510691390806,0.));
#6289=CARTESIAN_POINT('',(-5.72792425033145,10.0248613604114,0.));
#6290=CARTESIAN_POINT('',(-5.74524689361275,10.1739205003076,0.));
#6291=CARTESIAN_POINT('',(-5.75191624562924,10.2494375405333,0.));
#6292=CARTESIAN_POINT('',(-5.76230764008657,10.4018340245342,0.));
#6293=CARTESIAN_POINT('',(-5.76563835575631,10.4789017183077,0.));
#6294=CARTESIAN_POINT('',(-5.76939395792536,10.6342917805827,0.));
#6295=CARTESIAN_POINT('',(-5.76949155237828,10.7127632816365,0.));
#6296=CARTESIAN_POINT('',(-5.7668118969436,10.8708593667291,0.));
#6297=CARTESIAN_POINT('',(-5.76375091897612,10.9506061189989,0.));
#6298=CARTESIAN_POINT('',(-5.75477584622055,11.1111564844814,0.));
#6299=CARTESIAN_POINT('',(-5.748609437604,11.1920625251053,0.));
#6300=CARTESIAN_POINT('',(-5.73343781711427,11.3548395316181,0.));
#6301=CARTESIAN_POINT('',(-5.7242039314588,11.4367978096877,0.));
#6302=CARTESIAN_POINT('',(-5.7029059321119,11.6015906760488,0.));
#6303=CARTESIAN_POINT('',(-5.69063152517051,11.6845005915867,0.));
#6304=CARTESIAN_POINT('',(-5.66325669614829,11.8511106595193,0.));
#6305=CARTESIAN_POINT('',(-5.64796064645513,11.9348763651027,0.));
#6306=CARTESIAN_POINT('',(-5.61454348106052,12.1031138721827,0.));
#6307=CARTESIAN_POINT('',(-5.5962386877797,12.1876430684376,0.));
#6308=CARTESIAN_POINT('',(-5.55680259344549,12.3573248761075,0.));
#6309=CARTESIAN_POINT('',(-5.53549752328658,12.4425279377713,0.));
#6310=CARTESIAN_POINT('',(-5.49005773901558,12.6134758901602,0.));
#6311=CARTESIAN_POINT('',(-5.46581862123783,12.6992388083175,0.));
#6312=CARTESIAN_POINT('',(-5.44023231288754,12.7846434593153,0.));
#6313=CARTESIAN_POINT('',(-2.07301192254739,10.7953161724364,0.));
#6314=CARTESIAN_POINT('',(-4.40571439665792,13.1769843536024,0.));
#6315=CARTESIAN_POINT('',(-4.32992901065591,13.1300249151945,0.));
#6316=CARTESIAN_POINT('',(-4.25491443620609,13.0819039573734,0.));
#6317=CARTESIAN_POINT('',(-4.10754280867578,12.9840797281682,0.));
#6318=CARTESIAN_POINT('',(-4.03509565393054,12.9344321954935,0.));
#6319=CARTESIAN_POINT('',(-3.89305746209828,12.833574506389,0.));
#6320=CARTESIAN_POINT('',(-3.82330290226508,12.7824418176369,0.));
#6321=CARTESIAN_POINT('',(-3.68672769188305,12.6786739148893,0.));
#6322=CARTESIAN_POINT('',(-3.6197314969273,12.6261175410651,0.));
#6323=CARTESIAN_POINT('',(-3.48875823203772,12.5195609838542,0.));
#6324=CARTESIAN_POINT('',(-3.42459126292864,12.4656414583034,0.));
#6325=CARTESIAN_POINT('',(-3.29937159790243,12.3564154125523,0.));
#6326=CARTESIAN_POINT('',(-3.23811154402358,12.3011919593174,0.));
#6327=CARTESIAN_POINT('',(-3.1188143017606,12.1894122656964,0.));
#6328=CARTESIAN_POINT('',(-3.06054804990725,12.1329423099711,0.));
#6329=CARTESIAN_POINT('',(-2.94736552634381,12.0187202098882,0.));
#6330=CARTESIAN_POINT('',(-2.89219247308401,11.9610587125291,0.));
#6331=CARTESIAN_POINT('',(-2.78534962598569,11.8444990338286,0.));
#6332=CARTESIAN_POINT('',(-2.73338644610771,11.7856975547716,0.));
#6333=CARTESIAN_POINT('',(-2.6331548835371,11.6668959981062,0.));
#6334=CARTESIAN_POINT('',(-2.58454262605543,11.6070013279512,0.));
#6335=CARTESIAN_POINT('',(-2.49126313491796,11.4860401525776,0.));
#6336=CARTESIAN_POINT('',(-2.44617815612872,11.4250922378607,0.));
#6337=CARTESIAN_POINT('',(-2.36029984772844,11.3020328322748,0.));
#6338=CARTESIAN_POINT('',(-2.31897104964753,11.2400615659986,0.));
#6339=CARTESIAN_POINT('',(-2.24112722348727,11.1149301328098,0.));
#6340=CARTESIAN_POINT('',(-2.20386131253936,11.0519508846119,0.));
#6341=CARTESIAN_POINT('',(-2.13504452131147,10.9247055116444,0.));
#6342=CARTESIAN_POINT('',(-2.10300404792185,10.8605651388236,0.));
#6343=CARTESIAN_POINT('',(-2.07301192254739,10.7953161724364,0.));
#6344=CARTESIAN_POINT('',(-1.36672078173512,10.3947858259453,0.));
#6345=CARTESIAN_POINT('',(-2.07301192254739,10.7953161724364,0.));
#6346=CARTESIAN_POINT('',(-2.06295123958791,10.7730227430813,0.));
#6347=CARTESIAN_POINT('',(-2.05181992458928,10.7513468894186,0.));
#6348=CARTESIAN_POINT('',(-2.02835398631972,10.710849069736,0.));
#6349=CARTESIAN_POINT('',(-2.01614934891139,10.6918319463978,0.));
#6350=CARTESIAN_POINT('',(-1.99059270691151,10.6560555372619,0.));
#6351=CARTESIAN_POINT('',(-1.97724203596975,10.6390553601549,0.));
#6352=CARTESIAN_POINT('',(-1.94947086762172,10.6069694284252,0.));
#6353=CARTESIAN_POINT('',(-1.934990380617,10.5916951863323,0.));
#6354=CARTESIAN_POINT('',(-1.9050517929985,10.5629264445217,0.));
#6355=CARTESIAN_POINT('',(-1.8895011419884,10.549277568497,0.));
#6356=CARTESIAN_POINT('',(-1.85752881160435,10.5237153511344,0.));
#6357=CARTESIAN_POINT('',(-1.84099454155453,10.5116730212363,0.));
#6358=CARTESIAN_POINT('',(-1.80717339567282,10.489320296638,0.));
#6359=CARTESIAN_POINT('',(-1.78976024140628,10.4789017976353,0.));
#6360=CARTESIAN_POINT('',(-1.75430916376084,10.4598101563763,0.));
#6361=CARTESIAN_POINT('',(-1.73613499365041,10.4510473486708,0.));
#6362=CARTESIAN_POINT('',(-1.69929707536527,10.4352853316639,0.));
#6363=CARTESIAN_POINT('',(-1.68048960996481,10.4282135243557,0.));
#6364=CARTESIAN_POINT('',(-1.64252587295765,10.4158498035508,0.));
#6365=CARTESIAN_POINT('',(-1.62322030986979,10.4105015716753,0.));
#6366=CARTESIAN_POINT('',(-1.58440514709583,10.4015954021582,0.));
#6367=CARTESIAN_POINT('',(-1.5647422690603,10.3979969594534,0.));
#6368=CARTESIAN_POINT('',(-1.52535978323012,10.3925925013808,0.));
#6369=CARTESIAN_POINT('',(-1.50548433452379,10.3907615017731,0.));
#6370=CARTESIAN_POINT('',(-1.46582517101232,10.3888843747969,0.));
#6371=CARTESIAN_POINT('',(-1.44588438953488,10.3888285791717,0.));
#6372=CARTESIAN_POINT('',(-1.40624285567852,10.3904838189574,0.));
#6373=CARTESIAN_POINT('',(-1.38646340117321,10.3921936322667,0.));
#6374=CARTESIAN_POINT('',(-1.36672078173512,10.3947858259453,0.));
#6375=CARTESIAN_POINT('',(-1.16062871533114,10.4198099333744,0.));
#6376=AXIS2_PLACEMENT_3D('',#6377,#6378,#6379);
#6377=CARTESIAN_POINT('',(0.,0.,0.));
#6378=DIRECTION('',(0.,0.,-1.));
#6379=DIRECTION('',(-0.130359423109437,0.991466802674994,0.));
#6380=CARTESIAN_POINT('',(-0.57071429737679,10.9777281294747,0.));
#6381=CARTESIAN_POINT('',(-1.16062871533114,10.4198099333744,0.));
#6382=CARTESIAN_POINT('',(-1.14083942798102,10.4220177822187,0.));
#6383=CARTESIAN_POINT('',(-1.12122554336802,10.4250911862709,0.));
#6384=CARTESIAN_POINT('',(-1.08233979563108,10.4329708847532,0.));
#6385=CARTESIAN_POINT('',(-1.0629918097896,10.4377972004247,0.));
#6386=CARTESIAN_POINT('',(-1.02493429538142,10.4491108405633,0.));
#6387=CARTESIAN_POINT('',(-1.00607457797978,10.4556451408603,0.));
#6388=CARTESIAN_POINT('',(-0.969129847086817,10.4703174009612,0.));
#6389=CARTESIAN_POINT('',(-0.950899500257485,10.4785169141798,0.));
#6390=CARTESIAN_POINT('',(-0.915343621444288,10.4964533630607,0.));
#6391=CARTESIAN_POINT('',(-0.897878958597382,10.5062663086928,0.));
#6392=CARTESIAN_POINT('',(-0.863977210848843,10.5273560791819,0.));
#6393=CARTESIAN_POINT('',(-0.847408650475433,10.5387233136982,0.));
#6394=CARTESIAN_POINT('',(-0.815413272715972,10.5628432060225,0.));
#6395=CARTESIAN_POINT('',(-0.799864288105795,10.5757007460546,0.));
#6396=CARTESIAN_POINT('',(-0.770012283157275,10.6027216171128,0.));
#6397=CARTESIAN_POINT('',(-0.755598433516301,10.6170046140499,0.));
#6398=CARTESIAN_POINT('',(-0.728109425802361,10.6468017390895,0.));
#6399=CARTESIAN_POINT('',(-0.714937529769517,10.6624510505873,0.));
#6400=CARTESIAN_POINT('',(-0.69001169622788,10.6949219558555,0.));
#6401=CARTESIAN_POINT('',(-0.678179308706603,10.7118957347253,0.));
#6402=CARTESIAN_POINT('',(-0.655995492590233,10.7469932821676,0.));
#6403=CARTESIAN_POINT('',(-0.645591147613614,10.7652890899119,0.));
#6404=CARTESIAN_POINT('',(-0.62630562501191,10.8030887383805,0.));
#6405=CARTESIAN_POINT('',(-0.617411308981226,10.8227899459225,0.));
#6406=CARTESIAN_POINT('',(-0.601159151668751,10.8636428623871,0.));
#6407=CARTESIAN_POINT('',(-0.593860254347002,10.8850281435921,0.));
#6408=CARTESIAN_POINT('',(-0.580767956215471,10.9299649368415,0.));
#6409=CARTESIAN_POINT('',(-0.57514746831864,10.9536748276343,0.));
#6410=CARTESIAN_POINT('',(-0.57071429737679,10.9777281294747,0.));
#6411=CARTESIAN_POINT('',(-0.57071429737679,10.9777281294747,0.));
#6412=CARTESIAN_POINT('',(-0.557208788392269,11.0482586648912,0.));
#6413=CARTESIAN_POINT('',(-0.541449148857425,11.1182030222216,0.));
#6414=CARTESIAN_POINT('',(-0.505083859472417,11.2582198120165,0.));
#6415=CARTESIAN_POINT('',(-0.483972748787432,11.3282873139557,0.));
#6416=CARTESIAN_POINT('',(-0.438336834796838,11.4684119020814,0.));
#6417=CARTESIAN_POINT('',(-0.413039671231742,11.5384730247548,0.));
#6418=CARTESIAN_POINT('',(-0.359106873790721,11.6785085720884,0.));
#6419=CARTESIAN_POINT('',(-0.329917773243902,11.7484749928203,0.));
#6420=CARTESIAN_POINT('',(-0.268296718627838,11.8882444996615,0.));
#6421=CARTESIAN_POINT('',(-0.235430777774827,11.9580324142477,0.));
#6422=CARTESIAN_POINT('',(-0.166542835700851,12.0973687965686,0.));
#6423=CARTESIAN_POINT('',(-0.130161726412499,12.1668972144225,0.));
#6424=CARTESIAN_POINT('',(-0.0543180952092517,12.3056390476263,0.));
#6425=CARTESIAN_POINT('',(-0.0145475701485407,12.3748287825593,0.));
#6426=CARTESIAN_POINT('',(0.0680109372233644,12.5128181468163,0.));
#6427=CARTESIAN_POINT('',(0.111069932725758,12.5815912150261,0.));
#6428=CARTESIAN_POINT('',(0.200149982309733,12.7186724926816,0.));
#6429=CARTESIAN_POINT('',(0.246414092963303,12.7869517432184,0.));
#6430=CARTESIAN_POINT('',(0.34185559840491,12.9229709059078,0.));
#6431=CARTESIAN_POINT('',(0.391254204935142,12.9906797888785,0.));
#6432=CARTESIAN_POINT('',(0.492920971508134,13.1254839600865,0.));
#6433=CARTESIAN_POINT('',(0.545392815284821,13.1925463801052,0.));
#6434=CARTESIAN_POINT('',(0.653166113690718,13.3259835633873,0.));
#6435=CARTESIAN_POINT('',(0.708656879413407,13.3923237879577,0.));
#6436=CARTESIAN_POINT('',(0.822430874668371,13.5242427001508,0.));
#6437=CARTESIAN_POINT('',(0.880891414501788,13.5897853047202,0.));
#6438=CARTESIAN_POINT('',(1.00056981997744,13.7200352785526,0.));
#6439=CARTESIAN_POINT('',(1.06188850824009,13.7847100915114,0.));
#6440=CARTESIAN_POINT('',(1.12423357946206,13.8484416039788,0.));
#6441=CARTESIAN_POINT('',(3.1812726767995,10.5221544300461,0.));
#6442=CARTESIAN_POINT('',(2.22258360694934,13.715077765369,0.));
#6443=CARTESIAN_POINT('',(2.26786509446698,13.6382780226921,0.));
#6444=CARTESIAN_POINT('',(2.31192427726498,13.5608080196414,0.));
#6445=CARTESIAN_POINT('',(2.39695418677304,13.4057019562216,0.));
#6446=CARTESIAN_POINT('',(2.43803059761493,13.3280733776973,0.));
#6447=CARTESIAN_POINT('',(2.51692826524002,13.1727598900865,0.));
#6448=CARTESIAN_POINT('',(2.55493031524913,13.095067582413,0.));
#6449=CARTESIAN_POINT('',(2.62763830931555,12.9397160026644,0.));
#6450=CARTESIAN_POINT('',(2.66253632908026,12.8620449605406,0.));
#6451=CARTESIAN_POINT('',(2.7289880944071,12.7068275037729,0.));
#6452=CARTESIAN_POINT('',(2.76074747090358,12.6292642575488,0.));
#6453=CARTESIAN_POINT('',(2.82086410338007,12.474356917247,0.));
#6454=CARTESIAN_POINT('',(2.84944356886038,12.3969900112646,0.));
#6455=CARTESIAN_POINT('',(2.90312941707633,12.2425738151617,0.));
#6456=CARTESIAN_POINT('',(2.92847872392225,12.1654944752119,0.));
#6457=CARTESIAN_POINT('',(2.97561521474213,12.0117572870605,0.));
#6458=CARTESIAN_POINT('',(2.9976718932472,11.9350603704534,0.));
#6459=CARTESIAN_POINT('',(3.03810855239022,11.7821995537861,0.));
#6460=CARTESIAN_POINT('',(3.05679325325706,11.7059849360554,0.));
#6461=CARTESIAN_POINT('',(3.09033405803855,11.5542114521523,0.));
#6462=CARTESIAN_POINT('',(3.10554363324336,11.478586113062,0.));
#6463=CARTESIAN_POINT('',(3.13192505962714,11.3281311704493,0.));
#6464=CARTESIAN_POINT('',(3.14352191750583,11.2532124377578,0.));
#6465=CARTESIAN_POINT('',(3.16237482583806,11.1043391056789,0.));
#6466=CARTESIAN_POINT('',(3.17017017569238,11.0302598243964,0.));
#6467=CARTESIAN_POINT('',(3.18094598407197,10.8832856130635,0.));
#6468=CARTESIAN_POINT('',(3.18467539347679,10.8102019259107,0.));
#6469=CARTESIAN_POINT('',(3.18647576258231,10.6655509861709,0.));
#6470=CARTESIAN_POINT('',(3.18503867529658,10.5938675561417,0.));
#6471=CARTESIAN_POINT('',(3.1812726767995,10.5221544300461,0.));
#6472=CARTESIAN_POINT('',(3.62052669017608,9.83927256194393,0.));
#6473=CARTESIAN_POINT('',(3.1812726767995,10.5221544300461,0.));
#6474=CARTESIAN_POINT('',(3.1798206959425,10.4977391461933,0.));
#6475=CARTESIAN_POINT('',(3.17960371441062,10.4733731509413,0.));
#6476=CARTESIAN_POINT('',(3.18156149562527,10.42660894721,0.));
#6477=CARTESIAN_POINT('',(3.18353046747851,10.4040983429495,0.));
#6478=CARTESIAN_POINT('',(3.18953362379477,10.3605431421669,0.));
#6479=CARTESIAN_POINT('',(3.1934546795962,10.3392858667614,0.));
#6480=CARTESIAN_POINT('',(3.203133751978,10.2979692797266,0.));
#6481=CARTESIAN_POINT('',(3.20885729221473,10.2777151921745,0.));
#6482=CARTESIAN_POINT('',(3.22199709407117,10.2383285809833,0.));
#6483=CARTESIAN_POINT('',(3.22942356274987,10.2190163535991,0.));
#6484=CARTESIAN_POINT('',(3.24585430060537,10.1815238514126,0.));
#6485=CARTESIAN_POINT('',(3.2548983199017,10.1631770394164,0.));
#6486=CARTESIAN_POINT('',(3.27445762823801,10.1276672145348,0.));
#6487=CARTESIAN_POINT('',(3.2850344927045,10.1103497955286,0.));
#6488=CARTESIAN_POINT('',(3.30755253493612,10.0769700494804,0.));
#6489=CARTESIAN_POINT('',(3.31957268357876,10.060765010613,0.));
#6490=CARTESIAN_POINT('',(3.34486606575562,10.0296890034408,0.));
#6491=CARTESIAN_POINT('',(3.35823281659735,10.0146869640685,0.));
#6492=CARTESIAN_POINT('',(3.38610232873596,9.98609680469773,0.));
#6493=CARTESIAN_POINT('',(3.40071110861871,9.97238943804066,0.));
#6494=CARTESIAN_POINT('',(3.43094132503488,9.94646511100856,0.));
#6495=CARTESIAN_POINT('',(3.44667965916491,9.9341410531804,0.));
#6496=CARTESIAN_POINT('',(3.47903954164979,9.91105368947671,0.));
#6497=CARTESIAN_POINT('',(3.49578746952364,9.90019583827244,0.));
#6498=CARTESIAN_POINT('',(3.53003157042457,9.88010319261288,0.));
#6499=CARTESIAN_POINT('',(3.54766232602004,9.87078684481904,0.));
#6500=CARTESIAN_POINT('',(3.58353238932303,9.85383014750285,0.));
#6501=CARTESIAN_POINT('',(3.60184081636359,9.84615214116131,0.));
#6502=CARTESIAN_POINT('',(3.62052669017608,9.83927256194393,0.));
#6503=CARTESIAN_POINT('',(3.81464143479484,9.76565454982135,0.));
#6504=AXIS2_PLACEMENT_3D('',#6505,#6506,#6507);
#6505=CARTESIAN_POINT('',(0.,0.,0.));
#6506=DIRECTION('',(0.,0.,-1.));
#6507=DIRECTION('',(0.345330060822289,0.938481299276909,0.));
#6508=CARTESIAN_POINT('',(4.59626222462486,9.98551967883377,0.));
#6509=CARTESIAN_POINT('',(3.81464143479484,9.76565454982135,0.));
#6510=CARTESIAN_POINT('',(3.83319001704067,9.75841296249436,0.));
#6511=CARTESIAN_POINT('',(3.85198553143782,9.75201929995818,0.));
#6512=CARTESIAN_POINT('',(3.89007902955699,9.74092531842409,0.));
#6513=CARTESIAN_POINT('',(3.90945372093272,9.73620735136422,0.));
#6514=CARTESIAN_POINT('',(3.94840968711938,9.72853887338111,0.));
#6515=CARTESIAN_POINT('',(3.9681457782959,9.72556016125781,0.));
#6516=CARTESIAN_POINT('',(4.00767725213636,9.72138272984322,0.));
#6517=CARTESIAN_POINT('',(4.02762992637831,9.7201709736241,0.));
#6518=CARTESIAN_POINT('',(4.06744857693999,9.71952926957764,0.));
#6519=CARTESIAN_POINT('',(4.08747307111501,9.72010196790008,0.));
#6520=CARTESIAN_POINT('',(4.12729248297851,9.72302110450778,0.));
#6521=CARTESIAN_POINT('',(4.14724583187929,9.72538649687227,0.));
#6522=CARTESIAN_POINT('',(4.18678540477977,9.73187460742583,0.));
#6523=CARTESIAN_POINT('',(4.20652854368406,9.73603342027226,0.));
#6524=CARTESIAN_POINT('',(4.24551840625308,9.74608629493755,0.));
#6525=CARTESIAN_POINT('',(4.26491887591345,9.75203481071339,0.));
#6526=CARTESIAN_POINT('',(4.30310659789916,9.76564407576567,0.));
#6527=CARTESIAN_POINT('',(4.32204233029029,9.77337956762253,0.));
#6528=CARTESIAN_POINT('',(4.35920304188952,9.79054751392134,0.));
#6529=CARTESIAN_POINT('',(4.37756820907605,9.80007826403799,0.));
#6530=CARTESIAN_POINT('',(4.41352164630664,9.82084626551283,0.));
#6531=CARTESIAN_POINT('',(4.43123672206918,9.83221125852361,0.));
#6532=CARTESIAN_POINT('',(4.46587957680322,9.85671875578977,0.));
#6533=CARTESIAN_POINT('',(4.48291071018865,9.8700299139615,0.));
#6534=CARTESIAN_POINT('',(4.5162865777375,9.89865062091176,0.));
#6535=CARTESIAN_POINT('',(4.5326876660683,9.91419438029922,0.));
#6536=CARTESIAN_POINT('',(4.56516348943888,9.94789964033848,0.));
#6537=CARTESIAN_POINT('',(4.58115871997228,9.96628173504468,0.));
#6538=CARTESIAN_POINT('',(4.59626222462486,9.98551967883377,0.));
#6539=CARTESIAN_POINT('',(4.59626222462486,9.98551967883377,0.));
#6540=CARTESIAN_POINT('',(4.64099793307945,10.0416950434356,0.));
#6541=CARTESIAN_POINT('',(4.68745716447282,10.0963038264192,0.));
#6542=CARTESIAN_POINT('',(4.78472607577628,10.2033827440005,0.));
#6543=CARTESIAN_POINT('',(4.83598102769889,10.2556136134721,0.));
#6544=CARTESIAN_POINT('',(4.94150876580318,10.3584797076614,0.));
#6545=CARTESIAN_POINT('',(4.99646731887952,10.4087595728009,0.));
#6546=CARTESIAN_POINT('',(5.10930020310979,10.5076910712891,0.));
#6547=CARTESIAN_POINT('',(5.16766088505144,10.5560784087243,0.));
#6548=CARTESIAN_POINT('',(5.28717774774257,10.6512014287936,0.));
#6549=CARTESIAN_POINT('',(5.34871115414643,10.6977219939962,0.));
#6550=CARTESIAN_POINT('',(5.47446124312398,10.7890844103589,0.));
#6551=CARTESIAN_POINT('',(5.53898658245554,10.8337416223908,0.));
#6552=CARTESIAN_POINT('',(5.67061932753353,10.9213451217392,0.));
#6553=CARTESIAN_POINT('',(5.73798845168284,10.9641273048889,0.));
#6554=CARTESIAN_POINT('',(5.87521723457005,11.0479439675212,0.));
#6555=CARTESIAN_POINT('',(5.94530452000584,11.0888289821953,0.));
#6556=CARTESIAN_POINT('',(6.08788583285534,11.1688108622911,0.));
#6557=CARTESIAN_POINT('',(6.16058161829926,11.2077691318513,0.));
#6558=CARTESIAN_POINT('',(6.30830213113372,11.2838542399055,0.));
#6559=CARTESIAN_POINT('',(6.38350831181446,11.3208508012009,0.));
#6560=CARTESIAN_POINT('',(6.53617638493371,11.392967064627,0.));
#6561=CARTESIAN_POINT('',(6.61380335573895,11.4279630068446,0.));
#6562=CARTESIAN_POINT('',(6.77124322330039,11.496031015731,0.));
#6563=CARTESIAN_POINT('',(6.85120769577411,11.5289845226543,0.));
#6564=CARTESIAN_POINT('',(7.01325534076219,11.5929195063823,0.));
#6565=CARTESIAN_POINT('',(7.09547874512016,11.6237866330246,0.));
#6566=CARTESIAN_POINT('',(7.26197889138713,11.6834999289778,0.));
#6567=CARTESIAN_POINT('',(7.346329777624,11.7122704165052,0.));
#6568=CARTESIAN_POINT('',(7.43115110724026,11.7397286689839,0.));
#6569=CARTESIAN_POINT('',(7.70676604438345,7.83849391343951,0.));
#6570=CARTESIAN_POINT('',(8.3417144912406,11.1112121456944,0.));
#6571=CARTESIAN_POINT('',(8.34611863718466,11.0221659942584,0.));
#6572=CARTESIAN_POINT('',(8.34912900052253,10.9330943900622,0.));
#6573=CARTESIAN_POINT('',(8.35233786446153,10.7562394223267,0.));
#6574=CARTESIAN_POINT('',(8.35263342070061,10.6684135697668,0.));
#6575=CARTESIAN_POINT('',(8.3503160592856,10.4942247319311,0.));
#6576=CARTESIAN_POINT('',(8.34785978778787,10.4077711767302,0.));
#6577=CARTESIAN_POINT('',(8.34004404032438,10.2364250947116,0.));
#6578=CARTESIAN_POINT('',(8.3348491691367,10.1514328840012,0.));
#6579=CARTESIAN_POINT('',(8.32155613629498,9.98311297644912,0.));
#6580=CARTESIAN_POINT('',(8.31363222976551,9.89967481452319,0.));
#6581=CARTESIAN_POINT('',(8.29487383367587,9.73457358449796,0.));
#6582=CARTESIAN_POINT('',(8.284225499636,9.65278705155637,0.));
#6583=CARTESIAN_POINT('',(8.26000117296325,9.49110924258184,0.));
#6584=CARTESIAN_POINT('',(8.24662631409561,9.41107846628341,0.));
#6585=CARTESIAN_POINT('',(8.21691837018138,9.25304552713488,0.));
#6586=CARTESIAN_POINT('',(8.200805754698,9.17488353057655,0.));
#6587=CARTESIAN_POINT('',(8.16557267459063,9.02074014686839,0.));
#6588=CARTESIAN_POINT('',(8.14669845665281,8.94457224090039,0.));
#6589=CARTESIAN_POINT('',(8.10586470948024,8.79459630585305,0.));
#6590=CARTESIAN_POINT('',(8.08418727202402,8.72056515162882,0.));
#6591=CARTESIAN_POINT('',(8.03762696680024,8.57508385595101,0.));
#6592=CARTESIAN_POINT('',(8.01307900338566,8.50335728407587,0.));
#6593=CARTESIAN_POINT('',(7.96058753755311,8.36277511176516,0.));
#6594=CARTESIAN_POINT('',(7.93306361847336,8.29355848606601,0.));
#6595=CARTESIAN_POINT('',(7.87430280123508,8.15841151717414,0.));
#6596=CARTESIAN_POINT('',(7.84364134634642,8.09196598303931,0.));
#6597=CARTESIAN_POINT('',(7.7780128504643,7.96304726358872,0.));
#6598=CARTESIAN_POINT('',(7.7434274218816,7.90024258629178,0.));
#6599=CARTESIAN_POINT('',(7.70676604438345,7.83849391343951,0.));
#6600=CARTESIAN_POINT('',(7.77835512944448,7.02970053008979,0.));
#6601=CARTESIAN_POINT('',(7.70676604438345,7.83849391343951,0.));
#6602=CARTESIAN_POINT('',(7.69413403102606,7.81755002238361,0.));
#6603=CARTESIAN_POINT('',(7.6826184608177,7.79607584141249,0.));
#6604=CARTESIAN_POINT('',(7.66261958089499,7.75375836913745,0.));
#6605=CARTESIAN_POINT('',(7.65390181947024,7.73291119210863,0.));
#6606=CARTESIAN_POINT('',(7.63897623933672,7.69155517128156,0.));
#6607=CARTESIAN_POINT('',(7.63256941336754,7.67091058319495,0.));
#6608=CARTESIAN_POINT('',(7.62193903094591,7.62982847302587,0.));
#6609=CARTESIAN_POINT('',(7.61759443032255,7.60923450738466,0.));
#6610=CARTESIAN_POINT('',(7.6109252761634,7.56825302477661,0.));
#6611=CARTESIAN_POINT('',(7.60852624803506,7.54770164458903,0.));
#6612=CARTESIAN_POINT('',(7.60565130933118,7.50686793799596,0.));
#6613=CARTESIAN_POINT('',(7.60513320204548,7.48641967742699,0.));
#6614=CARTESIAN_POINT('',(7.60594987101174,7.44588762520259,0.));
#6615=CARTESIAN_POINT('',(7.60726741349395,7.42563849818966,0.));
#6616=CARTESIAN_POINT('',(7.61169380820831,7.38561754490242,0.));
#6617=CARTESIAN_POINT('',(7.61480626418763,7.36568265398567,0.));
#6618=CARTESIAN_POINT('',(7.6227607012178,7.32641179538492,0.));
#6619=CARTESIAN_POINT('',(7.62762457596976,7.3069163103745,0.));
#6620=CARTESIAN_POINT('',(7.63901529387289,7.26864937340091,0.));
#6621=CARTESIAN_POINT('',(7.64558059513428,7.24972306447177,0.));
#6622=CARTESIAN_POINT('',(7.66030048692532,7.21271953082569,0.));
#6623=CARTESIAN_POINT('',(7.66850881446814,7.19449315100166,0.));
#6624=CARTESIAN_POINT('',(7.6864328345093,7.15901191845844,0.));
#6625=CARTESIAN_POINT('',(7.69621649310918,7.14161461851728,0.));
#6626=CARTESIAN_POINT('',(7.71720062056932,7.10790943715224,0.));
#6627=CARTESIAN_POINT('',(7.72848235664953,7.09146680019525,0.));
#6628=CARTESIAN_POINT('',(7.75236355017756,7.05978274078187,0.));
#6629=CARTESIAN_POINT('',(7.76500670975885,7.04447585351233,0.));
#6630=CARTESIAN_POINT('',(7.77835512944448,7.02970053008979,0.));
#6631=CARTESIAN_POINT('',(7.91602320362214,6.87430539779954,0.));
#6632=AXIS2_PLACEMENT_3D('',#6633,#6634,#6635);
#6633=CARTESIAN_POINT('',(0.,0.,0.));
#6634=DIRECTION('',(0.,0.,-1.));
#6635=DIRECTION('',(0.741908589498007,0.670501040140191,0.));
#6636=CARTESIAN_POINT('',(8.71029046192942,6.70574900832945,0.));
#6637=CARTESIAN_POINT('',(7.91602320362214,6.87430539779954,0.));
#6638=CARTESIAN_POINT('',(7.9290818241058,6.85927333468738,0.));
#6639=CARTESIAN_POINT('',(7.94275314244922,6.84487731659789,0.));
#6640=CARTESIAN_POINT('',(7.97132762960793,6.81735115251986,0.));
#6641=CARTESIAN_POINT('',(7.98629051821408,6.80416973212436,0.));
#6642=CARTESIAN_POINT('',(8.01722059379614,6.77927589191033,0.));
#6643=CARTESIAN_POINT('',(8.03331175810469,6.76746655441677,0.));
#6644=CARTESIAN_POINT('',(8.06637379064169,6.74539643068027,0.));
#6645=CARTESIAN_POINT('',(8.08347787508323,6.73505100376995,0.));
#6646=CARTESIAN_POINT('',(8.11843732441647,6.7159781534598,0.));
#6647=CARTESIAN_POINT('',(8.13643427962542,6.7071794061887,0.));
#6648=CARTESIAN_POINT('',(8.17304920822189,6.69125916989757,0.));
#6649=CARTESIAN_POINT('',(8.19181627388079,6.68408083722567,0.));
#6650=CARTESIAN_POINT('',(8.2298420022743,6.67145081807086,0.));
#6651=CARTESIAN_POINT('',(8.24925638028034,6.6659581698276,0.));
#6652=CARTESIAN_POINT('',(8.28845199283408,6.65674005566449,0.));
#6653=CARTESIAN_POINT('',(8.30839466871566,6.65299135700219,0.));
#6654=CARTESIAN_POINT('',(8.34853275807816,6.64729504345312,0.));
#6655=CARTESIAN_POINT('',(8.36889437873708,6.64534460770739,0.));
#6656=CARTESIAN_POINT('',(8.40977689720164,6.64327662543596,0.));
#6657=CARTESIAN_POINT('',(8.43046760557525,6.64318096680571,0.));
#6658=CARTESIAN_POINT('',(8.47195416473641,6.6448617234567,0.));
#6659=CARTESIAN_POINT('',(8.49292166091748,6.64669231879824,0.));
#6660=CARTESIAN_POINT('',(8.53498558725595,6.65229329258559,0.));
#6661=CARTESIAN_POINT('',(8.55625191058492,6.65616497546679,0.));
#6662=CARTESIAN_POINT('',(8.59910547933752,6.66599681385734,0.));
#6663=CARTESIAN_POINT('',(8.62085146699532,6.67213816347422,0.));
#6664=CARTESIAN_POINT('',(8.66527099584686,6.68689042142067,0.));
#6665=CARTESIAN_POINT('',(8.68797665446504,6.69573360367136,0.));
#6666=CARTESIAN_POINT('',(8.71029046192942,6.70574900832945,0.));
#6667=CARTESIAN_POINT('',(8.71029046192942,6.70574900832945,0.));
#6668=CARTESIAN_POINT('',(8.77600795817086,6.73470010307273,0.));
#6669=CARTESIAN_POINT('',(8.84252353140496,6.76146309763539,0.));
#6670=CARTESIAN_POINT('',(8.9784129292647,6.81107365342593,0.));
#6671=CARTESIAN_POINT('',(9.0480698306286,6.83350242768426,0.));
#6672=CARTESIAN_POINT('',(9.18931425979401,6.87554464542916,0.));
#6673=CARTESIAN_POINT('',(9.26134386019417,6.89452474186933,0.));
#6674=CARTESIAN_POINT('',(9.40722817722019,6.92968817746231,0.));
#6675=CARTESIAN_POINT('',(9.48139071164629,6.94541147572507,0.));
#6676=CARTESIAN_POINT('',(9.63142350950429,6.97409647148118,0.));
#6677=CARTESIAN_POINT('',(9.70752781960981,6.98669238644602,0.));
#6678=CARTESIAN_POINT('',(9.86133222555903,7.00915080829811,0.));
#6679=CARTESIAN_POINT('',(9.93921981730758,7.01870638540927,0.));
#6680=CARTESIAN_POINT('',(10.0964862007095,7.03510264493816,0.));
#6681=CARTESIAN_POINT('',(10.1760204694907,7.04167639372617,0.));
#6682=CARTESIAN_POINT('',(10.3364820675199,7.05211896742508,0.));
#6683=CARTESIAN_POINT('',(10.4175414904391,7.05574966441952,0.));
#6684=CARTESIAN_POINT('',(10.5809604060714,7.06030926211187,0.));
#6685=CARTESIAN_POINT('',(10.6634341379397,7.06102168063723,0.));
#6686=CARTESIAN_POINT('',(10.8295926689018,7.05974255272596,0.));
#6687=CARTESIAN_POINT('',(10.9133775940718,7.05755132601013,0.));
#6688=CARTESIAN_POINT('',(11.0820725580354,7.05045871479856,0.));
#6689=CARTESIAN_POINT('',(11.1670712523641,7.04537103059978,0.));
#6690=CARTESIAN_POINT('',(11.3381101127789,7.03247630456321,0.));
#6691=CARTESIAN_POINT('',(11.4242293950362,7.02449384253602,0.));
#6692=CARTESIAN_POINT('',(11.5974275271765,7.00579816352695,0.));
#6693=CARTESIAN_POINT('',(11.6845774050201,6.99491852551746,0.));
#6694=CARTESIAN_POINT('',(11.8597561151129,6.97041554711192,0.));
#6695=CARTESIAN_POINT('',(11.9478154278255,6.95669073723735,0.));
#6696=CARTESIAN_POINT('',(12.0356814714288,6.94158537499224,0.));
#6697=CARTESIAN_POINT('',(10.4667321877983,3.35912890535594,0.));
#6698=CARTESIAN_POINT('',(12.549859114146,5.96190172806343,0.));
#6699=CARTESIAN_POINT('',(12.5123769817564,5.88100856803996,0.));
#6700=CARTESIAN_POINT('',(12.4736488876723,5.80074059379047,0.));
#6701=CARTESIAN_POINT('',(12.3943015939848,5.64265206351392,0.));
#6702=CARTESIAN_POINT('',(12.3537485872485,5.5647487813237,0.));
#6703=CARTESIAN_POINT('',(12.2707470763664,5.41158915680809,0.));
#6704=CARTESIAN_POINT('',(12.2283951855607,5.33617982169816,0.));
#6705=CARTESIAN_POINT('',(12.1418461901212,5.18809255985586,0.));
#6706=CARTESIAN_POINT('',(12.0977485103652,5.11524987176546,0.));
#6707=CARTESIAN_POINT('',(12.0077559529806,4.97238757577433,0.));
#6708=CARTESIAN_POINT('',(11.9619640349176,4.90218917550495,0.));
#6709=CARTESIAN_POINT('',(11.8686279327428,4.76471675786958,0.));
#6710=CARTESIAN_POINT('',(11.821191204185,4.69724690703116,0.));
#6711=CARTESIAN_POINT('',(11.7246062039295,4.56534592279224,0.));
#6712=CARTESIAN_POINT('',(11.6755711983303,4.50069779651969,0.));
#6713=CARTESIAN_POINT('',(11.5758245516132,4.37457254822966,0.));
#6714=CARTESIAN_POINT('',(11.5252338481705,4.31285144317736,0.));
#6715=CARTESIAN_POINT('',(11.4224025028607,4.19273788400677,0.));
#6716=CARTESIAN_POINT('',(11.3702932219888,4.13406583913592,0.));
#6717=CARTESIAN_POINT('',(11.2644394422394,4.02024513225774,0.));
#6718=CARTESIAN_POINT('',(11.2108410318019,3.96476780816028,0.));
#6719=CARTESIAN_POINT('',(11.1020053997849,3.85758817101744,0.));
#6720=CARTESIAN_POINT('',(11.0469362576603,3.80548545317639,0.));
#6721=CARTESIAN_POINT('',(10.9351255798944,3.70540012211138,0.));
#6722=CARTESIAN_POINT('',(10.8785877900426,3.65690284679251,0.));
#6723=CARTESIAN_POINT('',(10.7637517422711,3.56454366221729,0.));
#6724=CARTESIAN_POINT('',(10.7057235928934,3.5199581522152,0.));
#6725=CARTESIAN_POINT('',(10.5877009295211,3.43630537804098,0.));
#6726=CARTESIAN_POINT('',(10.5278902645301,3.39676724816665,0.));
#6727=CARTESIAN_POINT('',(10.4667321877983,3.35912890535594,0.));
#6728=CARTESIAN_POINT('',(10.1542561478983,2.60970882386722,0.));
#6729=CARTESIAN_POINT('',(10.4667321877983,3.35912890535594,0.));
#6730=CARTESIAN_POINT('',(10.4458139839684,3.34645440013661,0.));
#6731=CARTESIAN_POINT('',(10.4256379034406,3.33279150951489,0.));
#6732=CARTESIAN_POINT('',(10.3882638647582,3.30461519161355,0.));
#6733=CARTESIAN_POINT('',(10.3708565041375,3.29020727883795,0.));
#6734=CARTESIAN_POINT('',(10.33842145809,3.26052460394383,0.));
#6735=CARTESIAN_POINT('',(10.3231544769691,3.24522212951254,0.));
#6736=CARTESIAN_POINT('',(10.2946499322469,3.2137859125558,0.));
#6737=CARTESIAN_POINT('',(10.2812324864081,3.19756989816965,0.));
#6738=CARTESIAN_POINT('',(10.2562821990792,3.16438190792983,0.));
#6739=CARTESIAN_POINT('',(10.2446072625766,3.14729944846887,0.));
#6740=CARTESIAN_POINT('',(10.2230852611237,3.11247904755018,0.));
#6741=CARTESIAN_POINT('',(10.2131237193912,3.09461378847653,0.));
#6742=CARTESIAN_POINT('',(10.1950106599692,3.05834491360984,0.));
#6743=CARTESIAN_POINT('',(10.1867670473625,3.03980290956039,0.));
#6744=CARTESIAN_POINT('',(10.1720877608744,3.00230906712743,0.));
#6745=CARTESIAN_POINT('',(10.1655794980347,2.98321116742891,0.));
#6746=CARTESIAN_POINT('',(10.1543727242559,2.94474193783981,0.));
#6747=CARTESIAN_POINT('',(10.1496194678285,2.92521918786115,0.));
#6748=CARTESIAN_POINT('',(10.1419219152976,2.88604196737879,0.));
#6749=CARTESIAN_POINT('',(10.1389397065391,2.8662325054665,0.));
#6750=CARTESIAN_POINT('',(10.1347771238896,2.82662682882385,0.));
#6751=CARTESIAN_POINT('',(10.1335750159262,2.80667357096994,0.));
#6752=CARTESIAN_POINT('',(10.1329569965401,2.76692679236763,0.));
#6753=CARTESIAN_POINT('',(10.1335350675866,2.74697555544591,0.));
#6754=CARTESIAN_POINT('',(10.136452010891,2.70737928923466,0.));
#6755=CARTESIAN_POINT('',(10.1388002176797,2.6875771730861,0.));
#6756=CARTESIAN_POINT('',(10.145221647795,2.64842418775284,0.));
#6757=CARTESIAN_POINT('',(10.1493031444236,2.62899504296076,0.));
#6758=CARTESIAN_POINT('',(10.1542561478983,2.60970882386722,0.));
#6759=CARTESIAN_POINT('',(10.2039394549208,2.40813572350264,0.));
#6760=AXIS2_PLACEMENT_3D('',#6761,#6762,#6763);
#6761=CARTESIAN_POINT('',(0.,0.,0.));
#6762=DIRECTION('',(0.,0.,-1.));
#6763=DIRECTION('',(0.96852480128748,0.248917073120845,0.));
#6764=CARTESIAN_POINT('',(10.8288961247853,1.88977205305293,0.));
#6765=CARTESIAN_POINT('',(10.2039394549208,2.40813572350264,0.));
#6766=CARTESIAN_POINT('',(10.208516541063,2.38875684910829,0.));
#6767=CARTESIAN_POINT('',(10.2139317290774,2.36965642971896,0.));
#6768=CARTESIAN_POINT('',(10.2264411346275,2.33200399556104,0.));
#6769=CARTESIAN_POINT('',(10.2335644030068,2.31337882638919,0.));
#6770=CARTESIAN_POINT('',(10.2493828804162,2.27696250273398,0.));
#6771=CARTESIAN_POINT('',(10.2581428260333,2.25902791677198,0.));
#6772=CARTESIAN_POINT('',(10.2771613040533,2.22412110008778,0.));
#6773=CARTESIAN_POINT('',(10.2874984590754,2.2070120151155,0.));
#6774=CARTESIAN_POINT('',(10.309589918645,2.17387737869496,0.));
#6775=CARTESIAN_POINT('',(10.3214364493363,2.15772287279372,0.));
#6776=CARTESIAN_POINT('',(10.346458855782,2.12661039787842,0.));
#6777=CARTESIAN_POINT('',(10.3597403296243,2.11153280967697,0.));
#6778=CARTESIAN_POINT('',(10.3875409773955,2.08267804599393,0.));
#6779=CARTESIAN_POINT('',(10.4021789944708,2.06879223617991,0.));
#6780=CARTESIAN_POINT('',(10.4326011145315,2.04241489205286,0.));
#6781=CARTESIAN_POINT('',(10.4485173699251,2.02982776063924,0.));
#6782=CARTESIAN_POINT('',(10.4814106741079,2.00613082527489,0.));
#6783=CARTESIAN_POINT('',(10.4985335811258,1.99494128325062,0.));
#6784=CARTESIAN_POINT('',(10.5337722141632,1.97411112222545,0.));
#6785=CARTESIAN_POINT('',(10.5520484717855,1.96441096908767,0.));
#6786=CARTESIAN_POINT('',(10.5895640821407,1.94661943982139,0.));
#6787=CARTESIAN_POINT('',(10.6089805980509,1.93849627016201,0.));
#6788=CARTESIAN_POINT('',(10.6488292573949,1.92390760487491,0.));
#6789=CARTESIAN_POINT('',(10.6694589122798,1.91745285657635,0.));
#6790=CARTESIAN_POINT('',(10.7119729460764,1.9062434707184,0.));
#6791=CARTESIAN_POINT('',(10.7340820893563,1.90157550137875,0.));
#6792=CARTESIAN_POINT('',(10.7802693449423,1.89399519272085,0.));
#6793=CARTESIAN_POINT('',(10.8044838388887,1.89127359603429,0.));
#6794=CARTESIAN_POINT('',(10.8288961247853,1.88977205305293,0.));
#6795=CARTESIAN_POINT('',(10.8288961247853,1.88977205305293,0.));
#6796=CARTESIAN_POINT('',(10.9005403224064,1.88486653103053,0.));
#6797=CARTESIAN_POINT('',(10.9718743212528,1.8776526576469,0.));
#6798=CARTESIAN_POINT('',(11.1152535822639,1.85842967118714,0.));
#6799=CARTESIAN_POINT('',(11.1873548764233,1.84591818834562,0.));
#6800=CARTESIAN_POINT('',(11.331958600108,1.81750516422441,0.));
#6801=CARTESIAN_POINT('',(11.404558134431,1.80083738060583,0.));
#6802=CARTESIAN_POINT('',(11.5500735453188,1.76417723397453,0.));
#6803=CARTESIAN_POINT('',(11.6230481893477,1.74363447491913,0.));
#6804=CARTESIAN_POINT('',(11.7692262164745,1.69931005952605,0.));
#6805=CARTESIAN_POINT('',(11.8424668499929,1.67509575193184,0.));
#6806=CARTESIAN_POINT('',(11.9890908370549,1.6235052254804,0.));
#6807=CARTESIAN_POINT('',(12.062497572598,1.59577010011184,0.));
#6808=CARTESIAN_POINT('',(12.2093697611519,1.53720293435948,0.));
#6809=CARTESIAN_POINT('',(12.2828488320791,1.50606228216074,0.));
#6810=CARTESIAN_POINT('',(12.4297834269137,1.44073849913844,0.));
#6811=CARTESIAN_POINT('',(12.5032452503974,1.40628312952645,0.));
#6812=CARTESIAN_POINT('',(12.6500644646526,1.33437589593309,0.));
#6813=CARTESIAN_POINT('',(12.7234224048904,1.29667925692507,0.));
#6814=CARTESIAN_POINT('',(12.8699540369641,1.2183289258376,0.));
#6815=CARTESIAN_POINT('',(12.9431235899847,1.17745189474404,0.));
#6816=CARTESIAN_POINT('',(13.0891994615433,1.09277524064816,0.));
#6817=CARTESIAN_POINT('',(13.1620977028702,1.0487694571697,0.));
#6818=CARTESIAN_POINT('',(13.3075526144589,0.957866022546791,0.));
#6819=CARTESIAN_POINT('',(13.3800978167846,0.910776277420489,0.));
#6820=CARTESIAN_POINT('',(13.5247688312675,0.813732890427946,0.));
#6821=CARTESIAN_POINT('',(13.5968801958525,0.763598881720839,0.));
#6822=CARTESIAN_POINT('',(13.7406061384212,0.660492966016345,0.));
#6823=CARTESIAN_POINT('',(13.8122005502969,0.607417047280158,0.));
#6824=CARTESIAN_POINT('',(13.8829822561983,0.553208526762295,0.));
#6825=CARTESIAN_POINT('',(13.8829822561983,-0.55320852676229,0.));
#6826=CARTESIAN_POINT('',(13.8122005502969,-0.607417047280154,0.));
#6827=CARTESIAN_POINT('',(13.7406061384212,-0.660492966016341,0.));
#6828=CARTESIAN_POINT('',(13.5968801958525,-0.763598881720834,0.));
#6829=CARTESIAN_POINT('',(13.5247688312675,-0.813732890427941,0.));
#6830=CARTESIAN_POINT('',(13.3800978167846,-0.910776277420484,0.));
#6831=CARTESIAN_POINT('',(13.3075526144589,-0.957866022546788,0.));
#6832=CARTESIAN_POINT('',(13.1620977028702,-1.0487694571697,0.));
#6833=CARTESIAN_POINT('',(13.0891994615433,-1.09277524064816,0.));
#6834=CARTESIAN_POINT('',(12.9431235899847,-1.17745189474404,0.));
#6835=CARTESIAN_POINT('',(12.8699540369641,-1.2183289258376,0.));
#6836=CARTESIAN_POINT('',(12.7234224048904,-1.29667925692506,0.));
#6837=CARTESIAN_POINT('',(12.6500644646526,-1.33437589593309,0.));
#6838=CARTESIAN_POINT('',(12.5032452503974,-1.40628312952644,0.));
#6839=CARTESIAN_POINT('',(12.4297834269137,-1.44073849913844,0.));
#6840=CARTESIAN_POINT('',(12.2828488320791,-1.50606228216074,0.));
#6841=CARTESIAN_POINT('',(12.2093697611519,-1.53720293435948,0.));
#6842=CARTESIAN_POINT('',(12.062497572598,-1.59577010011183,0.));
#6843=CARTESIAN_POINT('',(11.9890908370549,-1.6235052254804,0.));
#6844=CARTESIAN_POINT('',(11.8424668499929,-1.67509575193183,0.));
#6845=CARTESIAN_POINT('',(11.7692262164745,-1.69931005952604,0.));
#6846=CARTESIAN_POINT('',(11.6230481893477,-1.74363447491913,0.));
#6847=CARTESIAN_POINT('',(11.5500735453188,-1.76417723397453,0.));
#6848=CARTESIAN_POINT('',(11.404558134431,-1.80083738060583,0.));
#6849=CARTESIAN_POINT('',(11.331958600108,-1.81750516422441,0.));
#6850=CARTESIAN_POINT('',(11.1873548764233,-1.84591818834562,0.));
#6851=CARTESIAN_POINT('',(11.115253582264,-1.85842967118714,0.));
#6852=CARTESIAN_POINT('',(10.9718743212528,-1.87765265764689,0.));
#6853=CARTESIAN_POINT('',(10.9005403224064,-1.88486653103053,0.));
#6854=CARTESIAN_POINT('',(10.8288961247853,-1.88977205305293,0.));
#6855=CARTESIAN_POINT('',(7.70676604438345,7.83849391343951,0.));
#6856=VECTOR('',#6857,1.);
#6857=DIRECTION('',(0.,0.,1.));
#6858=CARTESIAN_POINT('',(8.71029046192942,6.70574900832945,0.));
#6859=VECTOR('',#6860,1.);
#6860=DIRECTION('',(0.,0.,1.));
#6861=CARTESIAN_POINT('',(7.91602320362214,6.87430539779954,0.));
#6862=VECTOR('',#6863,1.);
#6863=DIRECTION('',(0.,0.,1.));
#6864=CARTESIAN_POINT('',(7.77835512944448,7.02970053008979,0.));
#6865=VECTOR('',#6866,1.);
#6866=DIRECTION('',(0.,0.,1.));
#6867=CARTESIAN_POINT('',(3.1812726767995,10.5221544300461,0.));
#6868=VECTOR('',#6869,1.);
#6869=DIRECTION('',(0.,0.,1.));
#6870=CARTESIAN_POINT('',(4.59626222462486,9.98551967883377,0.));
#6871=VECTOR('',#6872,1.);
#6872=DIRECTION('',(0.,0.,1.));
#6873=CARTESIAN_POINT('',(3.81464143479484,9.76565454982135,0.));
#6874=VECTOR('',#6875,1.);
#6875=DIRECTION('',(0.,0.,1.));
#6876=CARTESIAN_POINT('',(3.62052669017608,9.83927256194392,0.));
#6877=VECTOR('',#6878,1.);
#6878=DIRECTION('',(0.,0.,1.));
#6879=CARTESIAN_POINT('',(-2.07301192254739,10.7953161724364,0.));
#6880=VECTOR('',#6881,1.);
#6881=DIRECTION('',(0.,0.,1.));
#6882=CARTESIAN_POINT('',(-0.57071429737679,10.9777281294747,0.));
#6883=VECTOR('',#6884,1.);
#6884=DIRECTION('',(0.,0.,1.));
#6885=CARTESIAN_POINT('',(-1.16062871533114,10.4198099333744,0.));
#6886=VECTOR('',#6887,1.);
#6887=DIRECTION('',(0.,0.,1.));
#6888=CARTESIAN_POINT('',(-1.36672078173512,10.3947858259453,0.));
#6889=VECTOR('',#6890,1.);
#6890=DIRECTION('',(0.,0.,1.));
#6891=CARTESIAN_POINT('',(-6.85239447294056,8.59540107738456,0.));
#6892=VECTOR('',#6893,1.);
#6893=DIRECTION('',(0.,0.,1.));
#6894=CARTESIAN_POINT('',(-5.6069470517023,9.45507136161843,0.));
#6895=VECTOR('',#6896,1.);
#6896=DIRECTION('',(0.,0.,1.));
#6897=CARTESIAN_POINT('',(-5.87001281386704,8.68691243351381,0.));
#6898=VECTOR('',#6899,1.);
#6899=DIRECTION('',(0.,0.,1.));
#6900=CARTESIAN_POINT('',(-6.04086899332173,8.56897892797176,0.));
#6901=VECTOR('',#6902,1.);
#6902=DIRECTION('',(0.,0.,1.));
#6903=CARTESIAN_POINT('',(-10.0619760298885,4.42638318131613,0.));
#6904=VECTOR('',#6905,1.);
#6905=DIRECTION('',(0.,0.,1.));
#6906=CARTESIAN_POINT('',(-9.35869580751981,5.76637169077759,0.));
#6907=VECTOR('',#6908,1.);
#6908=DIRECTION('',(0.,0.,1.));
#6909=CARTESIAN_POINT('',(-9.23464771806911,4.96394798377873,0.));
#6910=VECTOR('',#6911,1.);
#6911=DIRECTION('',(0.,0.,1.));
#6912=CARTESIAN_POINT('',(-9.33112691890161,4.78012222499065,0.));
#6913=VECTOR('',#6914,1.);
#6914=DIRECTION('',(0.,0.,1.));
#6915=CARTESIAN_POINT('',(-10.9664801383454,-0.756665757891779,0.));
#6916=VECTOR('',#6917,1.);
#6917=DIRECTION('',(0.,0.,1.));
#6918=CARTESIAN_POINT('',(-10.9664801383454,0.756665757891779,0.));
#6919=VECTOR('',#6920,1.);
#6920=DIRECTION('',(0.,0.,1.));
#6921=CARTESIAN_POINT('',(-10.4837361196309,0.103802873018151,0.));
#6922=VECTOR('',#6923,1.);
#6923=DIRECTION('',(0.,0.,1.));
#6924=CARTESIAN_POINT('',(-10.4837361196309,-0.10380287301815,0.));
#6925=VECTOR('',#6926,1.);
#6926=DIRECTION('',(0.,0.,1.));
#6927=CARTESIAN_POINT('',(-9.35869580751981,-5.76637169077759,0.));
#6928=VECTOR('',#6929,1.);
#6929=DIRECTION('',(0.,0.,1.));
#6930=CARTESIAN_POINT('',(-10.0619760298885,-4.42638318131613,0.));
#6931=VECTOR('',#6932,1.);
#6932=DIRECTION('',(0.,0.,1.));
#6933=CARTESIAN_POINT('',(-9.33112691890162,-4.78012222499066,0.));
#6934=VECTOR('',#6935,1.);
#6935=DIRECTION('',(0.,0.,1.));
#6936=CARTESIAN_POINT('',(-9.23464771806911,-4.96394798377873,0.));
#6937=VECTOR('',#6938,1.);
#6938=DIRECTION('',(0.,0.,1.));
#6939=CARTESIAN_POINT('',(-5.6069470517023,-9.45507136161842,0.));
#6940=VECTOR('',#6941,1.);
#6941=DIRECTION('',(0.,0.,1.));
#6942=CARTESIAN_POINT('',(-6.85239447294056,-8.59540107738456,0.));
#6943=VECTOR('',#6944,1.);
#6944=DIRECTION('',(0.,0.,1.));
#6945=CARTESIAN_POINT('',(-6.04086899332173,-8.56897892797176,0.));
#6946=VECTOR('',#6947,1.);
#6947=DIRECTION('',(0.,0.,1.));
#6948=CARTESIAN_POINT('',(-5.87001281386704,-8.6869124335138,0.));
#6949=VECTOR('',#6950,1.);
#6950=DIRECTION('',(0.,0.,1.));
#6951=CARTESIAN_POINT('',(-0.57071429737679,-10.9777281294747,0.));
#6952=VECTOR('',#6953,1.);
#6953=DIRECTION('',(0.,0.,1.));
#6954=CARTESIAN_POINT('',(-2.07301192254739,-10.7953161724364,0.));
#6955=VECTOR('',#6956,1.);
#6956=DIRECTION('',(0.,0.,1.));
#6957=CARTESIAN_POINT('',(-1.36672078173512,-10.3947858259453,0.));
#6958=VECTOR('',#6959,1.);
#6959=DIRECTION('',(0.,0.,1.));
#6960=CARTESIAN_POINT('',(-1.16062871533114,-10.4198099333744,0.));
#6961=VECTOR('',#6962,1.);
#6962=DIRECTION('',(0.,0.,1.));
#6963=CARTESIAN_POINT('',(4.59626222462486,-9.98551967883377,0.));
#6964=VECTOR('',#6965,1.);
#6965=DIRECTION('',(0.,0.,1.));
#6966=CARTESIAN_POINT('',(3.1812726767995,-10.5221544300461,0.));
#6967=VECTOR('',#6968,1.);
#6968=DIRECTION('',(0.,0.,1.));
#6969=CARTESIAN_POINT('',(3.62052669017608,-9.83927256194393,0.));
#6970=VECTOR('',#6971,1.);
#6971=DIRECTION('',(0.,0.,1.));
#6972=CARTESIAN_POINT('',(3.81464143479484,-9.76565454982134,0.));
#6973=VECTOR('',#6974,1.);
#6974=DIRECTION('',(0.,0.,1.));
#6975=CARTESIAN_POINT('',(8.71029046192942,-6.70574900832945,0.));
#6976=VECTOR('',#6977,1.);
#6977=DIRECTION('',(0.,0.,1.));
#6978=CARTESIAN_POINT('',(7.70676604438345,-7.83849391343951,0.));
#6979=VECTOR('',#6980,1.);
#6980=DIRECTION('',(0.,0.,1.));
#6981=CARTESIAN_POINT('',(7.77835512944448,-7.0297005300898,0.));
#6982=VECTOR('',#6983,1.);
#6983=DIRECTION('',(0.,0.,1.));
#6984=CARTESIAN_POINT('',(7.91602320362213,-6.87430539779954,0.));
#6985=VECTOR('',#6986,1.);
#6986=DIRECTION('',(0.,0.,1.));
#6987=CARTESIAN_POINT('',(10.8288961247853,-1.88977205305293,0.));
#6988=VECTOR('',#6989,1.);
#6989=DIRECTION('',(0.,0.,1.));
#6990=CARTESIAN_POINT('',(10.4667321877983,-3.35912890535594,0.));
#6991=VECTOR('',#6992,1.);
#6992=DIRECTION('',(0.,0.,1.));
#6993=CARTESIAN_POINT('',(10.1542561478983,-2.60970882386722,0.));
#6994=VECTOR('',#6995,1.);
#6995=DIRECTION('',(0.,0.,1.));
#6996=CARTESIAN_POINT('',(10.2039394549208,-2.40813572350264,0.));
#6997=VECTOR('',#6998,1.);
#6998=DIRECTION('',(0.,0.,1.));
#6999=CARTESIAN_POINT('',(10.8288961247853,1.88977205305293,0.));
#7000=VECTOR('',#7001,1.);
#7001=DIRECTION('',(0.,0.,1.));
#7002=CARTESIAN_POINT('',(10.4667321877983,3.35912890535594,0.));
#7003=VECTOR('',#7004,1.);
#7004=DIRECTION('',(0.,0.,1.));
#7005=CARTESIAN_POINT('',(10.2039394549209,2.40813572350264,0.));
#7006=VECTOR('',#7007,1.);
#7007=DIRECTION('',(0.,0.,1.));
#7008=CARTESIAN_POINT('',(10.1542561478983,2.60970882386722,0.));
#7009=VECTOR('',#7010,1.);
#7010=DIRECTION('',(0.,0.,1.));
ENDSEC;
END-ISO-10303-21;
