ISO-10303-21;
HEADER;
/* Generated by software containing ST-Developer
 * from STEP Tools, Inc. (www.steptools.com) 
 */

FILE_DESCRIPTION(
/* description */ (''),
/* implementation_level */ '2;1');

FILE_NAME(
/* name */ '',
/* time_stamp */ '2026-07-31T13:16:35+03:00',
/* author */ ('ejenie'),
/* organization */ (''),
/* preprocessor_version */ 'ST-DEVELOPER v19.2',
/* originating_system */ 'Autodesk Inventor 2024',
/* authorisation */ '');

FILE_SCHEMA (('AUTOMOTIVE_DESIGN { 1 0 10303 214 3 1 1 }'));
ENDSEC;

DATA;
#10=MECHANICAL_DESIGN_GEOMETRIC_PRESENTATION_REPRESENTATION('',(#13),#8445);
#11=SHAPE_REPRESENTATION_RELATIONSHIP('SRR','None',#8452,#12);
#12=ADVANCED_BREP_SHAPE_REPRESENTATION('',(#14),#8444);
#13=STYLED_ITEM('',(#8461),#14);
#14=MANIFOLD_SOLID_BREP('\X2\04220432043504400434043E0435\X0\ \X2\04420435043B043E\X0\1',
#2037);
#15=CONICAL_SURFACE('',#2165,13.48777046918,0.785398163397449);
#16=CONICAL_SURFACE('',#2167,13.48777046918,0.785398163397449);
#17=CONICAL_SURFACE('',#2169,13.48777046918,0.785398163397449);
#18=CONICAL_SURFACE('',#2171,13.48777046918,0.785398163397449);
#19=CONICAL_SURFACE('',#2172,13.48777046918,0.785398163397449);
#20=CONICAL_SURFACE('',#2174,13.48777046918,0.785398163397449);
#21=CONICAL_SURFACE('',#2176,13.48777046918,0.785398163397449);
#22=CONICAL_SURFACE('',#2178,13.48777046918,0.785398163397449);
#23=CONICAL_SURFACE('',#2180,13.48777046918,0.785398163397449);
#24=CONICAL_SURFACE('',#2182,13.48777046918,0.785398163397449);
#25=CONICAL_SURFACE('',#2184,13.48777046918,0.785398163397449);
#26=CONICAL_SURFACE('',#2203,13.48777046918,0.785398163397449);
#27=CONICAL_SURFACE('',#2204,13.48777046918,0.785398163397449);
#28=CONICAL_SURFACE('',#2205,13.48777046918,0.785398163397449);
#29=CONICAL_SURFACE('',#2206,13.48777046918,0.785398163397449);
#30=CONICAL_SURFACE('',#2207,13.48777046918,0.785398163397449);
#31=CONICAL_SURFACE('',#2208,13.48777046918,0.785398163397449);
#32=CONICAL_SURFACE('',#2209,13.48777046918,0.785398163397449);
#33=CONICAL_SURFACE('',#2211,13.48777046918,0.785398163397449);
#34=CONICAL_SURFACE('',#2213,13.48777046918,0.785398163397449);
#35=FACE_BOUND('',#388,.T.);
#36=FACE_BOUND('',#400,.T.);
#37=FACE_BOUND('',#401,.T.);
#38=FACE_BOUND('',#402,.T.);
#39=FACE_BOUND('',#403,.T.);
#40=FACE_BOUND('',#404,.T.);
#41=FACE_BOUND('',#437,.T.);
#42=FACE_BOUND('',#438,.T.);
#43=FACE_BOUND('',#439,.T.);
#44=FACE_BOUND('',#440,.T.);
#45=FACE_BOUND('',#441,.T.);
#46=B_SPLINE_SURFACE_WITH_KNOTS('',3,1,((#3658,#3659),(#3660,#3661),(#3662,
#3663),(#3664,#3665),(#3666,#3667),(#3668,#3669),(#3670,#3671),(#3672,#3673),
(#3674,#3675),(#3676,#3677),(#3678,#3679),(#3680,#3681),(#3682,#3683)),
 .UNSPECIFIED.,.F.,.F.,.F.,(4,1,1,1,1,1,1,1,1,1,4),(2,2),(-0.301050073721487,
-0.263416038622055,-0.225781798248924,-0.188148124153235,-0.150515488825859,
-0.112884470675853,-0.0752563462634899,-0.0564389627002787,-0.0376222730685955,
-0.018807144789673,0.),(0.,1.),.UNSPECIFIED.);
#47=B_SPLINE_SURFACE_WITH_KNOTS('',3,1,((#3850,#3851),(#3852,#3853),(#3854,
#3855),(#3856,#3857),(#3858,#3859),(#3860,#3861),(#3862,#3863),(#3864,#3865),
(#3866,#3867),(#3868,#3869),(#3870,#3871),(#3872,#3873),(#3874,#3875)),
 .UNSPECIFIED.,.F.,.F.,.F.,(4,1,1,1,1,1,1,1,1,1,4),(2,2),(-0.301050073721487,
-0.282242928931815,-0.26342780065289,-0.244611111021208,-0.225793727457996,
-0.188165603045634,-0.150534584895626,-0.112901949568251,-0.075268275472563,
-0.0376340350994298,0.),(0.,1.),.UNSPECIFIED.);
#48=B_SPLINE_SURFACE_WITH_KNOTS('',3,1,((#3941,#3942),(#3943,#3944),(#3945,
#3946),(#3947,#3948),(#3949,#3950),(#3951,#3952),(#3953,#3954),(#3955,#3956),
(#3957,#3958),(#3959,#3960),(#3961,#3962),(#3963,#3964),(#3965,#3966),(#3967,
#3968),(#3969,#3970),(#3971,#3972),(#3973,#3974),(#3975,#3976),(#3977,#3978),
(#3979,#3980),(#3981,#3982),(#3983,#3984),(#3985,#3986),(#3987,#3988),(#3989,
#3990),(#3991,#3992),(#3993,#3994),(#3995,#3996),(#3997,#3998),(#3999,#4000),
(#4001,#4002),(#4003,#4004),(#4005,#4006)),.UNSPECIFIED.,.F.,.F.,.F.,(4,
1,1,1,1,1,1,1,1,1,1,1,1,1,1,1,1,1,1,1,1,1,1,1,1,1,1,1,1,1,4),(2,2),(-0.493696852681063,
-0.462836413538341,-0.447401635515161,-0.431967950973846,-0.416532746515641,
-0.401099754931416,-0.385666761100396,-0.370232263382929,-0.354802329357468,
-0.339374776888501,-0.323950954697353,-0.308530314761973,-0.293112059512854,
-0.27769959539489,-0.262283928306118,-0.246848426340531,-0.231412924374945,
-0.215997257286173,-0.200584793168209,-0.18516653791909,-0.16974589798371,
-0.154322075792562,-0.138894523323595,-0.123464589298134,-0.108030091580668,
-0.092597097749647,-0.0771641061654223,-0.0617289017072174,-0.0462952171659022,
-0.0308604391427233,0.),(0.,1.),.UNSPECIFIED.);
#49=B_SPLINE_SURFACE_WITH_KNOTS('',3,1,((#4159,#4160),(#4161,#4162),(#4163,
#4164),(#4165,#4166),(#4167,#4168),(#4169,#4170),(#4171,#4172),(#4173,#4174),
(#4175,#4176),(#4177,#4178),(#4179,#4180),(#4181,#4182),(#4183,#4184)),
 .UNSPECIFIED.,.F.,.F.,.F.,(4,1,1,1,1,1,1,1,1,1,4),(2,2),(-0.301050073721487,
-0.282242928931815,-0.26342780065289,-0.244611111021208,-0.225793727457996,
-0.188165603045634,-0.150534584895626,-0.112901949568251,-0.075268275472563,
-0.0376340350994298,0.),(0.,1.),.UNSPECIFIED.);
#50=B_SPLINE_SURFACE_WITH_KNOTS('',3,1,((#4250,#4251),(#4252,#4253),(#4254,
#4255),(#4256,#4257),(#4258,#4259),(#4260,#4261),(#4262,#4263),(#4264,#4265),
(#4266,#4267),(#4268,#4269),(#4270,#4271),(#4272,#4273),(#4274,#4275),(#4276,
#4277),(#4278,#4279),(#4280,#4281),(#4282,#4283),(#4284,#4285),(#4286,#4287),
(#4288,#4289),(#4290,#4291),(#4292,#4293),(#4294,#4295),(#4296,#4297),(#4298,
#4299),(#4300,#4301),(#4302,#4303),(#4304,#4305),(#4306,#4307),(#4308,#4309),
(#4310,#4311),(#4312,#4313),(#4314,#4315)),.UNSPECIFIED.,.F.,.F.,.F.,(4,
1,1,1,1,1,1,1,1,1,1,1,1,1,1,1,1,1,1,1,1,1,1,1,1,1,1,1,1,1,4),(2,2),(-0.493696852681063,
-0.462836413538341,-0.447401635515161,-0.431967950973846,-0.416532746515641,
-0.401099754931416,-0.385666761100396,-0.370232263382929,-0.354802329357468,
-0.339374776888501,-0.323950954697353,-0.308530314761973,-0.293112059512854,
-0.27769959539489,-0.262283928306118,-0.246848426340531,-0.231412924374945,
-0.215997257286173,-0.200584793168209,-0.18516653791909,-0.16974589798371,
-0.154322075792562,-0.138894523323595,-0.123464589298134,-0.108030091580668,
-0.092597097749647,-0.0771641061654223,-0.0617289017072174,-0.0462952171659022,
-0.0308604391427233,0.),(0.,1.),.UNSPECIFIED.);
#51=B_SPLINE_SURFACE_WITH_KNOTS('',3,1,((#4409,#4410),(#4411,#4412),(#4413,
#4414),(#4415,#4416),(#4417,#4418),(#4419,#4420),(#4421,#4422),(#4423,#4424),
(#4425,#4426),(#4427,#4428),(#4429,#4430),(#4431,#4432),(#4433,#4434)),
 .UNSPECIFIED.,.F.,.F.,.F.,(4,1,1,1,1,1,1,1,1,1,4),(2,2),(-0.301050073721487,
-0.263416038622055,-0.225781798248924,-0.188148124153235,-0.150515488825859,
-0.112884470675853,-0.0752563462634899,-0.0564389627002787,-0.0376222730685955,
-0.018807144789673,0.),(0.,1.),.UNSPECIFIED.);
#52=B_SPLINE_SURFACE_WITH_KNOTS('',3,1,((#4501,#4502),(#4503,#4504),(#4505,
#4506),(#4507,#4508),(#4509,#4510),(#4511,#4512),(#4513,#4514),(#4515,#4516),
(#4517,#4518),(#4519,#4520),(#4521,#4522),(#4523,#4524),(#4525,#4526)),
 .UNSPECIFIED.,.F.,.F.,.F.,(4,1,1,1,1,1,1,1,1,1,4),(2,2),(-0.301050073721487,
-0.282242928931815,-0.26342780065289,-0.244611111021208,-0.225793727457996,
-0.188165603045634,-0.150534584895626,-0.112901949568251,-0.075268275472563,
-0.0376340350994298,0.),(0.,1.),.UNSPECIFIED.);
#53=B_SPLINE_SURFACE_WITH_KNOTS('',3,1,((#4945,#4946),(#4947,#4948),(#4949,
#4950),(#4951,#4952),(#4953,#4954),(#4955,#4956),(#4957,#4958),(#4959,#4960),
(#4961,#4962),(#4963,#4964),(#4965,#4966),(#4967,#4968),(#4969,#4970),(#4971,
#4972),(#4973,#4974),(#4975,#4976),(#4977,#4978),(#4979,#4980),(#4981,#4982),
(#4983,#4984),(#4985,#4986),(#4987,#4988),(#4989,#4990),(#4991,#4992),(#4993,
#4994),(#4995,#4996),(#4997,#4998),(#4999,#5000),(#5001,#5002),(#5003,#5004),
(#5005,#5006),(#5007,#5008),(#5009,#5010)),.UNSPECIFIED.,.F.,.F.,.F.,(4,
1,1,1,1,1,1,1,1,1,1,1,1,1,1,1,1,1,1,1,1,1,1,1,1,1,1,1,1,1,4),(2,2),(-0.493696852681063,
-0.462836413538341,-0.447401635515161,-0.431967950973846,-0.416532746515641,
-0.401099754931416,-0.385666761100396,-0.370232263382929,-0.354802329357468,
-0.339374776888501,-0.323950954697353,-0.308530314761973,-0.293112059512854,
-0.27769959539489,-0.262283928306118,-0.246848426340531,-0.231412924374945,
-0.215997257286173,-0.200584793168209,-0.18516653791909,-0.16974589798371,
-0.154322075792562,-0.138894523323595,-0.123464589298134,-0.108030091580668,
-0.092597097749647,-0.0771641061654223,-0.0617289017072174,-0.0462952171659022,
-0.0308604391427233,0.),(0.,1.),.UNSPECIFIED.);
#54=B_SPLINE_SURFACE_WITH_KNOTS('',3,1,((#5106,#5107),(#5108,#5109),(#5110,
#5111),(#5112,#5113),(#5114,#5115),(#5116,#5117),(#5118,#5119),(#5120,#5121),
(#5122,#5123),(#5124,#5125),(#5126,#5127),(#5128,#5129),(#5130,#5131)),
 .UNSPECIFIED.,.F.,.F.,.F.,(4,1,1,1,1,1,1,1,1,1,4),(2,2),(-0.301050073721487,
-0.263416038622055,-0.225781798248924,-0.188148124153235,-0.150515488825859,
-0.112884470675853,-0.0752563462634899,-0.0564389627002787,-0.0376222730685955,
-0.018807144789673,0.),(0.,1.),.UNSPECIFIED.);
#55=B_SPLINE_SURFACE_WITH_KNOTS('',3,1,((#5226,#5227),(#5228,#5229),(#5230,
#5231),(#5232,#5233),(#5234,#5235),(#5236,#5237),(#5238,#5239),(#5240,#5241),
(#5242,#5243),(#5244,#5245),(#5246,#5247),(#5248,#5249),(#5250,#5251)),
 .UNSPECIFIED.,.F.,.F.,.F.,(4,1,1,1,1,1,1,1,1,1,4),(2,2),(-0.301050073721487,
-0.282242928931815,-0.26342780065289,-0.244611111021208,-0.225793727457996,
-0.188165603045634,-0.150534584895626,-0.112901949568251,-0.075268275472563,
-0.0376340350994298,0.),(0.,1.),.UNSPECIFIED.);
#56=B_SPLINE_SURFACE_WITH_KNOTS('',3,1,((#5315,#5316),(#5317,#5318),(#5319,
#5320),(#5321,#5322),(#5323,#5324),(#5325,#5326),(#5327,#5328),(#5329,#5330),
(#5331,#5332),(#5333,#5334),(#5335,#5336),(#5337,#5338),(#5339,#5340),(#5341,
#5342),(#5343,#5344),(#5345,#5346),(#5347,#5348),(#5349,#5350),(#5351,#5352),
(#5353,#5354),(#5355,#5356),(#5357,#5358),(#5359,#5360),(#5361,#5362),(#5363,
#5364),(#5365,#5366),(#5367,#5368),(#5369,#5370),(#5371,#5372),(#5373,#5374),
(#5375,#5376),(#5377,#5378),(#5379,#5380)),.UNSPECIFIED.,.F.,.F.,.F.,(4,
1,1,1,1,1,1,1,1,1,1,1,1,1,1,1,1,1,1,1,1,1,1,1,1,1,1,1,1,1,4),(2,2),(-0.493696852681063,
-0.462836413538341,-0.447401635515161,-0.431967950973846,-0.416532746515641,
-0.401099754931416,-0.385666761100396,-0.370232263382929,-0.354802329357468,
-0.339374776888501,-0.323950954697353,-0.308530314761973,-0.293112059512854,
-0.27769959539489,-0.262283928306118,-0.246848426340531,-0.231412924374945,
-0.215997257286173,-0.200584793168209,-0.18516653791909,-0.16974589798371,
-0.154322075792562,-0.138894523323595,-0.123464589298134,-0.108030091580668,
-0.092597097749647,-0.0771641061654223,-0.0617289017072174,-0.0462952171659022,
-0.0308604391427233,0.),(0.,1.),.UNSPECIFIED.);
#57=B_SPLINE_SURFACE_WITH_KNOTS('',3,1,((#5474,#5475),(#5476,#5477),(#5478,
#5479),(#5480,#5481),(#5482,#5483),(#5484,#5485),(#5486,#5487),(#5488,#5489),
(#5490,#5491),(#5492,#5493),(#5494,#5495),(#5496,#5497),(#5498,#5499)),
 .UNSPECIFIED.,.F.,.F.,.F.,(4,1,1,1,1,1,1,1,1,1,4),(2,2),(-0.301050073721487,
-0.282242928931815,-0.26342780065289,-0.244611111021208,-0.225793727457996,
-0.188165603045634,-0.150534584895626,-0.112901949568251,-0.075268275472563,
-0.0376340350994298,0.),(0.,1.),.UNSPECIFIED.);
#58=B_SPLINE_SURFACE_WITH_KNOTS('',3,1,((#5531,#5532),(#5533,#5534),(#5535,
#5536),(#5537,#5538),(#5539,#5540),(#5541,#5542),(#5543,#5544),(#5545,#5546),
(#5547,#5548),(#5549,#5550),(#5551,#5552),(#5553,#5554),(#5555,#5556),(#5557,
#5558),(#5559,#5560),(#5561,#5562),(#5563,#5564),(#5565,#5566),(#5567,#5568),
(#5569,#5570),(#5571,#5572),(#5573,#5574),(#5575,#5576),(#5577,#5578),(#5579,
#5580),(#5581,#5582),(#5583,#5584),(#5585,#5586),(#5587,#5588),(#5589,#5590),
(#5591,#5592),(#5593,#5594),(#5595,#5596)),.UNSPECIFIED.,.F.,.F.,.F.,(4,
1,1,1,1,1,1,1,1,1,1,1,1,1,1,1,1,1,1,1,1,1,1,1,1,1,1,1,1,1,4),(2,2),(-0.493696852681063,
-0.462836413538341,-0.447401635515161,-0.431967950973846,-0.416532746515641,
-0.401099754931416,-0.385666761100396,-0.370232263382929,-0.354802329357468,
-0.339374776888501,-0.323950954697353,-0.308530314761973,-0.293112059512854,
-0.27769959539489,-0.262283928306118,-0.246848426340531,-0.231412924374945,
-0.215997257286173,-0.200584793168209,-0.18516653791909,-0.16974589798371,
-0.154322075792562,-0.138894523323595,-0.123464589298134,-0.108030091580668,
-0.092597097749647,-0.0771641061654223,-0.0617289017072174,-0.0462952171659022,
-0.0308604391427233,0.),(0.,1.),.UNSPECIFIED.);
#59=B_SPLINE_SURFACE_WITH_KNOTS('',3,1,((#5692,#5693),(#5694,#5695),(#5696,
#5697),(#5698,#5699),(#5700,#5701),(#5702,#5703),(#5704,#5705),(#5706,#5707),
(#5708,#5709),(#5710,#5711),(#5712,#5713),(#5714,#5715),(#5716,#5717)),
 .UNSPECIFIED.,.F.,.F.,.F.,(4,1,1,1,1,1,1,1,1,1,4),(2,2),(-0.301050073721487,
-0.263416038622055,-0.225781798248924,-0.188148124153235,-0.150515488825859,
-0.112884470675853,-0.0752563462634899,-0.0564389627002787,-0.0376222730685955,
-0.018807144789673,0.),(0.,1.),.UNSPECIFIED.);
#60=B_SPLINE_SURFACE_WITH_KNOTS('',3,1,((#5780,#5781),(#5782,#5783),(#5784,
#5785),(#5786,#5787),(#5788,#5789),(#5790,#5791),(#5792,#5793),(#5794,#5795),
(#5796,#5797),(#5798,#5799),(#5800,#5801),(#5802,#5803),(#5804,#5805)),
 .UNSPECIFIED.,.F.,.F.,.F.,(4,1,1,1,1,1,1,1,1,1,4),(2,2),(-0.301050073721487,
-0.282242928931815,-0.26342780065289,-0.244611111021208,-0.225793727457996,
-0.188165603045634,-0.150534584895626,-0.112901949568251,-0.075268275472563,
-0.0376340350994298,0.),(0.,1.),.UNSPECIFIED.);
#61=B_SPLINE_SURFACE_WITH_KNOTS('',3,1,((#5837,#5838),(#5839,#5840),(#5841,
#5842),(#5843,#5844),(#5845,#5846),(#5847,#5848),(#5849,#5850),(#5851,#5852),
(#5853,#5854),(#5855,#5856),(#5857,#5858),(#5859,#5860),(#5861,#5862)),
 .UNSPECIFIED.,.F.,.F.,.F.,(4,1,1,1,1,1,1,1,1,1,4),(2,2),(-0.301050073721487,
-0.263416038622055,-0.225781798248924,-0.188148124153235,-0.150515488825859,
-0.112884470675853,-0.0752563462634899,-0.0564389627002787,-0.0376222730685955,
-0.018807144789673,0.),(0.,1.),.UNSPECIFIED.);
#62=B_SPLINE_SURFACE_WITH_KNOTS('',3,1,((#5925,#5926),(#5927,#5928),(#5929,
#5930),(#5931,#5932),(#5933,#5934),(#5935,#5936),(#5937,#5938),(#5939,#5940),
(#5941,#5942),(#5943,#5944),(#5945,#5946),(#5947,#5948),(#5949,#5950),(#5951,
#5952),(#5953,#5954),(#5955,#5956),(#5957,#5958),(#5959,#5960),(#5961,#5962),
(#5963,#5964),(#5965,#5966),(#5967,#5968),(#5969,#5970),(#5971,#5972),(#5973,
#5974),(#5975,#5976),(#5977,#5978),(#5979,#5980),(#5981,#5982),(#5983,#5984),
(#5985,#5986),(#5987,#5988),(#5989,#5990)),.UNSPECIFIED.,.F.,.F.,.F.,(4,
1,1,1,1,1,1,1,1,1,1,1,1,1,1,1,1,1,1,1,1,1,1,1,1,1,1,1,1,1,4),(2,2),(-0.493696852681063,
-0.462836413538341,-0.447401635515161,-0.431967950973846,-0.416532746515641,
-0.401099754931416,-0.385666761100396,-0.370232263382929,-0.354802329357468,
-0.339374776888501,-0.323950954697353,-0.308530314761973,-0.293112059512854,
-0.27769959539489,-0.262283928306118,-0.246848426340531,-0.231412924374945,
-0.215997257286173,-0.200584793168209,-0.18516653791909,-0.16974589798371,
-0.154322075792562,-0.138894523323595,-0.123464589298134,-0.108030091580668,
-0.092597097749647,-0.0771641061654223,-0.0617289017072174,-0.0462952171659022,
-0.0308604391427233,0.),(0.,1.),.UNSPECIFIED.);
#63=B_SPLINE_SURFACE_WITH_KNOTS('',3,1,((#6086,#6087),(#6088,#6089),(#6090,
#6091),(#6092,#6093),(#6094,#6095),(#6096,#6097),(#6098,#6099),(#6100,#6101),
(#6102,#6103),(#6104,#6105),(#6106,#6107),(#6108,#6109),(#6110,#6111)),
 .UNSPECIFIED.,.F.,.F.,.F.,(4,1,1,1,1,1,1,1,1,1,4),(2,2),(-0.301050073721487,
-0.263416038622055,-0.225781798248924,-0.188148124153235,-0.150515488825859,
-0.112884470675853,-0.0752563462634899,-0.0564389627002787,-0.0376222730685955,
-0.018807144789673,0.),(0.,1.),.UNSPECIFIED.);
#64=B_SPLINE_SURFACE_WITH_KNOTS('',3,1,((#6206,#6207),(#6208,#6209),(#6210,
#6211),(#6212,#6213),(#6214,#6215),(#6216,#6217),(#6218,#6219),(#6220,#6221),
(#6222,#6223),(#6224,#6225),(#6226,#6227),(#6228,#6229),(#6230,#6231)),
 .UNSPECIFIED.,.F.,.F.,.F.,(4,1,1,1,1,1,1,1,1,1,4),(2,2),(-0.301050073721487,
-0.282242928931815,-0.26342780065289,-0.244611111021208,-0.225793727457996,
-0.188165603045634,-0.150534584895626,-0.112901949568251,-0.075268275472563,
-0.0376340350994298,0.),(0.,1.),.UNSPECIFIED.);
#65=B_SPLINE_SURFACE_WITH_KNOTS('',3,1,((#6295,#6296),(#6297,#6298),(#6299,
#6300),(#6301,#6302),(#6303,#6304),(#6305,#6306),(#6307,#6308),(#6309,#6310),
(#6311,#6312),(#6313,#6314),(#6315,#6316),(#6317,#6318),(#6319,#6320),(#6321,
#6322),(#6323,#6324),(#6325,#6326),(#6327,#6328),(#6329,#6330),(#6331,#6332),
(#6333,#6334),(#6335,#6336),(#6337,#6338),(#6339,#6340),(#6341,#6342),(#6343,
#6344),(#6345,#6346),(#6347,#6348),(#6349,#6350),(#6351,#6352),(#6353,#6354),
(#6355,#6356),(#6357,#6358),(#6359,#6360)),.UNSPECIFIED.,.F.,.F.,.F.,(4,
1,1,1,1,1,1,1,1,1,1,1,1,1,1,1,1,1,1,1,1,1,1,1,1,1,1,1,1,1,4),(2,2),(-0.493696852681063,
-0.462836413538341,-0.447401635515161,-0.431967950973846,-0.416532746515641,
-0.401099754931416,-0.385666761100396,-0.370232263382929,-0.354802329357468,
-0.339374776888501,-0.323950954697353,-0.308530314761973,-0.293112059512854,
-0.27769959539489,-0.262283928306118,-0.246848426340531,-0.231412924374945,
-0.215997257286173,-0.200584793168209,-0.18516653791909,-0.16974589798371,
-0.154322075792562,-0.138894523323595,-0.123464589298134,-0.108030091580668,
-0.092597097749647,-0.0771641061654223,-0.0617289017072174,-0.0462952171659022,
-0.0308604391427233,0.),(0.,1.),.UNSPECIFIED.);
#66=B_SPLINE_SURFACE_WITH_KNOTS('',3,1,((#6456,#6457),(#6458,#6459),(#6460,
#6461),(#6462,#6463),(#6464,#6465),(#6466,#6467),(#6468,#6469),(#6470,#6471),
(#6472,#6473),(#6474,#6475),(#6476,#6477),(#6478,#6479),(#6480,#6481)),
 .UNSPECIFIED.,.F.,.F.,.F.,(4,1,1,1,1,1,1,1,1,1,4),(2,2),(-0.301050073721487,
-0.263416038622055,-0.225781798248924,-0.188148124153235,-0.150515488825859,
-0.112884470675853,-0.0752563462634899,-0.0564389627002787,-0.0376222730685955,
-0.018807144789673,0.),(0.,1.),.UNSPECIFIED.);
#67=B_SPLINE_SURFACE_WITH_KNOTS('',3,1,((#6576,#6577),(#6578,#6579),(#6580,
#6581),(#6582,#6583),(#6584,#6585),(#6586,#6587),(#6588,#6589),(#6590,#6591),
(#6592,#6593),(#6594,#6595),(#6596,#6597),(#6598,#6599),(#6600,#6601)),
 .UNSPECIFIED.,.F.,.F.,.F.,(4,1,1,1,1,1,1,1,1,1,4),(2,2),(-0.301050073721487,
-0.282242928931815,-0.26342780065289,-0.244611111021208,-0.225793727457996,
-0.188165603045634,-0.150534584895626,-0.112901949568251,-0.075268275472563,
-0.0376340350994298,0.),(0.,1.),.UNSPECIFIED.);
#68=B_SPLINE_SURFACE_WITH_KNOTS('',3,1,((#6665,#6666),(#6667,#6668),(#6669,
#6670),(#6671,#6672),(#6673,#6674),(#6675,#6676),(#6677,#6678),(#6679,#6680),
(#6681,#6682),(#6683,#6684),(#6685,#6686),(#6687,#6688),(#6689,#6690),(#6691,
#6692),(#6693,#6694),(#6695,#6696),(#6697,#6698),(#6699,#6700),(#6701,#6702),
(#6703,#6704),(#6705,#6706),(#6707,#6708),(#6709,#6710),(#6711,#6712),(#6713,
#6714),(#6715,#6716),(#6717,#6718),(#6719,#6720),(#6721,#6722),(#6723,#6724),
(#6725,#6726),(#6727,#6728),(#6729,#6730)),.UNSPECIFIED.,.F.,.F.,.F.,(4,
1,1,1,1,1,1,1,1,1,1,1,1,1,1,1,1,1,1,1,1,1,1,1,1,1,1,1,1,1,4),(2,2),(-0.493696852681063,
-0.462836413538341,-0.447401635515161,-0.431967950973846,-0.416532746515641,
-0.401099754931416,-0.385666761100396,-0.370232263382929,-0.354802329357468,
-0.339374776888501,-0.323950954697353,-0.308530314761973,-0.293112059512854,
-0.27769959539489,-0.262283928306118,-0.246848426340531,-0.231412924374945,
-0.215997257286173,-0.200584793168209,-0.18516653791909,-0.16974589798371,
-0.154322075792562,-0.138894523323595,-0.123464589298134,-0.108030091580668,
-0.092597097749647,-0.0771641061654223,-0.0617289017072174,-0.0462952171659022,
-0.0308604391427233,0.),(0.,1.),.UNSPECIFIED.);
#69=B_SPLINE_SURFACE_WITH_KNOTS('',3,1,((#6826,#6827),(#6828,#6829),(#6830,
#6831),(#6832,#6833),(#6834,#6835),(#6836,#6837),(#6838,#6839),(#6840,#6841),
(#6842,#6843),(#6844,#6845),(#6846,#6847),(#6848,#6849),(#6850,#6851)),
 .UNSPECIFIED.,.F.,.F.,.F.,(4,1,1,1,1,1,1,1,1,1,4),(2,2),(-0.301050073721487,
-0.263416038622055,-0.225781798248924,-0.188148124153235,-0.150515488825859,
-0.112884470675853,-0.0752563462634899,-0.0564389627002787,-0.0376222730685955,
-0.018807144789673,0.),(0.,1.),.UNSPECIFIED.);
#70=B_SPLINE_SURFACE_WITH_KNOTS('',3,1,((#6946,#6947),(#6948,#6949),(#6950,
#6951),(#6952,#6953),(#6954,#6955),(#6956,#6957),(#6958,#6959),(#6960,#6961),
(#6962,#6963),(#6964,#6965),(#6966,#6967),(#6968,#6969),(#6970,#6971)),
 .UNSPECIFIED.,.F.,.F.,.F.,(4,1,1,1,1,1,1,1,1,1,4),(2,2),(-0.301050073721487,
-0.282242928931815,-0.26342780065289,-0.244611111021208,-0.225793727457996,
-0.188165603045634,-0.150534584895626,-0.112901949568251,-0.075268275472563,
-0.0376340350994298,0.),(0.,1.),.UNSPECIFIED.);
#71=B_SPLINE_SURFACE_WITH_KNOTS('',3,1,((#7035,#7036),(#7037,#7038),(#7039,
#7040),(#7041,#7042),(#7043,#7044),(#7045,#7046),(#7047,#7048),(#7049,#7050),
(#7051,#7052),(#7053,#7054),(#7055,#7056),(#7057,#7058),(#7059,#7060),(#7061,
#7062),(#7063,#7064),(#7065,#7066),(#7067,#7068),(#7069,#7070),(#7071,#7072),
(#7073,#7074),(#7075,#7076),(#7077,#7078),(#7079,#7080),(#7081,#7082),(#7083,
#7084),(#7085,#7086),(#7087,#7088),(#7089,#7090),(#7091,#7092),(#7093,#7094),
(#7095,#7096),(#7097,#7098),(#7099,#7100)),.UNSPECIFIED.,.F.,.F.,.F.,(4,
1,1,1,1,1,1,1,1,1,1,1,1,1,1,1,1,1,1,1,1,1,1,1,1,1,1,1,1,1,4),(2,2),(-0.493696852681063,
-0.462836413538341,-0.447401635515161,-0.431967950973846,-0.416532746515641,
-0.401099754931416,-0.385666761100396,-0.370232263382929,-0.354802329357468,
-0.339374776888501,-0.323950954697353,-0.308530314761973,-0.293112059512854,
-0.27769959539489,-0.262283928306118,-0.246848426340531,-0.231412924374945,
-0.215997257286173,-0.200584793168209,-0.18516653791909,-0.16974589798371,
-0.154322075792562,-0.138894523323595,-0.123464589298134,-0.108030091580668,
-0.092597097749647,-0.0771641061654223,-0.0617289017072174,-0.0462952171659022,
-0.0308604391427233,0.),(0.,1.),.UNSPECIFIED.);
#72=B_SPLINE_SURFACE_WITH_KNOTS('',3,1,((#7196,#7197),(#7198,#7199),(#7200,
#7201),(#7202,#7203),(#7204,#7205),(#7206,#7207),(#7208,#7209),(#7210,#7211),
(#7212,#7213),(#7214,#7215),(#7216,#7217),(#7218,#7219),(#7220,#7221)),
 .UNSPECIFIED.,.F.,.F.,.F.,(4,1,1,1,1,1,1,1,1,1,4),(2,2),(-0.301050073721487,
-0.263416038622055,-0.225781798248924,-0.188148124153235,-0.150515488825859,
-0.112884470675853,-0.0752563462634899,-0.0564389627002787,-0.0376222730685955,
-0.018807144789673,0.),(0.,1.),.UNSPECIFIED.);
#73=B_SPLINE_SURFACE_WITH_KNOTS('',3,1,((#7316,#7317),(#7318,#7319),(#7320,
#7321),(#7322,#7323),(#7324,#7325),(#7326,#7327),(#7328,#7329),(#7330,#7331),
(#7332,#7333),(#7334,#7335),(#7336,#7337),(#7338,#7339),(#7340,#7341)),
 .UNSPECIFIED.,.F.,.F.,.F.,(4,1,1,1,1,1,1,1,1,1,4),(2,2),(-0.301050073721487,
-0.282242928931815,-0.26342780065289,-0.244611111021208,-0.225793727457996,
-0.188165603045634,-0.150534584895626,-0.112901949568251,-0.075268275472563,
-0.0376340350994298,0.),(0.,1.),.UNSPECIFIED.);
#74=B_SPLINE_SURFACE_WITH_KNOTS('',3,1,((#7373,#7374),(#7375,#7376),(#7377,
#7378),(#7379,#7380),(#7381,#7382),(#7383,#7384),(#7385,#7386),(#7387,#7388),
(#7389,#7390),(#7391,#7392),(#7393,#7394),(#7395,#7396),(#7397,#7398),(#7399,
#7400),(#7401,#7402),(#7403,#7404),(#7405,#7406),(#7407,#7408),(#7409,#7410),
(#7411,#7412),(#7413,#7414),(#7415,#7416),(#7417,#7418),(#7419,#7420),(#7421,
#7422),(#7423,#7424),(#7425,#7426),(#7427,#7428),(#7429,#7430),(#7431,#7432),
(#7433,#7434),(#7435,#7436),(#7437,#7438)),.UNSPECIFIED.,.F.,.F.,.F.,(4,
1,1,1,1,1,1,1,1,1,1,1,1,1,1,1,1,1,1,1,1,1,1,1,1,1,1,1,1,1,4),(2,2),(-0.493696852681063,
-0.462836413538341,-0.447401635515161,-0.431967950973846,-0.416532746515641,
-0.401099754931416,-0.385666761100396,-0.370232263382929,-0.354802329357468,
-0.339374776888501,-0.323950954697353,-0.308530314761973,-0.293112059512854,
-0.27769959539489,-0.262283928306118,-0.246848426340531,-0.231412924374945,
-0.215997257286173,-0.200584793168209,-0.18516653791909,-0.16974589798371,
-0.154322075792562,-0.138894523323595,-0.123464589298134,-0.108030091580668,
-0.092597097749647,-0.0771641061654223,-0.0617289017072174,-0.0462952171659022,
-0.0308604391427233,0.),(0.,1.),.UNSPECIFIED.);
#75=B_SPLINE_SURFACE_WITH_KNOTS('',3,1,((#7532,#7533),(#7534,#7535),(#7536,
#7537),(#7538,#7539),(#7540,#7541),(#7542,#7543),(#7544,#7545),(#7546,#7547),
(#7548,#7549),(#7550,#7551),(#7552,#7553),(#7554,#7555),(#7556,#7557)),
 .UNSPECIFIED.,.F.,.F.,.F.,(4,1,1,1,1,1,1,1,1,1,4),(2,2),(-0.301050073721487,
-0.263416038622055,-0.225781798248924,-0.188148124153235,-0.150515488825859,
-0.112884470675853,-0.0752563462634899,-0.0564389627002787,-0.0376222730685955,
-0.018807144789673,0.),(0.,1.),.UNSPECIFIED.);
#76=B_SPLINE_SURFACE_WITH_KNOTS('',3,1,((#7620,#7621),(#7622,#7623),(#7624,
#7625),(#7626,#7627),(#7628,#7629),(#7630,#7631),(#7632,#7633),(#7634,#7635),
(#7636,#7637),(#7638,#7639),(#7640,#7641),(#7642,#7643),(#7644,#7645),(#7646,
#7647),(#7648,#7649),(#7650,#7651),(#7652,#7653),(#7654,#7655),(#7656,#7657),
(#7658,#7659),(#7660,#7661),(#7662,#7663),(#7664,#7665),(#7666,#7667),(#7668,
#7669),(#7670,#7671),(#7672,#7673),(#7674,#7675),(#7676,#7677),(#7678,#7679),
(#7680,#7681),(#7682,#7683),(#7684,#7685)),.UNSPECIFIED.,.F.,.F.,.F.,(4,
1,1,1,1,1,1,1,1,1,1,1,1,1,1,1,1,1,1,1,1,1,1,1,1,1,1,1,1,1,4),(2,2),(-0.493696852681063,
-0.462836413538341,-0.447401635515161,-0.431967950973846,-0.416532746515641,
-0.401099754931416,-0.385666761100396,-0.370232263382929,-0.354802329357468,
-0.339374776888501,-0.323950954697353,-0.308530314761973,-0.293112059512854,
-0.27769959539489,-0.262283928306118,-0.246848426340531,-0.231412924374945,
-0.215997257286173,-0.200584793168209,-0.18516653791909,-0.16974589798371,
-0.154322075792562,-0.138894523323595,-0.123464589298134,-0.108030091580668,
-0.092597097749647,-0.0771641061654223,-0.0617289017072174,-0.0462952171659022,
-0.0308604391427233,0.),(0.,1.),.UNSPECIFIED.);
#77=B_SPLINE_SURFACE_WITH_KNOTS('',3,1,((#7781,#7782),(#7783,#7784),(#7785,
#7786),(#7787,#7788),(#7789,#7790),(#7791,#7792),(#7793,#7794),(#7795,#7796),
(#7797,#7798),(#7799,#7800),(#7801,#7802),(#7803,#7804),(#7805,#7806)),
 .UNSPECIFIED.,.F.,.F.,.F.,(4,1,1,1,1,1,1,1,1,1,4),(2,2),(-0.301050073721487,
-0.263416038622055,-0.225781798248924,-0.188148124153235,-0.150515488825859,
-0.112884470675853,-0.0752563462634899,-0.0564389627002787,-0.0376222730685955,
-0.018807144789673,0.),(0.,1.),.UNSPECIFIED.);
#78=B_SPLINE_SURFACE_WITH_KNOTS('',3,1,((#7901,#7902),(#7903,#7904),(#7905,
#7906),(#7907,#7908),(#7909,#7910),(#7911,#7912),(#7913,#7914),(#7915,#7916),
(#7917,#7918),(#7919,#7920),(#7921,#7922),(#7923,#7924),(#7925,#7926)),
 .UNSPECIFIED.,.F.,.F.,.F.,(4,1,1,1,1,1,1,1,1,1,4),(2,2),(-0.301050073721487,
-0.282242928931815,-0.26342780065289,-0.244611111021208,-0.225793727457996,
-0.188165603045634,-0.150534584895626,-0.112901949568251,-0.075268275472563,
-0.0376340350994298,0.),(0.,1.),.UNSPECIFIED.);
#79=B_SPLINE_SURFACE_WITH_KNOTS('',3,1,((#8289,#8290),(#8291,#8292),(#8293,
#8294),(#8295,#8296),(#8297,#8298),(#8299,#8300),(#8301,#8302),(#8303,#8304),
(#8305,#8306),(#8307,#8308),(#8309,#8310),(#8311,#8312),(#8313,#8314)),
 .UNSPECIFIED.,.F.,.F.,.F.,(4,1,1,1,1,1,1,1,1,1,4),(2,2),(-0.301050073721487,
-0.282242928931815,-0.26342780065289,-0.244611111021208,-0.225793727457996,
-0.188165603045634,-0.150534584895626,-0.112901949568251,-0.075268275472563,
-0.0376340350994298,0.),(0.,1.),.UNSPECIFIED.);
#80=B_SPLINE_SURFACE_WITH_KNOTS('',3,1,((#8349,#8350),(#8351,#8352),(#8353,
#8354),(#8355,#8356),(#8357,#8358),(#8359,#8360),(#8361,#8362),(#8363,#8364),
(#8365,#8366),(#8367,#8368),(#8369,#8370),(#8371,#8372),(#8373,#8374)),
 .UNSPECIFIED.,.F.,.F.,.F.,(4,1,1,1,1,1,1,1,1,1,4),(2,2),(-0.301050073721487,
-0.263416038622055,-0.225781798248924,-0.188148124153235,-0.150515488825859,
-0.112884470675853,-0.0752563462634899,-0.0564389627002787,-0.0376222730685955,
-0.018807144789673,0.),(0.,1.),.UNSPECIFIED.);
#81=B_SPLINE_SURFACE_WITH_KNOTS('',3,1,((#8376,#8377),(#8378,#8379),(#8380,
#8381),(#8382,#8383),(#8384,#8385),(#8386,#8387),(#8388,#8389),(#8390,#8391),
(#8392,#8393),(#8394,#8395),(#8396,#8397),(#8398,#8399),(#8400,#8401),(#8402,
#8403),(#8404,#8405),(#8406,#8407),(#8408,#8409),(#8410,#8411),(#8412,#8413),
(#8414,#8415),(#8416,#8417),(#8418,#8419),(#8420,#8421),(#8422,#8423),(#8424,
#8425),(#8426,#8427),(#8428,#8429),(#8430,#8431),(#8432,#8433),(#8434,#8435),
(#8436,#8437),(#8438,#8439),(#8440,#8441)),.UNSPECIFIED.,.F.,.F.,.F.,(4,
1,1,1,1,1,1,1,1,1,1,1,1,1,1,1,1,1,1,1,1,1,1,1,1,1,1,1,1,1,4),(2,2),(-0.493696852681063,
-0.462836413538341,-0.447401635515161,-0.431967950973846,-0.416532746515641,
-0.401099754931416,-0.385666761100396,-0.370232263382929,-0.354802329357468,
-0.339374776888501,-0.323950954697353,-0.308530314761973,-0.293112059512854,
-0.27769959539489,-0.262283928306118,-0.246848426340531,-0.231412924374945,
-0.215997257286173,-0.200584793168209,-0.18516653791909,-0.16974589798371,
-0.154322075792562,-0.138894523323595,-0.123464589298134,-0.108030091580668,
-0.092597097749647,-0.0771641061654223,-0.0617289017072174,-0.0462952171659022,
-0.0308604391427233,0.),(0.,1.),.UNSPECIFIED.);
#82=B_SPLINE_CURVE_WITH_KNOTS('',3,(#2653,#2654,#2655,#2656,#2657,#2658,
#2659,#2660,#2661,#2662,#2663),.UNSPECIFIED.,.F.,.F.,(4,2,3,2,4),(-0.233223038775897,
-0.126631348633599,0.,0.126631348633598,0.233223038678764),
 .UNSPECIFIED.);
#83=B_SPLINE_CURVE_WITH_KNOTS('',3,(#2665,#2666,#2667,#2668,#2669,#2670),
 .UNSPECIFIED.,.F.,.F.,(4,2,4),(0.712490727191277,0.767174703886619,0.778778560032307),
 .UNSPECIFIED.);
#84=B_SPLINE_CURVE_WITH_KNOTS('',3,(#2671,#2672,#2673,#2674,#2675,#2676,
#2677,#2678,#2679,#2680,#2681,#2682,#2683,#2684,#2685,#2686,#2687,#2688,
#2689,#2690,#2691,#2692,#2693,#2694,#2695,#2696),.UNSPECIFIED.,.F.,.F.,
(4,2,2,2,2,2,2,2,2,2,2,2,4),(0.154187497648404,0.165791353794092,0.220475330489434,
0.284049027683955,0.347622724878476,0.407052876859416,0.436767952849885,
0.466483028840355,0.496198104830825,0.525913180821295,0.585343332802235,
0.648917029996756,0.712490727191277),.UNSPECIFIED.);
#85=B_SPLINE_CURVE_WITH_KNOTS('',3,(#2698,#2699,#2700,#2701,#2702,#2703,
#2704,#2705,#2706,#2707,#2708,#2709,#2710,#2711,#2712,#2713,#2714,#2715),
 .UNSPECIFIED.,.F.,.F.,(4,2,2,2,2,2,2,2,4),(0.72197372255189,0.722584378138965,
0.774395162897235,0.826205947655504,0.874436640642437,0.922667333629369,
1.01912871960323,1.13833847179798,1.25754822399272),.UNSPECIFIED.);
#86=B_SPLINE_CURVE_WITH_KNOTS('',3,(#2719,#2720,#2721,#2722,#2723,#2724),
 .UNSPECIFIED.,.F.,.F.,(4,2,4),(-0.121860142458097,-0.0501617024118075,
0.),.UNSPECIFIED.);
#87=B_SPLINE_CURVE_WITH_KNOTS('',3,(#2726,#2727,#2728,#2729,#2730,#2731,
#2732,#2733,#2734,#2735),.UNSPECIFIED.,.F.,.F.,(4,2,2,2,4),(-0.0999811053640845,
-0.0885242607343265,-0.078731945303615,-0.0569426704105628,0.),
 .UNSPECIFIED.);
#88=B_SPLINE_CURVE_WITH_KNOTS('',3,(#2739,#2740,#2741,#2742,#2743,#2744,
#2745,#2746,#2747,#2748,#2749,#2750,#2751,#2752,#2753,#2754,#2755,#2756,
#2757,#2758,#2759,#2760,#2761,#2762,#2763,#2764),.UNSPECIFIED.,.F.,.F.,
(4,2,2,2,2,2,2,2,2,2,2,2,4),(0.220475330489434,0.284049027683955,0.347622724878476,
0.407052876859416,0.436767952849885,0.466483028840355,0.496198104830825,
0.525913180821295,0.585343332802235,0.648917029996756,0.712490727191277,
0.767174703886619,0.778778560032307),.UNSPECIFIED.);
#89=B_SPLINE_CURVE_WITH_KNOTS('',3,(#2766,#2767,#2768,#2769,#2770,#2771),
 .UNSPECIFIED.,.F.,.F.,(4,2,4),(0.154187497648404,0.165791353794092,0.220475330489434),
 .UNSPECIFIED.);
#90=B_SPLINE_CURVE_WITH_KNOTS('',3,(#2775,#2776,#2777,#2778,#2779,#2780,
#2781,#2782,#2783,#2784),.UNSPECIFIED.,.F.,.F.,(4,2,2,2,4),(1.23219635997225,
1.33878805001741,1.46541939865101,1.59205074728461,1.69864243732977),
 .UNSPECIFIED.);
#91=B_SPLINE_CURVE_WITH_KNOTS('',3,(#2788,#2789,#2790,#2791,#2792,#2793,
#2794,#2795,#2796,#2797,#2798,#2799,#2800,#2801,#2802,#2803,#2804,#2805,
#2806,#2807,#2808,#2809,#2810,#2811,#2812,#2813),.UNSPECIFIED.,.F.,.F.,
(4,2,2,2,2,2,2,2,2,2,2,2,4),(0.220475330489434,0.284049027683955,0.347622724878476,
0.407052876859416,0.436767952849885,0.466483028840355,0.496198104830825,
0.525913180821295,0.585343332802235,0.648917029996755,0.712490727191276,
0.767174703886619,0.778778560032306),.UNSPECIFIED.);
#92=B_SPLINE_CURVE_WITH_KNOTS('',3,(#2815,#2816,#2817,#2818,#2819,#2820),
 .UNSPECIFIED.,.F.,.F.,(4,2,4),(0.154187497648404,0.165791353794092,0.220475330489434),
 .UNSPECIFIED.);
#93=B_SPLINE_CURVE_WITH_KNOTS('',3,(#2824,#2825,#2826,#2827,#2828,#2829,
#2830,#2831,#2832,#2833),.UNSPECIFIED.,.F.,.F.,(4,2,2,2,4),(-0.2845969852874,
-0.155635321878737,-0.0966740129084764,-0.0389755440431418,0.),
 .UNSPECIFIED.);
#94=B_SPLINE_CURVE_WITH_KNOTS('',3,(#2835,#2836,#2837,#2838,#2839,#2840),
 .UNSPECIFIED.,.F.,.F.,(4,2,4),(-0.0717474799262374,-0.0437102903938907,
0.),.UNSPECIFIED.);
#95=B_SPLINE_CURVE_WITH_KNOTS('',3,(#2843,#2844,#2845,#2846,#2847,#2848,
#2849,#2850,#2851,#2852,#2853,#2854,#2855,#2856,#2857,#2858,#2859,#2860),
 .UNSPECIFIED.,.F.,.F.,(4,2,2,2,2,2,2,2,4),(0.39443482830149,0.513644580496233,
0.632854332690977,0.729315718664842,0.777546411651775,0.825777104638707,
0.877587889396977,0.929398674155247,0.930009329742321),.UNSPECIFIED.);
#96=B_SPLINE_CURVE_WITH_KNOTS('',3,(#2862,#2863,#2864,#2865,#2866,#2867),
 .UNSPECIFIED.,.F.,.F.,(4,2,4),(0.712490727191276,0.767174703886619,0.778778560032306),
 .UNSPECIFIED.);
#97=B_SPLINE_CURVE_WITH_KNOTS('',3,(#2868,#2869,#2870,#2871,#2872,#2873,
#2874,#2875,#2876,#2877,#2878,#2879,#2880,#2881,#2882,#2883,#2884,#2885,
#2886,#2887,#2888,#2889,#2890,#2891,#2892,#2893),.UNSPECIFIED.,.F.,.F.,
(4,2,2,2,2,2,2,2,2,2,2,2,4),(0.154187497648405,0.165791353794092,0.220475330489434,
0.284049027683955,0.347622724878476,0.407052876859416,0.436767952849885,
0.466483028840355,0.496198104830825,0.525913180821295,0.585343332802235,
0.648917029996755,0.712490727191276),.UNSPECIFIED.);
#98=B_SPLINE_CURVE_WITH_KNOTS('',3,(#2899,#2900,#2901,#2902,#2903,#2904,
#2905,#2906,#2907,#2908,#2909,#2910,#2911,#2912),.UNSPECIFIED.,.F.,.F.,
(4,2,2,2,2,2,4),(-0.868105751386318,-0.520541751397772,-0.383897270407789,
-0.318445737660003,-0.256076478608554,-0.122674135964811,-0.0703504782291025),
 .UNSPECIFIED.);
#99=B_SPLINE_CURVE_WITH_KNOTS('',3,(#2914,#2915,#2916,#2917,#2918,#2919,
#2920,#2921,#2922,#2923,#2924,#2925,#2926,#2927,#2928,#2929,#2930,#2931,
#2932,#2933,#2934,#2935,#2936,#2937,#2938,#2939,#2940,#2941,#2942,#2943,
#2944),.UNSPECIFIED.,.F.,.F.,(4,3,3,3,3,3,3,3,3,3,4),(-0.0722925368139356,
-0.0632553031263615,-0.0542180201454703,-0.0451808731473828,-0.0361439755935008,
-0.0271074663798473,-0.0180716520527045,-0.0135529473164154,-0.00903440921709154,
-0.00451624605257618,0.),.UNSPECIFIED.);
#100=B_SPLINE_CURVE_WITH_KNOTS('',3,(#2948,#2949,#2950,#2951,#2952,#2953,
#2954,#2955,#2956,#2957,#2958,#2959,#2960,#2961,#2962,#2963,#2964,#2965,
#2966,#2967,#2968,#2969,#2970,#2971,#2972,#2973,#2974,#2975,#2976,#2977,
#2978),.UNSPECIFIED.,.F.,.F.,(4,3,3,3,3,3,3,3,3,3,4),(-0.172328800945846,
-0.161563107814618,-0.15079284472892,-0.140021687884767,-0.129250133816369,
-0.107710828139856,-0.0861698660135314,-0.0646279781733087,-0.0430854957154018,
-0.0215426891057299,0.),.UNSPECIFIED.);
#101=B_SPLINE_CURVE_WITH_KNOTS('',3,(#2980,#2981,#2982,#2983,#2984,#2985,
#2986,#2987,#2988,#2989,#2990,#2991,#2992,#2993,#2994,#2995,#2996,#2997,
#2998,#2999,#3000,#3001,#3002,#3003,#3004,#3005,#3006,#3007,#3008,#3009,
#3010,#3011,#3012,#3013,#3014,#3015,#3016,#3017,#3018,#3019,#3020,#3021,
#3022,#3023,#3024,#3025,#3026,#3027,#3028,#3029,#3030,#3031,#3032,#3033,
#3034,#3035,#3036,#3037,#3038,#3039,#3040,#3041,#3042,#3043,#3044,#3045,
#3046,#3047,#3048,#3049,#3050,#3051,#3052,#3053,#3054,#3055,#3056,#3057,
#3058,#3059,#3060,#3061,#3062,#3063,#3064,#3065,#3066,#3067,#3068,#3069,
#3070),.UNSPECIFIED.,.F.,.F.,(4,3,3,3,3,3,3,3,3,3,3,3,3,3,3,3,3,3,3,3,3,
3,3,3,3,3,3,3,3,3,4),(-0.412823827890032,-0.387018671247689,-0.37411228119971,
-0.361206805509126,-0.348300058880912,-0.335395162633355,-0.322490264507052,
-0.309584108847599,-0.29668176929674,-0.283781421176984,-0.270884192274133,
-0.257989624338231,-0.245097050450507,-0.232209319042371,-0.219318909345601,
-0.206411913945016,-0.193504918544431,-0.180614508847661,-0.167726777439525,
-0.154834203551802,-0.141939635615899,-0.129042406713047,-0.116142058593292,
-0.103239719042433,-0.0903335633829786,-0.0774286652566761,-0.06452376900912,
-0.0516170223809052,-0.0387115466903219,-0.0258051566423414,0.),
 .UNSPECIFIED.);
#102=B_SPLINE_CURVE_WITH_KNOTS('',3,(#3072,#3073,#3074,#3075,#3076,#3077,
#3078,#3079,#3080,#3081,#3082,#3083,#3084,#3085,#3086,#3087,#3088,#3089,
#3090,#3091,#3092,#3093,#3094,#3095,#3096,#3097,#3098,#3099,#3100,#3101,
#3102),.UNSPECIFIED.,.F.,.F.,(4,3,3,3,3,3,3,3,3,3,4),(-0.0722925368139336,
-0.0632553031263599,-0.0542180201454689,-0.0451808731473816,-0.0361439755934998,
-0.0271074663798465,-0.018071652052704,-0.013552947316415,-0.0090344092170913,
-0.00451624605257606,0.),.UNSPECIFIED.);
#103=B_SPLINE_CURVE_WITH_KNOTS('',3,(#3106,#3107,#3108,#3109,#3110,#3111,
#3112,#3113,#3114,#3115,#3116,#3117,#3118,#3119,#3120,#3121,#3122,#3123,
#3124,#3125,#3126,#3127,#3128,#3129,#3130,#3131,#3132,#3133,#3134,#3135,
#3136),.UNSPECIFIED.,.F.,.F.,(4,3,3,3,3,3,3,3,3,3,4),(-0.172328800945657,
-0.16156310781444,-0.150792844728755,-0.140021687884613,-0.129250133816227,
-0.107710828139738,-0.0861698660134367,-0.0646279781732377,-0.0430854957153545,
-0.0215426891057062,0.),.UNSPECIFIED.);
#104=B_SPLINE_CURVE_WITH_KNOTS('',3,(#3138,#3139,#3140,#3141,#3142,#3143,
#3144,#3145,#3146,#3147,#3148,#3149,#3150,#3151),.UNSPECIFIED.,.F.,.F.,
(4,2,2,2,2,2,4),(-0.232838274643704,-0.173142408155183,-0.11929703960941,
-0.0961516334437758,-0.0783131719047578,-0.0518171265135205,0.),
 .UNSPECIFIED.);
#105=B_SPLINE_CURVE_WITH_KNOTS('',3,(#3158,#3159,#3160,#3161,#3162,#3163,
#3164,#3165,#3166,#3167),.UNSPECIFIED.,.F.,.F.,(4,2,2,2,4),(1.23219635997225,
1.33878805001741,1.46541939865101,1.59205074728461,1.69864243732978),
 .UNSPECIFIED.);
#106=B_SPLINE_CURVE_WITH_KNOTS('',3,(#3169,#3170,#3171,#3172,#3173,#3174,
#3175,#3176,#3177,#3178,#3179,#3180,#3181,#3182,#3183,#3184,#3185,#3186,
#3187,#3188,#3189,#3190,#3191,#3192,#3193,#3194,#3195),.UNSPECIFIED.,.F.,
 .F.,(4,2,2,2,2,3,2,2,2,2,2,2,4),(-0.246007698350922,-0.182434001156401,
-0.11886030396188,-0.0594301519809398,-0.02971507599047,0.,0.0297150759904699,
0.0594301519809398,0.11886030396188,0.182434001156401,0.246007698350922,
0.300691675046264,0.312295531191951),.UNSPECIFIED.);
#107=B_SPLINE_CURVE_WITH_KNOTS('',3,(#3196,#3197,#3198,#3199,#3200,#3201),
 .UNSPECIFIED.,.F.,.F.,(4,2,4),(-0.312295531191952,-0.300691675046264,-0.246007698350922),
 .UNSPECIFIED.);
#108=B_SPLINE_CURVE_WITH_KNOTS('',3,(#3203,#3204,#3205,#3206,#3207,#3208,
#3209,#3210,#3211,#3212,#3213,#3214,#3215,#3216,#3217,#3218,#3219,#3220,
#3221),.UNSPECIFIED.,.F.,.F.,(4,2,2,3,2,2,2,2,4),(-0.103535309088268,-0.0964613859738654,
-0.0482306929869327,0.,0.0518107847582696,0.103621569516539,0.207243139033078,
0.319507129193546,0.431771119354014),.UNSPECIFIED.);
#109=B_SPLINE_CURVE_WITH_KNOTS('',3,(#3225,#3226,#3227,#3228,#3229,#3230),
 .UNSPECIFIED.,.F.,.F.,(4,2,4),(-0.121860142458127,-0.0501617024118076,
0.),.UNSPECIFIED.);
#110=B_SPLINE_CURVE_WITH_KNOTS('',3,(#3232,#3233,#3234,#3235,#3236,#3237,
#3238,#3239,#3240,#3241),.UNSPECIFIED.,.F.,.F.,(4,2,2,2,4),(-0.0999811053640055,
-0.0885242607342719,-0.0787319453035734,-0.0569426704105339,0.),
 .UNSPECIFIED.);
#111=B_SPLINE_CURVE_WITH_KNOTS('',3,(#3245,#3246,#3247,#3248,#3249,#3250),
 .UNSPECIFIED.,.F.,.F.,(4,2,4),(0.246007698350922,0.300691675046264,0.312295531191952),
 .UNSPECIFIED.);
#112=B_SPLINE_CURVE_WITH_KNOTS('',3,(#3252,#3253,#3254,#3255,#3256,#3257,
#3258,#3259,#3260,#3261,#3262,#3263,#3264,#3265,#3266,#3267,#3268,#3269,
#3270,#3271,#3272,#3273,#3274,#3275,#3276,#3277,#3278),.UNSPECIFIED.,.F.,
 .F.,(4,2,2,2,2,2,2,3,2,2,2,2,4),(-0.312295531191952,-0.300691675046264,
-0.246007698350922,-0.182434001156401,-0.11886030396188,-0.0594301519809398,
-0.02971507599047,0.,0.0297150759904699,0.0594301519809398,0.11886030396188,
0.182434001156401,0.246007698350922),.UNSPECIFIED.);
#113=B_SPLINE_CURVE_WITH_KNOTS('',3,(#3281,#3282,#3283,#3284,#3285,#3286,
#3287,#3288,#3289,#3290,#3291),.UNSPECIFIED.,.F.,.F.,(4,2,3,2,4),(-0.233223038775898,
-0.126631348633599,0.,0.126631348633598,0.233223038678765),
 .UNSPECIFIED.);
#114=B_SPLINE_CURVE_WITH_KNOTS('',3,(#3293,#3294,#3295,#3296,#3297,#3298),
 .UNSPECIFIED.,.F.,.F.,(4,2,4),(0.246007698350921,0.300691675046264,0.312295531191951),
 .UNSPECIFIED.);
#115=B_SPLINE_CURVE_WITH_KNOTS('',3,(#3299,#3300,#3301,#3302,#3303,#3304,
#3305,#3306,#3307,#3308,#3309,#3310,#3311,#3312,#3313,#3314,#3315,#3316,
#3317,#3318,#3319,#3320,#3321,#3322,#3323,#3324,#3325),.UNSPECIFIED.,.F.,
 .F.,(4,2,2,2,2,2,2,3,2,2,2,2,4),(-0.312295531191951,-0.300691675046264,
-0.246007698350921,-0.1824340011564,-0.118860303961879,-0.0594301519809397,
-0.0297150759904699,0.,0.0297150759904699,0.0594301519809398,0.11886030396188,
0.1824340011564,0.246007698350921),.UNSPECIFIED.);
#116=B_SPLINE_CURVE_WITH_KNOTS('',3,(#3327,#3328,#3329,#3330,#3331,#3332,
#3333,#3334,#3335,#3336),.UNSPECIFIED.,.F.,.F.,(4,2,2,2,4),(-0.284596985288834,
-0.15563532187932,-0.096674012908646,-0.0389755440431691,0.),
 .UNSPECIFIED.);
#117=B_SPLINE_CURVE_WITH_KNOTS('',3,(#3338,#3339,#3340,#3341,#3342,#3343),
 .UNSPECIFIED.,.F.,.F.,(4,2,4),(-0.0717474799263597,-0.0437102903939545,
0.),.UNSPECIFIED.);
#118=B_SPLINE_CURVE_WITH_KNOTS('',3,(#3346,#3347,#3348,#3349,#3350,#3351,
#3352,#3353,#3354,#3355,#3356,#3357,#3358,#3359,#3360,#3361,#3362,#3363,
#3364),.UNSPECIFIED.,.F.,.F.,(4,2,2,2,2,3,2,2,4),(-0.431771119354014,-0.319507129193546,
-0.207243139033078,-0.103621569516539,-0.0518107847582696,0.,0.0482306929869327,
0.0964613859738654,0.103535309088268),.UNSPECIFIED.);
#119=B_SPLINE_CURVE_WITH_KNOTS('',3,(#3366,#3367,#3368,#3369,#3370,#3371,
#3372,#3373,#3374,#3375,#3376,#3377,#3378,#3379,#3380,#3381,#3382,#3383,
#3384,#3385,#3386,#3387,#3388,#3389,#3390,#3391,#3392),.UNSPECIFIED.,.F.,
 .F.,(4,2,2,2,2,3,2,2,2,2,2,2,4),(-0.246007698350921,-0.182434001156401,
-0.11886030396188,-0.0594301519809398,-0.0297150759904699,0.,0.0297150759904699,
0.0594301519809397,0.118860303961879,0.1824340011564,0.246007698350921,
0.300691675046264,0.312295531191951),.UNSPECIFIED.);
#120=B_SPLINE_CURVE_WITH_KNOTS('',3,(#3393,#3394,#3395,#3396,#3397,#3398),
 .UNSPECIFIED.,.F.,.F.,(4,2,4),(-0.312295531191951,-0.300691675046264,-0.246007698350921),
 .UNSPECIFIED.);
#121=B_SPLINE_CURVE_WITH_KNOTS('',3,(#3404,#3405,#3406,#3407,#3408,#3409,
#3410,#3411,#3412,#3413,#3414,#3415,#3416,#3417),.UNSPECIFIED.,.F.,.F.,
(4,2,2,2,2,2,4),(-0.868105751387429,-0.520541751395463,-0.38389727040546,
-0.318445737657842,-0.256076478606649,-0.122674135963649,-0.0703504782286874),
 .UNSPECIFIED.);
#122=B_SPLINE_CURVE_WITH_KNOTS('',3,(#3419,#3420,#3421,#3422,#3423,#3424,
#3425,#3426,#3427,#3428,#3429,#3430,#3431,#3432,#3433,#3434,#3435,#3436,
#3437,#3438,#3439,#3440,#3441,#3442,#3443,#3444,#3445,#3446,#3447,#3448,
#3449),.UNSPECIFIED.,.F.,.F.,(4,3,3,3,3,3,3,3,3,3,4),(-0.0722925368138974,
-0.0632553031263282,-0.0542180201454417,-0.0451808731473589,-0.0361439755934817,
-0.0271074663798329,-0.018071652052695,-0.0135529473164083,-0.00903440921708677,
-0.0045162460525738,0.),.UNSPECIFIED.);
#123=B_SPLINE_CURVE_WITH_KNOTS('',3,(#3453,#3454,#3455,#3456,#3457,#3458,
#3459,#3460,#3461,#3462,#3463,#3464,#3465,#3466,#3467,#3468,#3469,#3470,
#3471,#3472,#3473,#3474,#3475,#3476,#3477,#3478,#3479,#3480,#3481,#3482,
#3483),.UNSPECIFIED.,.F.,.F.,(4,3,3,3,3,3,3,3,3,3,4),(-0.172328800945759,
-0.161563107814536,-0.150792844728844,-0.140021687884696,-0.129250133816303,
-0.107710828139802,-0.0861698660134877,-0.0646279781732759,-0.04308549571538,
-0.021542689105719,0.),.UNSPECIFIED.);
#124=B_SPLINE_CURVE_WITH_KNOTS('',3,(#3485,#3486,#3487,#3488,#3489,#3490,
#3491,#3492,#3493,#3494,#3495,#3496,#3497,#3498,#3499,#3500,#3501,#3502,
#3503,#3504,#3505,#3506,#3507,#3508,#3509,#3510,#3511,#3512,#3513,#3514,
#3515,#3516,#3517,#3518,#3519,#3520,#3521,#3522,#3523,#3524,#3525,#3526,
#3527,#3528,#3529,#3530,#3531,#3532,#3533,#3534,#3535,#3536,#3537,#3538,
#3539,#3540,#3541,#3542,#3543,#3544,#3545,#3546,#3547,#3548,#3549,#3550,
#3551,#3552,#3553,#3554,#3555,#3556,#3557,#3558,#3559,#3560,#3561,#3562,
#3563,#3564,#3565,#3566,#3567,#3568,#3569,#3570,#3571,#3572,#3573,#3574,
#3575),.UNSPECIFIED.,.F.,.F.,(4,3,3,3,3,3,3,3,3,3,3,3,3,3,3,3,3,3,3,3,3,
3,3,3,3,3,3,3,3,3,4),(-0.412823827886033,-0.38701867124394,-0.374112281196086,
-0.361206805505627,-0.348300058877538,-0.335395162630106,-0.322490264503928,
-0.3095841088446,-0.296681769293866,-0.283781421174235,-0.270884192271509,
-0.257989624335731,-0.245097050448133,-0.232209319040122,-0.219318909343476,
-0.206411913943016,-0.193504918542557,-0.180614508845911,-0.1677267774379,
-0.154834203550302,-0.141939635614524,-0.129042406711797,-0.116142058592166,
-0.103239719041433,-0.0903335633821035,-0.077428665255926,-0.0645237690084949,
-0.0516170223804052,-0.0387115466899469,-0.0258051566420914,0.),
 .UNSPECIFIED.);
#125=B_SPLINE_CURVE_WITH_KNOTS('',3,(#3577,#3578,#3579,#3580,#3581,#3582,
#3583,#3584,#3585,#3586,#3587,#3588,#3589,#3590,#3591,#3592,#3593,#3594,
#3595,#3596,#3597,#3598,#3599,#3600,#3601,#3602,#3603,#3604,#3605,#3606,
#3607),.UNSPECIFIED.,.F.,.F.,(4,3,3,3,3,3,3,3,3,3,4),(-0.0722925368139181,
-0.0632553031263463,-0.0542180201454573,-0.0451808731473719,-0.0361439755934921,
-0.0271074663798407,-0.0180716520527002,-0.0135529473164121,-0.00903440921708936,
-0.00451624605257509,0.),.UNSPECIFIED.);
#126=B_SPLINE_CURVE_WITH_KNOTS('',3,(#3611,#3612,#3613,#3614,#3615,#3616,
#3617,#3618,#3619,#3620,#3621,#3622,#3623,#3624,#3625,#3626,#3627,#3628,
#3629,#3630,#3631,#3632,#3633,#3634,#3635,#3636,#3637,#3638,#3639,#3640,
#3641),.UNSPECIFIED.,.F.,.F.,(4,3,3,3,3,3,3,3,3,3,4),(-0.172328800945534,
-0.161563107814325,-0.150792844728647,-0.140021687884513,-0.129250133816134,
-0.107710828139661,-0.086169866013375,-0.0646279781731914,-0.0430854957153236,
-0.0215426891056908,0.),.UNSPECIFIED.);
#127=B_SPLINE_CURVE_WITH_KNOTS('',3,(#3642,#3643,#3644,#3645,#3646,#3647,
#3648,#3649,#3650,#3651,#3652,#3653,#3654,#3655),.UNSPECIFIED.,.F.,.F.,
(4,2,2,2,2,2,4),(-0.232838274648803,-0.173142408155893,-0.119297039609703,
-0.096151633444019,-0.0783131719049601,-0.0518171265136518,0.),
 .UNSPECIFIED.);
#128=B_SPLINE_CURVE_WITH_KNOTS('',3,(#3685,#3686,#3687,#3688,#3689,#3690,
#3691),.UNSPECIFIED.,.F.,.F.,(4,1,1,1,4),(-0.181434745374231,-0.150515488825859,
-0.112884470675853,-0.0752563462634899,-0.070407772868219),
 .UNSPECIFIED.);
#129=B_SPLINE_CURVE_WITH_KNOTS('',3,(#3693,#3694,#3695,#3696,#3697,#3698,
#3699,#3700,#3701,#3702,#3703,#3704,#3705,#3706,#3707,#3708,#3709,#3710,
#3711,#3712,#3713,#3714,#3715,#3716,#3717,#3718,#3719,#3720,#3721,#3722,
#3723),.UNSPECIFIED.,.F.,.F.,(4,3,3,3,3,3,3,3,3,3,4),(0.,0.0248824328763717,
0.0391823716860301,0.0497648657527434,0.065112485977905,0.0760596928468142,
0.0924724333377044,0.109914495576877,0.12638672819789,0.131306493877313,
0.138294017598245),.UNSPECIFIED.);
#130=B_SPLINE_CURVE_WITH_KNOTS('',3,(#3727,#3728,#3729,#3730,#3731,#3732,
#3733,#3734,#3735,#3736,#3737,#3738,#3739,#3740,#3741,#3742,#3743,#3744,
#3745,#3746,#3747,#3748,#3749,#3750,#3751,#3752,#3753,#3754,#3755,#3756,
#3757,#3758,#3759,#3760,#3761,#3762,#3763),.UNSPECIFIED.,.F.,.F.,(4,3,3,
3,3,3,3,3,3,3,3,3,4),(0.0630618148662881,0.0637449484835736,0.0644041468086643,
0.067468496058229,0.0706847920903987,0.0717972786187827,0.0748334799779373,
0.0752484440052565,0.0780963958781082,0.079823256865677,0.0823438117790148,
0.085588177913489,0.089138542717753),.UNSPECIFIED.);
#131=B_SPLINE_CURVE_WITH_KNOTS('',3,(#3765,#3766,#3767,#3768,#3769,#3770,
#3771,#3772,#3773,#3774,#3775,#3776,#3777,#3778,#3779,#3780,#3781,#3782,
#3783,#3784,#3785,#3786),.UNSPECIFIED.,.F.,.F.,(4,3,3,3,3,3,3,4),(0.,0.00477965414905667,
0.00956133722477615,0.0143434171032153,0.019125673337648,0.0286884976249119,
0.0382520573276407,0.0461098876621371),.UNSPECIFIED.);
#132=B_SPLINE_CURVE_WITH_KNOTS('',3,(#3792,#3793,#3794,#3795,#3796,#3797,
#3798,#3799,#3800,#3801,#3802),.UNSPECIFIED.,.F.,.F.,(4,1,1,1,1,1,1,1,4),
(-0.133843421546662,-0.123464589298134,-0.108030091580668,-0.092597097749647,
-0.0771641061654223,-0.0617289017072174,-0.0462952171659022,-0.0308604391427233,
0.),.UNSPECIFIED.);
#133=B_SPLINE_CURVE_WITH_KNOTS('',3,(#3804,#3805,#3806,#3807,#3808,#3809,
#3810,#3811,#3812,#3813),.UNSPECIFIED.,.F.,.F.,(4,1,1,1,1,1,1,4),(-0.301050073721487,
-0.282242928931815,-0.26342780065289,-0.244611111021208,-0.225793727457996,
-0.188165603045634,-0.150534584895626,-0.119615328347257),.UNSPECIFIED.);
#134=B_SPLINE_CURVE_WITH_KNOTS('',3,(#3817,#3818,#3819,#3820,#3821,#3822,
#3823),.UNSPECIFIED.,.F.,.F.,(4,1,1,1,4),(-0.230642300853269,-0.225793727457996,
-0.188165603045634,-0.150534584895626,-0.119615328347257),.UNSPECIFIED.);
#135=B_SPLINE_CURVE_WITH_KNOTS('',3,(#3827,#3828,#3829,#3830,#3831,#3832,
#3833,#3834,#3835,#3836),.UNSPECIFIED.,.F.,.F.,(4,1,1,1,1,1,1,4),(-0.181434745374231,
-0.150515488825859,-0.112884470675853,-0.0752563462634899,-0.0564389627002787,
-0.0376222730685955,-0.018807144789673,0.),.UNSPECIFIED.);
#136=B_SPLINE_CURVE_WITH_KNOTS('',3,(#3838,#3839,#3840,#3841,#3842,#3843,
#3844,#3845,#3846,#3847,#3848),.UNSPECIFIED.,.F.,.F.,(4,1,1,1,1,1,1,1,4),
(-0.493696852681063,-0.462836413538341,-0.447401635515161,-0.431967950973846,
-0.416532746515641,-0.401099754931416,-0.385666761100396,-0.370232263382929,
-0.359853431134401),.UNSPECIFIED.);
#137=B_SPLINE_CURVE_WITH_KNOTS('',3,(#3879,#3880,#3881,#3882,#3883,#3884,
#3885,#3886,#3887,#3888,#3889,#3890,#3891,#3892,#3893,#3894,#3895,#3896,
#3897,#3898,#3899,#3900),.UNSPECIFIED.,.F.,.F.,(4,3,3,3,3,3,3,4),(0.0728774590254818,
0.0898254892848492,0.11045249347384,0.131077911494252,0.14139244106762,
0.151706590270505,0.162019883636066,0.172328800945003),.UNSPECIFIED.);
#138=B_SPLINE_CURVE_WITH_KNOTS('',3,(#3902,#3903,#3904,#3905,#3906,#3907),
 .UNSPECIFIED.,.F.,.F.,(4,2,4),(0.,0.084469456337317,0.13158983388764),
 .UNSPECIFIED.);
#139=B_SPLINE_CURVE_WITH_KNOTS('',3,(#3910,#3911,#3912,#3913,#3914,#3915,
#3916,#3917,#3918,#3919,#3920,#3921,#3922,#3923,#3924,#3925,#3926,#3927,
#3928,#3929,#3930,#3931,#3932,#3933,#3934,#3935,#3936,#3937,#3938,#3939,
#3940),.UNSPECIFIED.,.F.,.F.,(4,3,3,3,3,3,3,3,3,3,4),(0.,0.00884461898816701,
0.0296438194538749,0.0515991716813595,0.0579998719054902,0.0787711503078898,
0.0981984152072115,0.11205877279371,0.129161461742641,0.151030074656572,
0.175051066700968),.UNSPECIFIED.);
#140=B_SPLINE_CURVE_WITH_KNOTS('',3,(#4009,#4010,#4011,#4012,#4013,#4014,
#4015,#4016,#4017,#4018,#4019,#4020,#4021,#4022,#4023,#4024,#4025,#4026,
#4027,#4028,#4029,#4030,#4031,#4032,#4033,#4034,#4035,#4036,#4037,#4038,
#4039,#4040,#4041,#4042,#4043,#4044,#4045,#4046,#4047,#4048,#4049,#4050,
#4051,#4052,#4053,#4054,#4055,#4056,#4057,#4058,#4059,#4060,#4061,#4062,
#4063,#4064,#4065,#4066,#4067,#4068,#4069,#4070,#4071,#4072,#4073,#4074,
#4075,#4076,#4077,#4078,#4079,#4080,#4081,#4082,#4083,#4084,#4085,#4086,
#4087,#4088,#4089,#4090,#4091,#4092,#4093,#4094,#4095,#4096,#4097,#4098,
#4099),.UNSPECIFIED.,.F.,.F.,(4,3,3,3,3,3,3,3,3,3,3,3,3,3,3,3,3,3,3,3,3,
3,3,3,3,3,3,3,3,3,4),(0.,0.0258051566423537,0.0387115466903387,0.0516170223809275,
0.0645237690091475,0.0774286652567096,0.090333563383018,0.103239719042477,
0.116142058593341,0.129042406713103,0.14193963561596,0.154834203551867,
0.167726777439596,0.180614508847738,0.193504918544514,0.206411913945104,
0.219318909345694,0.232209319042471,0.245097050450612,0.257989624338341,
0.270884192274249,0.283781421177106,0.296681769296867,0.309584108847731,
0.322490264507191,0.335395162633499,0.348300058881061,0.361206805509281,
0.37411228119987,0.387018671247856,0.412823827890208),.UNSPECIFIED.);
#141=B_SPLINE_CURVE_WITH_KNOTS('',3,(#4128,#4129,#4130,#4131,#4132,#4133,
#4134),.UNSPECIFIED.,.F.,.F.,(4,1,1,1,4),(-0.230642300853269,-0.225793727457996,
-0.188165603045634,-0.150534584895626,-0.119615328347257),.UNSPECIFIED.);
#142=B_SPLINE_CURVE_WITH_KNOTS('',3,(#4138,#4139,#4140,#4141,#4142,#4143,
#4144,#4145,#4146,#4147),.UNSPECIFIED.,.F.,.F.,(4,1,1,1,1,1,1,4),(-0.18143474537423,
-0.150515488825859,-0.112884470675853,-0.0752563462634899,-0.0564389627002787,
-0.0376222730685955,-0.018807144789673,0.),.UNSPECIFIED.);
#143=B_SPLINE_CURVE_WITH_KNOTS('',3,(#4148,#4149,#4150,#4151,#4152,#4153,
#4154,#4155,#4156,#4157,#4158),.UNSPECIFIED.,.F.,.F.,(4,1,1,1,1,1,1,1,4),
(-0.493696852681063,-0.462836413538341,-0.447401635515161,-0.431967950973846,
-0.416532746515641,-0.401099754931416,-0.385666761100396,-0.370232263382929,
-0.359853431134402),.UNSPECIFIED.);
#144=B_SPLINE_CURVE_WITH_KNOTS('',3,(#4188,#4189,#4190,#4191,#4192,#4193,
#4194,#4195,#4196,#4197,#4198,#4199,#4200,#4201,#4202,#4203,#4204,#4205,
#4206,#4207,#4208,#4209),.UNSPECIFIED.,.F.,.F.,(4,3,3,3,3,3,3,4),(0.0728774590254172,
0.0898254892847598,0.11045249347372,0.131077911494102,0.141392441067455,
0.151706590270325,0.16201988363587,0.172328800944792),.UNSPECIFIED.);
#145=B_SPLINE_CURVE_WITH_KNOTS('',3,(#4211,#4212,#4213,#4214,#4215,#4216),
 .UNSPECIFIED.,.F.,.F.,(4,2,4),(0.,0.084469456337196,0.13158983388741),
 .UNSPECIFIED.);
#146=B_SPLINE_CURVE_WITH_KNOTS('',3,(#4219,#4220,#4221,#4222,#4223,#4224,
#4225,#4226,#4227,#4228,#4229,#4230,#4231,#4232,#4233,#4234,#4235,#4236,
#4237,#4238,#4239,#4240,#4241,#4242,#4243,#4244,#4245,#4246,#4247,#4248,
#4249),.UNSPECIFIED.,.F.,.F.,(4,3,3,3,3,3,3,3,3,3,4),(0.,0.00884461898816619,
0.0296438194539539,0.0515991716815059,0.0579998719054695,0.0787711503078342,
0.0981984152071054,0.11205877279358,0.129161461742471,0.151030074656325,
0.175051066700716),.UNSPECIFIED.);
#147=B_SPLINE_CURVE_WITH_KNOTS('',3,(#4318,#4319,#4320,#4321,#4322,#4323,
#4324,#4325,#4326,#4327,#4328,#4329,#4330,#4331,#4332,#4333,#4334,#4335,
#4336,#4337,#4338,#4339,#4340,#4341,#4342,#4343,#4344,#4345,#4346,#4347,
#4348,#4349,#4350,#4351,#4352,#4353,#4354,#4355,#4356,#4357,#4358,#4359,
#4360,#4361,#4362,#4363,#4364,#4365,#4366,#4367,#4368,#4369,#4370,#4371,
#4372,#4373,#4374,#4375,#4376,#4377,#4378,#4379,#4380,#4381,#4382,#4383,
#4384,#4385,#4386,#4387,#4388,#4389,#4390,#4391,#4392,#4393,#4394,#4395,
#4396,#4397,#4398,#4399,#4400,#4401,#4402,#4403,#4404,#4405,#4406,#4407,
#4408),.UNSPECIFIED.,.F.,.F.,(4,3,3,3,3,3,3,3,3,3,3,3,3,3,3,3,3,3,3,3,3,
3,3,3,3,3,3,3,3,3,4),(0.,0.0258051566423251,0.0387115466902957,0.0516170223808702,
0.0645237690090759,0.0774286652566235,0.0903335633829177,0.103239719042362,
0.116142058593212,0.129042406712959,0.141939635615802,0.154834203551695,
0.16772677743941,0.180614508847537,0.193504918544299,0.206411913944875,
0.219318909345451,0.232209319042213,0.24509705045034,0.257989624338054,
0.270884192273948,0.283781421176791,0.296681769296538,0.309584108847387,
0.322490264506833,0.335395162633127,0.348300058880674,0.36120680550888,
0.374112281199454,0.387018671247426,0.41282382788975),.UNSPECIFIED.);
#148=B_SPLINE_CURVE_WITH_KNOTS('',3,(#4438,#4439,#4440,#4441,#4442,#4443,
#4444,#4445,#4446,#4447,#4448,#4449,#4450,#4451,#4452,#4453,#4454,#4455,
#4456,#4457,#4458,#4459,#4460,#4461,#4462,#4463,#4464,#4465,#4466,#4467,
#4468,#4469,#4470,#4471,#4472,#4473,#4474),.UNSPECIFIED.,.F.,.F.,(4,3,3,
3,3,3,3,3,3,3,3,3,4),(0.0630618150178795,0.0637449486369659,0.0644041469637945,
0.0674684962214252,0.0706847922620601,0.0717972787934029,0.0748334801605474,
0.0752484441889768,0.0780963960693491,0.079823257061462,0.0823438119814485,
0.085588178124463,0.0891385429381157),.UNSPECIFIED.);
#149=B_SPLINE_CURVE_WITH_KNOTS('',3,(#4475,#4476,#4477,#4478,#4479,#4480,
#4481,#4482,#4483,#4484,#4485,#4486,#4487,#4488,#4489,#4490,#4491,#4492,
#4493,#4494,#4495,#4496),.UNSPECIFIED.,.F.,.F.,(4,3,3,3,3,3,3,4),(0.,0.00477965414905595,
0.00956133722477471,0.0143434171032131,0.0191256733376452,0.0286884976249076,
0.0382520573276349,0.0461098876621301),.UNSPECIFIED.);
#150=B_SPLINE_CURVE_WITH_KNOTS('',3,(#4530,#4531,#4532,#4533,#4534,#4535,
#4536,#4537,#4538,#4539,#4540,#4541,#4542,#4543,#4544,#4545,#4546,#4547,
#4548,#4549,#4550,#4551),.UNSPECIFIED.,.F.,.F.,(4,3,3,3,3,3,3,4),(0.0433965376691089,
0.0578830968218449,0.0755143089328351,0.0931441652446804,0.101960649551704,
0.110776808731888,0.11959223637349,0.128403923521231),.UNSPECIFIED.);
#151=B_SPLINE_CURVE_WITH_KNOTS('',3,(#4552,#4553,#4554,#4555,#4556,#4557),
 .UNSPECIFIED.,.F.,.F.,(4,2,4),(0.,0.0844694563372056,0.13158983388743),
 .UNSPECIFIED.);
#152=B_SPLINE_CURVE_WITH_KNOTS('',3,(#4600,#4601,#4602,#4603,#4604,#4605,
#4606,#4607,#4608,#4609,#4610,#4611,#4612,#4613,#4614,#4615,#4616,#4617,
#4618),.UNSPECIFIED.,.F.,.F.,(4,1,1,1,1,1,1,1,1,1,1,1,1,1,1,1,4),(-0.359853431134402,
-0.354802329357468,-0.339374776888501,-0.323950954697353,-0.308530314761973,
-0.293112059512854,-0.27769959539489,-0.262283928306118,-0.246848426340531,
-0.231412924374945,-0.215997257286173,-0.200584793168209,-0.18516653791909,
-0.16974589798371,-0.154322075792562,-0.138894523323595,-0.133843421546662),
 .UNSPECIFIED.);
#153=B_SPLINE_CURVE_WITH_KNOTS('',3,(#4620,#4621,#4622,#4623,#4624,#4625,
#4626,#4627,#4628,#4629,#4630,#4631,#4632,#4633,#4634,#4635,#4636,#4637,
#4638),.UNSPECIFIED.,.F.,.F.,(4,1,1,1,1,1,1,1,1,1,1,1,1,1,1,1,4),(-0.359853431134402,
-0.354802329357468,-0.339374776888501,-0.323950954697353,-0.308530314761973,
-0.293112059512854,-0.27769959539489,-0.262283928306118,-0.246848426340531,
-0.231412924374945,-0.215997257286173,-0.200584793168209,-0.18516653791909,
-0.16974589798371,-0.154322075792562,-0.138894523323595,-0.133843421546662),
 .UNSPECIFIED.);
#154=B_SPLINE_CURVE_WITH_KNOTS('',3,(#4640,#4641,#4642,#4643,#4644,#4645,
#4646,#4647,#4648,#4649,#4650,#4651,#4652,#4653,#4654,#4655,#4656,#4657,
#4658),.UNSPECIFIED.,.F.,.F.,(4,1,1,1,1,1,1,1,1,1,1,1,1,1,1,1,4),(-0.359853431134401,
-0.354802329357468,-0.339374776888501,-0.323950954697353,-0.308530314761973,
-0.293112059512854,-0.27769959539489,-0.262283928306118,-0.246848426340531,
-0.231412924374945,-0.215997257286173,-0.200584793168209,-0.18516653791909,
-0.16974589798371,-0.154322075792562,-0.138894523323595,-0.133843421546662),
 .UNSPECIFIED.);
#155=B_SPLINE_CURVE_WITH_KNOTS('',3,(#4660,#4661,#4662,#4663,#4664,#4665,
#4666,#4667,#4668,#4669,#4670,#4671,#4672,#4673,#4674,#4675,#4676,#4677,
#4678),.UNSPECIFIED.,.F.,.F.,(4,1,1,1,1,1,1,1,1,1,1,1,1,1,1,1,4),(-0.359853431134401,
-0.354802329357468,-0.339374776888501,-0.323950954697353,-0.308530314761973,
-0.293112059512854,-0.27769959539489,-0.262283928306118,-0.246848426340531,
-0.231412924374945,-0.215997257286173,-0.200584793168209,-0.18516653791909,
-0.16974589798371,-0.154322075792562,-0.138894523323595,-0.133843421546662),
 .UNSPECIFIED.);
#156=B_SPLINE_CURVE_WITH_KNOTS('',3,(#4680,#4681,#4682,#4683,#4684,#4685,
#4686,#4687,#4688,#4689,#4690,#4691,#4692,#4693,#4694,#4695,#4696,#4697,
#4698),.UNSPECIFIED.,.F.,.F.,(4,1,1,1,1,1,1,1,1,1,1,1,1,1,1,1,4),(-0.359853431134402,
-0.354802329357468,-0.339374776888501,-0.323950954697353,-0.308530314761973,
-0.293112059512854,-0.27769959539489,-0.262283928306118,-0.246848426340531,
-0.231412924374945,-0.215997257286173,-0.200584793168209,-0.18516653791909,
-0.16974589798371,-0.154322075792562,-0.138894523323595,-0.133843421546662),
 .UNSPECIFIED.);
#157=B_SPLINE_CURVE_WITH_KNOTS('',3,(#4700,#4701,#4702,#4703,#4704,#4705,
#4706,#4707,#4708,#4709,#4710,#4711,#4712,#4713,#4714,#4715,#4716,#4717,
#4718),.UNSPECIFIED.,.F.,.F.,(4,1,1,1,1,1,1,1,1,1,1,1,1,1,1,1,4),(-0.359853431134401,
-0.354802329357468,-0.339374776888501,-0.323950954697353,-0.308530314761973,
-0.293112059512854,-0.27769959539489,-0.262283928306118,-0.246848426340531,
-0.231412924374945,-0.215997257286173,-0.200584793168209,-0.18516653791909,
-0.16974589798371,-0.154322075792562,-0.138894523323595,-0.133843421546662),
 .UNSPECIFIED.);
#158=B_SPLINE_CURVE_WITH_KNOTS('',3,(#4722,#4723,#4724,#4725,#4726,#4727,
#4728,#4729,#4730,#4731,#4732),.UNSPECIFIED.,.F.,.F.,(4,1,1,1,1,1,1,1,4),
(-0.133843421546662,-0.123464589298134,-0.108030091580668,-0.092597097749647,
-0.0771641061654223,-0.0617289017072174,-0.0462952171659022,-0.0308604391427233,
0.),.UNSPECIFIED.);
#159=B_SPLINE_CURVE_WITH_KNOTS('',3,(#4734,#4735,#4736,#4737,#4738,#4739,
#4740,#4741,#4742,#4743),.UNSPECIFIED.,.F.,.F.,(4,1,1,1,1,1,1,4),(-0.301050073721487,
-0.282242928931815,-0.26342780065289,-0.244611111021208,-0.225793727457996,
-0.188165603045634,-0.150534584895626,-0.119615328347257),.UNSPECIFIED.);
#160=B_SPLINE_CURVE_WITH_KNOTS('',3,(#4746,#4747,#4748,#4749,#4750,#4751,
#4752),.UNSPECIFIED.,.F.,.F.,(4,1,1,1,4),(-0.181434745374231,-0.150515488825859,
-0.112884470675853,-0.0752563462634899,-0.0704077728682187),
 .UNSPECIFIED.);
#161=B_SPLINE_CURVE_WITH_KNOTS('',3,(#4755,#4756,#4757,#4758,#4759,#4760,
#4761,#4762,#4763,#4764,#4765),.UNSPECIFIED.,.F.,.F.,(4,1,1,1,1,1,1,1,4),
(-0.133843421546662,-0.123464589298134,-0.108030091580668,-0.092597097749647,
-0.0771641061654223,-0.0617289017072174,-0.0462952171659022,-0.0308604391427233,
0.),.UNSPECIFIED.);
#162=B_SPLINE_CURVE_WITH_KNOTS('',3,(#4767,#4768,#4769,#4770,#4771,#4772,
#4773,#4774,#4775,#4776),.UNSPECIFIED.,.F.,.F.,(4,1,1,1,1,1,1,4),(-0.301050073721487,
-0.282242928931815,-0.26342780065289,-0.244611111021208,-0.225793727457996,
-0.188165603045634,-0.150534584895626,-0.119615328347257),.UNSPECIFIED.);
#163=B_SPLINE_CURVE_WITH_KNOTS('',3,(#4780,#4781,#4782,#4783,#4784,#4785,
#4786,#4787,#4788,#4789),.UNSPECIFIED.,.F.,.F.,(4,1,1,1,1,1,1,4),(-0.181434745374231,
-0.150515488825859,-0.112884470675853,-0.0752563462634899,-0.0564389627002787,
-0.0376222730685955,-0.018807144789673,0.),.UNSPECIFIED.);
#164=B_SPLINE_CURVE_WITH_KNOTS('',3,(#4790,#4791,#4792,#4793,#4794,#4795,
#4796,#4797,#4798,#4799,#4800),.UNSPECIFIED.,.F.,.F.,(4,1,1,1,1,1,1,1,4),
(-0.493696852681063,-0.462836413538341,-0.447401635515161,-0.431967950973846,
-0.416532746515641,-0.401099754931416,-0.385666761100396,-0.370232263382929,
-0.359853431134401),.UNSPECIFIED.);
#165=B_SPLINE_CURVE_WITH_KNOTS('',3,(#4803,#4804,#4805,#4806,#4807,#4808,
#4809,#4810,#4811,#4812,#4813),.UNSPECIFIED.,.F.,.F.,(4,1,1,1,1,1,1,1,4),
(-0.133843421546662,-0.123464589298134,-0.108030091580668,-0.092597097749647,
-0.0771641061654223,-0.0617289017072174,-0.0462952171659022,-0.0308604391427233,
0.),.UNSPECIFIED.);
#166=B_SPLINE_CURVE_WITH_KNOTS('',3,(#4815,#4816,#4817,#4818,#4819,#4820,
#4821,#4822,#4823,#4824),.UNSPECIFIED.,.F.,.F.,(4,1,1,1,1,1,1,4),(-0.301050073721487,
-0.282242928931815,-0.26342780065289,-0.244611111021208,-0.225793727457996,
-0.188165603045634,-0.150534584895626,-0.119615328347257),.UNSPECIFIED.);
#167=B_SPLINE_CURVE_WITH_KNOTS('',3,(#4828,#4829,#4830,#4831,#4832,#4833,
#4834,#4835,#4836,#4837),.UNSPECIFIED.,.F.,.F.,(4,1,1,1,1,1,1,4),(-0.181434745374231,
-0.150515488825859,-0.112884470675853,-0.0752563462634899,-0.0564389627002787,
-0.0376222730685955,-0.018807144789673,0.),.UNSPECIFIED.);
#168=B_SPLINE_CURVE_WITH_KNOTS('',3,(#4838,#4839,#4840,#4841,#4842,#4843,
#4844,#4845,#4846,#4847,#4848),.UNSPECIFIED.,.F.,.F.,(4,1,1,1,1,1,1,1,4),
(-0.493696852681063,-0.462836413538341,-0.447401635515161,-0.431967950973846,
-0.416532746515641,-0.401099754931416,-0.385666761100396,-0.370232263382929,
-0.359853431134402),.UNSPECIFIED.);
#169=B_SPLINE_CURVE_WITH_KNOTS('',3,(#4851,#4852,#4853,#4854,#4855,#4856,
#4857,#4858,#4859,#4860,#4861),.UNSPECIFIED.,.F.,.F.,(4,1,1,1,1,1,1,1,4),
(-0.133843421546662,-0.123464589298134,-0.108030091580668,-0.092597097749647,
-0.0771641061654223,-0.0617289017072174,-0.0462952171659022,-0.0308604391427233,
0.),.UNSPECIFIED.);
#170=B_SPLINE_CURVE_WITH_KNOTS('',3,(#4863,#4864,#4865,#4866,#4867,#4868,
#4869,#4870,#4871,#4872),.UNSPECIFIED.,.F.,.F.,(4,1,1,1,1,1,1,4),(-0.301050073721487,
-0.282242928931815,-0.26342780065289,-0.244611111021208,-0.225793727457996,
-0.188165603045634,-0.150534584895626,-0.119615328347257),.UNSPECIFIED.);
#171=B_SPLINE_CURVE_WITH_KNOTS('',3,(#4876,#4877,#4878,#4879,#4880,#4881,
#4882,#4883,#4884,#4885),.UNSPECIFIED.,.F.,.F.,(4,1,1,1,1,1,1,4),(-0.181434745374231,
-0.150515488825859,-0.112884470675853,-0.0752563462634899,-0.0564389627002787,
-0.0376222730685955,-0.018807144789673,0.),.UNSPECIFIED.);
#172=B_SPLINE_CURVE_WITH_KNOTS('',3,(#4886,#4887,#4888,#4889,#4890,#4891,
#4892,#4893,#4894,#4895,#4896),.UNSPECIFIED.,.F.,.F.,(4,1,1,1,1,1,1,1,4),
(-0.493696852681063,-0.462836413538341,-0.447401635515161,-0.431967950973846,
-0.416532746515641,-0.401099754931416,-0.385666761100396,-0.370232263382929,
-0.359853431134401),.UNSPECIFIED.);
#173=B_SPLINE_CURVE_WITH_KNOTS('',3,(#4899,#4900,#4901,#4902,#4903,#4904,
#4905,#4906,#4907,#4908,#4909),.UNSPECIFIED.,.F.,.F.,(4,1,1,1,1,1,1,1,4),
(-0.133843421546662,-0.123464589298134,-0.108030091580668,-0.092597097749647,
-0.0771641061654223,-0.0617289017072174,-0.0462952171659022,-0.0308604391427233,
0.),.UNSPECIFIED.);
#174=B_SPLINE_CURVE_WITH_KNOTS('',3,(#4911,#4912,#4913,#4914,#4915,#4916,
#4917,#4918,#4919,#4920),.UNSPECIFIED.,.F.,.F.,(4,1,1,1,1,1,1,4),(-0.301050073721487,
-0.282242928931815,-0.26342780065289,-0.244611111021208,-0.225793727457996,
-0.188165603045634,-0.150534584895626,-0.119615328347257),.UNSPECIFIED.);
#175=B_SPLINE_CURVE_WITH_KNOTS('',3,(#4924,#4925,#4926,#4927,#4928,#4929,
#4930,#4931,#4932,#4933),.UNSPECIFIED.,.F.,.F.,(4,1,1,1,1,1,1,4),(-0.181434745374231,
-0.150515488825859,-0.112884470675853,-0.0752563462634899,-0.0564389627002787,
-0.0376222730685955,-0.018807144789673,0.),.UNSPECIFIED.);
#176=B_SPLINE_CURVE_WITH_KNOTS('',3,(#4934,#4935,#4936,#4937,#4938,#4939,
#4940,#4941,#4942,#4943,#4944),.UNSPECIFIED.,.F.,.F.,(4,1,1,1,1,1,1,1,4),
(-0.493696852681063,-0.462836413538341,-0.447401635515161,-0.431967950973846,
-0.416532746515641,-0.401099754931416,-0.385666761100396,-0.370232263382929,
-0.359853431134402),.UNSPECIFIED.);
#177=B_SPLINE_CURVE_WITH_KNOTS('',3,(#5013,#5014,#5015,#5016,#5017,#5018,
#5019,#5020,#5021,#5022,#5023,#5024,#5025,#5026,#5027,#5028,#5029,#5030,
#5031,#5032,#5033,#5034,#5035,#5036,#5037,#5038,#5039,#5040,#5041,#5042,
#5043,#5044,#5045,#5046,#5047,#5048,#5049,#5050,#5051,#5052,#5053,#5054,
#5055,#5056,#5057,#5058,#5059,#5060,#5061,#5062,#5063,#5064,#5065,#5066,
#5067,#5068,#5069,#5070,#5071,#5072,#5073,#5074,#5075,#5076,#5077,#5078,
#5079,#5080,#5081,#5082,#5083,#5084,#5085,#5086,#5087,#5088,#5089,#5090,
#5091,#5092,#5093,#5094,#5095,#5096,#5097,#5098,#5099,#5100,#5101,#5102,
#5103),.UNSPECIFIED.,.F.,.F.,(4,3,3,3,3,3,3,3,3,3,3,3,3,3,3,3,3,3,3,3,3,
3,3,3,3,3,3,3,3,3,4),(0.,0.025805156642293,0.0387115466902476,0.0516170223808061,
0.0645237690089957,0.0774286652565274,0.0903335633828055,0.103239719042234,
0.116142058593068,0.129042406712799,0.141939635615626,0.154834203551503,
0.167726777439202,0.180614508847313,0.193504918544059,0.206411913944619,
0.219318909345179,0.232209319041924,0.245097050450035,0.257989624337734,
0.270884192273612,0.283781421176438,0.296681769296169,0.309584108847003,
0.322490264506432,0.33539516263271,0.348300058880241,0.361206805508431,
0.37411228119899,0.387018671246945,0.412823827889237),.UNSPECIFIED.);
#178=B_SPLINE_CURVE_WITH_KNOTS('',3,(#5133,#5134,#5135,#5136,#5137,#5138,
#5139,#5140,#5141,#5142,#5143,#5144,#5145,#5146,#5147,#5148,#5149,#5150,
#5151,#5152,#5153,#5154),.UNSPECIFIED.,.F.,.F.,(4,3,3,3,3,3,3,4),(0.,0.00478019964592518,
0.00956242845007244,0.014345054102226,0.0191278561305005,0.0286917718127775,
0.0382564229944517,0.0461151501348412),.UNSPECIFIED.);
#179=B_SPLINE_CURVE_WITH_KNOTS('',3,(#5156,#5157,#5158,#5159,#5160,#5161,
#5162,#5163,#5164,#5165,#5166,#5167,#5168,#5169,#5170,#5171,#5172,#5173,
#5174,#5175,#5176,#5177,#5178,#5179,#5180,#5181,#5182,#5183,#5184,#5185,
#5186),.UNSPECIFIED.,.F.,.F.,(4,3,3,3,3,3,3,3,3,3,4),(0.,0.0248824328763899,
0.039182371686075,0.0497648657527799,0.065112485977958,0.07605969284689,
0.092472433337809,0.109914495577004,0.126386728198046,0.131306493877504,
0.138294017598453),.UNSPECIFIED.);
#180=B_SPLINE_CURVE_WITH_KNOTS('',3,(#5189,#5190,#5191,#5192,#5193,#5194,
#5195,#5196,#5197,#5198,#5199,#5200,#5201,#5202,#5203,#5204,#5205,#5206,
#5207,#5208,#5209,#5210,#5211,#5212,#5213,#5214,#5215,#5216,#5217,#5218,
#5219,#5220,#5221,#5222,#5223,#5224,#5225),.UNSPECIFIED.,.F.,.F.,(4,3,3,
3,3,3,3,3,3,3,3,3,4),(0.063061814954621,0.0637449485729532,0.0644041468990539,
0.0674684961533001,0.0706847921903825,0.0717972787204992,0.0748334800842907,
0.0752484441122632,0.0780963959894875,0.079823256979698,0.0823438118969024,
0.0855881780363468,0.0891385428460603),.UNSPECIFIED.);
#181=B_SPLINE_CURVE_WITH_KNOTS('',3,(#5253,#5254,#5255,#5256,#5257,#5258,
#5259,#5260,#5261,#5262,#5263,#5264,#5265,#5266,#5267,#5268,#5269,#5270,
#5271,#5272,#5273,#5274),.UNSPECIFIED.,.F.,.F.,(4,3,3,3,3,3,3,4),(0.0728774590254404,
0.0898254892847946,0.110452493473769,0.131077911494165,0.141392441067525,
0.151706590270402,0.162019883635955,0.172328800944883),.UNSPECIFIED.);
#182=B_SPLINE_CURVE_WITH_KNOTS('',3,(#5276,#5277,#5278,#5279,#5280,#5281),
 .UNSPECIFIED.,.F.,.F.,(4,2,4),(0.,0.0844694563371805,0.131589833887399),
 .UNSPECIFIED.);
#183=B_SPLINE_CURVE_WITH_KNOTS('',3,(#5284,#5285,#5286,#5287,#5288,#5289,
#5290,#5291,#5292,#5293,#5294,#5295,#5296,#5297,#5298,#5299,#5300,#5301,
#5302,#5303,#5304,#5305,#5306,#5307,#5308,#5309,#5310,#5311,#5312,#5313,
#5314),.UNSPECIFIED.,.F.,.F.,(4,3,3,3,3,3,3,3,3,3,4),(0.,0.00884461898816765,
0.0296438194541238,0.0515991716818538,0.0579998719054771,0.0787711503078131,
0.098198415207004,0.112058772793495,0.129161461742333,0.151030074656118,
0.175051066700536),.UNSPECIFIED.);
#184=B_SPLINE_CURVE_WITH_KNOTS('',3,(#5382,#5383,#5384,#5385,#5386,#5387,
#5388,#5389,#5390,#5391,#5392,#5393,#5394,#5395,#5396,#5397,#5398,#5399,
#5400,#5401,#5402,#5403,#5404,#5405,#5406,#5407,#5408,#5409,#5410,#5411,
#5412,#5413,#5414,#5415,#5416,#5417,#5418,#5419,#5420,#5421,#5422,#5423,
#5424,#5425,#5426,#5427,#5428,#5429,#5430,#5431,#5432,#5433,#5434,#5435,
#5436,#5437,#5438,#5439,#5440,#5441,#5442,#5443,#5444,#5445,#5446,#5447,
#5448,#5449,#5450,#5451,#5452,#5453,#5454,#5455,#5456,#5457,#5458,#5459,
#5460,#5461,#5462,#5463,#5464,#5465,#5466,#5467,#5468,#5469,#5470,#5471,
#5472),.UNSPECIFIED.,.F.,.F.,(4,3,3,3,3,3,3,3,3,3,3,3,3,3,3,3,3,3,3,3,3,
3,3,3,3,3,3,3,3,3,4),(0.,0.0258051566421468,0.0387115466900283,0.0516170223805136,
0.0645237690086301,0.0774286652560887,0.0903335633822937,0.103239719041649,
0.11614205859241,0.129042406712068,0.141939635614821,0.154834203550626,
0.167726777438251,0.180614508846289,0.193504918542962,0.206411913943449,
0.219318909343936,0.232209319040609,0.245097050448647,0.257989624336272,
0.270884192272077,0.28378142117483,0.296681769294488,0.309584108845249,
0.322490264504605,0.33539516263081,0.348300058878268,0.361206805506385,
0.37411228119687,0.387018671244753,0.412823827886898),.UNSPECIFIED.);
#185=B_SPLINE_CURVE_WITH_KNOTS('',3,(#5501,#5502,#5503,#5504,#5505,#5506,
#5507,#5508,#5509,#5510,#5511,#5512,#5513,#5514,#5515,#5516,#5517,#5518,
#5519,#5520,#5521,#5522),.UNSPECIFIED.,.F.,.F.,(4,3,3,3,3,3,3,4),(0.0728774590254699,
0.0898254892848328,0.110452493473817,0.131077911494224,0.14139244106759,
0.151706590270472,0.16201988363603,0.172328800944964),.UNSPECIFIED.);
#186=B_SPLINE_CURVE_WITH_KNOTS('',3,(#5524,#5525,#5526,#5527,#5528,#5529),
 .UNSPECIFIED.,.F.,.F.,(4,2,4),(0.,0.0844694563371952,0.131589833887416),
 .UNSPECIFIED.);
#187=B_SPLINE_CURVE_WITH_KNOTS('',3,(#5600,#5601,#5602,#5603,#5604,#5605,
#5606,#5607,#5608,#5609,#5610,#5611,#5612,#5613,#5614,#5615,#5616,#5617,
#5618,#5619,#5620,#5621,#5622,#5623,#5624,#5625,#5626,#5627,#5628,#5629,
#5630,#5631,#5632,#5633,#5634,#5635,#5636,#5637,#5638,#5639,#5640,#5641,
#5642,#5643,#5644,#5645,#5646,#5647,#5648,#5649,#5650,#5651,#5652,#5653,
#5654,#5655,#5656,#5657,#5658,#5659,#5660,#5661,#5662,#5663,#5664,#5665,
#5666,#5667,#5668,#5669,#5670,#5671,#5672,#5673,#5674,#5675,#5676,#5677,
#5678,#5679,#5680,#5681,#5682,#5683,#5684,#5685,#5686,#5687,#5688,#5689,
#5690),.UNSPECIFIED.,.F.,.F.,(4,3,3,3,3,3,3,3,3,3,3,3,3,3,3,3,3,3,3,3,3,
3,3,3,3,3,3,3,3,3,4),(0.,0.025805156642056,0.038711546689892,0.0516170223803319,
0.064523769008403,0.0774286652558161,0.0903335633819757,0.103239719041286,
0.116142058592001,0.129042406711614,0.141939635614322,0.154834203550081,
0.167726777437661,0.180614508845653,0.193504918542281,0.206411913942722,
0.219318909343164,0.232209319039791,0.245097050447784,0.257989624335364,
0.270884192271123,0.283781421173831,0.296681769293444,0.309584108844159,
0.32249026450347,0.335395162629629,0.348300058877042,0.361206805505113,
0.374112281195553,0.38701867124339,0.412823827885445),.UNSPECIFIED.);
#188=B_SPLINE_CURVE_WITH_KNOTS('',3,(#5721,#5722,#5723,#5724,#5725,#5726,
#5727,#5728,#5729,#5730,#5731,#5732,#5733,#5734,#5735,#5736,#5737,#5738,
#5739,#5740,#5741,#5742,#5743,#5744,#5745,#5746,#5747,#5748,#5749,#5750,
#5751,#5752,#5753,#5754,#5755,#5756,#5757),.UNSPECIFIED.,.F.,.F.,(4,3,3,
3,3,3,3,3,3,3,3,3,4),(0.0630618149125614,0.0637449485303917,0.064404146856008,
0.0674684961079784,0.0706847921426741,0.0717972786720248,0.0748334800335622,
0.0752484440612626,0.0780963959364072,0.0798232569253538,0.0823438118407179,
0.0855881779777932,0.0891385427849039),.UNSPECIFIED.);
#189=B_SPLINE_CURVE_WITH_KNOTS('',3,(#5758,#5759,#5760,#5761,#5762,#5763,
#5764,#5765,#5766,#5767,#5768,#5769,#5770,#5771,#5772,#5773,#5774,#5775,
#5776,#5777,#5778,#5779),.UNSPECIFIED.,.F.,.F.,(4,3,3,3,3,3,3,4),(0.,0.00487634266814628,
0.00975475530649289,0.0146335727745557,0.0195125701661505,0.0292688426171967,
0.0390258653605651,0.0470426532159108),.UNSPECIFIED.);
#190=B_SPLINE_CURVE_WITH_KNOTS('',3,(#5807,#5808,#5809,#5810,#5811,#5812,
#5813,#5814,#5815,#5816,#5817,#5818,#5819,#5820,#5821,#5822,#5823,#5824,
#5825,#5826,#5827,#5828),.UNSPECIFIED.,.F.,.F.,(4,3,3,3,3,3,3,4),(0.0433965376691509,
0.0578830968219044,0.0755143089329161,0.0931441652447828,0.101960649551817,
0.110776808732012,0.119592236373624,0.128403923521376),.UNSPECIFIED.);
#191=B_SPLINE_CURVE_WITH_KNOTS('',3,(#5830,#5831,#5832,#5833,#5834,#5835),
 .UNSPECIFIED.,.F.,.F.,(4,2,4),(0.,0.0844694563371532,0.131589833887352),
 .UNSPECIFIED.);
#192=B_SPLINE_CURVE_WITH_KNOTS('',3,(#5866,#5867,#5868,#5869,#5870,#5871,
#5872,#5873,#5874,#5875,#5876,#5877,#5878,#5879,#5880,#5881,#5882,#5883,
#5884,#5885,#5886,#5887,#5888,#5889,#5890,#5891,#5892,#5893,#5894,#5895,
#5896,#5897,#5898,#5899,#5900,#5901,#5902),.UNSPECIFIED.,.F.,.F.,(4,3,3,
3,3,3,3,3,3,3,3,3,4),(0.0630618148585363,0.0637449484757261,0.0644041468007245,
0.0674684960498497,0.0706847920815578,0.0717972786098079,0.0748334799685254,
0.0752484439958011,0.0780963958682675,0.0798232568555867,0.0823438117685762,
0.0855881779025797,0.0891385427063839),.UNSPECIFIED.);
#193=B_SPLINE_CURVE_WITH_KNOTS('',3,(#5903,#5904,#5905,#5906,#5907,#5908,
#5909,#5910,#5911,#5912,#5913,#5914,#5915,#5916,#5917,#5918,#5919,#5920,
#5921,#5922,#5923,#5924),.UNSPECIFIED.,.F.,.F.,(4,3,3,3,3,3,3,4),(0.,0.00477965414906254,
0.0095613372247879,0.0143434171032329,0.0191256733376715,0.0286884976249471,
0.0382520573276877,0.0461098876621937),.UNSPECIFIED.);
#194=B_SPLINE_CURVE_WITH_KNOTS('',3,(#5993,#5994,#5995,#5996,#5997,#5998,
#5999,#6000,#6001,#6002,#6003,#6004,#6005,#6006,#6007,#6008,#6009,#6010,
#6011,#6012,#6013,#6014,#6015,#6016,#6017,#6018,#6019,#6020,#6021,#6022,
#6023,#6024,#6025,#6026,#6027,#6028,#6029,#6030,#6031,#6032,#6033,#6034,
#6035,#6036,#6037,#6038,#6039,#6040,#6041,#6042,#6043,#6044,#6045,#6046,
#6047,#6048,#6049,#6050,#6051,#6052,#6053,#6054,#6055,#6056,#6057,#6058,
#6059,#6060,#6061,#6062,#6063,#6064,#6065,#6066,#6067,#6068,#6069,#6070,
#6071,#6072,#6073,#6074,#6075,#6076,#6077,#6078,#6079,#6080,#6081,#6082,
#6083),.UNSPECIFIED.,.F.,.F.,(4,3,3,3,3,3,3,3,3,3,3,3,3,3,3,3,3,3,3,3,3,
3,3,3,3,3,3,3,3,3,4),(0.,0.0258051566422823,0.0387115466902316,0.0516170223807847,
0.064523769008969,0.0774286652564953,0.090333563382768,0.103239719042191,
0.11614205859302,0.129042406712746,0.141939635615567,0.154834203551439,
0.167726777439132,0.180614508847238,0.193504918543978,0.206411913944533,
0.219318909345088,0.232209319041828,0.245097050449934,0.257989624337627,
0.270884192273499,0.28378142117632,0.296681769296046,0.309584108846874,
0.322490264506299,0.335395162632571,0.348300058880097,0.361206805508281,
0.374112281198835,0.387018671246785,0.412823827889066),.UNSPECIFIED.);
#195=B_SPLINE_CURVE_WITH_KNOTS('',3,(#6113,#6114,#6115,#6116,#6117,#6118,
#6119,#6120,#6121,#6122,#6123,#6124,#6125,#6126,#6127,#6128,#6129,#6130,
#6131,#6132,#6133,#6134),.UNSPECIFIED.,.F.,.F.,(4,3,3,3,3,3,3,4),(0.,0.00477965414905533,
0.00956133722477348,0.0143434171032113,0.0191256733376427,0.0286884976249039,
0.03825205732763,0.0461098876621242),.UNSPECIFIED.);
#196=B_SPLINE_CURVE_WITH_KNOTS('',3,(#6136,#6137,#6138,#6139,#6140,#6141,
#6142,#6143,#6144,#6145,#6146,#6147,#6148,#6149,#6150,#6151,#6152,#6153,
#6154,#6155,#6156,#6157,#6158,#6159,#6160,#6161,#6162,#6163,#6164,#6165,
#6166),.UNSPECIFIED.,.F.,.F.,(4,3,3,3,3,3,3,3,3,3,4),(0.,0.0248824328763571,
0.0391823716860006,0.0497648657527141,0.0651124859778748,0.0760596928467565,
0.0924724333376319,0.109914495576815,0.126386728197841,0.131306493877215,
0.138294017598142),.UNSPECIFIED.);
#197=B_SPLINE_CURVE_WITH_KNOTS('',3,(#6169,#6170,#6171,#6172,#6173,#6174,
#6175,#6176,#6177,#6178,#6179,#6180,#6181,#6182,#6183,#6184,#6185,#6186,
#6187,#6188,#6189,#6190,#6191,#6192,#6193,#6194,#6195,#6196,#6197,#6198,
#6199,#6200,#6201,#6202,#6203,#6204,#6205),.UNSPECIFIED.,.F.,.F.,(4,3,3,
3,3,3,3,3,3,3,3,3,4),(0.0630618149406161,0.0637449485587703,0.0644041468846989,
0.0674684961381302,0.0706847921743571,0.0717972787042165,0.0748334800672008,
0.0752484440950845,0.0780963959715721,0.079823256961334,0.0823438118778866,
0.0855881780164954,0.0891385428252772),.UNSPECIFIED.);
#198=B_SPLINE_CURVE_WITH_KNOTS('',3,(#6233,#6234,#6235,#6236,#6237,#6238,
#6239,#6240,#6241,#6242,#6243,#6244,#6245,#6246,#6247,#6248,#6249,#6250,
#6251,#6252,#6253,#6254),.UNSPECIFIED.,.F.,.F.,(4,3,3,3,3,3,3,4),(0.0728774590254841,
0.0898254892848519,0.110452493473843,0.131077911494256,0.141392441067625,
0.15170659027051,0.162019883636071,0.172328800945008),.UNSPECIFIED.);
#199=B_SPLINE_CURVE_WITH_KNOTS('',3,(#6256,#6257,#6258,#6259,#6260,#6261),
 .UNSPECIFIED.,.F.,.F.,(4,2,4),(0.,0.0844694563372379,0.131589833887481),
 .UNSPECIFIED.);
#200=B_SPLINE_CURVE_WITH_KNOTS('',3,(#6264,#6265,#6266,#6267,#6268,#6269,
#6270,#6271,#6272,#6273,#6274,#6275,#6276,#6277,#6278,#6279,#6280,#6281,
#6282,#6283,#6284,#6285,#6286,#6287,#6288,#6289,#6290,#6291,#6292,#6293,
#6294),.UNSPECIFIED.,.F.,.F.,(4,3,3,3,3,3,3,3,3,3,4),(0.,0.00884461898816736,
0.0296438194540019,0.0515991716816073,0.0579998719054928,0.0787711503078695,
0.0981984152071192,0.112058772793638,0.12916146174253,0.151030074656422,
0.175051066700802),.UNSPECIFIED.);
#201=B_SPLINE_CURVE_WITH_KNOTS('',3,(#6363,#6364,#6365,#6366,#6367,#6368,
#6369,#6370,#6371,#6372,#6373,#6374,#6375,#6376,#6377,#6378,#6379,#6380,
#6381,#6382,#6383,#6384,#6385,#6386,#6387,#6388,#6389,#6390,#6391,#6392,
#6393,#6394,#6395,#6396,#6397,#6398,#6399,#6400,#6401,#6402,#6403,#6404,
#6405,#6406,#6407,#6408,#6409,#6410,#6411,#6412,#6413,#6414,#6415,#6416,
#6417,#6418,#6419,#6420,#6421,#6422,#6423,#6424,#6425,#6426,#6427,#6428,
#6429,#6430,#6431,#6432,#6433,#6434,#6435,#6436,#6437,#6438,#6439,#6440,
#6441,#6442,#6443,#6444,#6445,#6446,#6447,#6448,#6449,#6450,#6451,#6452,
#6453),.UNSPECIFIED.,.F.,.F.,(4,3,3,3,3,3,3,3,3,3,3,3,3,3,3,3,3,3,3,3,3,
3,3,3,3,3,3,3,3,3,4),(0.,0.0258051566415831,0.0387115466891826,0.0516170223793859,
0.0645237690072205,0.0774286652543971,0.0903335633803202,0.103239719039394,
0.116142058589873,0.129042406709249,0.14193963561172,0.154834203547243,
0.167726777434587,0.180614508842344,0.193504918538735,0.20641191393894,
0.219318909339144,0.232209319035536,0.245097050443292,0.257989624330636,
0.270884192266159,0.283781421168631,0.296681769288007,0.309584108838485,
0.32249026449756,0.335395162623483,0.348300058870659,0.361206805498494,
0.374112281188697,0.387018671236297,0.412823827877879),.UNSPECIFIED.);
#202=B_SPLINE_CURVE_WITH_KNOTS('',3,(#6483,#6484,#6485,#6486,#6487,#6488,
#6489,#6490,#6491,#6492,#6493,#6494,#6495,#6496,#6497,#6498,#6499,#6500,
#6501,#6502,#6503,#6504),.UNSPECIFIED.,.F.,.F.,(4,3,3,3,3,3,3,4),(0.,0.00487634266813685,
0.00975475530647403,0.0146335727745274,0.0195125701661128,0.0292688426171401,
0.0390258653604896,0.04704265321582),.UNSPECIFIED.);
#203=B_SPLINE_CURVE_WITH_KNOTS('',3,(#6506,#6507,#6508,#6509,#6510,#6511,
#6512,#6513,#6514,#6515,#6516,#6517,#6518,#6519,#6520,#6521,#6522,#6523,
#6524,#6525,#6526,#6527,#6528,#6529,#6530,#6531,#6532,#6533,#6534,#6535,
#6536),.UNSPECIFIED.,.F.,.F.,(4,3,3,3,3,3,3,3,3,3,4),(0.,0.0248824328763505,
0.039182371685981,0.049764865752701,0.0651124859778573,0.0760596928467245,
0.0924724333375857,0.109914495576748,0.126386728197744,0.131306493877133,
0.138294017598053),.UNSPECIFIED.);
#204=B_SPLINE_CURVE_WITH_KNOTS('',3,(#6539,#6540,#6541,#6542,#6543,#6544,
#6545,#6546,#6547,#6548,#6549,#6550,#6551,#6552,#6553,#6554,#6555,#6556,
#6557,#6558,#6559,#6560,#6561,#6562,#6563,#6564,#6565,#6566,#6567,#6568,
#6569,#6570,#6571,#6572,#6573,#6574,#6575),.UNSPECIFIED.,.F.,.F.,(4,3,3,
3,3,3,3,3,3,3,3,3,4),(0.0630618148225899,0.0637449484393607,0.0644041467639548,
0.0674684960112108,0.0706847920409572,0.0717972785685016,0.074833479925369,
0.0752484439523726,0.0780963958230842,0.0798232568093421,0.0823438117207784,
0.0855881778527831,0.089138542654406),.UNSPECIFIED.);
#205=B_SPLINE_CURVE_WITH_KNOTS('',3,(#6603,#6604,#6605,#6606,#6607,#6608,
#6609,#6610,#6611,#6612,#6613,#6614,#6615,#6616,#6617,#6618,#6619,#6620,
#6621,#6622,#6623,#6624),.UNSPECIFIED.,.F.,.F.,(4,3,3,3,3,3,3,4),(0.0433965376694749,
0.0578830968223538,0.075514308933518,0.0931441652455372,0.101960649552648,
0.110776808732919,0.119592236374608,0.128403923522436),.UNSPECIFIED.);
#206=B_SPLINE_CURVE_WITH_KNOTS('',3,(#6626,#6627,#6628,#6629,#6630,#6631),
 .UNSPECIFIED.,.F.,.F.,(4,2,4),(0.,0.0844694563371272,0.131589833887291),
 .UNSPECIFIED.);
#207=B_SPLINE_CURVE_WITH_KNOTS('',3,(#6634,#6635,#6636,#6637,#6638,#6639,
#6640,#6641,#6642,#6643,#6644,#6645,#6646,#6647,#6648,#6649,#6650,#6651,
#6652,#6653,#6654,#6655,#6656,#6657,#6658,#6659,#6660,#6661,#6662,#6663,
#6664),.UNSPECIFIED.,.F.,.F.,(4,3,3,3,3,3,3,3,3,3,4),(0.,0.00884461898816647,
0.029643819454012,0.0515991716816159,0.0579998719054423,0.0787711503077677,
0.0981984152069881,0.112058772793432,0.129161461742281,0.15103007465604,
0.175051066700447),.UNSPECIFIED.);
#208=B_SPLINE_CURVE_WITH_KNOTS('',3,(#6733,#6734,#6735,#6736,#6737,#6738,
#6739,#6740,#6741,#6742,#6743,#6744,#6745,#6746,#6747,#6748,#6749,#6750,
#6751,#6752,#6753,#6754,#6755,#6756,#6757,#6758,#6759,#6760,#6761,#6762,
#6763,#6764,#6765,#6766,#6767,#6768,#6769,#6770,#6771,#6772,#6773,#6774,
#6775,#6776,#6777,#6778,#6779,#6780,#6781,#6782,#6783,#6784,#6785,#6786,
#6787,#6788,#6789,#6790,#6791,#6792,#6793,#6794,#6795,#6796,#6797,#6798,
#6799,#6800,#6801,#6802,#6803,#6804,#6805,#6806,#6807,#6808,#6809,#6810,
#6811,#6812,#6813,#6814,#6815,#6816,#6817,#6818,#6819,#6820,#6821,#6822,
#6823),.UNSPECIFIED.,.F.,.F.,(4,3,3,3,3,3,3,3,3,3,3,3,3,3,3,3,3,3,3,3,3,
3,3,3,3,3,3,3,3,3,4),(0.,0.0258051566419639,0.0387115466897539,0.0516170223801477,
0.0645237690081728,0.0774286652555398,0.0903335633816534,0.103239719040917,
0.116142058591587,0.129042406711153,0.141939635613815,0.154834203549528,
0.167726777437063,0.180614508845009,0.193504918541591,0.206411913941986,
0.219318909342381,0.232209319038963,0.245097050446909,0.257989624334443,
0.270884192270157,0.283781421172819,0.296681769292385,0.309584108843054,
0.322490264502319,0.335395162628432,0.348300058875799,0.361206805503824,
0.374112281194218,0.387018671242009,0.412823827883972),.UNSPECIFIED.);
#209=B_SPLINE_CURVE_WITH_KNOTS('',3,(#6853,#6854,#6855,#6856,#6857,#6858,
#6859,#6860,#6861,#6862,#6863,#6864,#6865,#6866,#6867,#6868,#6869,#6870,
#6871,#6872,#6873,#6874),.UNSPECIFIED.,.F.,.F.,(4,3,3,3,3,3,3,4),(0.,0.00477965414905824,
0.00956133722477931,0.01434341710322,0.0191256733376543,0.0286884976249213,
0.0382520573276533,0.0461098876621523),.UNSPECIFIED.);
#210=B_SPLINE_CURVE_WITH_KNOTS('',3,(#6876,#6877,#6878,#6879,#6880,#6881,
#6882,#6883,#6884,#6885,#6886,#6887,#6888,#6889,#6890,#6891,#6892,#6893,
#6894,#6895,#6896,#6897,#6898,#6899,#6900,#6901,#6902,#6903,#6904,#6905,
#6906),.UNSPECIFIED.,.F.,.F.,(4,3,3,3,3,3,3,3,3,3,4),(0.,0.0248824328763465,
0.0391823716859736,0.0497648657526929,0.065112485977854,0.0760596928467091,
0.0924724333375722,0.109914495576776,0.126386728197824,0.131306493877156,
0.138294017598086),.UNSPECIFIED.);
#211=B_SPLINE_CURVE_WITH_KNOTS('',3,(#6909,#6910,#6911,#6912,#6913,#6914,
#6915,#6916,#6917,#6918,#6919,#6920,#6921,#6922,#6923,#6924,#6925,#6926,
#6927,#6928,#6929,#6930,#6931,#6932,#6933,#6934,#6935,#6936,#6937,#6938,
#6939,#6940,#6941,#6942,#6943,#6944,#6945),.UNSPECIFIED.,.F.,.F.,(4,3,3,
3,3,3,3,3,3,3,3,3,4),(0.0630618149974119,0.0637449486162548,0.0644041469428483,
0.0674684961993842,0.070684792238871,0.0717972787698228,0.074833480135883,
0.0752484441641695,0.0780963960435282,0.079823257035029,0.0823438119541207,
0.0855881780959864,0.0891385429083691),.UNSPECIFIED.);
#212=B_SPLINE_CURVE_WITH_KNOTS('',3,(#6973,#6974,#6975,#6976,#6977,#6978,
#6979,#6980,#6981,#6982,#6983,#6984,#6985,#6986,#6987,#6988,#6989,#6990,
#6991,#6992,#6993,#6994),.UNSPECIFIED.,.F.,.F.,(4,3,3,3,3,3,3,4),(0.0728774590254684,
0.0898254892848248,0.110452493473802,0.131077911494201,0.141392441067562,
0.151706590270441,0.162019883635994,0.172328800944925),.UNSPECIFIED.);
#213=B_SPLINE_CURVE_WITH_KNOTS('',3,(#6996,#6997,#6998,#6999,#7000,#7001),
 .UNSPECIFIED.,.F.,.F.,(4,2,4),(0.,0.0844694563372679,0.131589833887545),
 .UNSPECIFIED.);
#214=B_SPLINE_CURVE_WITH_KNOTS('',3,(#7004,#7005,#7006,#7007,#7008,#7009,
#7010,#7011,#7012,#7013,#7014,#7015,#7016,#7017,#7018,#7019,#7020,#7021,
#7022,#7023,#7024,#7025,#7026,#7027,#7028,#7029,#7030,#7031,#7032,#7033,
#7034),.UNSPECIFIED.,.F.,.F.,(4,3,3,3,3,3,3,3,3,3,4),(0.,0.0088446189881664,
0.0296438194539187,0.0515991716814421,0.0579998719054756,0.0787711503078522,
0.0981984152071423,0.112058772793622,0.129161461742529,0.151030074656426,
0.175051066700783),.UNSPECIFIED.);
#215=B_SPLINE_CURVE_WITH_KNOTS('',3,(#7104,#7105,#7106,#7107,#7108,#7109,
#7110,#7111,#7112,#7113,#7114,#7115,#7116,#7117,#7118,#7119,#7120,#7121,
#7122,#7123,#7124,#7125,#7126,#7127,#7128,#7129,#7130,#7131,#7132,#7133,
#7134,#7135,#7136,#7137,#7138,#7139,#7140,#7141,#7142,#7143,#7144,#7145,
#7146,#7147,#7148,#7149,#7150,#7151,#7152,#7153,#7154,#7155,#7156,#7157,
#7158,#7159,#7160,#7161,#7162,#7163,#7164,#7165,#7166,#7167,#7168,#7169,
#7170,#7171,#7172,#7173,#7174,#7175,#7176,#7177,#7178,#7179,#7180,#7181,
#7182,#7183,#7184,#7185,#7186,#7187,#7188,#7189,#7190,#7191,#7192,#7193,
#7194),.UNSPECIFIED.,.F.,.F.,(4,3,3,3,3,3,3,3,3,3,3,3,3,3,3,3,3,3,3,3,3,
3,3,3,3,3,3,3,3,3,4),(0.,0.0258051566417664,0.0387115466894577,0.0516170223797527,
0.064523769007679,0.0774286652549473,0.0903335633809621,0.103239719040127,
0.116142058590698,0.129042406710166,0.141939635612729,0.154834203548343,
0.167726777435779,0.180614508843627,0.19350491854011,0.206411913940406,
0.219318909340703,0.232209319037186,0.245097050445034,0.257989624332469,
0.270884192268084,0.283781421170647,0.296681769290115,0.309584108840685,
0.322490264499851,0.335395162625866,0.348300058873134,0.36120680550106,
0.374112281191355,0.387018671239048,0.412823827880813),.UNSPECIFIED.);
#216=B_SPLINE_CURVE_WITH_KNOTS('',3,(#7223,#7224,#7225,#7226,#7227,#7228,
#7229,#7230,#7231,#7232,#7233,#7234,#7235,#7236,#7237,#7238,#7239,#7240,
#7241,#7242,#7243,#7244,#7245,#7246,#7247,#7248,#7249,#7250,#7251,#7252,
#7253),.UNSPECIFIED.,.F.,.F.,(4,3,3,3,3,3,3,3,3,3,4),(0.,0.0248824328763522,
0.039182371686009,0.0497648657527044,0.0651124859779002,0.076059692846752,
0.0924724333376215,0.10991449557664,0.126386728197509,0.131306493877139,
0.138294017598054),.UNSPECIFIED.);
#217=B_SPLINE_CURVE_WITH_KNOTS('',3,(#7257,#7258,#7259,#7260,#7261,#7262,
#7263,#7264,#7265,#7266,#7267,#7268,#7269,#7270,#7271,#7272,#7273,#7274,
#7275,#7276,#7277,#7278,#7279,#7280,#7281,#7282,#7283,#7284,#7285,#7286,
#7287,#7288,#7289,#7290,#7291,#7292,#7293),.UNSPECIFIED.,.F.,.F.,(4,3,3,
3,3,3,3,3,3,3,3,3,4),(0.0630618149150446,0.0637449485328968,0.0644041468585342,
0.0674684961106138,0.0706847921454234,0.0717972786747857,0.0748334800364301,
0.0752484440641296,0.078096395939354,0.0798232569283595,0.0823438118437982,
0.0855881779809875,0.0891385427881818),.UNSPECIFIED.);
#218=B_SPLINE_CURVE_WITH_KNOTS('',3,(#7294,#7295,#7296,#7297,#7298,#7299,
#7300,#7301,#7302,#7303,#7304,#7305,#7306,#7307,#7308,#7309,#7310,#7311,
#7312,#7313,#7314,#7315),.UNSPECIFIED.,.F.,.F.,(4,3,3,3,3,3,3,4),(0.,0.00477965414905271,
0.00956133722476823,0.0143434171032034,0.0191256733376322,0.0286884976248881,
0.038252057327609,0.0461098876620989),.UNSPECIFIED.);
#219=B_SPLINE_CURVE_WITH_KNOTS('',3,(#7343,#7344,#7345,#7346,#7347,#7348,
#7349,#7350,#7351,#7352,#7353,#7354,#7355,#7356,#7357,#7358,#7359,#7360,
#7361,#7362,#7363,#7364),.UNSPECIFIED.,.F.,.F.,(4,3,3,3,3,3,3,4),(0.0728774590254682,
0.0898254892848309,0.110452493473816,0.131077911494222,0.141392441067588,
0.15170659027047,0.162019883636027,0.172328800944961),.UNSPECIFIED.);
#220=B_SPLINE_CURVE_WITH_KNOTS('',3,(#7366,#7367,#7368,#7369,#7370,#7371),
 .UNSPECIFIED.,.F.,.F.,(4,2,4),(0.,0.0844694563372219,0.131589833887459),
 .UNSPECIFIED.);
#221=B_SPLINE_CURVE_WITH_KNOTS('',3,(#7441,#7442,#7443,#7444,#7445,#7446,
#7447,#7448,#7449,#7450,#7451,#7452,#7453,#7454,#7455,#7456,#7457,#7458,
#7459,#7460,#7461,#7462,#7463,#7464,#7465,#7466,#7467,#7468,#7469,#7470,
#7471,#7472,#7473,#7474,#7475,#7476,#7477,#7478,#7479,#7480,#7481,#7482,
#7483,#7484,#7485,#7486,#7487,#7488,#7489,#7490,#7491,#7492,#7493,#7494,
#7495,#7496,#7497,#7498,#7499,#7500,#7501,#7502,#7503,#7504,#7505,#7506,
#7507,#7508,#7509,#7510,#7511,#7512,#7513,#7514,#7515,#7516,#7517,#7518,
#7519,#7520,#7521,#7522,#7523,#7524,#7525,#7526,#7527,#7528,#7529,#7530,
#7531),.UNSPECIFIED.,.F.,.F.,(4,3,3,3,3,3,3,3,3,3,3,3,3,3,3,3,3,3,3,3,3,
3,3,3,3,3,3,3,3,3,4),(0.,0.0258051566418794,0.0387115466896271,0.0516170223799787,
0.0645237690079615,0.0774286652552863,0.0903335633813576,0.103239719040579,
0.116142058591206,0.129042406710731,0.14193963561335,0.154834203549021,
0.167726777436513,0.180614508844418,0.193504918540957,0.20641191394131,
0.219318909341663,0.232209319038202,0.245097050446107,0.257989624333598,
0.27088419226927,0.283781421171889,0.296681769291414,0.30958410884204,0.322490264501263,
0.335395162627334,0.348300058874659,0.361206805502642,0.374112281192993,
0.387018671240742,0.41282382788262),.UNSPECIFIED.);
#222=B_SPLINE_CURVE_WITH_KNOTS('',3,(#7561,#7562,#7563,#7564,#7565,#7566,
#7567,#7568,#7569,#7570,#7571,#7572,#7573,#7574,#7575,#7576,#7577,#7578,
#7579,#7580,#7581,#7582,#7583,#7584,#7585,#7586,#7587,#7588,#7589,#7590,
#7591,#7592,#7593,#7594,#7595,#7596,#7597),.UNSPECIFIED.,.F.,.F.,(4,3,3,
3,3,3,3,3,3,3,3,3,4),(0.0630618148761168,0.0637449484935165,0.0644041468187174,
0.0674684960687696,0.070684792101451,0.0717972786300731,0.0748334799897088,
0.0752484440171315,0.0780963958904753,0.0798232568783312,0.082343811792101,
0.0855881779271273,0.0891385427319942),.UNSPECIFIED.);
#223=B_SPLINE_CURVE_WITH_KNOTS('',3,(#7598,#7599,#7600,#7601,#7602,#7603,
#7604,#7605,#7606,#7607,#7608,#7609,#7610,#7611,#7612,#7613,#7614,#7615,
#7616,#7617,#7618,#7619),.UNSPECIFIED.,.F.,.F.,(4,3,3,3,3,3,3,4),(0.,0.00487634266812896,
0.00975475530645825,0.0146335727745037,0.0195125701660812,0.0292688426170928,
0.0390258653604265,0.0470426532157437),.UNSPECIFIED.);
#224=B_SPLINE_CURVE_WITH_KNOTS('',3,(#7688,#7689,#7690,#7691,#7692,#7693,
#7694,#7695,#7696,#7697,#7698,#7699,#7700,#7701,#7702,#7703,#7704,#7705,
#7706,#7707,#7708,#7709,#7710,#7711,#7712,#7713,#7714,#7715,#7716,#7717,
#7718,#7719,#7720,#7721,#7722,#7723,#7724,#7725,#7726,#7727,#7728,#7729,
#7730,#7731,#7732,#7733,#7734,#7735,#7736,#7737,#7738,#7739,#7740,#7741,
#7742,#7743,#7744,#7745,#7746,#7747,#7748,#7749,#7750,#7751,#7752,#7753,
#7754,#7755,#7756,#7757,#7758,#7759,#7760,#7761,#7762,#7763,#7764,#7765,
#7766,#7767,#7768,#7769,#7770,#7771,#7772,#7773,#7774,#7775,#7776,#7777,
#7778),.UNSPECIFIED.,.F.,.F.,(4,3,3,3,3,3,3,3,3,3,3,3,3,3,3,3,3,3,3,3,3,
3,3,3,3,3,3,3,3,3,4),(0.,0.0258051566418176,0.0387115466895343,0.051617022379855,
0.0645237690078068,0.0774286652551007,0.0903335633811411,0.103239719040332,
0.116142058590928,0.129042406710421,0.14193963561301,0.15483420354865,0.167726777436111,
0.180614508843985,0.193504918540493,0.206411913940815,0.219318909341137,
0.232209319037646,0.245097050445519,0.25798962433298,0.27088419226862,0.283781421171209,
0.296681769290703,0.309584108841298,0.32249026450049,0.33539516262653,0.348300058873824,
0.361206805501776,0.374112281192096,0.387018671239814,0.412823827881631),
 .UNSPECIFIED.);
#225=B_SPLINE_CURVE_WITH_KNOTS('',3,(#7808,#7809,#7810,#7811,#7812,#7813,
#7814,#7815,#7816,#7817,#7818,#7819,#7820,#7821,#7822,#7823,#7824,#7825,
#7826,#7827,#7828,#7829),.UNSPECIFIED.,.F.,.F.,(4,3,3,3,3,3,3,4),(0.,0.00477965414906109,
0.009561337224785,0.0143434171032286,0.0191256733376657,0.0286884976249384,
0.0382520573276761,0.0461098876621797),.UNSPECIFIED.);
#226=B_SPLINE_CURVE_WITH_KNOTS('',3,(#7831,#7832,#7833,#7834,#7835,#7836,
#7837,#7838,#7839,#7840,#7841,#7842,#7843,#7844,#7845,#7846,#7847,#7848,
#7849,#7850,#7851,#7852,#7853,#7854,#7855,#7856,#7857,#7858,#7859,#7860,
#7861),.UNSPECIFIED.,.F.,.F.,(4,3,3,3,3,3,3,3,3,3,4),(0.,0.0248824328763623,
0.0391823716859903,0.0497648657527245,0.0651124859778672,0.0760596928467596,
0.0924724333376476,0.109914495577026,0.126386728198253,0.131306493877365,
0.138294017598321),.UNSPECIFIED.);
#227=B_SPLINE_CURVE_WITH_KNOTS('',3,(#7864,#7865,#7866,#7867,#7868,#7869,
#7870,#7871,#7872,#7873,#7874,#7875,#7876,#7877,#7878,#7879,#7880,#7881,
#7882,#7883,#7884,#7885,#7886,#7887,#7888,#7889,#7890,#7891,#7892,#7893,
#7894,#7895,#7896,#7897,#7898,#7899,#7900),.UNSPECIFIED.,.F.,.F.,(4,3,3,
3,3,3,3,3,3,3,3,3,4),(0.0630618149928876,0.0637449486116636,0.0644041469381923,
0.0674684961944152,0.0706847922335728,0.0717972787644377,0.0748334801301887,
0.0752484441584448,0.0780963960375209,0.0798232570288546,0.0823438119476991,
0.0855881780892604,0.089138542901269),.UNSPECIFIED.);
#228=B_SPLINE_CURVE_WITH_KNOTS('',3,(#7928,#7929,#7930,#7931,#7932,#7933,
#7934,#7935,#7936,#7937,#7938,#7939,#7940,#7941,#7942,#7943,#7944,#7945,
#7946,#7947,#7948,#7949),.UNSPECIFIED.,.F.,.F.,(4,3,3,3,3,3,3,4),(0.0695840544796618,
0.0906299280784249,0.116244310177716,0.141856722590685,0.154665189552054,
0.167473184173628,0.180280116026028,0.193081613740468),.UNSPECIFIED.);
#229=B_SPLINE_CURVE_WITH_KNOTS('',3,(#7951,#7952,#7953,#7954,#7955,#7956),
 .UNSPECIFIED.,.F.,.F.,(4,2,4),(0.,0.084469456337228,0.131589833887462),
 .UNSPECIFIED.);
#230=B_SPLINE_CURVE_WITH_KNOTS('',3,(#7959,#7960,#7961,#7962,#7963,#7964,
#7965,#7966,#7967,#7968,#7969,#7970,#7971,#7972,#7973,#7974,#7975,#7976,
#7977,#7978,#7979,#7980,#7981,#7982,#7983,#7984,#7985,#7986,#7987,#7988,
#7989),.UNSPECIFIED.,.F.,.F.,(4,3,3,3,3,3,3,3,3,3,4),(0.,0.00884461898816687,
0.0296438194539883,0.0515991716815734,0.0579998719054698,0.0787711503078267,
0.09819841520708,0.112058772793555,0.12916146174243,0.151030074656254,0.175051066700677),
 .UNSPECIFIED.);
#231=B_SPLINE_CURVE_WITH_KNOTS('',3,(#7994,#7995,#7996,#7997,#7998,#7999,
#8000,#8001,#8002,#8003,#8004,#8005,#8006,#8007,#8008,#8009,#8010,#8011,
#8012,#8013,#8014,#8015),.UNSPECIFIED.,.F.,.F.,(4,3,3,3,3,3,3,4),(0.0728774590256337,
0.0898254892848278,0.110452493473822,0.131077911494239,0.141392441067609,
0.151706590270496,0.162019883636059,0.172328800944998),.UNSPECIFIED.);
#232=B_SPLINE_CURVE_WITH_KNOTS('',3,(#8017,#8018,#8019,#8020,#8021,#8022,
#8023,#8024,#8025,#8026,#8027,#8028,#8029,#8030,#8031,#8032,#8033,#8034,
#8035,#8036,#8037,#8038,#8039,#8040,#8041,#8042,#8043,#8044,#8045,#8046,
#8047,#8048,#8049,#8050,#8051,#8052,#8053,#8054,#8055,#8056,#8057,#8058,
#8059,#8060,#8061,#8062,#8063,#8064,#8065,#8066,#8067,#8068,#8069,#8070,
#8071,#8072,#8073,#8074,#8075,#8076,#8077,#8078,#8079,#8080,#8081,#8082,
#8083,#8084,#8085,#8086,#8087,#8088,#8089,#8090,#8091,#8092,#8093,#8094,
#8095,#8096,#8097,#8098,#8099,#8100,#8101,#8102,#8103,#8104,#8105,#8106,
#8107),.UNSPECIFIED.,.F.,.F.,(4,3,3,3,3,3,3,3,3,3,3,3,3,3,3,3,3,3,3,3,3,
3,3,3,3,3,3,3,3,3,4),(0.,0.0258051566422896,0.0387115466902426,0.0516170223807993,
0.0645237690089873,0.0774286652565172,0.0903335633827937,0.103239719042221,
0.116142058593053,0.129042406712782,0.141939635615607,0.154834203551483,
0.16772677743918,0.180614508847289,0.193504918544033,0.206411913944591,
0.21931890934515,0.232209319041894,0.245097050450003,0.2579896243377,0.270884192273576,
0.283781421176401,0.29668176929613,0.309584108846962,0.32249026450639,0.335395162632666,
0.348300058880196,0.361206805508384,0.374112281198941,0.387018671246895,
0.412823827889183),.UNSPECIFIED.);
#233=B_SPLINE_CURVE_WITH_KNOTS('',3,(#8109,#8110,#8111,#8112,#8113,#8114,
#8115,#8116,#8117,#8118,#8119,#8120,#8121,#8122,#8123,#8124,#8125,#8126,
#8127,#8128,#8129,#8130),.UNSPECIFIED.,.F.,.F.,(4,3,3,3,3,3,3,4),(0.,0.00477965414907692,
0.00956133722481668,0.0143434171032761,0.0191256733377291,0.0286884976250335,
0.0382520573278028,0.0461098876616769),.UNSPECIFIED.);
#234=B_SPLINE_CURVE_WITH_KNOTS('',3,(#8145,#8146,#8147,#8148,#8149,#8150,
#8151,#8152,#8153,#8154,#8155,#8156,#8157,#8158,#8159,#8160,#8161,#8162,
#8163,#8164,#8165,#8166,#8167,#8168,#8169,#8170,#8171,#8172,#8173,#8174,
#8175),.UNSPECIFIED.,.F.,.F.,(4,3,3,3,3,3,3,3,3,3,4),(-0.175139430066255,
-0.143618440914514,-0.125500242584694,-0.112097451762772,-0.0926444659599636,
-0.0786423495844967,-0.0580064245798711,-0.0359264725463359,-0.0150761723541336,
-0.00884475595622942,0.),.UNSPECIFIED.);
#235=B_SPLINE_CURVE_WITH_KNOTS('',3,(#8178,#8179,#8180,#8181,#8182,#8183,
#8184,#8185,#8186,#8187,#8188,#8189,#8190,#8191,#8192,#8193,#8194,#8195,
#8196,#8197,#8198,#8199,#8200,#8201,#8202,#8203,#8204,#8205,#8206,#8207,
#8208),.UNSPECIFIED.,.F.,.F.,(4,3,3,3,3,3,3,3,3,3,4),(-0.138231222372941,
-0.131250172810459,-0.114833553352832,-0.0975030403843069,-0.0924477806636762,
-0.0761537258785714,-0.0608009361947153,-0.0497559162438099,-0.0362442459578302,
-0.0189732693436062,0.),.UNSPECIFIED.);
#236=B_SPLINE_CURVE_WITH_KNOTS('',3,(#8249,#8250,#8251,#8252,#8253,#8254,
#8255,#8256,#8257,#8258,#8259,#8260,#8261,#8262,#8263,#8264,#8265,#8266,
#8267,#8268,#8269,#8270,#8271,#8272,#8273,#8274,#8275,#8276,#8277,#8278,
#8279),.UNSPECIFIED.,.F.,.F.,(4,3,3,3,3,3,3,3,3,3,4),(-0.175139430066454,
-0.143618440914683,-0.125500242584804,-0.112097451762913,-0.0926444659600752,
-0.0786423495845766,-0.0580064245799112,-0.0359264725463692,-0.0150761723541642,
-0.00884475595622921,0.),.UNSPECIFIED.);
#237=B_SPLINE_CURVE_WITH_KNOTS('',3,(#8315,#8316,#8317,#8318,#8319,#8320,
#8321,#8322,#8323,#8324,#8325,#8326,#8327,#8328,#8329,#8330,#8331,#8332,
#8333,#8334,#8335,#8336,#8337,#8338,#8339,#8340,#8341,#8342,#8343,#8344,
#8345),.UNSPECIFIED.,.F.,.F.,(4,3,3,3,3,3,3,3,3,3,4),(-0.138231222372774,
-0.131250172810307,-0.114833553352807,-0.0975030403844082,-0.0924477806636181,
-0.076153725878539,-0.060800936194685,-0.0497559162437953,-0.0362442459578412,
-0.0189732693436822,0.),.UNSPECIFIED.);
#238=PLANE('',#2063);
#239=PLANE('',#2070);
#240=PLANE('',#2076);
#241=PLANE('',#2083);
#242=PLANE('',#2090);
#243=PLANE('',#2093);
#244=PLANE('',#2110);
#245=PLANE('',#2126);
#246=PLANE('',#2135);
#247=PLANE('',#2136);
#248=PLANE('',#2137);
#249=PLANE('',#2138);
#250=PLANE('',#2139);
#251=PLANE('',#2140);
#252=PLANE('',#2141);
#253=PLANE('',#2142);
#254=PLANE('',#2144);
#255=PLANE('',#2146);
#256=PLANE('',#2148);
#257=PLANE('',#2150);
#258=PLANE('',#2152);
#259=FACE_OUTER_BOUND('',#362,.T.);
#260=FACE_OUTER_BOUND('',#363,.T.);
#261=FACE_OUTER_BOUND('',#364,.T.);
#262=FACE_OUTER_BOUND('',#365,.T.);
#263=FACE_OUTER_BOUND('',#366,.T.);
#264=FACE_OUTER_BOUND('',#367,.T.);
#265=FACE_OUTER_BOUND('',#368,.T.);
#266=FACE_OUTER_BOUND('',#369,.T.);
#267=FACE_OUTER_BOUND('',#370,.T.);
#268=FACE_OUTER_BOUND('',#371,.T.);
#269=FACE_OUTER_BOUND('',#372,.T.);
#270=FACE_OUTER_BOUND('',#373,.T.);
#271=FACE_OUTER_BOUND('',#374,.T.);
#272=FACE_OUTER_BOUND('',#375,.T.);
#273=FACE_OUTER_BOUND('',#376,.T.);
#274=FACE_OUTER_BOUND('',#377,.T.);
#275=FACE_OUTER_BOUND('',#378,.T.);
#276=FACE_OUTER_BOUND('',#379,.T.);
#277=FACE_OUTER_BOUND('',#380,.T.);
#278=FACE_OUTER_BOUND('',#381,.T.);
#279=FACE_OUTER_BOUND('',#382,.T.);
#280=FACE_OUTER_BOUND('',#383,.T.);
#281=FACE_OUTER_BOUND('',#384,.T.);
#282=FACE_OUTER_BOUND('',#385,.T.);
#283=FACE_OUTER_BOUND('',#386,.T.);
#284=FACE_OUTER_BOUND('',#387,.T.);
#285=FACE_OUTER_BOUND('',#389,.T.);
#286=FACE_OUTER_BOUND('',#390,.T.);
#287=FACE_OUTER_BOUND('',#391,.T.);
#288=FACE_OUTER_BOUND('',#392,.T.);
#289=FACE_OUTER_BOUND('',#393,.T.);
#290=FACE_OUTER_BOUND('',#394,.T.);
#291=FACE_OUTER_BOUND('',#395,.T.);
#292=FACE_OUTER_BOUND('',#396,.T.);
#293=FACE_OUTER_BOUND('',#397,.T.);
#294=FACE_OUTER_BOUND('',#398,.T.);
#295=FACE_OUTER_BOUND('',#399,.T.);
#296=FACE_OUTER_BOUND('',#405,.T.);
#297=FACE_OUTER_BOUND('',#406,.T.);
#298=FACE_OUTER_BOUND('',#407,.T.);
#299=FACE_OUTER_BOUND('',#408,.T.);
#300=FACE_OUTER_BOUND('',#409,.T.);
#301=FACE_OUTER_BOUND('',#410,.T.);
#302=FACE_OUTER_BOUND('',#411,.T.);
#303=FACE_OUTER_BOUND('',#412,.T.);
#304=FACE_OUTER_BOUND('',#413,.T.);
#305=FACE_OUTER_BOUND('',#414,.T.);
#306=FACE_OUTER_BOUND('',#415,.T.);
#307=FACE_OUTER_BOUND('',#416,.T.);
#308=FACE_OUTER_BOUND('',#417,.T.);
#309=FACE_OUTER_BOUND('',#418,.T.);
#310=FACE_OUTER_BOUND('',#419,.T.);
#311=FACE_OUTER_BOUND('',#420,.T.);
#312=FACE_OUTER_BOUND('',#421,.T.);
#313=FACE_OUTER_BOUND('',#422,.T.);
#314=FACE_OUTER_BOUND('',#423,.T.);
#315=FACE_OUTER_BOUND('',#424,.T.);
#316=FACE_OUTER_BOUND('',#425,.T.);
#317=FACE_OUTER_BOUND('',#426,.T.);
#318=FACE_OUTER_BOUND('',#427,.T.);
#319=FACE_OUTER_BOUND('',#428,.T.);
#320=FACE_OUTER_BOUND('',#429,.T.);
#321=FACE_OUTER_BOUND('',#430,.T.);
#322=FACE_OUTER_BOUND('',#431,.T.);
#323=FACE_OUTER_BOUND('',#432,.T.);
#324=FACE_OUTER_BOUND('',#433,.T.);
#325=FACE_OUTER_BOUND('',#434,.T.);
#326=FACE_OUTER_BOUND('',#435,.T.);
#327=FACE_OUTER_BOUND('',#436,.T.);
#328=FACE_OUTER_BOUND('',#442,.T.);
#329=FACE_OUTER_BOUND('',#443,.T.);
#330=FACE_OUTER_BOUND('',#444,.T.);
#331=FACE_OUTER_BOUND('',#445,.T.);
#332=FACE_OUTER_BOUND('',#446,.T.);
#333=FACE_OUTER_BOUND('',#447,.T.);
#334=FACE_OUTER_BOUND('',#448,.T.);
#335=FACE_OUTER_BOUND('',#449,.T.);
#336=FACE_OUTER_BOUND('',#450,.T.);
#337=FACE_OUTER_BOUND('',#451,.T.);
#338=FACE_OUTER_BOUND('',#452,.T.);
#339=FACE_OUTER_BOUND('',#453,.T.);
#340=FACE_OUTER_BOUND('',#454,.T.);
#341=FACE_OUTER_BOUND('',#455,.T.);
#342=FACE_OUTER_BOUND('',#456,.T.);
#343=FACE_OUTER_BOUND('',#457,.T.);
#344=FACE_OUTER_BOUND('',#458,.T.);
#345=FACE_OUTER_BOUND('',#459,.T.);
#346=FACE_OUTER_BOUND('',#460,.T.);
#347=FACE_OUTER_BOUND('',#461,.T.);
#348=FACE_OUTER_BOUND('',#462,.T.);
#349=FACE_OUTER_BOUND('',#463,.T.);
#350=FACE_OUTER_BOUND('',#464,.T.);
#351=FACE_OUTER_BOUND('',#465,.T.);
#352=FACE_OUTER_BOUND('',#466,.T.);
#353=FACE_OUTER_BOUND('',#467,.T.);
#354=FACE_OUTER_BOUND('',#468,.T.);
#355=FACE_OUTER_BOUND('',#469,.T.);
#356=FACE_OUTER_BOUND('',#470,.T.);
#357=FACE_OUTER_BOUND('',#471,.T.);
#358=FACE_OUTER_BOUND('',#472,.T.);
#359=FACE_OUTER_BOUND('',#473,.T.);
#360=FACE_OUTER_BOUND('',#474,.T.);
#361=FACE_OUTER_BOUND('',#475,.T.);
#362=EDGE_LOOP('',(#1260,#1261,#1262,#1263));
#363=EDGE_LOOP('',(#1264,#1265,#1266,#1267,#1268,#1269,#1270,#1271,#1272,
#1273));
#364=EDGE_LOOP('',(#1274,#1275,#1276,#1277,#1278,#1279,#1280,#1281));
#365=EDGE_LOOP('',(#1282,#1283,#1284,#1285,#1286,#1287,#1288,#1289,#1290,
#1291,#1292,#1293,#1294,#1295,#1296,#1297,#1298,#1299,#1300,#1301,#1302,
#1303,#1304,#1305,#1306,#1307));
#366=EDGE_LOOP('',(#1308,#1309,#1310,#1311,#1312,#1313,#1314,#1315,#1316,
#1317,#1318,#1319,#1320,#1321,#1322,#1323));
#367=EDGE_LOOP('',(#1324,#1325,#1326,#1327,#1328,#1329,#1330,#1331,#1332,
#1333,#1334,#1335,#1336,#1337,#1338,#1339,#1340,#1341,#1342,#1343,#1344,
#1345,#1346,#1347,#1348,#1349));
#368=EDGE_LOOP('',(#1350,#1351,#1352,#1353,#1354,#1355,#1356,#1357,#1358,
#1359,#1360,#1361,#1362,#1363,#1364,#1365,#1366));
#369=EDGE_LOOP('',(#1367,#1368,#1369,#1370,#1371,#1372,#1373));
#370=EDGE_LOOP('',(#1374,#1375,#1376,#1377,#1378,#1379));
#371=EDGE_LOOP('',(#1380,#1381,#1382,#1383,#1384,#1385));
#372=EDGE_LOOP('',(#1386,#1387,#1388,#1389,#1390,#1391,#1392));
#373=EDGE_LOOP('',(#1393,#1394,#1395,#1396,#1397));
#374=EDGE_LOOP('',(#1398,#1399,#1400,#1401,#1402,#1403,#1404,#1405,#1406,
#1407,#1408,#1409,#1410,#1411,#1412,#1413,#1414,#1415,#1416,#1417,#1418,
#1419,#1420,#1421));
#375=EDGE_LOOP('',(#1422,#1423,#1424,#1425,#1426,#1427));
#376=EDGE_LOOP('',(#1428,#1429,#1430,#1431,#1432,#1433,#1434));
#377=EDGE_LOOP('',(#1435,#1436,#1437,#1438,#1439));
#378=EDGE_LOOP('',(#1440,#1441,#1442,#1443,#1444));
#379=EDGE_LOOP('',(#1445,#1446,#1447,#1448));
#380=EDGE_LOOP('',(#1449,#1450,#1451,#1452,#1453));
#381=EDGE_LOOP('',(#1454,#1455,#1456,#1457,#1458,#1459,#1460,#1461));
#382=EDGE_LOOP('',(#1462,#1463,#1464,#1465,#1466,#1467));
#383=EDGE_LOOP('',(#1468,#1469,#1470,#1471,#1472,#1473));
#384=EDGE_LOOP('',(#1474,#1475,#1476,#1477,#1478,#1479));
#385=EDGE_LOOP('',(#1480,#1481,#1482,#1483,#1484,#1485));
#386=EDGE_LOOP('',(#1486,#1487,#1488,#1489,#1490,#1491,#1492,#1493));
#387=EDGE_LOOP('',(#1494));
#388=EDGE_LOOP('',(#1495));
#389=EDGE_LOOP('',(#1496,#1497,#1498,#1499,#1500,#1501));
#390=EDGE_LOOP('',(#1502,#1503,#1504,#1505,#1506,#1507));
#391=EDGE_LOOP('',(#1508,#1509,#1510,#1511,#1512,#1513));
#392=EDGE_LOOP('',(#1514,#1515,#1516,#1517,#1518,#1519));
#393=EDGE_LOOP('',(#1520,#1521));
#394=EDGE_LOOP('',(#1522,#1523));
#395=EDGE_LOOP('',(#1524,#1525));
#396=EDGE_LOOP('',(#1526,#1527));
#397=EDGE_LOOP('',(#1528,#1529));
#398=EDGE_LOOP('',(#1530,#1531));
#399=EDGE_LOOP('',(#1532));
#400=EDGE_LOOP('',(#1533));
#401=EDGE_LOOP('',(#1534));
#402=EDGE_LOOP('',(#1535));
#403=EDGE_LOOP('',(#1536));
#404=EDGE_LOOP('',(#1537));
#405=EDGE_LOOP('',(#1538,#1539,#1540,#1541,#1542,#1543));
#406=EDGE_LOOP('',(#1544,#1545,#1546,#1547,#1548,#1549));
#407=EDGE_LOOP('',(#1550,#1551,#1552,#1553,#1554,#1555));
#408=EDGE_LOOP('',(#1556,#1557,#1558,#1559,#1560,#1561));
#409=EDGE_LOOP('',(#1562,#1563,#1564,#1565,#1566,#1567));
#410=EDGE_LOOP('',(#1568,#1569,#1570,#1571,#1572,#1573));
#411=EDGE_LOOP('',(#1574,#1575,#1576,#1577,#1578,#1579));
#412=EDGE_LOOP('',(#1580,#1581,#1582,#1583,#1584,#1585));
#413=EDGE_LOOP('',(#1586,#1587,#1588,#1589,#1590));
#414=EDGE_LOOP('',(#1591,#1592,#1593,#1594,#1595));
#415=EDGE_LOOP('',(#1596,#1597,#1598,#1599));
#416=EDGE_LOOP('',(#1600,#1601,#1602,#1603,#1604));
#417=EDGE_LOOP('',(#1605,#1606,#1607,#1608,#1609));
#418=EDGE_LOOP('',(#1610,#1611,#1612,#1613,#1614));
#419=EDGE_LOOP('',(#1615,#1616,#1617,#1618,#1619,#1620));
#420=EDGE_LOOP('',(#1621,#1622,#1623,#1624,#1625,#1626));
#421=EDGE_LOOP('',(#1627,#1628,#1629,#1630,#1631,#1632));
#422=EDGE_LOOP('',(#1633,#1634,#1635,#1636,#1637,#1638));
#423=EDGE_LOOP('',(#1639,#1640,#1641,#1642,#1643,#1644));
#424=EDGE_LOOP('',(#1645,#1646,#1647,#1648,#1649,#1650));
#425=EDGE_LOOP('',(#1651,#1652,#1653,#1654,#1655,#1656));
#426=EDGE_LOOP('',(#1657,#1658,#1659,#1660,#1661,#1662));
#427=EDGE_LOOP('',(#1663,#1664,#1665,#1666,#1667,#1668));
#428=EDGE_LOOP('',(#1669,#1670,#1671,#1672,#1673));
#429=EDGE_LOOP('',(#1674,#1675,#1676,#1677,#1678,#1679,#1680));
#430=EDGE_LOOP('',(#1681,#1682,#1683,#1684,#1685));
#431=EDGE_LOOP('',(#1686,#1687,#1688,#1689));
#432=EDGE_LOOP('',(#1690,#1691,#1692,#1693,#1694));
#433=EDGE_LOOP('',(#1695,#1696,#1697,#1698,#1699,#1700));
#434=EDGE_LOOP('',(#1701,#1702,#1703,#1704,#1705,#1706));
#435=EDGE_LOOP('',(#1707,#1708,#1709,#1710,#1711,#1712));
#436=EDGE_LOOP('',(#1713,#1714,#1715,#1716,#1717,#1718,#1719,#1720,#1721,
#1722,#1723,#1724,#1725,#1726,#1727,#1728,#1729,#1730,#1731,#1732,#1733,
#1734,#1735,#1736,#1737,#1738,#1739,#1740,#1741,#1742,#1743,#1744,#1745,
#1746,#1747,#1748,#1749,#1750,#1751,#1752,#1753,#1754,#1755,#1756,#1757,
#1758,#1759,#1760));
#437=EDGE_LOOP('',(#1761));
#438=EDGE_LOOP('',(#1762));
#439=EDGE_LOOP('',(#1763));
#440=EDGE_LOOP('',(#1764));
#441=EDGE_LOOP('',(#1765));
#442=EDGE_LOOP('',(#1766,#1767,#1768,#1769));
#443=EDGE_LOOP('',(#1770,#1771,#1772,#1773));
#444=EDGE_LOOP('',(#1774,#1775,#1776,#1777));
#445=EDGE_LOOP('',(#1778,#1779,#1780,#1781));
#446=EDGE_LOOP('',(#1782,#1783,#1784,#1785));
#447=EDGE_LOOP('',(#1786,#1787,#1788,#1789));
#448=EDGE_LOOP('',(#1790,#1791,#1792,#1793));
#449=EDGE_LOOP('',(#1794,#1795,#1796,#1797));
#450=EDGE_LOOP('',(#1798,#1799,#1800,#1801));
#451=EDGE_LOOP('',(#1802,#1803,#1804,#1805));
#452=EDGE_LOOP('',(#1806,#1807,#1808,#1809));
#453=EDGE_LOOP('',(#1810,#1811,#1812,#1813));
#454=EDGE_LOOP('',(#1814,#1815,#1816,#1817));
#455=EDGE_LOOP('',(#1818,#1819,#1820,#1821));
#456=EDGE_LOOP('',(#1822,#1823,#1824,#1825));
#457=EDGE_LOOP('',(#1826,#1827,#1828,#1829));
#458=EDGE_LOOP('',(#1830,#1831,#1832,#1833));
#459=EDGE_LOOP('',(#1834,#1835,#1836,#1837));
#460=EDGE_LOOP('',(#1838,#1839,#1840,#1841));
#461=EDGE_LOOP('',(#1842,#1843,#1844,#1845));
#462=EDGE_LOOP('',(#1846,#1847,#1848,#1849));
#463=EDGE_LOOP('',(#1850,#1851,#1852,#1853));
#464=EDGE_LOOP('',(#1854,#1855,#1856,#1857));
#465=EDGE_LOOP('',(#1858,#1859,#1860,#1861));
#466=EDGE_LOOP('',(#1862,#1863,#1864,#1865));
#467=EDGE_LOOP('',(#1866,#1867,#1868,#1869));
#468=EDGE_LOOP('',(#1870,#1871,#1872,#1873));
#469=EDGE_LOOP('',(#1874,#1875,#1876,#1877));
#470=EDGE_LOOP('',(#1878,#1879,#1880,#1881));
#471=EDGE_LOOP('',(#1882,#1883,#1884,#1885,#1886,#1887));
#472=EDGE_LOOP('',(#1888,#1889,#1890,#1891));
#473=EDGE_LOOP('',(#1892,#1893,#1894,#1895));
#474=EDGE_LOOP('',(#1896,#1897,#1898,#1899,#1900,#1901));
#475=EDGE_LOOP('',(#1902,#1903,#1904,#1905,#1906,#1907));
#476=LINE('',#2612,#556);
#477=LINE('',#2619,#557);
#478=LINE('',#2623,#558);
#479=LINE('',#2629,#559);
#480=LINE('',#2633,#560);
#481=LINE('',#2640,#561);
#482=LINE('',#2644,#562);
#483=LINE('',#2648,#563);
#484=LINE('',#2651,#564);
#485=LINE('',#2717,#565);
#486=LINE('',#2737,#566);
#487=LINE('',#2773,#567);
#488=LINE('',#2786,#568);
#489=LINE('',#2822,#569);
#490=LINE('',#2842,#570);
#491=LINE('',#3153,#571);
#492=LINE('',#3156,#572);
#493=LINE('',#3223,#573);
#494=LINE('',#3243,#574);
#495=LINE('',#3280,#575);
#496=LINE('',#3345,#576);
#497=LINE('',#3725,#577);
#498=LINE('',#3787,#578);
#499=LINE('',#3877,#579);
#500=LINE('',#3909,#580);
#501=LINE('',#4008,#581);
#502=LINE('',#4103,#582);
#503=LINE('',#4186,#583);
#504=LINE('',#4218,#584);
#505=LINE('',#4317,#585);
#506=LINE('',#4436,#586);
#507=LINE('',#4499,#587);
#508=LINE('',#4528,#588);
#509=LINE('',#4560,#589);
#510=LINE('',#4564,#590);
#511=LINE('',#4568,#591);
#512=LINE('',#4572,#592);
#513=LINE('',#4576,#593);
#514=LINE('',#4581,#594);
#515=LINE('',#4586,#595);
#516=LINE('',#4590,#596);
#517=LINE('',#4594,#597);
#518=LINE('',#4598,#598);
#519=LINE('',#5104,#599);
#520=LINE('',#5105,#600);
#521=LINE('',#5188,#601);
#522=LINE('',#5283,#602);
#523=LINE('',#5473,#603);
#524=LINE('',#5530,#604);
#525=LINE('',#5598,#605);
#526=LINE('',#5691,#606);
#527=LINE('',#5719,#607);
#528=LINE('',#5836,#608);
#529=LINE('',#5864,#609);
#530=LINE('',#6084,#610);
#531=LINE('',#6085,#611);
#532=LINE('',#6168,#612);
#533=LINE('',#6263,#613);
#534=LINE('',#6454,#614);
#535=LINE('',#6455,#615);
#536=LINE('',#6538,#616);
#537=LINE('',#6633,#617);
#538=LINE('',#6824,#618);
#539=LINE('',#6825,#619);
#540=LINE('',#6908,#620);
#541=LINE('',#7003,#621);
#542=LINE('',#7102,#622);
#543=LINE('',#7195,#623);
#544=LINE('',#7255,#624);
#545=LINE('',#7372,#625);
#546=LINE('',#7440,#626);
#547=LINE('',#7559,#627);
#548=LINE('',#7779,#628);
#549=LINE('',#7780,#629);
#550=LINE('',#7863,#630);
#551=LINE('',#7958,#631);
#552=LINE('',#8229,#632);
#553=LINE('',#8247,#633);
#554=LINE('',#8346,#634);
#555=LINE('',#8375,#635);
#556=VECTOR('',#2221,2.5);
#557=VECTOR('',#2228,10.);
#558=VECTOR('',#2231,10.);
#559=VECTOR('',#2236,10.);
#560=VECTOR('',#2239,10.);
#561=VECTOR('',#2246,10.);
#562=VECTOR('',#2249,10.);
#563=VECTOR('',#2252,10.);
#564=VECTOR('',#2255,10.);
#565=VECTOR('',#2258,10.);
#566=VECTOR('',#2259,10.);
#567=VECTOR('',#2260,10.);
#568=VECTOR('',#2261,10.);
#569=VECTOR('',#2262,10.);
#570=VECTOR('',#2263,10.);
#571=VECTOR('',#2274,10.);
#572=VECTOR('',#2277,10.);
#573=VECTOR('',#2280,10.);
#574=VECTOR('',#2281,10.);
#575=VECTOR('',#2282,10.);
#576=VECTOR('',#2283,10.);
#577=VECTOR('',#2298,10.);
#578=VECTOR('',#2299,10.);
#579=VECTOR('',#2312,10.);
#580=VECTOR('',#2313,10.);
#581=VECTOR('',#2314,10.);
#582=VECTOR('',#2319,10.);
#583=VECTOR('',#2348,10.);
#584=VECTOR('',#2349,10.);
#585=VECTOR('',#2350,10.);
#586=VECTOR('',#2351,10.);
#587=VECTOR('',#2354,10.);
#588=VECTOR('',#2357,10.);
#589=VECTOR('',#2360,5.5);
#590=VECTOR('',#2365,1.45);
#591=VECTOR('',#2370,1.45);
#592=VECTOR('',#2375,1.45);
#593=VECTOR('',#2380,1.45);
#594=VECTOR('',#2387,5.5);
#595=VECTOR('',#2394,1.45);
#596=VECTOR('',#2399,1.45);
#597=VECTOR('',#2404,1.45);
#598=VECTOR('',#2409,1.45);
#599=VECTOR('',#2444,10.);
#600=VECTOR('',#2445,10.);
#601=VECTOR('',#2446,10.);
#602=VECTOR('',#2447,10.);
#603=VECTOR('',#2448,10.);
#604=VECTOR('',#2449,10.);
#605=VECTOR('',#2450,10.);
#606=VECTOR('',#2451,10.);
#607=VECTOR('',#2452,10.);
#608=VECTOR('',#2453,10.);
#609=VECTOR('',#2454,10.);
#610=VECTOR('',#2455,10.);
#611=VECTOR('',#2456,10.);
#612=VECTOR('',#2457,10.);
#613=VECTOR('',#2458,10.);
#614=VECTOR('',#2459,10.);
#615=VECTOR('',#2460,10.);
#616=VECTOR('',#2461,10.);
#617=VECTOR('',#2462,10.);
#618=VECTOR('',#2463,10.);
#619=VECTOR('',#2464,10.);
#620=VECTOR('',#2465,10.);
#621=VECTOR('',#2466,10.);
#622=VECTOR('',#2467,10.);
#623=VECTOR('',#2468,10.);
#624=VECTOR('',#2469,10.);
#625=VECTOR('',#2470,10.);
#626=VECTOR('',#2471,10.);
#627=VECTOR('',#2472,10.);
#628=VECTOR('',#2473,10.);
#629=VECTOR('',#2474,10.);
#630=VECTOR('',#2475,10.);
#631=VECTOR('',#2476,10.);
#632=VECTOR('',#2547,10.);
#633=VECTOR('',#2580,10.);
#634=VECTOR('',#2601,10.);
#635=VECTOR('',#2606,10.);
#636=CIRCLE('',#2061,2.5);
#637=CIRCLE('',#2062,2.5);
#638=CIRCLE('',#2064,5.5);
#639=CIRCLE('',#2065,1.45);
#640=CIRCLE('',#2066,10.);
#641=CIRCLE('',#2067,10.);
#642=CIRCLE('',#2068,1.45);
#643=CIRCLE('',#2069,5.5);
#644=CIRCLE('',#2071,5.5);
#645=CIRCLE('',#2072,1.45);
#646=CIRCLE('',#2073,10.);
#647=CIRCLE('',#2074,1.45);
#648=CIRCLE('',#2077,5.5);
#649=CIRCLE('',#2078,1.45);
#650=CIRCLE('',#2079,13.98777046918);
#651=CIRCLE('',#2080,13.98777046918);
#652=CIRCLE('',#2081,1.45);
#653=CIRCLE('',#2084,5.5);
#654=CIRCLE('',#2085,1.45);
#655=CIRCLE('',#2086,13.98777046918);
#656=CIRCLE('',#2087,13.98777046918);
#657=CIRCLE('',#2088,1.45);
#658=CIRCLE('',#2089,5.5);
#659=CIRCLE('',#2091,10.);
#660=CIRCLE('',#2092,12.98777046918);
#661=CIRCLE('',#2094,12.98777046918);
#662=CIRCLE('',#2095,10.);
#663=CIRCLE('',#2097,10.);
#664=CIRCLE('',#2098,10.);
#665=CIRCLE('',#2099,10.);
#666=CIRCLE('',#2100,10.);
#667=CIRCLE('',#2101,10.);
#668=CIRCLE('',#2102,10.);
#669=CIRCLE('',#2103,10.);
#670=CIRCLE('',#2104,10.);
#671=CIRCLE('',#2105,10.);
#672=CIRCLE('',#2106,10.);
#673=CIRCLE('',#2107,10.);
#674=CIRCLE('',#2108,10.);
#675=CIRCLE('',#2109,10.);
#676=CIRCLE('',#2111,12.98777046918);
#677=CIRCLE('',#2113,13.98777046918);
#678=CIRCLE('',#2115,5.5);
#679=CIRCLE('',#2117,1.45);
#680=CIRCLE('',#2119,1.45);
#681=CIRCLE('',#2121,1.45);
#682=CIRCLE('',#2123,1.45);
#683=CIRCLE('',#2125,5.5);
#684=CIRCLE('',#2128,1.45);
#685=CIRCLE('',#2130,1.45);
#686=CIRCLE('',#2132,1.45);
#687=CIRCLE('',#2134,1.45);
#688=CIRCLE('',#2143,12.98777046918);
#689=CIRCLE('',#2145,12.98777046918);
#690=CIRCLE('',#2147,12.98777046918);
#691=CIRCLE('',#2149,12.98777046918);
#692=CIRCLE('',#2151,12.98777046918);
#693=CIRCLE('',#2153,12.98777046918);
#694=CIRCLE('',#2154,12.98777046918);
#695=CIRCLE('',#2155,12.98777046918);
#696=CIRCLE('',#2156,12.98777046918);
#697=CIRCLE('',#2157,12.98777046918);
#698=CIRCLE('',#2158,12.98777046918);
#699=CIRCLE('',#2159,12.98777046918);
#700=CIRCLE('',#2160,12.98777046918);
#701=CIRCLE('',#2161,12.98777046918);
#702=CIRCLE('',#2162,12.98777046918);
#703=CIRCLE('',#2163,12.98777046918);
#704=CIRCLE('',#2164,12.98777046918);
#705=CIRCLE('',#2166,13.98777046918);
#706=CIRCLE('',#2168,13.98777046918);
#707=CIRCLE('',#2170,13.98777046918);
#708=CIRCLE('',#2173,13.98777046918);
#709=CIRCLE('',#2175,13.98777046918);
#710=CIRCLE('',#2177,13.98777046918);
#711=CIRCLE('',#2179,13.98777046918);
#712=CIRCLE('',#2181,13.98777046918);
#713=CIRCLE('',#2183,13.98777046918);
#714=CIRCLE('',#2185,13.98777046918);
#715=CIRCLE('',#2187,13.98777046918);
#716=CIRCLE('',#2189,13.98777046918);
#717=CIRCLE('',#2192,13.98777046918);
#718=CIRCLE('',#2194,13.98777046918);
#719=CIRCLE('',#2196,13.98777046918);
#720=CIRCLE('',#2198,13.98777046918);
#721=CIRCLE('',#2202,13.98777046918);
#722=CIRCLE('',#2210,13.98777046918);
#723=CIRCLE('',#2212,13.98777046918);
#724=VERTEX_POINT('',#2609);
#725=VERTEX_POINT('',#2611);
#726=VERTEX_POINT('',#2615);
#727=VERTEX_POINT('',#2616);
#728=VERTEX_POINT('',#2618);
#729=VERTEX_POINT('',#2620);
#730=VERTEX_POINT('',#2622);
#731=VERTEX_POINT('',#2624);
#732=VERTEX_POINT('',#2626);
#733=VERTEX_POINT('',#2628);
#734=VERTEX_POINT('',#2630);
#735=VERTEX_POINT('',#2632);
#736=VERTEX_POINT('',#2636);
#737=VERTEX_POINT('',#2637);
#738=VERTEX_POINT('',#2639);
#739=VERTEX_POINT('',#2641);
#740=VERTEX_POINT('',#2643);
#741=VERTEX_POINT('',#2645);
#742=VERTEX_POINT('',#2647);
#743=VERTEX_POINT('',#2649);
#744=VERTEX_POINT('',#2664);
#745=VERTEX_POINT('',#2697);
#746=VERTEX_POINT('',#2716);
#747=VERTEX_POINT('',#2718);
#748=VERTEX_POINT('',#2725);
#749=VERTEX_POINT('',#2736);
#750=VERTEX_POINT('',#2738);
#751=VERTEX_POINT('',#2765);
#752=VERTEX_POINT('',#2772);
#753=VERTEX_POINT('',#2774);
#754=VERTEX_POINT('',#2785);
#755=VERTEX_POINT('',#2787);
#756=VERTEX_POINT('',#2814);
#757=VERTEX_POINT('',#2821);
#758=VERTEX_POINT('',#2823);
#759=VERTEX_POINT('',#2834);
#760=VERTEX_POINT('',#2841);
#761=VERTEX_POINT('',#2861);
#762=VERTEX_POINT('',#2895);
#763=VERTEX_POINT('',#2898);
#764=VERTEX_POINT('',#2913);
#765=VERTEX_POINT('',#2945);
#766=VERTEX_POINT('',#2947);
#767=VERTEX_POINT('',#2979);
#768=VERTEX_POINT('',#3071);
#769=VERTEX_POINT('',#3103);
#770=VERTEX_POINT('',#3105);
#771=VERTEX_POINT('',#3137);
#772=VERTEX_POINT('',#3152);
#773=VERTEX_POINT('',#3154);
#774=VERTEX_POINT('',#3168);
#775=VERTEX_POINT('',#3202);
#776=VERTEX_POINT('',#3222);
#777=VERTEX_POINT('',#3224);
#778=VERTEX_POINT('',#3231);
#779=VERTEX_POINT('',#3242);
#780=VERTEX_POINT('',#3244);
#781=VERTEX_POINT('',#3251);
#782=VERTEX_POINT('',#3279);
#783=VERTEX_POINT('',#3292);
#784=VERTEX_POINT('',#3326);
#785=VERTEX_POINT('',#3337);
#786=VERTEX_POINT('',#3344);
#787=VERTEX_POINT('',#3365);
#788=VERTEX_POINT('',#3400);
#789=VERTEX_POINT('',#3403);
#790=VERTEX_POINT('',#3418);
#791=VERTEX_POINT('',#3450);
#792=VERTEX_POINT('',#3452);
#793=VERTEX_POINT('',#3484);
#794=VERTEX_POINT('',#3576);
#795=VERTEX_POINT('',#3608);
#796=VERTEX_POINT('',#3610);
#797=VERTEX_POINT('',#3684);
#798=VERTEX_POINT('',#3692);
#799=VERTEX_POINT('',#3724);
#800=VERTEX_POINT('',#3726);
#801=VERTEX_POINT('',#3764);
#802=VERTEX_POINT('',#3789);
#803=VERTEX_POINT('',#3791);
#804=VERTEX_POINT('',#3803);
#805=VERTEX_POINT('',#3816);
#806=VERTEX_POINT('',#3824);
#807=VERTEX_POINT('',#3826);
#808=VERTEX_POINT('',#3837);
#809=VERTEX_POINT('',#3876);
#810=VERTEX_POINT('',#3878);
#811=VERTEX_POINT('',#3901);
#812=VERTEX_POINT('',#3908);
#813=VERTEX_POINT('',#4007);
#814=VERTEX_POINT('',#4101);
#815=VERTEX_POINT('',#4104);
#816=VERTEX_POINT('',#4106);
#817=VERTEX_POINT('',#4108);
#818=VERTEX_POINT('',#4110);
#819=VERTEX_POINT('',#4112);
#820=VERTEX_POINT('',#4115);
#821=VERTEX_POINT('',#4117);
#822=VERTEX_POINT('',#4119);
#823=VERTEX_POINT('',#4121);
#824=VERTEX_POINT('',#4123);
#825=VERTEX_POINT('',#4127);
#826=VERTEX_POINT('',#4135);
#827=VERTEX_POINT('',#4137);
#828=VERTEX_POINT('',#4185);
#829=VERTEX_POINT('',#4187);
#830=VERTEX_POINT('',#4210);
#831=VERTEX_POINT('',#4217);
#832=VERTEX_POINT('',#4316);
#833=VERTEX_POINT('',#4435);
#834=VERTEX_POINT('',#4437);
#835=VERTEX_POINT('',#4498);
#836=VERTEX_POINT('',#4527);
#837=VERTEX_POINT('',#4529);
#838=VERTEX_POINT('',#4559);
#839=VERTEX_POINT('',#4563);
#840=VERTEX_POINT('',#4567);
#841=VERTEX_POINT('',#4571);
#842=VERTEX_POINT('',#4575);
#843=VERTEX_POINT('',#4579);
#844=VERTEX_POINT('',#4584);
#845=VERTEX_POINT('',#4588);
#846=VERTEX_POINT('',#4592);
#847=VERTEX_POINT('',#4596);
#848=VERTEX_POINT('',#4721);
#849=VERTEX_POINT('',#4733);
#850=VERTEX_POINT('',#4744);
#851=VERTEX_POINT('',#4754);
#852=VERTEX_POINT('',#4766);
#853=VERTEX_POINT('',#4777);
#854=VERTEX_POINT('',#4779);
#855=VERTEX_POINT('',#4802);
#856=VERTEX_POINT('',#4814);
#857=VERTEX_POINT('',#4825);
#858=VERTEX_POINT('',#4827);
#859=VERTEX_POINT('',#4850);
#860=VERTEX_POINT('',#4862);
#861=VERTEX_POINT('',#4873);
#862=VERTEX_POINT('',#4875);
#863=VERTEX_POINT('',#4898);
#864=VERTEX_POINT('',#4910);
#865=VERTEX_POINT('',#4921);
#866=VERTEX_POINT('',#4923);
#867=VERTEX_POINT('',#5011);
#868=VERTEX_POINT('',#5012);
#869=VERTEX_POINT('',#5132);
#870=VERTEX_POINT('',#5155);
#871=VERTEX_POINT('',#5187);
#872=VERTEX_POINT('',#5252);
#873=VERTEX_POINT('',#5275);
#874=VERTEX_POINT('',#5282);
#875=VERTEX_POINT('',#5381);
#876=VERTEX_POINT('',#5500);
#877=VERTEX_POINT('',#5523);
#878=VERTEX_POINT('',#5597);
#879=VERTEX_POINT('',#5599);
#880=VERTEX_POINT('',#5718);
#881=VERTEX_POINT('',#5720);
#882=VERTEX_POINT('',#5806);
#883=VERTEX_POINT('',#5829);
#884=VERTEX_POINT('',#5863);
#885=VERTEX_POINT('',#5865);
#886=VERTEX_POINT('',#5991);
#887=VERTEX_POINT('',#5992);
#888=VERTEX_POINT('',#6112);
#889=VERTEX_POINT('',#6135);
#890=VERTEX_POINT('',#6167);
#891=VERTEX_POINT('',#6232);
#892=VERTEX_POINT('',#6255);
#893=VERTEX_POINT('',#6262);
#894=VERTEX_POINT('',#6361);
#895=VERTEX_POINT('',#6362);
#896=VERTEX_POINT('',#6482);
#897=VERTEX_POINT('',#6505);
#898=VERTEX_POINT('',#6537);
#899=VERTEX_POINT('',#6602);
#900=VERTEX_POINT('',#6625);
#901=VERTEX_POINT('',#6632);
#902=VERTEX_POINT('',#6731);
#903=VERTEX_POINT('',#6732);
#904=VERTEX_POINT('',#6852);
#905=VERTEX_POINT('',#6875);
#906=VERTEX_POINT('',#6907);
#907=VERTEX_POINT('',#6972);
#908=VERTEX_POINT('',#6995);
#909=VERTEX_POINT('',#7002);
#910=VERTEX_POINT('',#7101);
#911=VERTEX_POINT('',#7103);
#912=VERTEX_POINT('',#7222);
#913=VERTEX_POINT('',#7254);
#914=VERTEX_POINT('',#7256);
#915=VERTEX_POINT('',#7342);
#916=VERTEX_POINT('',#7365);
#917=VERTEX_POINT('',#7439);
#918=VERTEX_POINT('',#7558);
#919=VERTEX_POINT('',#7560);
#920=VERTEX_POINT('',#7686);
#921=VERTEX_POINT('',#7687);
#922=VERTEX_POINT('',#7807);
#923=VERTEX_POINT('',#7830);
#924=VERTEX_POINT('',#7862);
#925=VERTEX_POINT('',#7927);
#926=VERTEX_POINT('',#7950);
#927=VERTEX_POINT('',#7957);
#928=VERTEX_POINT('',#7991);
#929=VERTEX_POINT('',#7993);
#930=VERTEX_POINT('',#8016);
#931=VERTEX_POINT('',#8108);
#932=VERTEX_POINT('',#8143);
#933=VERTEX_POINT('',#8177);
#934=VERTEX_POINT('',#8228);
#935=VERTEX_POINT('',#8245);
#936=EDGE_CURVE('',#724,#724,#636,.T.);
#937=EDGE_CURVE('',#724,#725,#476,.T.);
#938=EDGE_CURVE('',#725,#725,#637,.T.);
#939=EDGE_CURVE('',#726,#727,#638,.T.);
#940=EDGE_CURVE('',#726,#728,#477,.T.);
#941=EDGE_CURVE('',#729,#728,#639,.T.);
#942=EDGE_CURVE('',#729,#730,#478,.T.);
#943=EDGE_CURVE('',#731,#730,#640,.T.);
#944=EDGE_CURVE('',#732,#731,#641,.T.);
#945=EDGE_CURVE('',#732,#733,#479,.T.);
#946=EDGE_CURVE('',#734,#733,#642,.T.);
#947=EDGE_CURVE('',#734,#735,#480,.T.);
#948=EDGE_CURVE('',#727,#735,#643,.T.);
#949=EDGE_CURVE('',#736,#737,#644,.T.);
#950=EDGE_CURVE('',#736,#738,#481,.T.);
#951=EDGE_CURVE('',#739,#738,#645,.T.);
#952=EDGE_CURVE('',#739,#740,#482,.T.);
#953=EDGE_CURVE('',#741,#740,#646,.T.);
#954=EDGE_CURVE('',#741,#742,#483,.T.);
#955=EDGE_CURVE('',#743,#742,#647,.T.);
#956=EDGE_CURVE('',#743,#737,#484,.T.);
#957=EDGE_CURVE('',#737,#726,#82,.T.);
#958=EDGE_CURVE('',#744,#743,#83,.T.);
#959=EDGE_CURVE('',#742,#744,#84,.T.);
#960=EDGE_CURVE('',#745,#741,#85,.T.);
#961=EDGE_CURVE('',#746,#745,#485,.T.);
#962=EDGE_CURVE('',#747,#746,#86,.T.);
#963=EDGE_CURVE('',#748,#747,#87,.T.);
#964=EDGE_CURVE('',#749,#748,#486,.T.);
#965=EDGE_CURVE('',#750,#749,#88,.T.);
#966=EDGE_CURVE('',#751,#750,#89,.T.);
#967=EDGE_CURVE('',#752,#751,#487,.T.);
#968=EDGE_CURVE('',#753,#752,#90,.T.);
#969=EDGE_CURVE('',#754,#753,#488,.T.);
#970=EDGE_CURVE('',#755,#754,#91,.T.);
#971=EDGE_CURVE('',#756,#755,#92,.T.);
#972=EDGE_CURVE('',#757,#756,#489,.T.);
#973=EDGE_CURVE('',#758,#757,#93,.T.);
#974=EDGE_CURVE('',#759,#758,#94,.T.);
#975=EDGE_CURVE('',#760,#759,#490,.T.);
#976=EDGE_CURVE('',#730,#760,#95,.T.);
#977=EDGE_CURVE('',#761,#729,#96,.T.);
#978=EDGE_CURVE('',#728,#761,#97,.T.);
#979=EDGE_CURVE('',#752,#762,#648,.T.);
#980=EDGE_CURVE('',#749,#751,#649,.T.);
#981=EDGE_CURVE('',#763,#748,#98,.T.);
#982=EDGE_CURVE('',#764,#763,#99,.T.);
#983=EDGE_CURVE('',#765,#764,#650,.T.);
#984=EDGE_CURVE('',#766,#765,#100,.T.);
#985=EDGE_CURVE('',#767,#766,#101,.T.);
#986=EDGE_CURVE('',#768,#767,#102,.T.);
#987=EDGE_CURVE('',#769,#768,#651,.T.);
#988=EDGE_CURVE('',#770,#769,#103,.T.);
#989=EDGE_CURVE('',#771,#770,#104,.T.);
#990=EDGE_CURVE('',#772,#771,#491,.T.);
#991=EDGE_CURVE('',#773,#772,#652,.T.);
#992=EDGE_CURVE('',#762,#773,#492,.T.);
#993=EDGE_CURVE('',#735,#736,#105,.T.);
#994=EDGE_CURVE('',#774,#734,#106,.T.);
#995=EDGE_CURVE('',#733,#774,#107,.T.);
#996=EDGE_CURVE('',#775,#732,#108,.T.);
#997=EDGE_CURVE('',#776,#775,#493,.T.);
#998=EDGE_CURVE('',#777,#776,#109,.T.);
#999=EDGE_CURVE('',#778,#777,#110,.T.);
#1000=EDGE_CURVE('',#778,#779,#494,.T.);
#1001=EDGE_CURVE('',#780,#779,#111,.T.);
#1002=EDGE_CURVE('',#781,#780,#112,.T.);
#1003=EDGE_CURVE('',#781,#782,#495,.T.);
#1004=EDGE_CURVE('',#762,#782,#113,.T.);
#1005=EDGE_CURVE('',#783,#773,#114,.T.);
#1006=EDGE_CURVE('',#772,#783,#115,.T.);
#1007=EDGE_CURVE('',#784,#771,#116,.T.);
#1008=EDGE_CURVE('',#785,#784,#117,.T.);
#1009=EDGE_CURVE('',#786,#785,#496,.T.);
#1010=EDGE_CURVE('',#740,#786,#118,.T.);
#1011=EDGE_CURVE('',#787,#739,#119,.T.);
#1012=EDGE_CURVE('',#738,#787,#120,.T.);
#1013=EDGE_CURVE('',#782,#788,#653,.T.);
#1014=EDGE_CURVE('',#779,#781,#654,.T.);
#1015=EDGE_CURVE('',#789,#778,#121,.T.);
#1016=EDGE_CURVE('',#790,#789,#122,.T.);
#1017=EDGE_CURVE('',#791,#790,#655,.T.);
#1018=EDGE_CURVE('',#792,#791,#123,.T.);
#1019=EDGE_CURVE('',#793,#792,#124,.T.);
#1020=EDGE_CURVE('',#794,#793,#125,.T.);
#1021=EDGE_CURVE('',#795,#794,#656,.T.);
#1022=EDGE_CURVE('',#796,#795,#126,.T.);
#1023=EDGE_CURVE('',#757,#796,#127,.T.);
#1024=EDGE_CURVE('',#754,#756,#657,.T.);
#1025=EDGE_CURVE('',#788,#753,#658,.T.);
#1026=EDGE_CURVE('',#797,#776,#128,.T.);
#1027=EDGE_CURVE('',#798,#797,#129,.T.);
#1028=EDGE_CURVE('',#799,#798,#497,.T.);
#1029=EDGE_CURVE('',#800,#799,#130,.T.);
#1030=EDGE_CURVE('',#801,#800,#131,.T.);
#1031=EDGE_CURVE('',#777,#801,#498,.T.);
#1032=EDGE_CURVE('',#775,#802,#659,.T.);
#1033=EDGE_CURVE('',#802,#803,#132,.T.);
#1034=EDGE_CURVE('',#803,#804,#133,.T.);
#1035=EDGE_CURVE('',#797,#804,#660,.T.);
#1036=EDGE_CURVE('',#759,#805,#134,.T.);
#1037=EDGE_CURVE('',#806,#805,#661,.T.);
#1038=EDGE_CURVE('',#806,#807,#135,.T.);
#1039=EDGE_CURVE('',#807,#808,#136,.T.);
#1040=EDGE_CURVE('',#808,#760,#662,.T.);
#1041=EDGE_CURVE('',#758,#809,#499,.T.);
#1042=EDGE_CURVE('',#810,#809,#137,.T.);
#1043=EDGE_CURVE('',#811,#810,#138,.T.);
#1044=EDGE_CURVE('',#812,#811,#500,.T.);
#1045=EDGE_CURVE('',#805,#812,#139,.T.);
#1046=EDGE_CURVE('',#796,#813,#501,.T.);
#1047=EDGE_CURVE('',#809,#813,#140,.T.);
#1048=EDGE_CURVE('',#814,#814,#663,.T.);
#1049=EDGE_CURVE('',#814,#731,#502,.T.);
#1050=EDGE_CURVE('',#808,#815,#664,.T.);
#1051=EDGE_CURVE('',#816,#815,#665,.T.);
#1052=EDGE_CURVE('',#816,#817,#666,.T.);
#1053=EDGE_CURVE('',#818,#817,#667,.T.);
#1054=EDGE_CURVE('',#818,#819,#668,.T.);
#1055=EDGE_CURVE('',#745,#819,#669,.T.);
#1056=EDGE_CURVE('',#820,#786,#670,.T.);
#1057=EDGE_CURVE('',#820,#821,#671,.T.);
#1058=EDGE_CURVE('',#822,#821,#672,.T.);
#1059=EDGE_CURVE('',#822,#823,#673,.T.);
#1060=EDGE_CURVE('',#824,#823,#674,.T.);
#1061=EDGE_CURVE('',#824,#802,#675,.T.);
#1062=EDGE_CURVE('',#785,#825,#141,.T.);
#1063=EDGE_CURVE('',#826,#825,#676,.T.);
#1064=EDGE_CURVE('',#826,#827,#142,.T.);
#1065=EDGE_CURVE('',#827,#820,#143,.T.);
#1066=EDGE_CURVE('',#784,#828,#503,.T.);
#1067=EDGE_CURVE('',#829,#828,#144,.T.);
#1068=EDGE_CURVE('',#830,#829,#145,.T.);
#1069=EDGE_CURVE('',#831,#830,#504,.T.);
#1070=EDGE_CURVE('',#825,#831,#146,.T.);
#1071=EDGE_CURVE('',#770,#832,#505,.T.);
#1072=EDGE_CURVE('',#828,#832,#147,.T.);
#1073=EDGE_CURVE('',#833,#769,#506,.T.);
#1074=EDGE_CURVE('',#834,#833,#148,.T.);
#1075=EDGE_CURVE('',#832,#834,#149,.T.);
#1076=EDGE_CURVE('',#768,#835,#507,.T.);
#1077=EDGE_CURVE('',#833,#835,#677,.T.);
#1078=EDGE_CURVE('',#767,#836,#508,.T.);
#1079=EDGE_CURVE('',#837,#836,#150,.T.);
#1080=EDGE_CURVE('',#835,#837,#151,.T.);
#1081=EDGE_CURVE('',#788,#838,#509,.T.);
#1082=EDGE_CURVE('',#838,#838,#678,.T.);
#1083=EDGE_CURVE('',#783,#839,#510,.T.);
#1084=EDGE_CURVE('',#839,#839,#679,.T.);
#1085=EDGE_CURVE('',#780,#840,#511,.T.);
#1086=EDGE_CURVE('',#840,#840,#680,.T.);
#1087=EDGE_CURVE('',#755,#841,#512,.T.);
#1088=EDGE_CURVE('',#841,#841,#681,.T.);
#1089=EDGE_CURVE('',#750,#842,#513,.T.);
#1090=EDGE_CURVE('',#842,#842,#682,.T.);
#1091=EDGE_CURVE('',#843,#843,#683,.T.);
#1092=EDGE_CURVE('',#843,#727,#514,.T.);
#1093=EDGE_CURVE('',#844,#844,#684,.T.);
#1094=EDGE_CURVE('',#844,#761,#515,.T.);
#1095=EDGE_CURVE('',#845,#845,#685,.T.);
#1096=EDGE_CURVE('',#845,#744,#516,.T.);
#1097=EDGE_CURVE('',#846,#846,#686,.T.);
#1098=EDGE_CURVE('',#846,#787,#517,.T.);
#1099=EDGE_CURVE('',#847,#847,#687,.T.);
#1100=EDGE_CURVE('',#847,#774,#518,.T.);
#1101=EDGE_CURVE('',#820,#821,#152,.T.);
#1102=EDGE_CURVE('',#822,#823,#153,.T.);
#1103=EDGE_CURVE('',#824,#802,#154,.T.);
#1104=EDGE_CURVE('',#808,#815,#155,.T.);
#1105=EDGE_CURVE('',#816,#817,#156,.T.);
#1106=EDGE_CURVE('',#818,#819,#157,.T.);
#1107=EDGE_CURVE('',#819,#848,#158,.T.);
#1108=EDGE_CURVE('',#848,#849,#159,.T.);
#1109=EDGE_CURVE('',#850,#849,#688,.T.);
#1110=EDGE_CURVE('',#850,#746,#160,.T.);
#1111=EDGE_CURVE('',#817,#851,#161,.T.);
#1112=EDGE_CURVE('',#851,#852,#162,.T.);
#1113=EDGE_CURVE('',#853,#852,#689,.T.);
#1114=EDGE_CURVE('',#853,#854,#163,.T.);
#1115=EDGE_CURVE('',#854,#818,#164,.T.);
#1116=EDGE_CURVE('',#815,#855,#165,.T.);
#1117=EDGE_CURVE('',#855,#856,#166,.T.);
#1118=EDGE_CURVE('',#857,#856,#690,.T.);
#1119=EDGE_CURVE('',#857,#858,#167,.T.);
#1120=EDGE_CURVE('',#858,#816,#168,.T.);
#1121=EDGE_CURVE('',#823,#859,#169,.T.);
#1122=EDGE_CURVE('',#859,#860,#170,.T.);
#1123=EDGE_CURVE('',#861,#860,#691,.T.);
#1124=EDGE_CURVE('',#861,#862,#171,.T.);
#1125=EDGE_CURVE('',#862,#824,#172,.T.);
#1126=EDGE_CURVE('',#821,#863,#173,.T.);
#1127=EDGE_CURVE('',#863,#864,#174,.T.);
#1128=EDGE_CURVE('',#865,#864,#692,.T.);
#1129=EDGE_CURVE('',#865,#866,#175,.T.);
#1130=EDGE_CURVE('',#866,#822,#176,.T.);
#1131=EDGE_CURVE('',#867,#868,#177,.T.);
#1132=EDGE_CURVE('',#803,#867,#519,.T.);
#1133=EDGE_CURVE('',#862,#868,#520,.T.);
#1134=EDGE_CURVE('',#868,#869,#178,.T.);
#1135=EDGE_CURVE('',#870,#861,#179,.T.);
#1136=EDGE_CURVE('',#871,#870,#521,.T.);
#1137=EDGE_CURVE('',#869,#871,#180,.T.);
#1138=EDGE_CURVE('',#872,#867,#181,.T.);
#1139=EDGE_CURVE('',#873,#872,#182,.T.);
#1140=EDGE_CURVE('',#874,#873,#522,.T.);
#1141=EDGE_CURVE('',#804,#874,#183,.T.);
#1142=EDGE_CURVE('',#875,#801,#184,.T.);
#1143=EDGE_CURVE('',#789,#875,#523,.T.);
#1144=EDGE_CURVE('',#876,#875,#185,.T.);
#1145=EDGE_CURVE('',#877,#876,#186,.T.);
#1146=EDGE_CURVE('',#790,#877,#524,.T.);
#1147=EDGE_CURVE('',#792,#878,#525,.T.);
#1148=EDGE_CURVE('',#879,#878,#187,.T.);
#1149=EDGE_CURVE('',#793,#879,#526,.T.);
#1150=EDGE_CURVE('',#880,#791,#527,.T.);
#1151=EDGE_CURVE('',#881,#880,#188,.T.);
#1152=EDGE_CURVE('',#878,#881,#189,.T.);
#1153=EDGE_CURVE('',#882,#879,#190,.T.);
#1154=EDGE_CURVE('',#883,#882,#191,.T.);
#1155=EDGE_CURVE('',#794,#883,#528,.T.);
#1156=EDGE_CURVE('',#884,#795,#529,.T.);
#1157=EDGE_CURVE('',#885,#884,#192,.T.);
#1158=EDGE_CURVE('',#813,#885,#193,.T.);
#1159=EDGE_CURVE('',#886,#887,#194,.T.);
#1160=EDGE_CURVE('',#855,#886,#530,.T.);
#1161=EDGE_CURVE('',#807,#887,#531,.T.);
#1162=EDGE_CURVE('',#887,#888,#195,.T.);
#1163=EDGE_CURVE('',#889,#806,#196,.T.);
#1164=EDGE_CURVE('',#890,#889,#532,.T.);
#1165=EDGE_CURVE('',#888,#890,#197,.T.);
#1166=EDGE_CURVE('',#891,#886,#198,.T.);
#1167=EDGE_CURVE('',#892,#891,#199,.T.);
#1168=EDGE_CURVE('',#893,#892,#533,.T.);
#1169=EDGE_CURVE('',#856,#893,#200,.T.);
#1170=EDGE_CURVE('',#894,#895,#201,.T.);
#1171=EDGE_CURVE('',#851,#894,#534,.T.);
#1172=EDGE_CURVE('',#858,#895,#535,.T.);
#1173=EDGE_CURVE('',#895,#896,#202,.T.);
#1174=EDGE_CURVE('',#897,#857,#203,.T.);
#1175=EDGE_CURVE('',#898,#897,#536,.T.);
#1176=EDGE_CURVE('',#896,#898,#204,.T.);
#1177=EDGE_CURVE('',#899,#894,#205,.T.);
#1178=EDGE_CURVE('',#900,#899,#206,.T.);
#1179=EDGE_CURVE('',#901,#900,#537,.T.);
#1180=EDGE_CURVE('',#852,#901,#207,.T.);
#1181=EDGE_CURVE('',#902,#903,#208,.T.);
#1182=EDGE_CURVE('',#848,#902,#538,.T.);
#1183=EDGE_CURVE('',#854,#903,#539,.T.);
#1184=EDGE_CURVE('',#903,#904,#209,.T.);
#1185=EDGE_CURVE('',#905,#853,#210,.T.);
#1186=EDGE_CURVE('',#906,#905,#540,.T.);
#1187=EDGE_CURVE('',#904,#906,#211,.T.);
#1188=EDGE_CURVE('',#907,#902,#212,.T.);
#1189=EDGE_CURVE('',#908,#907,#213,.T.);
#1190=EDGE_CURVE('',#909,#908,#541,.T.);
#1191=EDGE_CURVE('',#849,#909,#214,.T.);
#1192=EDGE_CURVE('',#747,#910,#542,.T.);
#1193=EDGE_CURVE('',#911,#910,#215,.T.);
#1194=EDGE_CURVE('',#763,#911,#543,.T.);
#1195=EDGE_CURVE('',#912,#850,#216,.T.);
#1196=EDGE_CURVE('',#913,#912,#544,.T.);
#1197=EDGE_CURVE('',#914,#913,#217,.T.);
#1198=EDGE_CURVE('',#910,#914,#218,.T.);
#1199=EDGE_CURVE('',#915,#911,#219,.T.);
#1200=EDGE_CURVE('',#916,#915,#220,.T.);
#1201=EDGE_CURVE('',#764,#916,#545,.T.);
#1202=EDGE_CURVE('',#766,#917,#546,.T.);
#1203=EDGE_CURVE('',#836,#917,#221,.T.);
#1204=EDGE_CURVE('',#918,#765,#547,.T.);
#1205=EDGE_CURVE('',#919,#918,#222,.T.);
#1206=EDGE_CURVE('',#917,#919,#223,.T.);
#1207=EDGE_CURVE('',#920,#921,#224,.T.);
#1208=EDGE_CURVE('',#863,#920,#548,.T.);
#1209=EDGE_CURVE('',#827,#921,#549,.T.);
#1210=EDGE_CURVE('',#921,#922,#225,.T.);
#1211=EDGE_CURVE('',#923,#826,#226,.T.);
#1212=EDGE_CURVE('',#924,#923,#550,.T.);
#1213=EDGE_CURVE('',#922,#924,#227,.T.);
#1214=EDGE_CURVE('',#925,#920,#228,.T.);
#1215=EDGE_CURVE('',#926,#925,#229,.T.);
#1216=EDGE_CURVE('',#927,#926,#551,.T.);
#1217=EDGE_CURVE('',#864,#927,#230,.T.);
#1218=EDGE_CURVE('',#928,#869,#693,.T.);
#1219=EDGE_CURVE('',#928,#929,#231,.T.);
#1220=EDGE_CURVE('',#929,#930,#232,.T.);
#1221=EDGE_CURVE('',#930,#931,#233,.T.);
#1222=EDGE_CURVE('',#925,#931,#694,.T.);
#1223=EDGE_CURVE('',#829,#922,#695,.T.);
#1224=EDGE_CURVE('',#837,#834,#696,.T.);
#1225=EDGE_CURVE('',#915,#919,#697,.T.);
#1226=EDGE_CURVE('',#907,#914,#698,.T.);
#1227=EDGE_CURVE('',#899,#904,#699,.T.);
#1228=EDGE_CURVE('',#891,#896,#700,.T.);
#1229=EDGE_CURVE('',#810,#888,#701,.T.);
#1230=EDGE_CURVE('',#882,#885,#702,.T.);
#1231=EDGE_CURVE('',#876,#881,#703,.T.);
#1232=EDGE_CURVE('',#872,#800,#704,.T.);
#1233=EDGE_CURVE('',#871,#932,#705,.T.);
#1234=EDGE_CURVE('',#932,#928,#234,.T.);
#1235=EDGE_CURVE('',#931,#933,#235,.T.);
#1236=EDGE_CURVE('',#933,#926,#706,.T.);
#1237=EDGE_CURVE('',#924,#830,#707,.T.);
#1238=EDGE_CURVE('',#918,#916,#708,.T.);
#1239=EDGE_CURVE('',#913,#908,#709,.T.);
#1240=EDGE_CURVE('',#906,#900,#710,.T.);
#1241=EDGE_CURVE('',#898,#892,#711,.T.);
#1242=EDGE_CURVE('',#890,#811,#712,.T.);
#1243=EDGE_CURVE('',#884,#883,#713,.T.);
#1244=EDGE_CURVE('',#880,#877,#714,.T.);
#1245=EDGE_CURVE('',#933,#934,#552,.T.);
#1246=EDGE_CURVE('',#927,#934,#715,.T.);
#1247=EDGE_CURVE('',#831,#923,#716,.T.);
#1248=EDGE_CURVE('',#909,#912,#717,.T.);
#1249=EDGE_CURVE('',#901,#905,#718,.T.);
#1250=EDGE_CURVE('',#893,#897,#719,.T.);
#1251=EDGE_CURVE('',#812,#889,#720,.T.);
#1252=EDGE_CURVE('',#935,#870,#721,.T.);
#1253=EDGE_CURVE('',#935,#932,#553,.T.);
#1254=EDGE_CURVE('',#934,#865,#236,.T.);
#1255=EDGE_CURVE('',#874,#798,#722,.T.);
#1256=EDGE_CURVE('',#799,#873,#723,.T.);
#1257=EDGE_CURVE('',#860,#935,#237,.T.);
#1258=EDGE_CURVE('',#859,#929,#554,.T.);
#1259=EDGE_CURVE('',#866,#930,#555,.T.);
#1260=ORIENTED_EDGE('',*,*,#936,.F.);
#1261=ORIENTED_EDGE('',*,*,#937,.T.);
#1262=ORIENTED_EDGE('',*,*,#938,.F.);
#1263=ORIENTED_EDGE('',*,*,#937,.F.);
#1264=ORIENTED_EDGE('',*,*,#939,.F.);
#1265=ORIENTED_EDGE('',*,*,#940,.T.);
#1266=ORIENTED_EDGE('',*,*,#941,.F.);
#1267=ORIENTED_EDGE('',*,*,#942,.T.);
#1268=ORIENTED_EDGE('',*,*,#943,.F.);
#1269=ORIENTED_EDGE('',*,*,#944,.F.);
#1270=ORIENTED_EDGE('',*,*,#945,.T.);
#1271=ORIENTED_EDGE('',*,*,#946,.F.);
#1272=ORIENTED_EDGE('',*,*,#947,.T.);
#1273=ORIENTED_EDGE('',*,*,#948,.F.);
#1274=ORIENTED_EDGE('',*,*,#949,.F.);
#1275=ORIENTED_EDGE('',*,*,#950,.T.);
#1276=ORIENTED_EDGE('',*,*,#951,.F.);
#1277=ORIENTED_EDGE('',*,*,#952,.T.);
#1278=ORIENTED_EDGE('',*,*,#953,.F.);
#1279=ORIENTED_EDGE('',*,*,#954,.T.);
#1280=ORIENTED_EDGE('',*,*,#955,.F.);
#1281=ORIENTED_EDGE('',*,*,#956,.T.);
#1282=ORIENTED_EDGE('',*,*,#957,.F.);
#1283=ORIENTED_EDGE('',*,*,#956,.F.);
#1284=ORIENTED_EDGE('',*,*,#958,.F.);
#1285=ORIENTED_EDGE('',*,*,#959,.F.);
#1286=ORIENTED_EDGE('',*,*,#954,.F.);
#1287=ORIENTED_EDGE('',*,*,#960,.F.);
#1288=ORIENTED_EDGE('',*,*,#961,.F.);
#1289=ORIENTED_EDGE('',*,*,#962,.F.);
#1290=ORIENTED_EDGE('',*,*,#963,.F.);
#1291=ORIENTED_EDGE('',*,*,#964,.F.);
#1292=ORIENTED_EDGE('',*,*,#965,.F.);
#1293=ORIENTED_EDGE('',*,*,#966,.F.);
#1294=ORIENTED_EDGE('',*,*,#967,.F.);
#1295=ORIENTED_EDGE('',*,*,#968,.F.);
#1296=ORIENTED_EDGE('',*,*,#969,.F.);
#1297=ORIENTED_EDGE('',*,*,#970,.F.);
#1298=ORIENTED_EDGE('',*,*,#971,.F.);
#1299=ORIENTED_EDGE('',*,*,#972,.F.);
#1300=ORIENTED_EDGE('',*,*,#973,.F.);
#1301=ORIENTED_EDGE('',*,*,#974,.F.);
#1302=ORIENTED_EDGE('',*,*,#975,.F.);
#1303=ORIENTED_EDGE('',*,*,#976,.F.);
#1304=ORIENTED_EDGE('',*,*,#942,.F.);
#1305=ORIENTED_EDGE('',*,*,#977,.F.);
#1306=ORIENTED_EDGE('',*,*,#978,.F.);
#1307=ORIENTED_EDGE('',*,*,#940,.F.);
#1308=ORIENTED_EDGE('',*,*,#979,.F.);
#1309=ORIENTED_EDGE('',*,*,#967,.T.);
#1310=ORIENTED_EDGE('',*,*,#980,.F.);
#1311=ORIENTED_EDGE('',*,*,#964,.T.);
#1312=ORIENTED_EDGE('',*,*,#981,.F.);
#1313=ORIENTED_EDGE('',*,*,#982,.F.);
#1314=ORIENTED_EDGE('',*,*,#983,.F.);
#1315=ORIENTED_EDGE('',*,*,#984,.F.);
#1316=ORIENTED_EDGE('',*,*,#985,.F.);
#1317=ORIENTED_EDGE('',*,*,#986,.F.);
#1318=ORIENTED_EDGE('',*,*,#987,.F.);
#1319=ORIENTED_EDGE('',*,*,#988,.F.);
#1320=ORIENTED_EDGE('',*,*,#989,.F.);
#1321=ORIENTED_EDGE('',*,*,#990,.F.);
#1322=ORIENTED_EDGE('',*,*,#991,.F.);
#1323=ORIENTED_EDGE('',*,*,#992,.F.);
#1324=ORIENTED_EDGE('',*,*,#993,.F.);
#1325=ORIENTED_EDGE('',*,*,#947,.F.);
#1326=ORIENTED_EDGE('',*,*,#994,.F.);
#1327=ORIENTED_EDGE('',*,*,#995,.F.);
#1328=ORIENTED_EDGE('',*,*,#945,.F.);
#1329=ORIENTED_EDGE('',*,*,#996,.F.);
#1330=ORIENTED_EDGE('',*,*,#997,.F.);
#1331=ORIENTED_EDGE('',*,*,#998,.F.);
#1332=ORIENTED_EDGE('',*,*,#999,.F.);
#1333=ORIENTED_EDGE('',*,*,#1000,.T.);
#1334=ORIENTED_EDGE('',*,*,#1001,.F.);
#1335=ORIENTED_EDGE('',*,*,#1002,.F.);
#1336=ORIENTED_EDGE('',*,*,#1003,.T.);
#1337=ORIENTED_EDGE('',*,*,#1004,.F.);
#1338=ORIENTED_EDGE('',*,*,#992,.T.);
#1339=ORIENTED_EDGE('',*,*,#1005,.F.);
#1340=ORIENTED_EDGE('',*,*,#1006,.F.);
#1341=ORIENTED_EDGE('',*,*,#990,.T.);
#1342=ORIENTED_EDGE('',*,*,#1007,.F.);
#1343=ORIENTED_EDGE('',*,*,#1008,.F.);
#1344=ORIENTED_EDGE('',*,*,#1009,.F.);
#1345=ORIENTED_EDGE('',*,*,#1010,.F.);
#1346=ORIENTED_EDGE('',*,*,#952,.F.);
#1347=ORIENTED_EDGE('',*,*,#1011,.F.);
#1348=ORIENTED_EDGE('',*,*,#1012,.F.);
#1349=ORIENTED_EDGE('',*,*,#950,.F.);
#1350=ORIENTED_EDGE('',*,*,#1013,.F.);
#1351=ORIENTED_EDGE('',*,*,#1003,.F.);
#1352=ORIENTED_EDGE('',*,*,#1014,.F.);
#1353=ORIENTED_EDGE('',*,*,#1000,.F.);
#1354=ORIENTED_EDGE('',*,*,#1015,.F.);
#1355=ORIENTED_EDGE('',*,*,#1016,.F.);
#1356=ORIENTED_EDGE('',*,*,#1017,.F.);
#1357=ORIENTED_EDGE('',*,*,#1018,.F.);
#1358=ORIENTED_EDGE('',*,*,#1019,.F.);
#1359=ORIENTED_EDGE('',*,*,#1020,.F.);
#1360=ORIENTED_EDGE('',*,*,#1021,.F.);
#1361=ORIENTED_EDGE('',*,*,#1022,.F.);
#1362=ORIENTED_EDGE('',*,*,#1023,.F.);
#1363=ORIENTED_EDGE('',*,*,#972,.T.);
#1364=ORIENTED_EDGE('',*,*,#1024,.F.);
#1365=ORIENTED_EDGE('',*,*,#969,.T.);
#1366=ORIENTED_EDGE('',*,*,#1025,.F.);
#1367=ORIENTED_EDGE('',*,*,#998,.T.);
#1368=ORIENTED_EDGE('',*,*,#1026,.F.);
#1369=ORIENTED_EDGE('',*,*,#1027,.F.);
#1370=ORIENTED_EDGE('',*,*,#1028,.F.);
#1371=ORIENTED_EDGE('',*,*,#1029,.F.);
#1372=ORIENTED_EDGE('',*,*,#1030,.F.);
#1373=ORIENTED_EDGE('',*,*,#1031,.F.);
#1374=ORIENTED_EDGE('',*,*,#997,.T.);
#1375=ORIENTED_EDGE('',*,*,#1032,.T.);
#1376=ORIENTED_EDGE('',*,*,#1033,.T.);
#1377=ORIENTED_EDGE('',*,*,#1034,.T.);
#1378=ORIENTED_EDGE('',*,*,#1035,.F.);
#1379=ORIENTED_EDGE('',*,*,#1026,.T.);
#1380=ORIENTED_EDGE('',*,*,#975,.T.);
#1381=ORIENTED_EDGE('',*,*,#1036,.T.);
#1382=ORIENTED_EDGE('',*,*,#1037,.F.);
#1383=ORIENTED_EDGE('',*,*,#1038,.T.);
#1384=ORIENTED_EDGE('',*,*,#1039,.T.);
#1385=ORIENTED_EDGE('',*,*,#1040,.T.);
#1386=ORIENTED_EDGE('',*,*,#974,.T.);
#1387=ORIENTED_EDGE('',*,*,#1041,.T.);
#1388=ORIENTED_EDGE('',*,*,#1042,.F.);
#1389=ORIENTED_EDGE('',*,*,#1043,.F.);
#1390=ORIENTED_EDGE('',*,*,#1044,.F.);
#1391=ORIENTED_EDGE('',*,*,#1045,.F.);
#1392=ORIENTED_EDGE('',*,*,#1036,.F.);
#1393=ORIENTED_EDGE('',*,*,#973,.T.);
#1394=ORIENTED_EDGE('',*,*,#1023,.T.);
#1395=ORIENTED_EDGE('',*,*,#1046,.T.);
#1396=ORIENTED_EDGE('',*,*,#1047,.F.);
#1397=ORIENTED_EDGE('',*,*,#1041,.F.);
#1398=ORIENTED_EDGE('',*,*,#1048,.F.);
#1399=ORIENTED_EDGE('',*,*,#1049,.T.);
#1400=ORIENTED_EDGE('',*,*,#943,.T.);
#1401=ORIENTED_EDGE('',*,*,#976,.T.);
#1402=ORIENTED_EDGE('',*,*,#1040,.F.);
#1403=ORIENTED_EDGE('',*,*,#1050,.T.);
#1404=ORIENTED_EDGE('',*,*,#1051,.F.);
#1405=ORIENTED_EDGE('',*,*,#1052,.T.);
#1406=ORIENTED_EDGE('',*,*,#1053,.F.);
#1407=ORIENTED_EDGE('',*,*,#1054,.T.);
#1408=ORIENTED_EDGE('',*,*,#1055,.F.);
#1409=ORIENTED_EDGE('',*,*,#960,.T.);
#1410=ORIENTED_EDGE('',*,*,#953,.T.);
#1411=ORIENTED_EDGE('',*,*,#1010,.T.);
#1412=ORIENTED_EDGE('',*,*,#1056,.F.);
#1413=ORIENTED_EDGE('',*,*,#1057,.T.);
#1414=ORIENTED_EDGE('',*,*,#1058,.F.);
#1415=ORIENTED_EDGE('',*,*,#1059,.T.);
#1416=ORIENTED_EDGE('',*,*,#1060,.F.);
#1417=ORIENTED_EDGE('',*,*,#1061,.T.);
#1418=ORIENTED_EDGE('',*,*,#1032,.F.);
#1419=ORIENTED_EDGE('',*,*,#996,.T.);
#1420=ORIENTED_EDGE('',*,*,#944,.T.);
#1421=ORIENTED_EDGE('',*,*,#1049,.F.);
#1422=ORIENTED_EDGE('',*,*,#1009,.T.);
#1423=ORIENTED_EDGE('',*,*,#1062,.T.);
#1424=ORIENTED_EDGE('',*,*,#1063,.F.);
#1425=ORIENTED_EDGE('',*,*,#1064,.T.);
#1426=ORIENTED_EDGE('',*,*,#1065,.T.);
#1427=ORIENTED_EDGE('',*,*,#1056,.T.);
#1428=ORIENTED_EDGE('',*,*,#1008,.T.);
#1429=ORIENTED_EDGE('',*,*,#1066,.T.);
#1430=ORIENTED_EDGE('',*,*,#1067,.F.);
#1431=ORIENTED_EDGE('',*,*,#1068,.F.);
#1432=ORIENTED_EDGE('',*,*,#1069,.F.);
#1433=ORIENTED_EDGE('',*,*,#1070,.F.);
#1434=ORIENTED_EDGE('',*,*,#1062,.F.);
#1435=ORIENTED_EDGE('',*,*,#1007,.T.);
#1436=ORIENTED_EDGE('',*,*,#989,.T.);
#1437=ORIENTED_EDGE('',*,*,#1071,.T.);
#1438=ORIENTED_EDGE('',*,*,#1072,.F.);
#1439=ORIENTED_EDGE('',*,*,#1066,.F.);
#1440=ORIENTED_EDGE('',*,*,#988,.T.);
#1441=ORIENTED_EDGE('',*,*,#1073,.F.);
#1442=ORIENTED_EDGE('',*,*,#1074,.F.);
#1443=ORIENTED_EDGE('',*,*,#1075,.F.);
#1444=ORIENTED_EDGE('',*,*,#1071,.F.);
#1445=ORIENTED_EDGE('',*,*,#987,.T.);
#1446=ORIENTED_EDGE('',*,*,#1076,.T.);
#1447=ORIENTED_EDGE('',*,*,#1077,.F.);
#1448=ORIENTED_EDGE('',*,*,#1073,.T.);
#1449=ORIENTED_EDGE('',*,*,#986,.T.);
#1450=ORIENTED_EDGE('',*,*,#1078,.T.);
#1451=ORIENTED_EDGE('',*,*,#1079,.F.);
#1452=ORIENTED_EDGE('',*,*,#1080,.F.);
#1453=ORIENTED_EDGE('',*,*,#1076,.F.);
#1454=ORIENTED_EDGE('',*,*,#1004,.T.);
#1455=ORIENTED_EDGE('',*,*,#1013,.T.);
#1456=ORIENTED_EDGE('',*,*,#1081,.T.);
#1457=ORIENTED_EDGE('',*,*,#1082,.T.);
#1458=ORIENTED_EDGE('',*,*,#1081,.F.);
#1459=ORIENTED_EDGE('',*,*,#1025,.T.);
#1460=ORIENTED_EDGE('',*,*,#968,.T.);
#1461=ORIENTED_EDGE('',*,*,#979,.T.);
#1462=ORIENTED_EDGE('',*,*,#1006,.T.);
#1463=ORIENTED_EDGE('',*,*,#1083,.T.);
#1464=ORIENTED_EDGE('',*,*,#1084,.F.);
#1465=ORIENTED_EDGE('',*,*,#1083,.F.);
#1466=ORIENTED_EDGE('',*,*,#1005,.T.);
#1467=ORIENTED_EDGE('',*,*,#991,.T.);
#1468=ORIENTED_EDGE('',*,*,#1002,.T.);
#1469=ORIENTED_EDGE('',*,*,#1085,.T.);
#1470=ORIENTED_EDGE('',*,*,#1086,.F.);
#1471=ORIENTED_EDGE('',*,*,#1085,.F.);
#1472=ORIENTED_EDGE('',*,*,#1001,.T.);
#1473=ORIENTED_EDGE('',*,*,#1014,.T.);
#1474=ORIENTED_EDGE('',*,*,#1024,.T.);
#1475=ORIENTED_EDGE('',*,*,#971,.T.);
#1476=ORIENTED_EDGE('',*,*,#1087,.T.);
#1477=ORIENTED_EDGE('',*,*,#1088,.F.);
#1478=ORIENTED_EDGE('',*,*,#1087,.F.);
#1479=ORIENTED_EDGE('',*,*,#970,.T.);
#1480=ORIENTED_EDGE('',*,*,#980,.T.);
#1481=ORIENTED_EDGE('',*,*,#966,.T.);
#1482=ORIENTED_EDGE('',*,*,#1089,.T.);
#1483=ORIENTED_EDGE('',*,*,#1090,.F.);
#1484=ORIENTED_EDGE('',*,*,#1089,.F.);
#1485=ORIENTED_EDGE('',*,*,#965,.T.);
#1486=ORIENTED_EDGE('',*,*,#1091,.F.);
#1487=ORIENTED_EDGE('',*,*,#1092,.T.);
#1488=ORIENTED_EDGE('',*,*,#948,.T.);
#1489=ORIENTED_EDGE('',*,*,#993,.T.);
#1490=ORIENTED_EDGE('',*,*,#949,.T.);
#1491=ORIENTED_EDGE('',*,*,#957,.T.);
#1492=ORIENTED_EDGE('',*,*,#939,.T.);
#1493=ORIENTED_EDGE('',*,*,#1092,.F.);
#1494=ORIENTED_EDGE('',*,*,#1082,.F.);
#1495=ORIENTED_EDGE('',*,*,#936,.T.);
#1496=ORIENTED_EDGE('',*,*,#1093,.F.);
#1497=ORIENTED_EDGE('',*,*,#1094,.T.);
#1498=ORIENTED_EDGE('',*,*,#977,.T.);
#1499=ORIENTED_EDGE('',*,*,#941,.T.);
#1500=ORIENTED_EDGE('',*,*,#978,.T.);
#1501=ORIENTED_EDGE('',*,*,#1094,.F.);
#1502=ORIENTED_EDGE('',*,*,#1095,.F.);
#1503=ORIENTED_EDGE('',*,*,#1096,.T.);
#1504=ORIENTED_EDGE('',*,*,#958,.T.);
#1505=ORIENTED_EDGE('',*,*,#955,.T.);
#1506=ORIENTED_EDGE('',*,*,#959,.T.);
#1507=ORIENTED_EDGE('',*,*,#1096,.F.);
#1508=ORIENTED_EDGE('',*,*,#1097,.F.);
#1509=ORIENTED_EDGE('',*,*,#1098,.T.);
#1510=ORIENTED_EDGE('',*,*,#1011,.T.);
#1511=ORIENTED_EDGE('',*,*,#951,.T.);
#1512=ORIENTED_EDGE('',*,*,#1012,.T.);
#1513=ORIENTED_EDGE('',*,*,#1098,.F.);
#1514=ORIENTED_EDGE('',*,*,#1099,.F.);
#1515=ORIENTED_EDGE('',*,*,#1100,.T.);
#1516=ORIENTED_EDGE('',*,*,#994,.T.);
#1517=ORIENTED_EDGE('',*,*,#946,.T.);
#1518=ORIENTED_EDGE('',*,*,#995,.T.);
#1519=ORIENTED_EDGE('',*,*,#1100,.F.);
#1520=ORIENTED_EDGE('',*,*,#1101,.T.);
#1521=ORIENTED_EDGE('',*,*,#1057,.F.);
#1522=ORIENTED_EDGE('',*,*,#1102,.T.);
#1523=ORIENTED_EDGE('',*,*,#1059,.F.);
#1524=ORIENTED_EDGE('',*,*,#1103,.T.);
#1525=ORIENTED_EDGE('',*,*,#1061,.F.);
#1526=ORIENTED_EDGE('',*,*,#1104,.T.);
#1527=ORIENTED_EDGE('',*,*,#1050,.F.);
#1528=ORIENTED_EDGE('',*,*,#1105,.T.);
#1529=ORIENTED_EDGE('',*,*,#1052,.F.);
#1530=ORIENTED_EDGE('',*,*,#1106,.T.);
#1531=ORIENTED_EDGE('',*,*,#1054,.F.);
#1532=ORIENTED_EDGE('',*,*,#1048,.T.);
#1533=ORIENTED_EDGE('',*,*,#1091,.T.);
#1534=ORIENTED_EDGE('',*,*,#1093,.T.);
#1535=ORIENTED_EDGE('',*,*,#1095,.T.);
#1536=ORIENTED_EDGE('',*,*,#1097,.T.);
#1537=ORIENTED_EDGE('',*,*,#1099,.T.);
#1538=ORIENTED_EDGE('',*,*,#961,.T.);
#1539=ORIENTED_EDGE('',*,*,#1055,.T.);
#1540=ORIENTED_EDGE('',*,*,#1107,.T.);
#1541=ORIENTED_EDGE('',*,*,#1108,.T.);
#1542=ORIENTED_EDGE('',*,*,#1109,.F.);
#1543=ORIENTED_EDGE('',*,*,#1110,.T.);
#1544=ORIENTED_EDGE('',*,*,#1053,.T.);
#1545=ORIENTED_EDGE('',*,*,#1111,.T.);
#1546=ORIENTED_EDGE('',*,*,#1112,.T.);
#1547=ORIENTED_EDGE('',*,*,#1113,.F.);
#1548=ORIENTED_EDGE('',*,*,#1114,.T.);
#1549=ORIENTED_EDGE('',*,*,#1115,.T.);
#1550=ORIENTED_EDGE('',*,*,#1051,.T.);
#1551=ORIENTED_EDGE('',*,*,#1116,.T.);
#1552=ORIENTED_EDGE('',*,*,#1117,.T.);
#1553=ORIENTED_EDGE('',*,*,#1118,.F.);
#1554=ORIENTED_EDGE('',*,*,#1119,.T.);
#1555=ORIENTED_EDGE('',*,*,#1120,.T.);
#1556=ORIENTED_EDGE('',*,*,#1060,.T.);
#1557=ORIENTED_EDGE('',*,*,#1121,.T.);
#1558=ORIENTED_EDGE('',*,*,#1122,.T.);
#1559=ORIENTED_EDGE('',*,*,#1123,.F.);
#1560=ORIENTED_EDGE('',*,*,#1124,.T.);
#1561=ORIENTED_EDGE('',*,*,#1125,.T.);
#1562=ORIENTED_EDGE('',*,*,#1058,.T.);
#1563=ORIENTED_EDGE('',*,*,#1126,.T.);
#1564=ORIENTED_EDGE('',*,*,#1127,.T.);
#1565=ORIENTED_EDGE('',*,*,#1128,.F.);
#1566=ORIENTED_EDGE('',*,*,#1129,.T.);
#1567=ORIENTED_EDGE('',*,*,#1130,.T.);
#1568=ORIENTED_EDGE('',*,*,#1131,.F.);
#1569=ORIENTED_EDGE('',*,*,#1132,.F.);
#1570=ORIENTED_EDGE('',*,*,#1033,.F.);
#1571=ORIENTED_EDGE('',*,*,#1103,.F.);
#1572=ORIENTED_EDGE('',*,*,#1125,.F.);
#1573=ORIENTED_EDGE('',*,*,#1133,.T.);
#1574=ORIENTED_EDGE('',*,*,#1134,.F.);
#1575=ORIENTED_EDGE('',*,*,#1133,.F.);
#1576=ORIENTED_EDGE('',*,*,#1124,.F.);
#1577=ORIENTED_EDGE('',*,*,#1135,.F.);
#1578=ORIENTED_EDGE('',*,*,#1136,.F.);
#1579=ORIENTED_EDGE('',*,*,#1137,.F.);
#1580=ORIENTED_EDGE('',*,*,#1138,.F.);
#1581=ORIENTED_EDGE('',*,*,#1139,.F.);
#1582=ORIENTED_EDGE('',*,*,#1140,.F.);
#1583=ORIENTED_EDGE('',*,*,#1141,.F.);
#1584=ORIENTED_EDGE('',*,*,#1034,.F.);
#1585=ORIENTED_EDGE('',*,*,#1132,.T.);
#1586=ORIENTED_EDGE('',*,*,#999,.T.);
#1587=ORIENTED_EDGE('',*,*,#1031,.T.);
#1588=ORIENTED_EDGE('',*,*,#1142,.F.);
#1589=ORIENTED_EDGE('',*,*,#1143,.F.);
#1590=ORIENTED_EDGE('',*,*,#1015,.T.);
#1591=ORIENTED_EDGE('',*,*,#1016,.T.);
#1592=ORIENTED_EDGE('',*,*,#1143,.T.);
#1593=ORIENTED_EDGE('',*,*,#1144,.F.);
#1594=ORIENTED_EDGE('',*,*,#1145,.F.);
#1595=ORIENTED_EDGE('',*,*,#1146,.F.);
#1596=ORIENTED_EDGE('',*,*,#1019,.T.);
#1597=ORIENTED_EDGE('',*,*,#1147,.T.);
#1598=ORIENTED_EDGE('',*,*,#1148,.F.);
#1599=ORIENTED_EDGE('',*,*,#1149,.F.);
#1600=ORIENTED_EDGE('',*,*,#1018,.T.);
#1601=ORIENTED_EDGE('',*,*,#1150,.F.);
#1602=ORIENTED_EDGE('',*,*,#1151,.F.);
#1603=ORIENTED_EDGE('',*,*,#1152,.F.);
#1604=ORIENTED_EDGE('',*,*,#1147,.F.);
#1605=ORIENTED_EDGE('',*,*,#1020,.T.);
#1606=ORIENTED_EDGE('',*,*,#1149,.T.);
#1607=ORIENTED_EDGE('',*,*,#1153,.F.);
#1608=ORIENTED_EDGE('',*,*,#1154,.F.);
#1609=ORIENTED_EDGE('',*,*,#1155,.F.);
#1610=ORIENTED_EDGE('',*,*,#1022,.T.);
#1611=ORIENTED_EDGE('',*,*,#1156,.F.);
#1612=ORIENTED_EDGE('',*,*,#1157,.F.);
#1613=ORIENTED_EDGE('',*,*,#1158,.F.);
#1614=ORIENTED_EDGE('',*,*,#1046,.F.);
#1615=ORIENTED_EDGE('',*,*,#1159,.F.);
#1616=ORIENTED_EDGE('',*,*,#1160,.F.);
#1617=ORIENTED_EDGE('',*,*,#1116,.F.);
#1618=ORIENTED_EDGE('',*,*,#1104,.F.);
#1619=ORIENTED_EDGE('',*,*,#1039,.F.);
#1620=ORIENTED_EDGE('',*,*,#1161,.T.);
#1621=ORIENTED_EDGE('',*,*,#1162,.F.);
#1622=ORIENTED_EDGE('',*,*,#1161,.F.);
#1623=ORIENTED_EDGE('',*,*,#1038,.F.);
#1624=ORIENTED_EDGE('',*,*,#1163,.F.);
#1625=ORIENTED_EDGE('',*,*,#1164,.F.);
#1626=ORIENTED_EDGE('',*,*,#1165,.F.);
#1627=ORIENTED_EDGE('',*,*,#1166,.F.);
#1628=ORIENTED_EDGE('',*,*,#1167,.F.);
#1629=ORIENTED_EDGE('',*,*,#1168,.F.);
#1630=ORIENTED_EDGE('',*,*,#1169,.F.);
#1631=ORIENTED_EDGE('',*,*,#1117,.F.);
#1632=ORIENTED_EDGE('',*,*,#1160,.T.);
#1633=ORIENTED_EDGE('',*,*,#1170,.F.);
#1634=ORIENTED_EDGE('',*,*,#1171,.F.);
#1635=ORIENTED_EDGE('',*,*,#1111,.F.);
#1636=ORIENTED_EDGE('',*,*,#1105,.F.);
#1637=ORIENTED_EDGE('',*,*,#1120,.F.);
#1638=ORIENTED_EDGE('',*,*,#1172,.T.);
#1639=ORIENTED_EDGE('',*,*,#1173,.F.);
#1640=ORIENTED_EDGE('',*,*,#1172,.F.);
#1641=ORIENTED_EDGE('',*,*,#1119,.F.);
#1642=ORIENTED_EDGE('',*,*,#1174,.F.);
#1643=ORIENTED_EDGE('',*,*,#1175,.F.);
#1644=ORIENTED_EDGE('',*,*,#1176,.F.);
#1645=ORIENTED_EDGE('',*,*,#1177,.F.);
#1646=ORIENTED_EDGE('',*,*,#1178,.F.);
#1647=ORIENTED_EDGE('',*,*,#1179,.F.);
#1648=ORIENTED_EDGE('',*,*,#1180,.F.);
#1649=ORIENTED_EDGE('',*,*,#1112,.F.);
#1650=ORIENTED_EDGE('',*,*,#1171,.T.);
#1651=ORIENTED_EDGE('',*,*,#1181,.F.);
#1652=ORIENTED_EDGE('',*,*,#1182,.F.);
#1653=ORIENTED_EDGE('',*,*,#1107,.F.);
#1654=ORIENTED_EDGE('',*,*,#1106,.F.);
#1655=ORIENTED_EDGE('',*,*,#1115,.F.);
#1656=ORIENTED_EDGE('',*,*,#1183,.T.);
#1657=ORIENTED_EDGE('',*,*,#1184,.F.);
#1658=ORIENTED_EDGE('',*,*,#1183,.F.);
#1659=ORIENTED_EDGE('',*,*,#1114,.F.);
#1660=ORIENTED_EDGE('',*,*,#1185,.F.);
#1661=ORIENTED_EDGE('',*,*,#1186,.F.);
#1662=ORIENTED_EDGE('',*,*,#1187,.F.);
#1663=ORIENTED_EDGE('',*,*,#1188,.F.);
#1664=ORIENTED_EDGE('',*,*,#1189,.F.);
#1665=ORIENTED_EDGE('',*,*,#1190,.F.);
#1666=ORIENTED_EDGE('',*,*,#1191,.F.);
#1667=ORIENTED_EDGE('',*,*,#1108,.F.);
#1668=ORIENTED_EDGE('',*,*,#1182,.T.);
#1669=ORIENTED_EDGE('',*,*,#963,.T.);
#1670=ORIENTED_EDGE('',*,*,#1192,.T.);
#1671=ORIENTED_EDGE('',*,*,#1193,.F.);
#1672=ORIENTED_EDGE('',*,*,#1194,.F.);
#1673=ORIENTED_EDGE('',*,*,#981,.T.);
#1674=ORIENTED_EDGE('',*,*,#962,.T.);
#1675=ORIENTED_EDGE('',*,*,#1110,.F.);
#1676=ORIENTED_EDGE('',*,*,#1195,.F.);
#1677=ORIENTED_EDGE('',*,*,#1196,.F.);
#1678=ORIENTED_EDGE('',*,*,#1197,.F.);
#1679=ORIENTED_EDGE('',*,*,#1198,.F.);
#1680=ORIENTED_EDGE('',*,*,#1192,.F.);
#1681=ORIENTED_EDGE('',*,*,#982,.T.);
#1682=ORIENTED_EDGE('',*,*,#1194,.T.);
#1683=ORIENTED_EDGE('',*,*,#1199,.F.);
#1684=ORIENTED_EDGE('',*,*,#1200,.F.);
#1685=ORIENTED_EDGE('',*,*,#1201,.F.);
#1686=ORIENTED_EDGE('',*,*,#985,.T.);
#1687=ORIENTED_EDGE('',*,*,#1202,.T.);
#1688=ORIENTED_EDGE('',*,*,#1203,.F.);
#1689=ORIENTED_EDGE('',*,*,#1078,.F.);
#1690=ORIENTED_EDGE('',*,*,#984,.T.);
#1691=ORIENTED_EDGE('',*,*,#1204,.F.);
#1692=ORIENTED_EDGE('',*,*,#1205,.F.);
#1693=ORIENTED_EDGE('',*,*,#1206,.F.);
#1694=ORIENTED_EDGE('',*,*,#1202,.F.);
#1695=ORIENTED_EDGE('',*,*,#1207,.F.);
#1696=ORIENTED_EDGE('',*,*,#1208,.F.);
#1697=ORIENTED_EDGE('',*,*,#1126,.F.);
#1698=ORIENTED_EDGE('',*,*,#1101,.F.);
#1699=ORIENTED_EDGE('',*,*,#1065,.F.);
#1700=ORIENTED_EDGE('',*,*,#1209,.T.);
#1701=ORIENTED_EDGE('',*,*,#1210,.F.);
#1702=ORIENTED_EDGE('',*,*,#1209,.F.);
#1703=ORIENTED_EDGE('',*,*,#1064,.F.);
#1704=ORIENTED_EDGE('',*,*,#1211,.F.);
#1705=ORIENTED_EDGE('',*,*,#1212,.F.);
#1706=ORIENTED_EDGE('',*,*,#1213,.F.);
#1707=ORIENTED_EDGE('',*,*,#1214,.F.);
#1708=ORIENTED_EDGE('',*,*,#1215,.F.);
#1709=ORIENTED_EDGE('',*,*,#1216,.F.);
#1710=ORIENTED_EDGE('',*,*,#1217,.F.);
#1711=ORIENTED_EDGE('',*,*,#1127,.F.);
#1712=ORIENTED_EDGE('',*,*,#1208,.T.);
#1713=ORIENTED_EDGE('',*,*,#1138,.T.);
#1714=ORIENTED_EDGE('',*,*,#1131,.T.);
#1715=ORIENTED_EDGE('',*,*,#1134,.T.);
#1716=ORIENTED_EDGE('',*,*,#1218,.F.);
#1717=ORIENTED_EDGE('',*,*,#1219,.T.);
#1718=ORIENTED_EDGE('',*,*,#1220,.T.);
#1719=ORIENTED_EDGE('',*,*,#1221,.T.);
#1720=ORIENTED_EDGE('',*,*,#1222,.F.);
#1721=ORIENTED_EDGE('',*,*,#1214,.T.);
#1722=ORIENTED_EDGE('',*,*,#1207,.T.);
#1723=ORIENTED_EDGE('',*,*,#1210,.T.);
#1724=ORIENTED_EDGE('',*,*,#1223,.F.);
#1725=ORIENTED_EDGE('',*,*,#1067,.T.);
#1726=ORIENTED_EDGE('',*,*,#1072,.T.);
#1727=ORIENTED_EDGE('',*,*,#1075,.T.);
#1728=ORIENTED_EDGE('',*,*,#1224,.F.);
#1729=ORIENTED_EDGE('',*,*,#1079,.T.);
#1730=ORIENTED_EDGE('',*,*,#1203,.T.);
#1731=ORIENTED_EDGE('',*,*,#1206,.T.);
#1732=ORIENTED_EDGE('',*,*,#1225,.F.);
#1733=ORIENTED_EDGE('',*,*,#1199,.T.);
#1734=ORIENTED_EDGE('',*,*,#1193,.T.);
#1735=ORIENTED_EDGE('',*,*,#1198,.T.);
#1736=ORIENTED_EDGE('',*,*,#1226,.F.);
#1737=ORIENTED_EDGE('',*,*,#1188,.T.);
#1738=ORIENTED_EDGE('',*,*,#1181,.T.);
#1739=ORIENTED_EDGE('',*,*,#1184,.T.);
#1740=ORIENTED_EDGE('',*,*,#1227,.F.);
#1741=ORIENTED_EDGE('',*,*,#1177,.T.);
#1742=ORIENTED_EDGE('',*,*,#1170,.T.);
#1743=ORIENTED_EDGE('',*,*,#1173,.T.);
#1744=ORIENTED_EDGE('',*,*,#1228,.F.);
#1745=ORIENTED_EDGE('',*,*,#1166,.T.);
#1746=ORIENTED_EDGE('',*,*,#1159,.T.);
#1747=ORIENTED_EDGE('',*,*,#1162,.T.);
#1748=ORIENTED_EDGE('',*,*,#1229,.F.);
#1749=ORIENTED_EDGE('',*,*,#1042,.T.);
#1750=ORIENTED_EDGE('',*,*,#1047,.T.);
#1751=ORIENTED_EDGE('',*,*,#1158,.T.);
#1752=ORIENTED_EDGE('',*,*,#1230,.F.);
#1753=ORIENTED_EDGE('',*,*,#1153,.T.);
#1754=ORIENTED_EDGE('',*,*,#1148,.T.);
#1755=ORIENTED_EDGE('',*,*,#1152,.T.);
#1756=ORIENTED_EDGE('',*,*,#1231,.F.);
#1757=ORIENTED_EDGE('',*,*,#1144,.T.);
#1758=ORIENTED_EDGE('',*,*,#1142,.T.);
#1759=ORIENTED_EDGE('',*,*,#1030,.T.);
#1760=ORIENTED_EDGE('',*,*,#1232,.F.);
#1761=ORIENTED_EDGE('',*,*,#938,.T.);
#1762=ORIENTED_EDGE('',*,*,#1088,.T.);
#1763=ORIENTED_EDGE('',*,*,#1090,.T.);
#1764=ORIENTED_EDGE('',*,*,#1084,.T.);
#1765=ORIENTED_EDGE('',*,*,#1086,.T.);
#1766=ORIENTED_EDGE('',*,*,#1137,.T.);
#1767=ORIENTED_EDGE('',*,*,#1233,.T.);
#1768=ORIENTED_EDGE('',*,*,#1234,.T.);
#1769=ORIENTED_EDGE('',*,*,#1218,.T.);
#1770=ORIENTED_EDGE('',*,*,#1215,.T.);
#1771=ORIENTED_EDGE('',*,*,#1222,.T.);
#1772=ORIENTED_EDGE('',*,*,#1235,.T.);
#1773=ORIENTED_EDGE('',*,*,#1236,.T.);
#1774=ORIENTED_EDGE('',*,*,#1068,.T.);
#1775=ORIENTED_EDGE('',*,*,#1223,.T.);
#1776=ORIENTED_EDGE('',*,*,#1213,.T.);
#1777=ORIENTED_EDGE('',*,*,#1237,.T.);
#1778=ORIENTED_EDGE('',*,*,#1080,.T.);
#1779=ORIENTED_EDGE('',*,*,#1224,.T.);
#1780=ORIENTED_EDGE('',*,*,#1074,.T.);
#1781=ORIENTED_EDGE('',*,*,#1077,.T.);
#1782=ORIENTED_EDGE('',*,*,#1200,.T.);
#1783=ORIENTED_EDGE('',*,*,#1225,.T.);
#1784=ORIENTED_EDGE('',*,*,#1205,.T.);
#1785=ORIENTED_EDGE('',*,*,#1238,.T.);
#1786=ORIENTED_EDGE('',*,*,#1189,.T.);
#1787=ORIENTED_EDGE('',*,*,#1226,.T.);
#1788=ORIENTED_EDGE('',*,*,#1197,.T.);
#1789=ORIENTED_EDGE('',*,*,#1239,.T.);
#1790=ORIENTED_EDGE('',*,*,#1178,.T.);
#1791=ORIENTED_EDGE('',*,*,#1227,.T.);
#1792=ORIENTED_EDGE('',*,*,#1187,.T.);
#1793=ORIENTED_EDGE('',*,*,#1240,.T.);
#1794=ORIENTED_EDGE('',*,*,#1167,.T.);
#1795=ORIENTED_EDGE('',*,*,#1228,.T.);
#1796=ORIENTED_EDGE('',*,*,#1176,.T.);
#1797=ORIENTED_EDGE('',*,*,#1241,.T.);
#1798=ORIENTED_EDGE('',*,*,#1043,.T.);
#1799=ORIENTED_EDGE('',*,*,#1229,.T.);
#1800=ORIENTED_EDGE('',*,*,#1165,.T.);
#1801=ORIENTED_EDGE('',*,*,#1242,.T.);
#1802=ORIENTED_EDGE('',*,*,#1154,.T.);
#1803=ORIENTED_EDGE('',*,*,#1230,.T.);
#1804=ORIENTED_EDGE('',*,*,#1157,.T.);
#1805=ORIENTED_EDGE('',*,*,#1243,.T.);
#1806=ORIENTED_EDGE('',*,*,#1145,.T.);
#1807=ORIENTED_EDGE('',*,*,#1231,.T.);
#1808=ORIENTED_EDGE('',*,*,#1151,.T.);
#1809=ORIENTED_EDGE('',*,*,#1244,.T.);
#1810=ORIENTED_EDGE('',*,*,#1216,.T.);
#1811=ORIENTED_EDGE('',*,*,#1236,.F.);
#1812=ORIENTED_EDGE('',*,*,#1245,.T.);
#1813=ORIENTED_EDGE('',*,*,#1246,.F.);
#1814=ORIENTED_EDGE('',*,*,#1069,.T.);
#1815=ORIENTED_EDGE('',*,*,#1237,.F.);
#1816=ORIENTED_EDGE('',*,*,#1212,.T.);
#1817=ORIENTED_EDGE('',*,*,#1247,.F.);
#1818=ORIENTED_EDGE('',*,*,#983,.T.);
#1819=ORIENTED_EDGE('',*,*,#1201,.T.);
#1820=ORIENTED_EDGE('',*,*,#1238,.F.);
#1821=ORIENTED_EDGE('',*,*,#1204,.T.);
#1822=ORIENTED_EDGE('',*,*,#1190,.T.);
#1823=ORIENTED_EDGE('',*,*,#1239,.F.);
#1824=ORIENTED_EDGE('',*,*,#1196,.T.);
#1825=ORIENTED_EDGE('',*,*,#1248,.F.);
#1826=ORIENTED_EDGE('',*,*,#1179,.T.);
#1827=ORIENTED_EDGE('',*,*,#1240,.F.);
#1828=ORIENTED_EDGE('',*,*,#1186,.T.);
#1829=ORIENTED_EDGE('',*,*,#1249,.F.);
#1830=ORIENTED_EDGE('',*,*,#1168,.T.);
#1831=ORIENTED_EDGE('',*,*,#1241,.F.);
#1832=ORIENTED_EDGE('',*,*,#1175,.T.);
#1833=ORIENTED_EDGE('',*,*,#1250,.F.);
#1834=ORIENTED_EDGE('',*,*,#1044,.T.);
#1835=ORIENTED_EDGE('',*,*,#1242,.F.);
#1836=ORIENTED_EDGE('',*,*,#1164,.T.);
#1837=ORIENTED_EDGE('',*,*,#1251,.F.);
#1838=ORIENTED_EDGE('',*,*,#1021,.T.);
#1839=ORIENTED_EDGE('',*,*,#1155,.T.);
#1840=ORIENTED_EDGE('',*,*,#1243,.F.);
#1841=ORIENTED_EDGE('',*,*,#1156,.T.);
#1842=ORIENTED_EDGE('',*,*,#1017,.T.);
#1843=ORIENTED_EDGE('',*,*,#1146,.T.);
#1844=ORIENTED_EDGE('',*,*,#1244,.F.);
#1845=ORIENTED_EDGE('',*,*,#1150,.T.);
#1846=ORIENTED_EDGE('',*,*,#1136,.T.);
#1847=ORIENTED_EDGE('',*,*,#1252,.F.);
#1848=ORIENTED_EDGE('',*,*,#1253,.T.);
#1849=ORIENTED_EDGE('',*,*,#1233,.F.);
#1850=ORIENTED_EDGE('',*,*,#1217,.T.);
#1851=ORIENTED_EDGE('',*,*,#1246,.T.);
#1852=ORIENTED_EDGE('',*,*,#1254,.T.);
#1853=ORIENTED_EDGE('',*,*,#1128,.T.);
#1854=ORIENTED_EDGE('',*,*,#1070,.T.);
#1855=ORIENTED_EDGE('',*,*,#1247,.T.);
#1856=ORIENTED_EDGE('',*,*,#1211,.T.);
#1857=ORIENTED_EDGE('',*,*,#1063,.T.);
#1858=ORIENTED_EDGE('',*,*,#1191,.T.);
#1859=ORIENTED_EDGE('',*,*,#1248,.T.);
#1860=ORIENTED_EDGE('',*,*,#1195,.T.);
#1861=ORIENTED_EDGE('',*,*,#1109,.T.);
#1862=ORIENTED_EDGE('',*,*,#1180,.T.);
#1863=ORIENTED_EDGE('',*,*,#1249,.T.);
#1864=ORIENTED_EDGE('',*,*,#1185,.T.);
#1865=ORIENTED_EDGE('',*,*,#1113,.T.);
#1866=ORIENTED_EDGE('',*,*,#1169,.T.);
#1867=ORIENTED_EDGE('',*,*,#1250,.T.);
#1868=ORIENTED_EDGE('',*,*,#1174,.T.);
#1869=ORIENTED_EDGE('',*,*,#1118,.T.);
#1870=ORIENTED_EDGE('',*,*,#1045,.T.);
#1871=ORIENTED_EDGE('',*,*,#1251,.T.);
#1872=ORIENTED_EDGE('',*,*,#1163,.T.);
#1873=ORIENTED_EDGE('',*,*,#1037,.T.);
#1874=ORIENTED_EDGE('',*,*,#1141,.T.);
#1875=ORIENTED_EDGE('',*,*,#1255,.T.);
#1876=ORIENTED_EDGE('',*,*,#1027,.T.);
#1877=ORIENTED_EDGE('',*,*,#1035,.T.);
#1878=ORIENTED_EDGE('',*,*,#1139,.T.);
#1879=ORIENTED_EDGE('',*,*,#1232,.T.);
#1880=ORIENTED_EDGE('',*,*,#1029,.T.);
#1881=ORIENTED_EDGE('',*,*,#1256,.T.);
#1882=ORIENTED_EDGE('',*,*,#1234,.F.);
#1883=ORIENTED_EDGE('',*,*,#1253,.F.);
#1884=ORIENTED_EDGE('',*,*,#1257,.F.);
#1885=ORIENTED_EDGE('',*,*,#1122,.F.);
#1886=ORIENTED_EDGE('',*,*,#1258,.T.);
#1887=ORIENTED_EDGE('',*,*,#1219,.F.);
#1888=ORIENTED_EDGE('',*,*,#1135,.T.);
#1889=ORIENTED_EDGE('',*,*,#1123,.T.);
#1890=ORIENTED_EDGE('',*,*,#1257,.T.);
#1891=ORIENTED_EDGE('',*,*,#1252,.T.);
#1892=ORIENTED_EDGE('',*,*,#1140,.T.);
#1893=ORIENTED_EDGE('',*,*,#1256,.F.);
#1894=ORIENTED_EDGE('',*,*,#1028,.T.);
#1895=ORIENTED_EDGE('',*,*,#1255,.F.);
#1896=ORIENTED_EDGE('',*,*,#1235,.F.);
#1897=ORIENTED_EDGE('',*,*,#1221,.F.);
#1898=ORIENTED_EDGE('',*,*,#1259,.F.);
#1899=ORIENTED_EDGE('',*,*,#1129,.F.);
#1900=ORIENTED_EDGE('',*,*,#1254,.F.);
#1901=ORIENTED_EDGE('',*,*,#1245,.F.);
#1902=ORIENTED_EDGE('',*,*,#1220,.F.);
#1903=ORIENTED_EDGE('',*,*,#1258,.F.);
#1904=ORIENTED_EDGE('',*,*,#1121,.F.);
#1905=ORIENTED_EDGE('',*,*,#1102,.F.);
#1906=ORIENTED_EDGE('',*,*,#1130,.F.);
#1907=ORIENTED_EDGE('',*,*,#1259,.T.);
#1908=CYLINDRICAL_SURFACE('',#2060,2.5);
#1909=CYLINDRICAL_SURFACE('',#2075,2.5);
#1910=CYLINDRICAL_SURFACE('',#2082,2.5);
#1911=CYLINDRICAL_SURFACE('',#2096,10.);
#1912=CYLINDRICAL_SURFACE('',#2112,13.98777046918);
#1913=CYLINDRICAL_SURFACE('',#2114,5.5);
#1914=CYLINDRICAL_SURFACE('',#2116,1.45);
#1915=CYLINDRICAL_SURFACE('',#2118,1.45);
#1916=CYLINDRICAL_SURFACE('',#2120,1.45);
#1917=CYLINDRICAL_SURFACE('',#2122,1.45);
#1918=CYLINDRICAL_SURFACE('',#2124,5.5);
#1919=CYLINDRICAL_SURFACE('',#2127,1.45);
#1920=CYLINDRICAL_SURFACE('',#2129,1.45);
#1921=CYLINDRICAL_SURFACE('',#2131,1.45);
#1922=CYLINDRICAL_SURFACE('',#2133,1.45);
#1923=CYLINDRICAL_SURFACE('',#2186,13.98777046918);
#1924=CYLINDRICAL_SURFACE('',#2188,13.98777046918);
#1925=CYLINDRICAL_SURFACE('',#2190,13.98777046918);
#1926=CYLINDRICAL_SURFACE('',#2191,13.98777046918);
#1927=CYLINDRICAL_SURFACE('',#2193,13.98777046918);
#1928=CYLINDRICAL_SURFACE('',#2195,13.98777046918);
#1929=CYLINDRICAL_SURFACE('',#2197,13.98777046918);
#1930=CYLINDRICAL_SURFACE('',#2199,13.98777046918);
#1931=CYLINDRICAL_SURFACE('',#2200,13.98777046918);
#1932=CYLINDRICAL_SURFACE('',#2201,13.98777046918);
#1933=CYLINDRICAL_SURFACE('',#2214,13.98777046918);
#1934=ADVANCED_FACE('',(#259),#1908,.F.);
#1935=ADVANCED_FACE('',(#260),#238,.F.);
#1936=ADVANCED_FACE('',(#261),#239,.F.);
#1937=ADVANCED_FACE('',(#262),#1909,.F.);
#1938=ADVANCED_FACE('',(#263),#240,.F.);
#1939=ADVANCED_FACE('',(#264),#1910,.F.);
#1940=ADVANCED_FACE('',(#265),#241,.F.);
#1941=ADVANCED_FACE('',(#266),#46,.F.);
#1942=ADVANCED_FACE('',(#267),#242,.T.);
#1943=ADVANCED_FACE('',(#268),#243,.T.);
#1944=ADVANCED_FACE('',(#269),#47,.F.);
#1945=ADVANCED_FACE('',(#270),#48,.F.);
#1946=ADVANCED_FACE('',(#271),#1911,.T.);
#1947=ADVANCED_FACE('',(#272),#244,.T.);
#1948=ADVANCED_FACE('',(#273),#49,.F.);
#1949=ADVANCED_FACE('',(#274),#50,.F.);
#1950=ADVANCED_FACE('',(#275),#51,.F.);
#1951=ADVANCED_FACE('',(#276),#1912,.T.);
#1952=ADVANCED_FACE('',(#277),#52,.F.);
#1953=ADVANCED_FACE('',(#278),#1913,.F.);
#1954=ADVANCED_FACE('',(#279),#1914,.F.);
#1955=ADVANCED_FACE('',(#280),#1915,.F.);
#1956=ADVANCED_FACE('',(#281),#1916,.F.);
#1957=ADVANCED_FACE('',(#282),#1917,.F.);
#1958=ADVANCED_FACE('',(#283),#1918,.F.);
#1959=ADVANCED_FACE('',(#284,#35),#245,.T.);
#1960=ADVANCED_FACE('',(#285),#1919,.F.);
#1961=ADVANCED_FACE('',(#286),#1920,.F.);
#1962=ADVANCED_FACE('',(#287),#1921,.F.);
#1963=ADVANCED_FACE('',(#288),#1922,.F.);
#1964=ADVANCED_FACE('',(#289),#246,.F.);
#1965=ADVANCED_FACE('',(#290),#247,.F.);
#1966=ADVANCED_FACE('',(#291),#248,.F.);
#1967=ADVANCED_FACE('',(#292),#249,.F.);
#1968=ADVANCED_FACE('',(#293),#250,.F.);
#1969=ADVANCED_FACE('',(#294),#251,.F.);
#1970=ADVANCED_FACE('',(#295,#36,#37,#38,#39,#40),#252,.T.);
#1971=ADVANCED_FACE('',(#296),#253,.T.);
#1972=ADVANCED_FACE('',(#297),#254,.T.);
#1973=ADVANCED_FACE('',(#298),#255,.T.);
#1974=ADVANCED_FACE('',(#299),#256,.T.);
#1975=ADVANCED_FACE('',(#300),#257,.T.);
#1976=ADVANCED_FACE('',(#301),#53,.F.);
#1977=ADVANCED_FACE('',(#302),#54,.F.);
#1978=ADVANCED_FACE('',(#303),#55,.F.);
#1979=ADVANCED_FACE('',(#304),#56,.F.);
#1980=ADVANCED_FACE('',(#305),#57,.F.);
#1981=ADVANCED_FACE('',(#306),#58,.F.);
#1982=ADVANCED_FACE('',(#307),#59,.F.);
#1983=ADVANCED_FACE('',(#308),#60,.F.);
#1984=ADVANCED_FACE('',(#309),#61,.F.);
#1985=ADVANCED_FACE('',(#310),#62,.F.);
#1986=ADVANCED_FACE('',(#311),#63,.F.);
#1987=ADVANCED_FACE('',(#312),#64,.F.);
#1988=ADVANCED_FACE('',(#313),#65,.F.);
#1989=ADVANCED_FACE('',(#314),#66,.F.);
#1990=ADVANCED_FACE('',(#315),#67,.F.);
#1991=ADVANCED_FACE('',(#316),#68,.F.);
#1992=ADVANCED_FACE('',(#317),#69,.F.);
#1993=ADVANCED_FACE('',(#318),#70,.F.);
#1994=ADVANCED_FACE('',(#319),#71,.F.);
#1995=ADVANCED_FACE('',(#320),#72,.F.);
#1996=ADVANCED_FACE('',(#321),#73,.F.);
#1997=ADVANCED_FACE('',(#322),#74,.F.);
#1998=ADVANCED_FACE('',(#323),#75,.F.);
#1999=ADVANCED_FACE('',(#324),#76,.F.);
#2000=ADVANCED_FACE('',(#325),#77,.F.);
#2001=ADVANCED_FACE('',(#326),#78,.F.);
#2002=ADVANCED_FACE('',(#327,#41,#42,#43,#44,#45),#258,.F.);
#2003=ADVANCED_FACE('',(#328),#15,.T.);
#2004=ADVANCED_FACE('',(#329),#16,.T.);
#2005=ADVANCED_FACE('',(#330),#17,.T.);
#2006=ADVANCED_FACE('',(#331),#18,.T.);
#2007=ADVANCED_FACE('',(#332),#19,.T.);
#2008=ADVANCED_FACE('',(#333),#20,.T.);
#2009=ADVANCED_FACE('',(#334),#21,.T.);
#2010=ADVANCED_FACE('',(#335),#22,.T.);
#2011=ADVANCED_FACE('',(#336),#23,.T.);
#2012=ADVANCED_FACE('',(#337),#24,.T.);
#2013=ADVANCED_FACE('',(#338),#25,.T.);
#2014=ADVANCED_FACE('',(#339),#1923,.T.);
#2015=ADVANCED_FACE('',(#340),#1924,.T.);
#2016=ADVANCED_FACE('',(#341),#1925,.T.);
#2017=ADVANCED_FACE('',(#342),#1926,.T.);
#2018=ADVANCED_FACE('',(#343),#1927,.T.);
#2019=ADVANCED_FACE('',(#344),#1928,.T.);
#2020=ADVANCED_FACE('',(#345),#1929,.T.);
#2021=ADVANCED_FACE('',(#346),#1930,.T.);
#2022=ADVANCED_FACE('',(#347),#1931,.T.);
#2023=ADVANCED_FACE('',(#348),#1932,.T.);
#2024=ADVANCED_FACE('',(#349),#26,.T.);
#2025=ADVANCED_FACE('',(#350),#27,.T.);
#2026=ADVANCED_FACE('',(#351),#28,.T.);
#2027=ADVANCED_FACE('',(#352),#29,.T.);
#2028=ADVANCED_FACE('',(#353),#30,.T.);
#2029=ADVANCED_FACE('',(#354),#31,.T.);
#2030=ADVANCED_FACE('',(#355),#32,.T.);
#2031=ADVANCED_FACE('',(#356),#33,.T.);
#2032=ADVANCED_FACE('',(#357),#79,.F.);
#2033=ADVANCED_FACE('',(#358),#34,.T.);
#2034=ADVANCED_FACE('',(#359),#1933,.T.);
#2035=ADVANCED_FACE('',(#360),#80,.F.);
#2036=ADVANCED_FACE('',(#361),#81,.F.);
#2037=CLOSED_SHELL('',(#1934,#1935,#1936,#1937,#1938,#1939,#1940,#1941,
#1942,#1943,#1944,#1945,#1946,#1947,#1948,#1949,#1950,#1951,#1952,#1953,
#1954,#1955,#1956,#1957,#1958,#1959,#1960,#1961,#1962,#1963,#1964,#1965,
#1966,#1967,#1968,#1969,#1970,#1971,#1972,#1973,#1974,#1975,#1976,#1977,
#1978,#1979,#1980,#1981,#1982,#1983,#1984,#1985,#1986,#1987,#1988,#1989,
#1990,#1991,#1992,#1993,#1994,#1995,#1996,#1997,#1998,#1999,#2000,#2001,
#2002,#2003,#2004,#2005,#2006,#2007,#2008,#2009,#2010,#2011,#2012,#2013,
#2014,#2015,#2016,#2017,#2018,#2019,#2020,#2021,#2022,#2023,#2024,#2025,
#2026,#2027,#2028,#2029,#2030,#2031,#2032,#2033,#2034,#2035,#2036));
#2038=DERIVED_UNIT_ELEMENT(#2041,1.);
#2039=DERIVED_UNIT_ELEMENT(#8447,-3.);
#2040=DIMENSIONAL_EXPONENTS(0.,1.,0.,0.,0.,0.,0.);
#2041=(
CONVERSION_BASED_UNIT('gram',#2043)
MASS_UNIT()
NAMED_UNIT(#2040)
);
#2042=(
MASS_UNIT()
NAMED_UNIT(*)
SI_UNIT(.KILO.,.GRAM.)
);
#2043=MASS_MEASURE_WITH_UNIT(MASS_MEASURE(0.001),#2042);
#2044=DERIVED_UNIT((#2038,#2039));
#2045=MEASURE_REPRESENTATION_ITEM('density measure',
POSITIVE_RATIO_MEASURE(1.),#2044);
#2046=PROPERTY_DEFINITION_REPRESENTATION(#2051,#2048);
#2047=PROPERTY_DEFINITION_REPRESENTATION(#2052,#2049);
#2048=REPRESENTATION('material name',(#2050),#8444);
#2049=REPRESENTATION('density',(#2045),#8444);
#2050=DESCRIPTIVE_REPRESENTATION_ITEM('\X2\04220438043F043E0432044B0435\X0\',
'\X2\04220438043F043E0432044B0435\X0\');
#2051=PROPERTY_DEFINITION('material property','material name',#8454);
#2052=PROPERTY_DEFINITION('material property','density of part',#8454);
#2053=DATE_TIME_ROLE('creation_date');
#2054=APPLIED_DATE_AND_TIME_ASSIGNMENT(#2055,#2053,(#8454));
#2055=DATE_AND_TIME(#2056,#2057);
#2056=CALENDAR_DATE(2025,14,10);
#2057=LOCAL_TIME(0,0,0.,#2058);
#2058=COORDINATED_UNIVERSAL_TIME_OFFSET(0,0,.BEHIND.);
#2059=AXIS2_PLACEMENT_3D('',#2607,#2215,#2216);
#2060=AXIS2_PLACEMENT_3D('',#2608,#2217,#2218);
#2061=AXIS2_PLACEMENT_3D('',#2610,#2219,#2220);
#2062=AXIS2_PLACEMENT_3D('',#2613,#2222,#2223);
#2063=AXIS2_PLACEMENT_3D('',#2614,#2224,#2225);
#2064=AXIS2_PLACEMENT_3D('',#2617,#2226,#2227);
#2065=AXIS2_PLACEMENT_3D('',#2621,#2229,#2230);
#2066=AXIS2_PLACEMENT_3D('',#2625,#2232,#2233);
#2067=AXIS2_PLACEMENT_3D('',#2627,#2234,#2235);
#2068=AXIS2_PLACEMENT_3D('',#2631,#2237,#2238);
#2069=AXIS2_PLACEMENT_3D('',#2634,#2240,#2241);
#2070=AXIS2_PLACEMENT_3D('',#2635,#2242,#2243);
#2071=AXIS2_PLACEMENT_3D('',#2638,#2244,#2245);
#2072=AXIS2_PLACEMENT_3D('',#2642,#2247,#2248);
#2073=AXIS2_PLACEMENT_3D('',#2646,#2250,#2251);
#2074=AXIS2_PLACEMENT_3D('',#2650,#2253,#2254);
#2075=AXIS2_PLACEMENT_3D('',#2652,#2256,#2257);
#2076=AXIS2_PLACEMENT_3D('',#2894,#2264,#2265);
#2077=AXIS2_PLACEMENT_3D('',#2896,#2266,#2267);
#2078=AXIS2_PLACEMENT_3D('',#2897,#2268,#2269);
#2079=AXIS2_PLACEMENT_3D('',#2946,#2270,#2271);
#2080=AXIS2_PLACEMENT_3D('',#3104,#2272,#2273);
#2081=AXIS2_PLACEMENT_3D('',#3155,#2275,#2276);
#2082=AXIS2_PLACEMENT_3D('',#3157,#2278,#2279);
#2083=AXIS2_PLACEMENT_3D('',#3399,#2284,#2285);
#2084=AXIS2_PLACEMENT_3D('',#3401,#2286,#2287);
#2085=AXIS2_PLACEMENT_3D('',#3402,#2288,#2289);
#2086=AXIS2_PLACEMENT_3D('',#3451,#2290,#2291);
#2087=AXIS2_PLACEMENT_3D('',#3609,#2292,#2293);
#2088=AXIS2_PLACEMENT_3D('',#3656,#2294,#2295);
#2089=AXIS2_PLACEMENT_3D('',#3657,#2296,#2297);
#2090=AXIS2_PLACEMENT_3D('',#3788,#2300,#2301);
#2091=AXIS2_PLACEMENT_3D('',#3790,#2302,#2303);
#2092=AXIS2_PLACEMENT_3D('',#3814,#2304,#2305);
#2093=AXIS2_PLACEMENT_3D('',#3815,#2306,#2307);
#2094=AXIS2_PLACEMENT_3D('',#3825,#2308,#2309);
#2095=AXIS2_PLACEMENT_3D('',#3849,#2310,#2311);
#2096=AXIS2_PLACEMENT_3D('',#4100,#2315,#2316);
#2097=AXIS2_PLACEMENT_3D('',#4102,#2317,#2318);
#2098=AXIS2_PLACEMENT_3D('',#4105,#2320,#2321);
#2099=AXIS2_PLACEMENT_3D('',#4107,#2322,#2323);
#2100=AXIS2_PLACEMENT_3D('',#4109,#2324,#2325);
#2101=AXIS2_PLACEMENT_3D('',#4111,#2326,#2327);
#2102=AXIS2_PLACEMENT_3D('',#4113,#2328,#2329);
#2103=AXIS2_PLACEMENT_3D('',#4114,#2330,#2331);
#2104=AXIS2_PLACEMENT_3D('',#4116,#2332,#2333);
#2105=AXIS2_PLACEMENT_3D('',#4118,#2334,#2335);
#2106=AXIS2_PLACEMENT_3D('',#4120,#2336,#2337);
#2107=AXIS2_PLACEMENT_3D('',#4122,#2338,#2339);
#2108=AXIS2_PLACEMENT_3D('',#4124,#2340,#2341);
#2109=AXIS2_PLACEMENT_3D('',#4125,#2342,#2343);
#2110=AXIS2_PLACEMENT_3D('',#4126,#2344,#2345);
#2111=AXIS2_PLACEMENT_3D('',#4136,#2346,#2347);
#2112=AXIS2_PLACEMENT_3D('',#4497,#2352,#2353);
#2113=AXIS2_PLACEMENT_3D('',#4500,#2355,#2356);
#2114=AXIS2_PLACEMENT_3D('',#4558,#2358,#2359);
#2115=AXIS2_PLACEMENT_3D('',#4561,#2361,#2362);
#2116=AXIS2_PLACEMENT_3D('',#4562,#2363,#2364);
#2117=AXIS2_PLACEMENT_3D('',#4565,#2366,#2367);
#2118=AXIS2_PLACEMENT_3D('',#4566,#2368,#2369);
#2119=AXIS2_PLACEMENT_3D('',#4569,#2371,#2372);
#2120=AXIS2_PLACEMENT_3D('',#4570,#2373,#2374);
#2121=AXIS2_PLACEMENT_3D('',#4573,#2376,#2377);
#2122=AXIS2_PLACEMENT_3D('',#4574,#2378,#2379);
#2123=AXIS2_PLACEMENT_3D('',#4577,#2381,#2382);
#2124=AXIS2_PLACEMENT_3D('',#4578,#2383,#2384);
#2125=AXIS2_PLACEMENT_3D('',#4580,#2385,#2386);
#2126=AXIS2_PLACEMENT_3D('',#4582,#2388,#2389);
#2127=AXIS2_PLACEMENT_3D('',#4583,#2390,#2391);
#2128=AXIS2_PLACEMENT_3D('',#4585,#2392,#2393);
#2129=AXIS2_PLACEMENT_3D('',#4587,#2395,#2396);
#2130=AXIS2_PLACEMENT_3D('',#4589,#2397,#2398);
#2131=AXIS2_PLACEMENT_3D('',#4591,#2400,#2401);
#2132=AXIS2_PLACEMENT_3D('',#4593,#2402,#2403);
#2133=AXIS2_PLACEMENT_3D('',#4595,#2405,#2406);
#2134=AXIS2_PLACEMENT_3D('',#4597,#2407,#2408);
#2135=AXIS2_PLACEMENT_3D('',#4599,#2410,#2411);
#2136=AXIS2_PLACEMENT_3D('',#4619,#2412,#2413);
#2137=AXIS2_PLACEMENT_3D('',#4639,#2414,#2415);
#2138=AXIS2_PLACEMENT_3D('',#4659,#2416,#2417);
#2139=AXIS2_PLACEMENT_3D('',#4679,#2418,#2419);
#2140=AXIS2_PLACEMENT_3D('',#4699,#2420,#2421);
#2141=AXIS2_PLACEMENT_3D('',#4719,#2422,#2423);
#2142=AXIS2_PLACEMENT_3D('',#4720,#2424,#2425);
#2143=AXIS2_PLACEMENT_3D('',#4745,#2426,#2427);
#2144=AXIS2_PLACEMENT_3D('',#4753,#2428,#2429);
#2145=AXIS2_PLACEMENT_3D('',#4778,#2430,#2431);
#2146=AXIS2_PLACEMENT_3D('',#4801,#2432,#2433);
#2147=AXIS2_PLACEMENT_3D('',#4826,#2434,#2435);
#2148=AXIS2_PLACEMENT_3D('',#4849,#2436,#2437);
#2149=AXIS2_PLACEMENT_3D('',#4874,#2438,#2439);
#2150=AXIS2_PLACEMENT_3D('',#4897,#2440,#2441);
#2151=AXIS2_PLACEMENT_3D('',#4922,#2442,#2443);
#2152=AXIS2_PLACEMENT_3D('',#7990,#2477,#2478);
#2153=AXIS2_PLACEMENT_3D('',#7992,#2479,#2480);
#2154=AXIS2_PLACEMENT_3D('',#8131,#2481,#2482);
#2155=AXIS2_PLACEMENT_3D('',#8132,#2483,#2484);
#2156=AXIS2_PLACEMENT_3D('',#8133,#2485,#2486);
#2157=AXIS2_PLACEMENT_3D('',#8134,#2487,#2488);
#2158=AXIS2_PLACEMENT_3D('',#8135,#2489,#2490);
#2159=AXIS2_PLACEMENT_3D('',#8136,#2491,#2492);
#2160=AXIS2_PLACEMENT_3D('',#8137,#2493,#2494);
#2161=AXIS2_PLACEMENT_3D('',#8138,#2495,#2496);
#2162=AXIS2_PLACEMENT_3D('',#8139,#2497,#2498);
#2163=AXIS2_PLACEMENT_3D('',#8140,#2499,#2500);
#2164=AXIS2_PLACEMENT_3D('',#8141,#2501,#2502);
#2165=AXIS2_PLACEMENT_3D('',#8142,#2503,#2504);
#2166=AXIS2_PLACEMENT_3D('',#8144,#2505,#2506);
#2167=AXIS2_PLACEMENT_3D('',#8176,#2507,#2508);
#2168=AXIS2_PLACEMENT_3D('',#8209,#2509,#2510);
#2169=AXIS2_PLACEMENT_3D('',#8210,#2511,#2512);
#2170=AXIS2_PLACEMENT_3D('',#8211,#2513,#2514);
#2171=AXIS2_PLACEMENT_3D('',#8212,#2515,#2516);
#2172=AXIS2_PLACEMENT_3D('',#8213,#2517,#2518);
#2173=AXIS2_PLACEMENT_3D('',#8214,#2519,#2520);
#2174=AXIS2_PLACEMENT_3D('',#8215,#2521,#2522);
#2175=AXIS2_PLACEMENT_3D('',#8216,#2523,#2524);
#2176=AXIS2_PLACEMENT_3D('',#8217,#2525,#2526);
#2177=AXIS2_PLACEMENT_3D('',#8218,#2527,#2528);
#2178=AXIS2_PLACEMENT_3D('',#8219,#2529,#2530);
#2179=AXIS2_PLACEMENT_3D('',#8220,#2531,#2532);
#2180=AXIS2_PLACEMENT_3D('',#8221,#2533,#2534);
#2181=AXIS2_PLACEMENT_3D('',#8222,#2535,#2536);
#2182=AXIS2_PLACEMENT_3D('',#8223,#2537,#2538);
#2183=AXIS2_PLACEMENT_3D('',#8224,#2539,#2540);
#2184=AXIS2_PLACEMENT_3D('',#8225,#2541,#2542);
#2185=AXIS2_PLACEMENT_3D('',#8226,#2543,#2544);
#2186=AXIS2_PLACEMENT_3D('',#8227,#2545,#2546);
#2187=AXIS2_PLACEMENT_3D('',#8230,#2548,#2549);
#2188=AXIS2_PLACEMENT_3D('',#8231,#2550,#2551);
#2189=AXIS2_PLACEMENT_3D('',#8232,#2552,#2553);
#2190=AXIS2_PLACEMENT_3D('',#8233,#2554,#2555);
#2191=AXIS2_PLACEMENT_3D('',#8234,#2556,#2557);
#2192=AXIS2_PLACEMENT_3D('',#8235,#2558,#2559);
#2193=AXIS2_PLACEMENT_3D('',#8236,#2560,#2561);
#2194=AXIS2_PLACEMENT_3D('',#8237,#2562,#2563);
#2195=AXIS2_PLACEMENT_3D('',#8238,#2564,#2565);
#2196=AXIS2_PLACEMENT_3D('',#8239,#2566,#2567);
#2197=AXIS2_PLACEMENT_3D('',#8240,#2568,#2569);
#2198=AXIS2_PLACEMENT_3D('',#8241,#2570,#2571);
#2199=AXIS2_PLACEMENT_3D('',#8242,#2572,#2573);
#2200=AXIS2_PLACEMENT_3D('',#8243,#2574,#2575);
#2201=AXIS2_PLACEMENT_3D('',#8244,#2576,#2577);
#2202=AXIS2_PLACEMENT_3D('',#8246,#2578,#2579);
#2203=AXIS2_PLACEMENT_3D('',#8248,#2581,#2582);
#2204=AXIS2_PLACEMENT_3D('',#8280,#2583,#2584);
#2205=AXIS2_PLACEMENT_3D('',#8281,#2585,#2586);
#2206=AXIS2_PLACEMENT_3D('',#8282,#2587,#2588);
#2207=AXIS2_PLACEMENT_3D('',#8283,#2589,#2590);
#2208=AXIS2_PLACEMENT_3D('',#8284,#2591,#2592);
#2209=AXIS2_PLACEMENT_3D('',#8285,#2593,#2594);
#2210=AXIS2_PLACEMENT_3D('',#8286,#2595,#2596);
#2211=AXIS2_PLACEMENT_3D('',#8287,#2597,#2598);
#2212=AXIS2_PLACEMENT_3D('',#8288,#2599,#2600);
#2213=AXIS2_PLACEMENT_3D('',#8347,#2602,#2603);
#2214=AXIS2_PLACEMENT_3D('',#8348,#2604,#2605);
#2215=DIRECTION('axis',(0.,0.,1.));
#2216=DIRECTION('refdir',(1.,0.,0.));
#2217=DIRECTION('center_axis',(0.,0.,-1.));
#2218=DIRECTION('ref_axis',(1.,0.,0.));
#2219=DIRECTION('center_axis',(0.,0.,-1.));
#2220=DIRECTION('ref_axis',(1.,0.,0.));
#2221=DIRECTION('',(0.,0.,-1.));
#2222=DIRECTION('center_axis',(0.,0.,1.));
#2223=DIRECTION('ref_axis',(1.,0.,0.));
#2224=DIRECTION('center_axis',(2.46519032881566E-32,-1.11022302462516E-16,
1.));
#2225=DIRECTION('ref_axis',(2.22044604925031E-16,-1.,-1.11022302462516E-16));
#2226=DIRECTION('center_axis',(-2.46519032881566E-32,1.11022302462516E-16,
-1.));
#2227=DIRECTION('ref_axis',(1.,0.,0.));
#2228=DIRECTION('',(-1.,-2.22044604925031E-16,0.));
#2229=DIRECTION('center_axis',(-2.46519032881566E-32,1.11022302462516E-16,
-1.));
#2230=DIRECTION('ref_axis',(1.,0.,0.));
#2231=DIRECTION('',(-1.,-2.22044604925031E-16,0.));
#2232=DIRECTION('center_axis',(2.46519032881566E-32,-1.11022302462516E-16,
1.));
#2233=DIRECTION('ref_axis',(1.,0.,0.));
#2234=DIRECTION('center_axis',(2.46519032881566E-32,-1.11022302462516E-16,
1.));
#2235=DIRECTION('ref_axis',(1.,0.,0.));
#2236=DIRECTION('',(1.,2.22044604925031E-16,0.));
#2237=DIRECTION('center_axis',(-2.46519032881566E-32,1.11022302462516E-16,
-1.));
#2238=DIRECTION('ref_axis',(1.,0.,0.));
#2239=DIRECTION('',(1.,2.22044604925031E-16,0.));
#2240=DIRECTION('center_axis',(-2.46519032881566E-32,1.11022302462516E-16,
-1.));
#2241=DIRECTION('ref_axis',(1.,0.,0.));
#2242=DIRECTION('center_axis',(2.46519032881566E-32,-1.11022302462516E-16,
1.));
#2243=DIRECTION('ref_axis',(2.22044604925031E-16,-1.,-1.11022302462516E-16));
#2244=DIRECTION('center_axis',(-2.46519032881566E-32,1.11022302462516E-16,
-1.));
#2245=DIRECTION('ref_axis',(1.,0.,0.));
#2246=DIRECTION('',(1.,2.22044604925031E-16,0.));
#2247=DIRECTION('center_axis',(-2.46519032881566E-32,1.11022302462516E-16,
-1.));
#2248=DIRECTION('ref_axis',(1.,0.,0.));
#2249=DIRECTION('',(1.,2.22044604925031E-16,0.));
#2250=DIRECTION('center_axis',(2.46519032881566E-32,-1.11022302462516E-16,
1.));
#2251=DIRECTION('ref_axis',(1.,0.,0.));
#2252=DIRECTION('',(-1.,-2.22044604925031E-16,0.));
#2253=DIRECTION('center_axis',(-2.46519032881566E-32,1.11022302462516E-16,
-1.));
#2254=DIRECTION('ref_axis',(1.,0.,0.));
#2255=DIRECTION('',(-1.,-2.22044604925031E-16,0.));
#2256=DIRECTION('center_axis',(1.,2.22044604925031E-16,0.));
#2257=DIRECTION('ref_axis',(9.86076131526266E-32,-4.44089209850063E-16,
1.));
#2258=DIRECTION('',(-1.,-2.22044604925031E-16,0.));
#2259=DIRECTION('',(1.,2.22044604925031E-16,0.));
#2260=DIRECTION('',(1.,2.22044604925031E-16,0.));
#2261=DIRECTION('',(1.,2.22044604925031E-16,0.));
#2262=DIRECTION('',(1.,2.22044604925031E-16,0.));
#2263=DIRECTION('',(-1.,-2.22044604925031E-16,0.));
#2264=DIRECTION('center_axis',(-2.46519032881566E-32,1.11022302462516E-16,
-1.));
#2265=DIRECTION('ref_axis',(-2.22044604925031E-16,1.,1.11022302462516E-16));
#2266=DIRECTION('center_axis',(2.46519032881566E-32,-1.11022302462516E-16,
1.));
#2267=DIRECTION('ref_axis',(1.,0.,0.));
#2268=DIRECTION('center_axis',(2.46519032881566E-32,-1.11022302462516E-16,
1.));
#2269=DIRECTION('ref_axis',(1.,0.,0.));
#2270=DIRECTION('center_axis',(-2.46519032881566E-32,1.11022302462516E-16,
-1.));
#2271=DIRECTION('ref_axis',(1.,0.,0.));
#2272=DIRECTION('center_axis',(-2.46519032881566E-32,1.11022302462516E-16,
-1.));
#2273=DIRECTION('ref_axis',(1.,0.,0.));
#2274=DIRECTION('',(1.,2.22044604925031E-16,0.));
#2275=DIRECTION('center_axis',(2.46519032881566E-32,-1.11022302462516E-16,
1.));
#2276=DIRECTION('ref_axis',(1.,0.,0.));
#2277=DIRECTION('',(1.,2.22044604925031E-16,0.));
#2278=DIRECTION('center_axis',(1.,2.22044604925031E-16,0.));
#2279=DIRECTION('ref_axis',(-2.22044604925031E-16,1.,-3.14697205400337E-15));
#2280=DIRECTION('',(1.,2.22044604925031E-16,0.));
#2281=DIRECTION('',(1.,2.22044604925031E-16,0.));
#2282=DIRECTION('',(1.,2.22044604925031E-16,0.));
#2283=DIRECTION('',(1.,2.22044604925031E-16,0.));
#2284=DIRECTION('center_axis',(-2.46519032881566E-32,1.11022302462516E-16,
-1.));
#2285=DIRECTION('ref_axis',(-2.22044604925031E-16,1.,1.11022302462516E-16));
#2286=DIRECTION('center_axis',(2.46519032881566E-32,-1.11022302462516E-16,
1.));
#2287=DIRECTION('ref_axis',(1.,0.,0.));
#2288=DIRECTION('center_axis',(2.46519032881566E-32,-1.11022302462516E-16,
1.));
#2289=DIRECTION('ref_axis',(1.,0.,0.));
#2290=DIRECTION('center_axis',(-2.46519032881566E-32,1.11022302462516E-16,
-1.));
#2291=DIRECTION('ref_axis',(1.,0.,0.));
#2292=DIRECTION('center_axis',(-2.46519032881566E-32,1.11022302462516E-16,
-1.));
#2293=DIRECTION('ref_axis',(1.,0.,0.));
#2294=DIRECTION('center_axis',(2.46519032881566E-32,-1.11022302462516E-16,
1.));
#2295=DIRECTION('ref_axis',(1.,0.,0.));
#2296=DIRECTION('center_axis',(2.46519032881566E-32,-1.11022302462516E-16,
1.));
#2297=DIRECTION('ref_axis',(1.,0.,0.));
#2298=DIRECTION('',(0.,0.,1.));
#2299=DIRECTION('',(0.,0.,-1.));
#2300=DIRECTION('center_axis',(0.,0.,1.));
#2301=DIRECTION('ref_axis',(1.,0.,0.));
#2302=DIRECTION('center_axis',(0.,0.,-1.));
#2303=DIRECTION('ref_axis',(1.,0.,0.));
#2304=DIRECTION('center_axis',(0.,0.,-1.));
#2305=DIRECTION('ref_axis',(1.,0.,0.));
#2306=DIRECTION('center_axis',(0.,0.,1.));
#2307=DIRECTION('ref_axis',(1.,0.,0.));
#2308=DIRECTION('center_axis',(0.,0.,-1.));
#2309=DIRECTION('ref_axis',(1.,0.,0.));
#2310=DIRECTION('center_axis',(0.,0.,-1.));
#2311=DIRECTION('ref_axis',(1.,0.,0.));
#2312=DIRECTION('',(0.,0.,-1.));
#2313=DIRECTION('',(0.,0.,-1.));
#2314=DIRECTION('',(0.,0.,-1.));
#2315=DIRECTION('center_axis',(0.,0.,1.));
#2316=DIRECTION('ref_axis',(1.,0.,0.));
#2317=DIRECTION('center_axis',(0.,0.,1.));
#2318=DIRECTION('ref_axis',(1.,0.,0.));
#2319=DIRECTION('',(0.,0.,-1.));
#2320=DIRECTION('center_axis',(0.,0.,1.));
#2321=DIRECTION('ref_axis',(1.,0.,0.));
#2322=DIRECTION('center_axis',(0.,0.,-1.));
#2323=DIRECTION('ref_axis',(1.,0.,0.));
#2324=DIRECTION('center_axis',(0.,0.,1.));
#2325=DIRECTION('ref_axis',(1.,0.,0.));
#2326=DIRECTION('center_axis',(0.,0.,-1.));
#2327=DIRECTION('ref_axis',(1.,0.,0.));
#2328=DIRECTION('center_axis',(0.,0.,1.));
#2329=DIRECTION('ref_axis',(1.,0.,0.));
#2330=DIRECTION('center_axis',(0.,0.,-1.));
#2331=DIRECTION('ref_axis',(1.,0.,0.));
#2332=DIRECTION('center_axis',(0.,0.,-1.));
#2333=DIRECTION('ref_axis',(1.,0.,0.));
#2334=DIRECTION('center_axis',(0.,0.,1.));
#2335=DIRECTION('ref_axis',(1.,0.,0.));
#2336=DIRECTION('center_axis',(0.,0.,-1.));
#2337=DIRECTION('ref_axis',(1.,0.,0.));
#2338=DIRECTION('center_axis',(0.,0.,1.));
#2339=DIRECTION('ref_axis',(1.,0.,0.));
#2340=DIRECTION('center_axis',(0.,0.,-1.));
#2341=DIRECTION('ref_axis',(1.,0.,0.));
#2342=DIRECTION('center_axis',(0.,0.,1.));
#2343=DIRECTION('ref_axis',(1.,0.,0.));
#2344=DIRECTION('center_axis',(0.,0.,1.));
#2345=DIRECTION('ref_axis',(1.,0.,0.));
#2346=DIRECTION('center_axis',(0.,0.,-1.));
#2347=DIRECTION('ref_axis',(1.,0.,0.));
#2348=DIRECTION('',(0.,0.,-1.));
#2349=DIRECTION('',(0.,0.,-1.));
#2350=DIRECTION('',(0.,0.,-1.));
#2351=DIRECTION('',(0.,0.,1.));
#2352=DIRECTION('center_axis',(0.,0.,-1.));
#2353=DIRECTION('ref_axis',(1.,0.,0.));
#2354=DIRECTION('',(0.,0.,-1.));
#2355=DIRECTION('center_axis',(0.,0.,-1.));
#2356=DIRECTION('ref_axis',(1.,0.,0.));
#2357=DIRECTION('',(0.,0.,-1.));
#2358=DIRECTION('center_axis',(0.,0.,-1.));
#2359=DIRECTION('ref_axis',(1.,0.,0.));
#2360=DIRECTION('',(0.,0.,-1.));
#2361=DIRECTION('center_axis',(0.,0.,-1.));
#2362=DIRECTION('ref_axis',(1.,0.,0.));
#2363=DIRECTION('center_axis',(0.,0.,-1.));
#2364=DIRECTION('ref_axis',(1.,0.,0.));
#2365=DIRECTION('',(0.,0.,-1.));
#2366=DIRECTION('center_axis',(0.,0.,1.));
#2367=DIRECTION('ref_axis',(1.,0.,0.));
#2368=DIRECTION('center_axis',(0.,0.,-1.));
#2369=DIRECTION('ref_axis',(1.,0.,0.));
#2370=DIRECTION('',(0.,0.,-1.));
#2371=DIRECTION('center_axis',(0.,0.,1.));
#2372=DIRECTION('ref_axis',(1.,0.,0.));
#2373=DIRECTION('center_axis',(0.,0.,-1.));
#2374=DIRECTION('ref_axis',(1.,0.,0.));
#2375=DIRECTION('',(0.,0.,-1.));
#2376=DIRECTION('center_axis',(0.,0.,1.));
#2377=DIRECTION('ref_axis',(1.,0.,0.));
#2378=DIRECTION('center_axis',(0.,0.,-1.));
#2379=DIRECTION('ref_axis',(1.,0.,0.));
#2380=DIRECTION('',(0.,0.,-1.));
#2381=DIRECTION('center_axis',(0.,0.,1.));
#2382=DIRECTION('ref_axis',(1.,0.,0.));
#2383=DIRECTION('center_axis',(0.,0.,-1.));
#2384=DIRECTION('ref_axis',(1.,0.,0.));
#2385=DIRECTION('center_axis',(0.,0.,-1.));
#2386=DIRECTION('ref_axis',(1.,0.,0.));
#2387=DIRECTION('',(0.,0.,-1.));
#2388=DIRECTION('center_axis',(0.,0.,1.));
#2389=DIRECTION('ref_axis',(1.,0.,0.));
#2390=DIRECTION('center_axis',(0.,0.,-1.));
#2391=DIRECTION('ref_axis',(1.,0.,0.));
#2392=DIRECTION('center_axis',(0.,0.,-1.));
#2393=DIRECTION('ref_axis',(1.,0.,0.));
#2394=DIRECTION('',(0.,0.,-1.));
#2395=DIRECTION('center_axis',(0.,0.,-1.));
#2396=DIRECTION('ref_axis',(1.,0.,0.));
#2397=DIRECTION('center_axis',(0.,0.,-1.));
#2398=DIRECTION('ref_axis',(1.,0.,0.));
#2399=DIRECTION('',(0.,0.,-1.));
#2400=DIRECTION('center_axis',(0.,0.,-1.));
#2401=DIRECTION('ref_axis',(1.,0.,0.));
#2402=DIRECTION('center_axis',(0.,0.,-1.));
#2403=DIRECTION('ref_axis',(1.,0.,0.));
#2404=DIRECTION('',(0.,0.,-1.));
#2405=DIRECTION('center_axis',(0.,0.,-1.));
#2406=DIRECTION('ref_axis',(1.,0.,0.));
#2407=DIRECTION('center_axis',(0.,0.,-1.));
#2408=DIRECTION('ref_axis',(1.,0.,0.));
#2409=DIRECTION('',(0.,0.,-1.));
#2410=DIRECTION('center_axis',(0.,0.,1.));
#2411=DIRECTION('ref_axis',(1.,0.,0.));
#2412=DIRECTION('center_axis',(0.,0.,1.));
#2413=DIRECTION('ref_axis',(1.,0.,0.));
#2414=DIRECTION('center_axis',(0.,0.,1.));
#2415=DIRECTION('ref_axis',(1.,0.,0.));
#2416=DIRECTION('center_axis',(0.,0.,1.));
#2417=DIRECTION('ref_axis',(1.,0.,0.));
#2418=DIRECTION('center_axis',(0.,0.,1.));
#2419=DIRECTION('ref_axis',(1.,0.,0.));
#2420=DIRECTION('center_axis',(0.,0.,1.));
#2421=DIRECTION('ref_axis',(1.,0.,0.));
#2422=DIRECTION('center_axis',(0.,0.,1.));
#2423=DIRECTION('ref_axis',(1.,0.,0.));
#2424=DIRECTION('center_axis',(0.,0.,1.));
#2425=DIRECTION('ref_axis',(1.,0.,0.));
#2426=DIRECTION('center_axis',(0.,0.,-1.));
#2427=DIRECTION('ref_axis',(1.,0.,0.));
#2428=DIRECTION('center_axis',(0.,0.,1.));
#2429=DIRECTION('ref_axis',(1.,0.,0.));
#2430=DIRECTION('center_axis',(0.,0.,-1.));
#2431=DIRECTION('ref_axis',(1.,0.,0.));
#2432=DIRECTION('center_axis',(0.,0.,1.));
#2433=DIRECTION('ref_axis',(1.,0.,0.));
#2434=DIRECTION('center_axis',(0.,0.,-1.));
#2435=DIRECTION('ref_axis',(1.,0.,0.));
#2436=DIRECTION('center_axis',(0.,0.,1.));
#2437=DIRECTION('ref_axis',(1.,0.,0.));
#2438=DIRECTION('center_axis',(0.,0.,-1.));
#2439=DIRECTION('ref_axis',(1.,0.,0.));
#2440=DIRECTION('center_axis',(0.,0.,1.));
#2441=DIRECTION('ref_axis',(1.,0.,0.));
#2442=DIRECTION('center_axis',(0.,0.,-1.));
#2443=DIRECTION('ref_axis',(1.,0.,0.));
#2444=DIRECTION('',(0.,0.,-1.));
#2445=DIRECTION('',(0.,0.,-1.));
#2446=DIRECTION('',(0.,0.,1.));
#2447=DIRECTION('',(0.,0.,-1.));
#2448=DIRECTION('',(0.,0.,-1.));
#2449=DIRECTION('',(0.,0.,-1.));
#2450=DIRECTION('',(0.,0.,-1.));
#2451=DIRECTION('',(0.,0.,-1.));
#2452=DIRECTION('',(0.,0.,1.));
#2453=DIRECTION('',(0.,0.,-1.));
#2454=DIRECTION('',(0.,0.,1.));
#2455=DIRECTION('',(0.,0.,-1.));
#2456=DIRECTION('',(0.,0.,-1.));
#2457=DIRECTION('',(0.,0.,1.));
#2458=DIRECTION('',(0.,0.,-1.));
#2459=DIRECTION('',(0.,0.,-1.));
#2460=DIRECTION('',(0.,0.,-1.));
#2461=DIRECTION('',(0.,0.,1.));
#2462=DIRECTION('',(0.,0.,-1.));
#2463=DIRECTION('',(0.,0.,-1.));
#2464=DIRECTION('',(0.,0.,-1.));
#2465=DIRECTION('',(0.,0.,1.));
#2466=DIRECTION('',(0.,0.,-1.));
#2467=DIRECTION('',(0.,0.,-1.));
#2468=DIRECTION('',(0.,0.,-1.));
#2469=DIRECTION('',(0.,0.,1.));
#2470=DIRECTION('',(0.,0.,-1.));
#2471=DIRECTION('',(0.,0.,-1.));
#2472=DIRECTION('',(0.,0.,1.));
#2473=DIRECTION('',(0.,0.,-1.));
#2474=DIRECTION('',(0.,0.,-1.));
#2475=DIRECTION('',(0.,0.,1.));
#2476=DIRECTION('',(0.,0.,-1.));
#2477=DIRECTION('center_axis',(0.,0.,1.));
#2478=DIRECTION('ref_axis',(1.,0.,0.));
#2479=DIRECTION('center_axis',(0.,0.,1.));
#2480=DIRECTION('ref_axis',(1.,0.,0.));
#2481=DIRECTION('center_axis',(0.,0.,1.));
#2482=DIRECTION('ref_axis',(1.,0.,0.));
#2483=DIRECTION('center_axis',(0.,0.,1.));
#2484=DIRECTION('ref_axis',(1.,0.,0.));
#2485=DIRECTION('center_axis',(0.,0.,1.));
#2486=DIRECTION('ref_axis',(1.,0.,0.));
#2487=DIRECTION('center_axis',(0.,0.,1.));
#2488=DIRECTION('ref_axis',(1.,0.,0.));
#2489=DIRECTION('center_axis',(0.,0.,1.));
#2490=DIRECTION('ref_axis',(1.,0.,0.));
#2491=DIRECTION('center_axis',(0.,0.,1.));
#2492=DIRECTION('ref_axis',(1.,0.,0.));
#2493=DIRECTION('center_axis',(0.,0.,1.));
#2494=DIRECTION('ref_axis',(1.,0.,0.));
#2495=DIRECTION('center_axis',(0.,0.,1.));
#2496=DIRECTION('ref_axis',(1.,0.,0.));
#2497=DIRECTION('center_axis',(0.,0.,1.));
#2498=DIRECTION('ref_axis',(1.,0.,0.));
#2499=DIRECTION('center_axis',(0.,0.,1.));
#2500=DIRECTION('ref_axis',(1.,0.,0.));
#2501=DIRECTION('center_axis',(0.,0.,1.));
#2502=DIRECTION('ref_axis',(1.,0.,0.));
#2503=DIRECTION('center_axis',(0.,0.,1.));
#2504=DIRECTION('ref_axis',(1.,0.,0.));
#2505=DIRECTION('center_axis',(0.,0.,-1.));
#2506=DIRECTION('ref_axis',(1.,0.,0.));
#2507=DIRECTION('center_axis',(0.,0.,1.));
#2508=DIRECTION('ref_axis',(1.,0.,0.));
#2509=DIRECTION('center_axis',(0.,0.,-1.));
#2510=DIRECTION('ref_axis',(1.,0.,0.));
#2511=DIRECTION('center_axis',(0.,0.,1.));
#2512=DIRECTION('ref_axis',(1.,0.,0.));
#2513=DIRECTION('center_axis',(0.,0.,-1.));
#2514=DIRECTION('ref_axis',(1.,0.,0.));
#2515=DIRECTION('center_axis',(0.,0.,1.));
#2516=DIRECTION('ref_axis',(1.,0.,0.));
#2517=DIRECTION('center_axis',(0.,0.,1.));
#2518=DIRECTION('ref_axis',(1.,0.,0.));
#2519=DIRECTION('center_axis',(0.,0.,-1.));
#2520=DIRECTION('ref_axis',(1.,0.,0.));
#2521=DIRECTION('center_axis',(0.,0.,1.));
#2522=DIRECTION('ref_axis',(1.,0.,0.));
#2523=DIRECTION('center_axis',(0.,0.,-1.));
#2524=DIRECTION('ref_axis',(1.,0.,0.));
#2525=DIRECTION('center_axis',(0.,0.,1.));
#2526=DIRECTION('ref_axis',(1.,0.,0.));
#2527=DIRECTION('center_axis',(0.,0.,-1.));
#2528=DIRECTION('ref_axis',(1.,0.,0.));
#2529=DIRECTION('center_axis',(0.,0.,1.));
#2530=DIRECTION('ref_axis',(1.,0.,0.));
#2531=DIRECTION('center_axis',(0.,0.,-1.));
#2532=DIRECTION('ref_axis',(1.,0.,0.));
#2533=DIRECTION('center_axis',(0.,0.,1.));
#2534=DIRECTION('ref_axis',(1.,0.,0.));
#2535=DIRECTION('center_axis',(0.,0.,-1.));
#2536=DIRECTION('ref_axis',(1.,0.,0.));
#2537=DIRECTION('center_axis',(0.,0.,1.));
#2538=DIRECTION('ref_axis',(1.,0.,0.));
#2539=DIRECTION('center_axis',(0.,0.,-1.));
#2540=DIRECTION('ref_axis',(1.,0.,0.));
#2541=DIRECTION('center_axis',(0.,0.,1.));
#2542=DIRECTION('ref_axis',(1.,0.,0.));
#2543=DIRECTION('center_axis',(0.,0.,-1.));
#2544=DIRECTION('ref_axis',(1.,0.,0.));
#2545=DIRECTION('center_axis',(0.,0.,-1.));
#2546=DIRECTION('ref_axis',(1.,0.,0.));
#2547=DIRECTION('',(0.,0.,1.));
#2548=DIRECTION('center_axis',(0.,0.,1.));
#2549=DIRECTION('ref_axis',(1.,0.,0.));
#2550=DIRECTION('center_axis',(0.,0.,-1.));
#2551=DIRECTION('ref_axis',(1.,0.,0.));
#2552=DIRECTION('center_axis',(0.,0.,1.));
#2553=DIRECTION('ref_axis',(1.,0.,0.));
#2554=DIRECTION('center_axis',(0.,0.,-1.));
#2555=DIRECTION('ref_axis',(1.,0.,0.));
#2556=DIRECTION('center_axis',(0.,0.,-1.));
#2557=DIRECTION('ref_axis',(1.,0.,0.));
#2558=DIRECTION('center_axis',(0.,0.,1.));
#2559=DIRECTION('ref_axis',(1.,0.,0.));
#2560=DIRECTION('center_axis',(0.,0.,-1.));
#2561=DIRECTION('ref_axis',(1.,0.,0.));
#2562=DIRECTION('center_axis',(0.,0.,1.));
#2563=DIRECTION('ref_axis',(1.,0.,0.));
#2564=DIRECTION('center_axis',(0.,0.,-1.));
#2565=DIRECTION('ref_axis',(1.,0.,0.));
#2566=DIRECTION('center_axis',(0.,0.,1.));
#2567=DIRECTION('ref_axis',(1.,0.,0.));
#2568=DIRECTION('center_axis',(0.,0.,-1.));
#2569=DIRECTION('ref_axis',(1.,0.,0.));
#2570=DIRECTION('center_axis',(0.,0.,1.));
#2571=DIRECTION('ref_axis',(1.,0.,0.));
#2572=DIRECTION('center_axis',(0.,0.,-1.));
#2573=DIRECTION('ref_axis',(1.,0.,0.));
#2574=DIRECTION('center_axis',(0.,0.,-1.));
#2575=DIRECTION('ref_axis',(1.,0.,0.));
#2576=DIRECTION('center_axis',(0.,0.,-1.));
#2577=DIRECTION('ref_axis',(1.,0.,0.));
#2578=DIRECTION('center_axis',(0.,0.,1.));
#2579=DIRECTION('ref_axis',(1.,0.,0.));
#2580=DIRECTION('',(0.,0.,-1.));
#2581=DIRECTION('center_axis',(0.,0.,-1.));
#2582=DIRECTION('ref_axis',(1.,0.,0.));
#2583=DIRECTION('center_axis',(0.,0.,-1.));
#2584=DIRECTION('ref_axis',(1.,0.,0.));
#2585=DIRECTION('center_axis',(0.,0.,-1.));
#2586=DIRECTION('ref_axis',(1.,0.,0.));
#2587=DIRECTION('center_axis',(0.,0.,-1.));
#2588=DIRECTION('ref_axis',(1.,0.,0.));
#2589=DIRECTION('center_axis',(0.,0.,-1.));
#2590=DIRECTION('ref_axis',(1.,0.,0.));
#2591=DIRECTION('center_axis',(0.,0.,-1.));
#2592=DIRECTION('ref_axis',(1.,0.,0.));
#2593=DIRECTION('center_axis',(0.,0.,-1.));
#2594=DIRECTION('ref_axis',(1.,0.,0.));
#2595=DIRECTION('center_axis',(0.,0.,1.));
#2596=DIRECTION('ref_axis',(1.,0.,0.));
#2597=DIRECTION('center_axis',(0.,0.,1.));
#2598=DIRECTION('ref_axis',(1.,0.,0.));
#2599=DIRECTION('center_axis',(0.,0.,-1.));
#2600=DIRECTION('ref_axis',(1.,0.,0.));
#2601=DIRECTION('',(0.,0.,-1.));
#2602=DIRECTION('center_axis',(0.,0.,-1.));
#2603=DIRECTION('ref_axis',(1.,0.,0.));
#2604=DIRECTION('center_axis',(0.,0.,-1.));
#2605=DIRECTION('ref_axis',(1.,0.,0.));
#2606=DIRECTION('',(0.,0.,-1.));
#2607=CARTESIAN_POINT('',(0.,0.,0.));
#2608=CARTESIAN_POINT('Origin',(0.,0.,-4.));
#2609=CARTESIAN_POINT('',(-2.5,3.06161699786838E-16,-4.));
#2610=CARTESIAN_POINT('Origin',(0.,0.,-4.));
#2611=CARTESIAN_POINT('',(-2.5,-3.06161699786838E-16,-6.));
#2612=CARTESIAN_POINT('',(-2.5,3.06161699786838E-16,-4.));
#2613=CARTESIAN_POINT('Origin',(0.,0.,-6.));
#2614=CARTESIAN_POINT('Origin',(-1.11022302462516E-15,5.,3.5));
#2615=CARTESIAN_POINT('',(-2.29128784747792,-5.,3.5));
#2616=CARTESIAN_POINT('',(-5.5,6.73555739531044E-16,3.5));
#2617=CARTESIAN_POINT('Origin',(0.,0.,3.5));
#2618=CARTESIAN_POINT('',(-4.364166160693,-5.,3.5));
#2619=CARTESIAN_POINT('',(1.11022302462516E-15,-5.,3.5));
#2620=CARTESIAN_POINT('',(-6.94954233829177,-5.,3.5));
#2621=CARTESIAN_POINT('Origin',(-5.65685424949238,-5.65685424949238,3.5));
#2622=CARTESIAN_POINT('',(-8.66025403784438,-5.,3.5));
#2623=CARTESIAN_POINT('',(1.11022302462516E-15,-5.,3.5));
#2624=CARTESIAN_POINT('',(-10.,-1.22464679914735E-15,3.5));
#2625=CARTESIAN_POINT('Origin',(0.,0.,3.5));
#2626=CARTESIAN_POINT('',(-8.66025403784439,5.,3.5));
#2627=CARTESIAN_POINT('Origin',(0.,0.,3.5));
#2628=CARTESIAN_POINT('',(-6.94954233829176,5.,3.5));
#2629=CARTESIAN_POINT('',(-1.11022302462516E-15,5.,3.5));
#2630=CARTESIAN_POINT('',(-4.364166160693,5.,3.5));
#2631=CARTESIAN_POINT('Origin',(-5.65685424949238,5.65685424949238,3.5));
#2632=CARTESIAN_POINT('',(-2.29128784747792,5.,3.5));
#2633=CARTESIAN_POINT('',(-1.11022302462516E-15,5.,3.5));
#2634=CARTESIAN_POINT('Origin',(0.,0.,3.5));
#2635=CARTESIAN_POINT('Origin',(-1.11022302462516E-15,5.,3.5));
#2636=CARTESIAN_POINT('',(2.29128784747792,5.,3.5));
#2637=CARTESIAN_POINT('',(2.29128784747792,-5.,3.5));
#2638=CARTESIAN_POINT('Origin',(0.,0.,3.5));
#2639=CARTESIAN_POINT('',(4.364166160693,5.,3.5));
#2640=CARTESIAN_POINT('',(-1.11022302462516E-15,5.,3.5));
#2641=CARTESIAN_POINT('',(6.94954233829177,5.,3.5));
#2642=CARTESIAN_POINT('Origin',(5.65685424949238,5.65685424949238,3.5));
#2643=CARTESIAN_POINT('',(8.66025403784439,5.,3.5));
#2644=CARTESIAN_POINT('',(-1.11022302462516E-15,5.,3.5));
#2645=CARTESIAN_POINT('',(8.66025403784439,-5.,3.5));
#2646=CARTESIAN_POINT('Origin',(0.,0.,3.5));
#2647=CARTESIAN_POINT('',(6.94954233829176,-5.,3.5));
#2648=CARTESIAN_POINT('',(1.11022302462516E-15,-5.,3.5));
#2649=CARTESIAN_POINT('',(4.364166160693,-5.,3.5));
#2650=CARTESIAN_POINT('Origin',(5.65685424949238,-5.65685424949238,3.5));
#2651=CARTESIAN_POINT('',(1.11022302462516E-15,-5.,3.5));
#2652=CARTESIAN_POINT('Origin',(1.11022302462516E-15,-5.,1.));
#2653=CARTESIAN_POINT('Ctrl Pts',(2.29128784747792,-5.,3.5));
#2654=CARTESIAN_POINT('Ctrl Pts',(1.96597719955201,-5.14907606684956,3.5));
#2655=CARTESIAN_POINT('Ctrl Pts',(1.62219514567249,-5.26776700217164,3.48705092019942));
#2656=CARTESIAN_POINT('Ctrl Pts',(0.852013417800554,-5.45057793574978,3.46110351103718));
#2657=CARTESIAN_POINT('Ctrl Pts',(0.42210449544533,-5.5,3.44948974278318));
#2658=CARTESIAN_POINT('Ctrl Pts',(1.22124532708767E-15,-5.5,3.44948974278318));
#2659=CARTESIAN_POINT('Ctrl Pts',(-0.422104495445327,-5.5,3.44948974278318));
#2660=CARTESIAN_POINT('Ctrl Pts',(-0.852013417800551,-5.45057793574978,
3.46110351103718));
#2661=CARTESIAN_POINT('Ctrl Pts',(-1.62219514535172,-5.26776700224778,3.48705092018861));
#2662=CARTESIAN_POINT('Ctrl Pts',(-1.96597720079434,-5.14907606628025,3.5));
#2663=CARTESIAN_POINT('Ctrl Pts',(-2.29128784747792,-5.,3.5));
#2664=CARTESIAN_POINT('',(4.20685424949238,-5.65685424949238,3.41216551980245));
#2665=CARTESIAN_POINT('Ctrl Pts',(4.20685424949238,-5.65685424949238,3.41216551980245));
#2666=CARTESIAN_POINT('Ctrl Pts',(4.20685424949238,-5.48097851206547,3.46005805643108));
#2667=CARTESIAN_POINT('Ctrl Pts',(4.24116925366431,-5.28915275324707,3.48959874624528));
#2668=CARTESIAN_POINT('Ctrl Pts',(4.32874997819998,-5.0735025829041,3.49920492728359));
#2669=CARTESIAN_POINT('Ctrl Pts',(4.34570232541405,-5.03633679763372,3.5));
#2670=CARTESIAN_POINT('Ctrl Pts',(4.364166160693,-5.,3.5));
#2671=CARTESIAN_POINT('Ctrl Pts',(6.94954233829176,-5.,3.5));
#2672=CARTESIAN_POINT('Ctrl Pts',(6.96800617357072,-5.03633679763372,3.5));
#2673=CARTESIAN_POINT('Ctrl Pts',(6.98495852078478,-5.0735025829041,3.49920492728359));
#2674=CARTESIAN_POINT('Ctrl Pts',(7.07253924532045,-5.28915275324707,3.48959874624528));
#2675=CARTESIAN_POINT('Ctrl Pts',(7.10685424949238,-5.48097851206547,3.46005805643108));
#2676=CARTESIAN_POINT('Ctrl Pts',(7.10685424949238,-5.86132128994436,3.35648731559156));
#2677=CARTESIAN_POINT('Ctrl Pts',(7.06173425482621,-6.0671219739267,3.27048931693003));
#2678=CARTESIAN_POINT('Ctrl Pts',(6.8995070069504,-6.4300434401774,3.06127301433921));
#2679=CARTESIAN_POINT('Ctrl Pts',(6.78287205912579,-6.58761266050927,2.93846708531198));
#2680=CARTESIAN_POINT('Ctrl Pts',(6.53255178258998,-6.82449295671261,2.71634548422404));
#2681=CARTESIAN_POINT('Ctrl Pts',(6.38229646077071,-6.92563691926346,2.59860818396334));
#2682=CARTESIAN_POINT('Ctrl Pts',(6.12846748200931,-7.03107218775422,2.45881875487476));
#2683=CARTESIAN_POINT('Ctrl Pts',(6.03903427553543,-7.0588137141457,2.41859978961904));
#2684=CARTESIAN_POINT('Ctrl Pts',(5.85277369777882,-7.09669017544039,2.36200945507929));
#2685=CARTESIAN_POINT('Ctrl Pts',(5.75590450279395,-7.10685424949238,2.34579536757856));
#2686=CARTESIAN_POINT('Ctrl Pts',(5.55780399619081,-7.10685424949238,2.34579536757856));
#2687=CARTESIAN_POINT('Ctrl Pts',(5.46093480120595,-7.09669017544039,2.36200945507929));
#2688=CARTESIAN_POINT('Ctrl Pts',(5.27467422344933,-7.0588137141457,2.41859978961904));
#2689=CARTESIAN_POINT('Ctrl Pts',(5.18524101697545,-7.03107218775422,2.45881875487476));
#2690=CARTESIAN_POINT('Ctrl Pts',(4.93141203821406,-6.92563691926346,2.59860818396334));
#2691=CARTESIAN_POINT('Ctrl Pts',(4.78115671639478,-6.82449295671261,2.71634548422404));
#2692=CARTESIAN_POINT('Ctrl Pts',(4.53083643985897,-6.58761266050927,2.93846708531198));
#2693=CARTESIAN_POINT('Ctrl Pts',(4.41420149203437,-6.4300434401774,3.06127301433921));
#2694=CARTESIAN_POINT('Ctrl Pts',(4.25197424415855,-6.0671219739267,3.27048931693003));
#2695=CARTESIAN_POINT('Ctrl Pts',(4.20685424949238,-5.86132128994436,3.35648731559156));
#2696=CARTESIAN_POINT('Ctrl Pts',(4.20685424949238,-5.65685424949238,3.41216551980245));
#2697=CARTESIAN_POINT('',(6.84376515707697,-7.29128784747792,0.));
#2698=CARTESIAN_POINT('Ctrl Pts',(6.84376515707697,-7.29128784747792,-8.02428037474445E-17));
#2699=CARTESIAN_POINT('Ctrl Pts',(6.84293324997247,-7.29206869401351,0.00178914417775433));
#2700=CARTESIAN_POINT('Ctrl Pts',(6.84210309005843,-7.29284763257555,0.00357962999066376));
#2701=CARTESIAN_POINT('Ctrl Pts',(6.77098956050386,-7.35955072525067,0.15739795538156));
#2702=CARTESIAN_POINT('Ctrl Pts',(6.71343303824096,-7.41165202882842,0.31940273852832));
#2703=CARTESIAN_POINT('Ctrl Pts',(6.63506185933202,-7.48189301489667,0.654333696380518));
#2704=CARTESIAN_POINT('Ctrl Pts',(6.61437827766148,-7.5,0.827297384139102));
#2705=CARTESIAN_POINT('Ctrl Pts',(6.61437827766148,-7.5,1.16076897662311));
#2706=CARTESIAN_POINT('Ctrl Pts',(6.63232793504477,-7.48427526324172,1.32284786101961));
#2707=CARTESIAN_POINT('Ctrl Pts',(6.70144837534269,-7.42244836418728,1.63843422246575));
#2708=CARTESIAN_POINT('Ctrl Pts',(6.75250945194008,-7.3763808730367,1.7919725088686));
#2709=CARTESIAN_POINT('Ctrl Pts',(6.94108502255169,-7.20075355853262,2.22650421835117));
#2710=CARTESIAN_POINT('Ctrl Pts',(7.11443482423337,-7.03191394800739,2.48160760948767));
#2711=CARTESIAN_POINT('Ctrl Pts',(7.49878447936448,-6.62302380926922,2.93094808387254));
#2712=CARTESIAN_POINT('Ctrl Pts',(7.74574970807174,-6.33746512287431,3.1409349473231));
#2713=CARTESIAN_POINT('Ctrl Pts',(8.22733661358159,-5.69833619490306,3.42584871238051));
#2714=CARTESIAN_POINT('Ctrl Pts',(8.46157111751982,-5.34412891259832,3.5));
#2715=CARTESIAN_POINT('Ctrl Pts',(8.66025403784439,-5.,3.5));
#2716=CARTESIAN_POINT('',(9.51171788570527,-7.29128784747792,0.));
#2717=CARTESIAN_POINT('',(1.61899112948792E-15,-7.29128784747792,0.));
#2718=CARTESIAN_POINT('',(9.06787608626547,-6.7472101059698,-0.78808748264647));
#2719=CARTESIAN_POINT('Ctrl Pts',(9.06787608626546,-6.7472101059698,-0.78808748264647));
#2720=CARTESIAN_POINT('Ctrl Pts',(9.15742874155202,-6.83232262311834,-0.704920718408315));
#2721=CARTESIAN_POINT('Ctrl Pts',(9.25713660208937,-6.93685964372255,-0.596004033973685));
#2722=CARTESIAN_POINT('Ctrl Pts',(9.41765198751197,-7.14891714184886,-0.286844907000108));
#2723=CARTESIAN_POINT('Ctrl Pts',(9.47009989677633,-7.22651046790584,-0.14842362260497));
#2724=CARTESIAN_POINT('Ctrl Pts',(9.51171788570527,-7.29128784747792,0.));
#2725=CARTESIAN_POINT('',(8.09402154701172,-5.,-1.5));
#2726=CARTESIAN_POINT('Ctrl Pts',(8.09402154701173,-4.99999999999999,-1.5));
#2727=CARTESIAN_POINT('Ctrl Pts',(8.07439051226735,-5.04835947699662,-1.5));
#2728=CARTESIAN_POINT('Ctrl Pts',(8.0362013778612,-5.155047262978,-1.49952552787168));
#2729=CARTESIAN_POINT('Ctrl Pts',(8.02017231737771,-5.42607066573041,-1.46663589891681));
#2730=CARTESIAN_POINT('Ctrl Pts',(8.03677327194936,-5.52922784989855,-1.44457638179836));
#2731=CARTESIAN_POINT('Ctrl Pts',(8.09409380964111,-5.77235243189548,-1.38397912902543));
#2732=CARTESIAN_POINT('Ctrl Pts',(8.17089826389798,-5.92892128146128,-1.32577664884917));
#2733=CARTESIAN_POINT('Ctrl Pts',(8.51574760377501,-6.41539845497648,-1.09709240034753));
#2734=CARTESIAN_POINT('Ctrl Pts',(8.92182677136526,-6.66050127171356,-0.872814070668403));
#2735=CARTESIAN_POINT('Ctrl Pts',(9.06787608626547,-6.7472101059698,-0.78808748264647));
#2736=CARTESIAN_POINT('',(6.94954233829176,-5.,-1.5));
#2737=CARTESIAN_POINT('',(1.11022302462516E-15,-5.,-1.5));
#2738=CARTESIAN_POINT('',(4.20685424949238,-5.65685424949238,-1.41216551980244));
#2739=CARTESIAN_POINT('Ctrl Pts',(4.20685424949238,-5.65685424949238,-1.41216551980244));
#2740=CARTESIAN_POINT('Ctrl Pts',(4.20685424949238,-5.86132128994436,-1.35648731559156));
#2741=CARTESIAN_POINT('Ctrl Pts',(4.25197424415855,-6.0671219739267,-1.27048931693003));
#2742=CARTESIAN_POINT('Ctrl Pts',(4.41420149203437,-6.4300434401774,-1.06127301433921));
#2743=CARTESIAN_POINT('Ctrl Pts',(4.53083643985897,-6.58761266050927,-0.938467085311979));
#2744=CARTESIAN_POINT('Ctrl Pts',(4.78115671639478,-6.82449295671261,-0.716345484224037));
#2745=CARTESIAN_POINT('Ctrl Pts',(4.93141203821406,-6.92563691926346,-0.598608183963336));
#2746=CARTESIAN_POINT('Ctrl Pts',(5.18524101697545,-7.03107218775422,-0.45881875487476));
#2747=CARTESIAN_POINT('Ctrl Pts',(5.27467422344933,-7.0588137141457,-0.418599789619038));
#2748=CARTESIAN_POINT('Ctrl Pts',(5.46093480120595,-7.09669017544039,-0.362009455079293));
#2749=CARTESIAN_POINT('Ctrl Pts',(5.55780399619081,-7.10685424949238,-0.345795367578554));
#2750=CARTESIAN_POINT('Ctrl Pts',(5.75590450279395,-7.10685424949238,-0.345795367578554));
#2751=CARTESIAN_POINT('Ctrl Pts',(5.85277369777882,-7.09669017544039,-0.362009455079291));
#2752=CARTESIAN_POINT('Ctrl Pts',(6.03903427553543,-7.0588137141457,-0.418599789619037));
#2753=CARTESIAN_POINT('Ctrl Pts',(6.12846748200931,-7.03107218775422,-0.458818754874761));
#2754=CARTESIAN_POINT('Ctrl Pts',(6.3822964607707,-6.92563691926346,-0.598608183963338));
#2755=CARTESIAN_POINT('Ctrl Pts',(6.53255178258998,-6.82449295671261,-0.716345484224037));
#2756=CARTESIAN_POINT('Ctrl Pts',(6.78287205912579,-6.58761266050927,-0.938467085311979));
#2757=CARTESIAN_POINT('Ctrl Pts',(6.8995070069504,-6.4300434401774,-1.06127301433921));
#2758=CARTESIAN_POINT('Ctrl Pts',(7.06173425482621,-6.0671219739267,-1.27048931693003));
#2759=CARTESIAN_POINT('Ctrl Pts',(7.10685424949238,-5.86132128994436,-1.35648731559156));
#2760=CARTESIAN_POINT('Ctrl Pts',(7.10685424949238,-5.48097851206547,-1.46005805643108));
#2761=CARTESIAN_POINT('Ctrl Pts',(7.07253924532045,-5.28915275324707,-1.48959874624528));
#2762=CARTESIAN_POINT('Ctrl Pts',(6.98495852078478,-5.0735025829041,-1.49920492728359));
#2763=CARTESIAN_POINT('Ctrl Pts',(6.96800617357071,-5.03633679763372,-1.5));
#2764=CARTESIAN_POINT('Ctrl Pts',(6.94954233829176,-5.,-1.5));
#2765=CARTESIAN_POINT('',(4.364166160693,-5.,-1.5));
#2766=CARTESIAN_POINT('Ctrl Pts',(4.364166160693,-5.,-1.5));
#2767=CARTESIAN_POINT('Ctrl Pts',(4.34570232541405,-5.03633679763372,-1.5));
#2768=CARTESIAN_POINT('Ctrl Pts',(4.32874997819998,-5.07350258290411,-1.49920492728359));
#2769=CARTESIAN_POINT('Ctrl Pts',(4.24116925366431,-5.28915275324707,-1.48959874624528));
#2770=CARTESIAN_POINT('Ctrl Pts',(4.20685424949238,-5.48097851206547,-1.46005805643108));
#2771=CARTESIAN_POINT('Ctrl Pts',(4.20685424949238,-5.65685424949238,-1.41216551980244));
#2772=CARTESIAN_POINT('',(2.29128784747792,-5.,-1.5));
#2773=CARTESIAN_POINT('',(1.11022302462516E-15,-5.,-1.5));
#2774=CARTESIAN_POINT('',(-2.29128784747792,-5.,-1.5));
#2775=CARTESIAN_POINT('Ctrl Pts',(-2.29128784747792,-5.,-1.5));
#2776=CARTESIAN_POINT('Ctrl Pts',(-1.96597720079434,-5.14907606628025,-1.5));
#2777=CARTESIAN_POINT('Ctrl Pts',(-1.62219514535172,-5.26776700224778,-1.48705092018861));
#2778=CARTESIAN_POINT('Ctrl Pts',(-0.852013417800552,-5.45057793574978,
-1.46110351103717));
#2779=CARTESIAN_POINT('Ctrl Pts',(-0.422104495445327,-5.5,-1.44948974278318));
#2780=CARTESIAN_POINT('Ctrl Pts',(0.42210449544533,-5.5,-1.44948974278318));
#2781=CARTESIAN_POINT('Ctrl Pts',(0.852013417800554,-5.45057793574978,-1.46110351103717));
#2782=CARTESIAN_POINT('Ctrl Pts',(1.62219514535172,-5.26776700224778,-1.48705092018861));
#2783=CARTESIAN_POINT('Ctrl Pts',(1.96597720079434,-5.14907606628025,-1.5));
#2784=CARTESIAN_POINT('Ctrl Pts',(2.29128784747792,-5.,-1.5));
#2785=CARTESIAN_POINT('',(-4.364166160693,-5.,-1.5));
#2786=CARTESIAN_POINT('',(1.11022302462516E-15,-5.,-1.5));
#2787=CARTESIAN_POINT('',(-7.10685424949238,-5.65685424949238,-1.41216551980245));
#2788=CARTESIAN_POINT('Ctrl Pts',(-7.10685424949238,-5.65685424949238,-1.41216551980244));
#2789=CARTESIAN_POINT('Ctrl Pts',(-7.10685424949238,-5.86132128994436,-1.35648731559156));
#2790=CARTESIAN_POINT('Ctrl Pts',(-7.06173425482621,-6.0671219739267,-1.27048931693003));
#2791=CARTESIAN_POINT('Ctrl Pts',(-6.8995070069504,-6.4300434401774,-1.06127301433921));
#2792=CARTESIAN_POINT('Ctrl Pts',(-6.78287205912579,-6.58761266050927,-0.938467085311981));
#2793=CARTESIAN_POINT('Ctrl Pts',(-6.53255178258998,-6.82449295671261,-0.71634548422404));
#2794=CARTESIAN_POINT('Ctrl Pts',(-6.3822964607707,-6.92563691926346,-0.598608183963339));
#2795=CARTESIAN_POINT('Ctrl Pts',(-6.12846748200931,-7.03107218775422,-0.458818754874763));
#2796=CARTESIAN_POINT('Ctrl Pts',(-6.03903427553543,-7.0588137141457,-0.41859978961904));
#2797=CARTESIAN_POINT('Ctrl Pts',(-5.85277369777882,-7.09669017544039,-0.362009455079294));
#2798=CARTESIAN_POINT('Ctrl Pts',(-5.75590450279395,-7.10685424949238,-0.345795367578558));
#2799=CARTESIAN_POINT('Ctrl Pts',(-5.55780399619081,-7.10685424949238,-0.345795367578558));
#2800=CARTESIAN_POINT('Ctrl Pts',(-5.46093480120595,-7.09669017544039,-0.362009455079294));
#2801=CARTESIAN_POINT('Ctrl Pts',(-5.27467422344933,-7.0588137141457,-0.41859978961904));
#2802=CARTESIAN_POINT('Ctrl Pts',(-5.18524101697545,-7.03107218775422,-0.458818754874763));
#2803=CARTESIAN_POINT('Ctrl Pts',(-4.93141203821406,-6.92563691926346,-0.598608183963339));
#2804=CARTESIAN_POINT('Ctrl Pts',(-4.78115671639478,-6.82449295671261,-0.71634548422404));
#2805=CARTESIAN_POINT('Ctrl Pts',(-4.53083643985897,-6.58761266050927,-0.93846708531198));
#2806=CARTESIAN_POINT('Ctrl Pts',(-4.41420149203437,-6.4300434401774,-1.06127301433921));
#2807=CARTESIAN_POINT('Ctrl Pts',(-4.25197424415855,-6.0671219739267,-1.27048931693003));
#2808=CARTESIAN_POINT('Ctrl Pts',(-4.20685424949238,-5.86132128994436,-1.35648731559156));
#2809=CARTESIAN_POINT('Ctrl Pts',(-4.20685424949238,-5.48097851206547,-1.46005805643108));
#2810=CARTESIAN_POINT('Ctrl Pts',(-4.24116925366431,-5.28915275324707,-1.48959874624528));
#2811=CARTESIAN_POINT('Ctrl Pts',(-4.32874997819998,-5.07350258290411,-1.49920492728359));
#2812=CARTESIAN_POINT('Ctrl Pts',(-4.34570232541405,-5.03633679763372,-1.5));
#2813=CARTESIAN_POINT('Ctrl Pts',(-4.364166160693,-5.,-1.5));
#2814=CARTESIAN_POINT('',(-6.94954233829177,-5.,-1.5));
#2815=CARTESIAN_POINT('Ctrl Pts',(-6.94954233829177,-5.,-1.5));
#2816=CARTESIAN_POINT('Ctrl Pts',(-6.96800617357072,-5.03633679763372,-1.5));
#2817=CARTESIAN_POINT('Ctrl Pts',(-6.98495852078478,-5.07350258290411,-1.49920492728359));
#2818=CARTESIAN_POINT('Ctrl Pts',(-7.07253924532045,-5.28915275324707,-1.48959874624528));
#2819=CARTESIAN_POINT('Ctrl Pts',(-7.10685424949238,-5.48097851206547,-1.46005805643108));
#2820=CARTESIAN_POINT('Ctrl Pts',(-7.10685424949238,-5.65685424949238,-1.41216551980245));
#2821=CARTESIAN_POINT('',(-8.09402154701173,-5.,-1.5));
#2822=CARTESIAN_POINT('',(1.11022302462516E-15,-5.,-1.5));
#2823=CARTESIAN_POINT('',(-9.06787608626546,-6.74721010596981,-0.788087482646467));
#2824=CARTESIAN_POINT('Ctrl Pts',(-9.06787608626546,-6.74721010596981,-0.788087482646467));
#2825=CARTESIAN_POINT('Ctrl Pts',(-8.93561421368253,-6.66868681542203,-0.864815656256865));
#2826=CARTESIAN_POINT('Ctrl Pts',(-8.54645294106623,-6.44234932976008,-1.07928747117806));
#2827=CARTESIAN_POINT('Ctrl Pts',(-8.1655201893803,-5.92796747473921,-1.32830993856003));
#2828=CARTESIAN_POINT('Ctrl Pts',(-8.11072548905978,-5.79184943955481,-1.37349197254357));
#2829=CARTESIAN_POINT('Ctrl Pts',(-8.04840434739772,-5.59715649763897,-1.42970147748197));
#2830=CARTESIAN_POINT('Ctrl Pts',(-8.02198127000683,-5.47510400184218,-1.45872161145838));
#2831=CARTESIAN_POINT('Ctrl Pts',(-8.02908736124199,-5.23423755456702,-1.49092984846781));
#2832=CARTESIAN_POINT('Ctrl Pts',(-8.04515526996922,-5.12037814772988,-1.5));
#2833=CARTESIAN_POINT('Ctrl Pts',(-8.09402154701173,-4.99999999999998,-1.5));
#2834=CARTESIAN_POINT('',(-9.51171788570527,-7.29128784747792,0.));
#2835=CARTESIAN_POINT('Ctrl Pts',(-9.51171788570527,-7.29128784747792,0.));
#2836=CARTESIAN_POINT('Ctrl Pts',(-9.47155854312551,-7.22878081519206,-0.143221603458517));
#2837=CARTESIAN_POINT('Ctrl Pts',(-9.42129535702173,-7.15429610550422,-0.277220416939348));
#2838=CARTESIAN_POINT('Ctrl Pts',(-9.26030934490891,-6.9402433477844,-0.593617470615512));
#2839=CARTESIAN_POINT('Ctrl Pts',(-9.15548634270205,-6.83047653095171,-0.706724607156157));
#2840=CARTESIAN_POINT('Ctrl Pts',(-9.06787608626546,-6.74721010596981,-0.788087482646467));
#2841=CARTESIAN_POINT('',(-6.84376515707697,-7.29128784747792,0.));
#2842=CARTESIAN_POINT('',(1.61899112948792E-15,-7.29128784747792,0.));
#2843=CARTESIAN_POINT('Ctrl Pts',(-8.66025403784439,-5.,3.5));
#2844=CARTESIAN_POINT('Ctrl Pts',(-8.46157111751981,-5.34412891259832,3.5));
#2845=CARTESIAN_POINT('Ctrl Pts',(-8.22733661358159,-5.69833619490307,3.42584871238051));
#2846=CARTESIAN_POINT('Ctrl Pts',(-7.74574970807174,-6.33746512287431,3.1409349473231));
#2847=CARTESIAN_POINT('Ctrl Pts',(-7.49878447936448,-6.62302380926922,2.93094808387254));
#2848=CARTESIAN_POINT('Ctrl Pts',(-7.11443482423337,-7.0319139480074,2.48160760948767));
#2849=CARTESIAN_POINT('Ctrl Pts',(-6.94108502255169,-7.20075355853263,2.22650421835117));
#2850=CARTESIAN_POINT('Ctrl Pts',(-6.75250945194007,-7.3763808730367,1.7919725088686));
#2851=CARTESIAN_POINT('Ctrl Pts',(-6.70144837534269,-7.42244836418728,1.63843422246575));
#2852=CARTESIAN_POINT('Ctrl Pts',(-6.63232793504477,-7.48427526324173,1.32284786101961));
#2853=CARTESIAN_POINT('Ctrl Pts',(-6.61437827766147,-7.5,1.16076897662311));
#2854=CARTESIAN_POINT('Ctrl Pts',(-6.61437827766147,-7.5,0.827297384139102));
#2855=CARTESIAN_POINT('Ctrl Pts',(-6.63506185933202,-7.48189301489667,0.654333696380517));
#2856=CARTESIAN_POINT('Ctrl Pts',(-6.71343303824096,-7.41165202882842,0.319402738528319));
#2857=CARTESIAN_POINT('Ctrl Pts',(-6.77098956050386,-7.35955072525067,0.157397955381558));
#2858=CARTESIAN_POINT('Ctrl Pts',(-6.84210309005843,-7.29284763257555,0.00357962999066283));
#2859=CARTESIAN_POINT('Ctrl Pts',(-6.84293324997247,-7.29206869401352,0.00178914417775338));
#2860=CARTESIAN_POINT('Ctrl Pts',(-6.84376515707697,-7.29128784747792,-8.55801649917549E-16));
#2861=CARTESIAN_POINT('',(-7.10685424949238,-5.65685424949238,3.41216551980245));
#2862=CARTESIAN_POINT('Ctrl Pts',(-7.10685424949238,-5.65685424949238,3.41216551980245));
#2863=CARTESIAN_POINT('Ctrl Pts',(-7.10685424949238,-5.48097851206547,3.46005805643108));
#2864=CARTESIAN_POINT('Ctrl Pts',(-7.07253924532045,-5.28915275324707,3.48959874624528));
#2865=CARTESIAN_POINT('Ctrl Pts',(-6.98495852078478,-5.07350258290411,3.49920492728359));
#2866=CARTESIAN_POINT('Ctrl Pts',(-6.96800617357072,-5.03633679763372,3.5));
#2867=CARTESIAN_POINT('Ctrl Pts',(-6.94954233829177,-5.,3.5));
#2868=CARTESIAN_POINT('Ctrl Pts',(-4.364166160693,-5.,3.5));
#2869=CARTESIAN_POINT('Ctrl Pts',(-4.34570232541405,-5.03633679763372,3.5));
#2870=CARTESIAN_POINT('Ctrl Pts',(-4.32874997819998,-5.07350258290411,3.49920492728359));
#2871=CARTESIAN_POINT('Ctrl Pts',(-4.24116925366431,-5.28915275324707,3.48959874624528));
#2872=CARTESIAN_POINT('Ctrl Pts',(-4.20685424949238,-5.48097851206547,3.46005805643108));
#2873=CARTESIAN_POINT('Ctrl Pts',(-4.20685424949238,-5.86132128994436,3.35648731559156));
#2874=CARTESIAN_POINT('Ctrl Pts',(-4.25197424415855,-6.0671219739267,3.27048931693003));
#2875=CARTESIAN_POINT('Ctrl Pts',(-4.41420149203437,-6.4300434401774,3.06127301433921));
#2876=CARTESIAN_POINT('Ctrl Pts',(-4.53083643985897,-6.58761266050927,2.93846708531198));
#2877=CARTESIAN_POINT('Ctrl Pts',(-4.78115671639478,-6.82449295671261,2.71634548422404));
#2878=CARTESIAN_POINT('Ctrl Pts',(-4.93141203821406,-6.92563691926346,2.59860818396334));
#2879=CARTESIAN_POINT('Ctrl Pts',(-5.18524101697545,-7.03107218775422,2.45881875487476));
#2880=CARTESIAN_POINT('Ctrl Pts',(-5.27467422344933,-7.0588137141457,2.41859978961904));
#2881=CARTESIAN_POINT('Ctrl Pts',(-5.46093480120595,-7.09669017544039,2.3620094550793));
#2882=CARTESIAN_POINT('Ctrl Pts',(-5.55780399619081,-7.10685424949238,2.34579536757856));
#2883=CARTESIAN_POINT('Ctrl Pts',(-5.75590450279395,-7.10685424949238,2.34579536757856));
#2884=CARTESIAN_POINT('Ctrl Pts',(-5.85277369777882,-7.09669017544039,2.3620094550793));
#2885=CARTESIAN_POINT('Ctrl Pts',(-6.03903427553543,-7.0588137141457,2.41859978961904));
#2886=CARTESIAN_POINT('Ctrl Pts',(-6.12846748200931,-7.03107218775422,2.45881875487476));
#2887=CARTESIAN_POINT('Ctrl Pts',(-6.3822964607707,-6.92563691926346,2.59860818396334));
#2888=CARTESIAN_POINT('Ctrl Pts',(-6.53255178258998,-6.82449295671261,2.71634548422404));
#2889=CARTESIAN_POINT('Ctrl Pts',(-6.78287205912579,-6.58761266050927,2.93846708531198));
#2890=CARTESIAN_POINT('Ctrl Pts',(-6.8995070069504,-6.4300434401774,3.06127301433921));
#2891=CARTESIAN_POINT('Ctrl Pts',(-7.06173425482621,-6.0671219739267,3.27048931693003));
#2892=CARTESIAN_POINT('Ctrl Pts',(-7.10685424949238,-5.86132128994436,3.35648731559156));
#2893=CARTESIAN_POINT('Ctrl Pts',(-7.10685424949238,-5.65685424949238,3.41216551980245));
#2894=CARTESIAN_POINT('Origin',(1.11022302462516E-15,-5.,-1.5));
#2895=CARTESIAN_POINT('',(2.29128784747792,5.,-1.5));
#2896=CARTESIAN_POINT('Origin',(0.,0.,-1.5));
#2897=CARTESIAN_POINT('Origin',(5.65685424949238,-5.65685424949238,-1.5));
#2898=CARTESIAN_POINT('',(10.3771933995737,-4.4794059960904,-1.5));
#2899=CARTESIAN_POINT('Ctrl Pts',(10.3771933995737,-4.4794059960904,-1.5));
#2900=CARTESIAN_POINT('Ctrl Pts',(10.1893941912451,-4.37400686536156,-1.5));
#2901=CARTESIAN_POINT('Ctrl Pts',(10.0683257685392,-4.30605925990853,-1.5));
#2902=CARTESIAN_POINT('Ctrl Pts',(9.77514886461442,-4.20494168626496,-1.5));
#2903=CARTESIAN_POINT('Ctrl Pts',(9.56010484195371,-4.13441596306121,-1.5));
#2904=CARTESIAN_POINT('Ctrl Pts',(9.2100015228286,-4.11712911746075,-1.5));
#2905=CARTESIAN_POINT('Ctrl Pts',(9.05056805437648,-4.12236402394502,-1.5));
#2906=CARTESIAN_POINT('Ctrl Pts',(8.72185045337801,-4.22079196769185,-1.5));
#2907=CARTESIAN_POINT('Ctrl Pts',(8.61206045135196,-4.29150041846715,-1.5));
#2908=CARTESIAN_POINT('Ctrl Pts',(8.37997980472158,-4.47310881045998,-1.5));
#2909=CARTESIAN_POINT('Ctrl Pts',(8.31545723923218,-4.6004530510854,-1.5));
#2910=CARTESIAN_POINT('Ctrl Pts',(8.1688892486821,-4.84932704682457,-1.5));
#2911=CARTESIAN_POINT('Ctrl Pts',(8.12766243684597,-4.91712837049754,-1.5));
#2912=CARTESIAN_POINT('Ctrl Pts',(8.09402154701172,-5.,-1.5));
#2913=CARTESIAN_POINT('',(13.3345655866125,-4.22458084486438,-1.5));
#2914=CARTESIAN_POINT('Ctrl Pts',(13.3345655866125,-4.22458084486438,-1.5));
#2915=CARTESIAN_POINT('Ctrl Pts',(13.2152373036025,-4.26335961041639,-1.5));
#2916=CARTESIAN_POINT('Ctrl Pts',(13.0959090205925,-4.3021383759684,-1.5));
#2917=CARTESIAN_POINT('Ctrl Pts',(12.9754686392229,-4.33719275436774,-1.5));
#2918=CARTESIAN_POINT('Ctrl Pts',(12.8550276009148,-4.37224732397013,-1.5));
#2919=CARTESIAN_POINT('Ctrl Pts',(12.7334744521152,-4.40357746579063,-1.5));
#2920=CARTESIAN_POINT('Ctrl Pts',(12.6112425765908,-4.43191856999273,-1.5));
#2921=CARTESIAN_POINT('Ctrl Pts',(12.4890125402733,-4.46025924774997,-1.5));
#2922=CARTESIAN_POINT('Ctrl Pts',(12.3661037976561,-4.48561097783943,-1.5));
#2923=CARTESIAN_POINT('Ctrl Pts',(12.2425468736878,-4.5073693569664,-1.5));
#2924=CARTESIAN_POINT('Ctrl Pts',(12.1189933601497,-4.52912713551649,-1.5));
#2925=CARTESIAN_POINT('Ctrl Pts',(11.9947917010422,-4.54729176146938,-1.5));
#2926=CARTESIAN_POINT('Ctrl Pts',(11.8701335005237,-4.56149701770297,-1.5));
#2927=CARTESIAN_POINT('Ctrl Pts',(11.7454806569093,-4.57570166349781,-1.5));
#2928=CARTESIAN_POINT('Ctrl Pts',(11.6203713111207,-4.58594727985595,-1.5));
#2929=CARTESIAN_POINT('Ctrl Pts',(11.495028047881,-4.59158442534103,-1.5));
#2930=CARTESIAN_POINT('Ctrl Pts',(11.3696944232464,-4.59722113734275,-1.5));
#2931=CARTESIAN_POINT('Ctrl Pts',(11.2441269171348,-4.59825008720551,-1.5));
#2932=CARTESIAN_POINT('Ctrl Pts',(11.118753098765,-4.59376097006173,-1.5));
#2933=CARTESIAN_POINT('Ctrl Pts',(11.0560551230914,-4.59151601524472,-1.5));
#2934=CARTESIAN_POINT('Ctrl Pts',(10.9934055864512,-4.58789105656468,-1.5));
#2935=CARTESIAN_POINT('Ctrl Pts',(10.9309122183722,-4.58257186510384,-1.5));
#2936=CARTESIAN_POINT('Ctrl Pts',(10.8684211548707,-4.57725286979964,-1.5));
#2937=CARTESIAN_POINT('Ctrl Pts',(10.8060862484125,-4.5702397666693,-1.5));
#2938=CARTESIAN_POINT('Ctrl Pts',(10.743911965911,-4.56165090793264,-1.5));
#2939=CARTESIAN_POINT('Ctrl Pts',(10.681742842446,-4.55306276187384,-1.5));
#2940=CARTESIAN_POINT('Ctrl Pts',(10.6197343162826,-4.54289912170086,-1.5));
#2941=CARTESIAN_POINT('Ctrl Pts',(10.558628612826,-4.52892501169117,-1.5));
#2942=CARTESIAN_POINT('Ctrl Pts',(10.4975488372673,-4.51495683106742,-1.5));
#2943=CARTESIAN_POINT('Ctrl Pts',(10.4373711184205,-4.49718141357891,-1.5));
#2944=CARTESIAN_POINT('Ctrl Pts',(10.3771933995737,-4.4794059960904,-1.5));
#2945=CARTESIAN_POINT('',(13.6603629688683,-3.00868846131254,-1.5));
#2946=CARTESIAN_POINT('Origin',(0.,0.,-1.5));
#2947=CARTESIAN_POINT('',(11.2266161020602,-1.30931731330821,-1.5));
#2948=CARTESIAN_POINT('Ctrl Pts',(11.2266161020602,-1.30931731330821,-1.5));
#2949=CARTESIAN_POINT('Ctrl Pts',(11.2876192440676,-1.3240122096237,-1.5));
#2950=CARTESIAN_POINT('Ctrl Pts',(11.348622386075,-1.33870710593918,-1.5));
#2951=CARTESIAN_POINT('Ctrl Pts',(11.4085031136781,-1.35715019445369,-1.5));
#2952=CARTESIAN_POINT('Ctrl Pts',(11.4684092601925,-1.37560111191834,-1.5));
#2953=CARTESIAN_POINT('Ctrl Pts',(11.5271920391877,-1.3978034044153,-1.5));
#2954=CARTESIAN_POINT('Ctrl Pts',(11.5853261524688,-1.42145041348948,-1.5));
#2955=CARTESIAN_POINT('Ctrl Pts',(11.6434650899455,-1.44509938488474,-1.5));
#2956=CARTESIAN_POINT('Ctrl Pts',(11.700955254046,-1.4701933126436,-1.5));
#2957=CARTESIAN_POINT('Ctrl Pts',(11.7577336001999,-1.49683245933832,-1.5));
#2958=CARTESIAN_POINT('Ctrl Pts',(11.8145140402548,-1.52347258844514,-1.5));
#2959=CARTESIAN_POINT('Ctrl Pts',(11.8705826098606,-1.55165805046066,-1.5));
#2960=CARTESIAN_POINT('Ctrl Pts',(11.9260031269683,-1.58106285039558,-1.5));
#2961=CARTESIAN_POINT('Ctrl Pts',(12.0368245972179,-1.63986207009342,-1.5));
#2962=CARTESIAN_POINT('Ctrl Pts',(12.145054772469,-1.70353691986958,-1.5));
#2963=CARTESIAN_POINT('Ctrl Pts',(12.2507785193501,-1.77108526797421,-1.5));
#2964=CARTESIAN_POINT('Ctrl Pts',(12.3565103967664,-1.83863881078893,-1.5));
#2965=CARTESIAN_POINT('Ctrl Pts',(12.4597354602911,-1.91006644772682,-1.5));
#2966=CARTESIAN_POINT('Ctrl Pts',(12.5605856666177,-1.98469445364411,-1.5));
#2967=CARTESIAN_POINT('Ctrl Pts',(12.66144020694,-2.05932566666894,-1.5));
#2968=CARTESIAN_POINT('Ctrl Pts',(12.7599196859428,-2.13715752374813,-1.5));
#2969=CARTESIAN_POINT('Ctrl Pts',(12.8560412781186,-2.21777706947148,-1.5));
#2970=CARTESIAN_POINT('Ctrl Pts',(12.9521655235252,-2.29839884052476,-1.5));
#2971=CARTESIAN_POINT('Ctrl Pts',(13.0459317519341,-2.38180845412067,-1.5));
#2972=CARTESIAN_POINT('Ctrl Pts',(13.1376157296119,-2.46746721917768,-1.5));
#2973=CARTESIAN_POINT('Ctrl Pts',(13.2293010868672,-2.55312727315021,-1.5));
#2974=CARTESIAN_POINT('Ctrl Pts',(13.3189041307274,-2.64103654627073,-1.5));
#2975=CARTESIAN_POINT('Ctrl Pts',(13.4056818447591,-2.73161521321915,-1.5));
#2976=CARTESIAN_POINT('Ctrl Pts',(13.4924590854671,-2.82219338611169,-1.5));
#2977=CARTESIAN_POINT('Ctrl Pts',(13.5764110271677,-2.91544092371211,-1.5));
#2978=CARTESIAN_POINT('Ctrl Pts',(13.6603629688683,-3.00868846131254,-1.5));
#2979=CARTESIAN_POINT('',(11.2266161020602,1.30931731330821,-1.5));
#2980=CARTESIAN_POINT('Ctrl Pts',(11.2266161020602,1.30931731330821,-1.5));
#2981=CARTESIAN_POINT('Ctrl Pts',(11.1236797392593,1.30806428595399,-1.5));
#2982=CARTESIAN_POINT('Ctrl Pts',(11.0207433764584,1.30681125859976,-1.5));
#2983=CARTESIAN_POINT('Ctrl Pts',(10.9181894112696,1.29884607574355,-1.5));
#2984=CARTESIAN_POINT('Ctrl Pts',(10.8668972802417,1.29486230776374,-1.5));
#2985=CARTESIAN_POINT('Ctrl Pts',(10.8157008051099,1.28919950929723,-1.5));
#2986=CARTESIAN_POINT('Ctrl Pts',(10.7647972829818,1.28169695792868,-1.5));
#2987=CARTESIAN_POINT('Ctrl Pts',(10.7138973671303,1.27419493808082,-1.5));
#2988=CARTESIAN_POINT('Ctrl Pts',(10.6632903627754,1.26485342599747,-1.5));
#2989=CARTESIAN_POINT('Ctrl Pts',(10.6128920128581,1.2544086681196,-1.5));
#2990=CARTESIAN_POINT('Ctrl Pts',(10.5624886996863,1.24396288163681,-1.5));
#2991=CARTESIAN_POINT('Ctrl Pts',(10.5122940820508,1.23241363205241,-1.5));
#2992=CARTESIAN_POINT('Ctrl Pts',(10.4628071483669,1.21836581699318,-1.5));
#2993=CARTESIAN_POINT('Ctrl Pts',(10.413327309396,1.20432001590431,-1.5));
#2994=CARTESIAN_POINT('Ctrl Pts',(10.3645549514764,1.18777636570485,-1.5));
#2995=CARTESIAN_POINT('Ctrl Pts',(10.316326771984,1.16977340751796,-1.5));
#2996=CARTESIAN_POINT('Ctrl Pts',(10.2680985854703,1.15177044671012,-1.5));
#2997=CARTESIAN_POINT('Ctrl Pts',(10.2204145775422,1.13230817748995,-1.5));
#2998=CARTESIAN_POINT('Ctrl Pts',(10.1739461980136,1.11022928929705,-1.5));
#2999=CARTESIAN_POINT('Ctrl Pts',(10.1274732903186,1.08814824960062,-1.5));
#3000=CARTESIAN_POINT('Ctrl Pts',(10.0822162479513,1.06345008094753,-1.5));
#3001=CARTESIAN_POINT('Ctrl Pts',(10.038365421451,1.03647140832354,-1.5));
#3002=CARTESIAN_POINT('Ctrl Pts',(9.99452756081903,1.00950071278793,-1.5));
#3003=CARTESIAN_POINT('Ctrl Pts',(9.95209508459361,0.980250861686715,-1.5));
#3004=CARTESIAN_POINT('Ctrl Pts',(9.91160209654382,0.948497856266699,-1.5));
#3005=CARTESIAN_POINT('Ctrl Pts',(9.8711153584455,0.916749751812307,-1.5));
#3006=CARTESIAN_POINT('Ctrl Pts',(9.83256750986254,0.882499265685762,-1.5));
#3007=CARTESIAN_POINT('Ctrl Pts',(9.79642913467058,0.845852221329696,-1.5));
#3008=CARTESIAN_POINT('Ctrl Pts',(9.76029949749327,0.809214037981039,-1.5));
#3009=CARTESIAN_POINT('Ctrl Pts',(9.72657816865909,0.770180455205884,-1.5));
#3010=CARTESIAN_POINT('Ctrl Pts',(9.69593810161783,0.728843754224085,-1.5));
#3011=CARTESIAN_POINT('Ctrl Pts',(9.66530435626057,0.687515581864667,-1.5));
#3012=CARTESIAN_POINT('Ctrl Pts',(9.63775060137043,0.643885241563077,-1.5));
#3013=CARTESIAN_POINT('Ctrl Pts',(9.61362916560402,0.598441098369473,-1.5));
#3014=CARTESIAN_POINT('Ctrl Pts',(9.58951146003667,0.553003982771631,-1.5));
#3015=CARTESIAN_POINT('Ctrl Pts',(9.56882501211035,0.505753625220414,-1.5));
#3016=CARTESIAN_POINT('Ctrl Pts',(9.55192918288874,0.457142224964076,-1.5));
#3017=CARTESIAN_POINT('Ctrl Pts',(9.53503969977838,0.408549083258398,-1.5));
#3018=CARTESIAN_POINT('Ctrl Pts',(9.52193798837779,0.358595921076956,-1.5));
#3019=CARTESIAN_POINT('Ctrl Pts',(9.5134255844103,0.30790456911622,-1.5));
#3020=CARTESIAN_POINT('Ctrl Pts',(9.50491141142125,0.257202682634897,-1.5));
#3021=CARTESIAN_POINT('Ctrl Pts',(9.50098845353498,0.205762299525749,-1.5));
#3022=CARTESIAN_POINT('Ctrl Pts',(9.49975965684431,0.154354832538962,-1.5));
#3023=CARTESIAN_POINT('Ctrl Pts',(9.49852927909777,0.102881221105154,-1.5));
#3024=CARTESIAN_POINT('Ctrl Pts',(9.5,0.0514406105525775,-1.5));
#3025=CARTESIAN_POINT('Ctrl Pts',(9.5,9.6710833785707E-16,-1.5));
#3026=CARTESIAN_POINT('Ctrl Pts',(9.5,-0.051440610552576,-1.5));
#3027=CARTESIAN_POINT('Ctrl Pts',(9.49852927909777,-0.102881221105153,-1.5));
#3028=CARTESIAN_POINT('Ctrl Pts',(9.49975965684431,-0.154354832538962,-1.5));
#3029=CARTESIAN_POINT('Ctrl Pts',(9.50098845353498,-0.205762299525748,-1.5));
#3030=CARTESIAN_POINT('Ctrl Pts',(9.50491141142125,-0.257202682634896,-1.5));
#3031=CARTESIAN_POINT('Ctrl Pts',(9.5134255844103,-0.307904569116219,-1.5));
#3032=CARTESIAN_POINT('Ctrl Pts',(9.52193798837778,-0.358595921076954,-1.5));
#3033=CARTESIAN_POINT('Ctrl Pts',(9.53503969977839,-0.408549083258395,-1.5));
#3034=CARTESIAN_POINT('Ctrl Pts',(9.55192918288875,-0.457142224964074,-1.5));
#3035=CARTESIAN_POINT('Ctrl Pts',(9.56882501211035,-0.505753625220411,-1.5));
#3036=CARTESIAN_POINT('Ctrl Pts',(9.58951146003666,-0.553003982771628,-1.5));
#3037=CARTESIAN_POINT('Ctrl Pts',(9.61362916560401,-0.59844109836947,-1.5));
#3038=CARTESIAN_POINT('Ctrl Pts',(9.63775060137042,-0.643885241563076,-1.5));
#3039=CARTESIAN_POINT('Ctrl Pts',(9.66530435626057,-0.687515581864667,-1.5));
#3040=CARTESIAN_POINT('Ctrl Pts',(9.69593810161783,-0.728843754224084,-1.5));
#3041=CARTESIAN_POINT('Ctrl Pts',(9.72657816865909,-0.770180455205883,-1.5));
#3042=CARTESIAN_POINT('Ctrl Pts',(9.76029949749327,-0.809214037981037,-1.5));
#3043=CARTESIAN_POINT('Ctrl Pts',(9.79642913467059,-0.845852221329695,-1.5));
#3044=CARTESIAN_POINT('Ctrl Pts',(9.83256750986254,-0.882499265685759,-1.5));
#3045=CARTESIAN_POINT('Ctrl Pts',(9.8711153584455,-0.916749751812305,-1.5));
#3046=CARTESIAN_POINT('Ctrl Pts',(9.91160209654382,-0.948497856266698,-1.5));
#3047=CARTESIAN_POINT('Ctrl Pts',(9.95209508459361,-0.980250861686714,-1.5));
#3048=CARTESIAN_POINT('Ctrl Pts',(9.99452756081903,-1.00950071278794,-1.5));
#3049=CARTESIAN_POINT('Ctrl Pts',(10.0383654214509,-1.03647140832353,-1.5));
#3050=CARTESIAN_POINT('Ctrl Pts',(10.0822162479513,-1.06345008094753,-1.5));
#3051=CARTESIAN_POINT('Ctrl Pts',(10.1274732903186,-1.08814824960062,-1.5));
#3052=CARTESIAN_POINT('Ctrl Pts',(10.1739461980137,-1.11022928929704,-1.5));
#3053=CARTESIAN_POINT('Ctrl Pts',(10.2204145775422,-1.13230817748994,-1.5));
#3054=CARTESIAN_POINT('Ctrl Pts',(10.2680985854703,-1.15177044671012,-1.5));
#3055=CARTESIAN_POINT('Ctrl Pts',(10.316326771984,-1.16977340751796,-1.5));
#3056=CARTESIAN_POINT('Ctrl Pts',(10.3645549514765,-1.18777636570485,-1.5));
#3057=CARTESIAN_POINT('Ctrl Pts',(10.413327309396,-1.20432001590431,-1.5));
#3058=CARTESIAN_POINT('Ctrl Pts',(10.4628071483669,-1.21836581699317,-1.5));
#3059=CARTESIAN_POINT('Ctrl Pts',(10.5122940820508,-1.23241363205241,-1.5));
#3060=CARTESIAN_POINT('Ctrl Pts',(10.5624886996863,-1.24396288163681,-1.5));
#3061=CARTESIAN_POINT('Ctrl Pts',(10.6128920128581,-1.2544086681196,-1.5));
#3062=CARTESIAN_POINT('Ctrl Pts',(10.6632903627754,-1.26485342599747,-1.5));
#3063=CARTESIAN_POINT('Ctrl Pts',(10.7138973671304,-1.27419493808083,-1.5));
#3064=CARTESIAN_POINT('Ctrl Pts',(10.7647972829818,-1.28169695792868,-1.5));
#3065=CARTESIAN_POINT('Ctrl Pts',(10.8157008051099,-1.28919950929723,-1.5));
#3066=CARTESIAN_POINT('Ctrl Pts',(10.8668972802418,-1.29486230776374,-1.5));
#3067=CARTESIAN_POINT('Ctrl Pts',(10.9181894112696,-1.29884607574355,-1.5));
#3068=CARTESIAN_POINT('Ctrl Pts',(11.0207433764584,-1.30681125859976,-1.5));
#3069=CARTESIAN_POINT('Ctrl Pts',(11.1236797392593,-1.30806428595398,-1.5));
#3070=CARTESIAN_POINT('Ctrl Pts',(11.2266161020602,-1.30931731330821,-1.5));
#3071=CARTESIAN_POINT('',(13.6603629688683,3.00868846131254,-1.5));
#3072=CARTESIAN_POINT('Ctrl Pts',(13.6603629688683,3.00868846131254,-1.5));
#3073=CARTESIAN_POINT('Ctrl Pts',(13.5764110271677,2.91544092371212,-1.5));
#3074=CARTESIAN_POINT('Ctrl Pts',(13.4924590854671,2.82219338611169,-1.5));
#3075=CARTESIAN_POINT('Ctrl Pts',(13.4056818447592,2.73161521321917,-1.5));
#3076=CARTESIAN_POINT('Ctrl Pts',(13.3189041307274,2.64103654627074,-1.5));
#3077=CARTESIAN_POINT('Ctrl Pts',(13.2293010868672,2.55312727315022,-1.5));
#3078=CARTESIAN_POINT('Ctrl Pts',(13.1376157296119,2.46746721917769,-1.5));
#3079=CARTESIAN_POINT('Ctrl Pts',(13.0459317519341,2.38180845412068,-1.5));
#3080=CARTESIAN_POINT('Ctrl Pts',(12.9521655235252,2.29839884052477,-1.5));
#3081=CARTESIAN_POINT('Ctrl Pts',(12.8560412781186,2.21777706947149,-1.5));
#3082=CARTESIAN_POINT('Ctrl Pts',(12.7599196859428,2.13715752374813,-1.5));
#3083=CARTESIAN_POINT('Ctrl Pts',(12.66144020694,2.05932566666894,-1.5));
#3084=CARTESIAN_POINT('Ctrl Pts',(12.5605856666177,1.98469445364411,-1.5));
#3085=CARTESIAN_POINT('Ctrl Pts',(12.4597354602911,1.91006644772683,-1.5));
#3086=CARTESIAN_POINT('Ctrl Pts',(12.3565103967664,1.83863881078894,-1.5));
#3087=CARTESIAN_POINT('Ctrl Pts',(12.2507785193502,1.77108526797421,-1.5));
#3088=CARTESIAN_POINT('Ctrl Pts',(12.145054772469,1.70353691986959,-1.5));
#3089=CARTESIAN_POINT('Ctrl Pts',(12.0368245972179,1.63986207009341,-1.5));
#3090=CARTESIAN_POINT('Ctrl Pts',(11.9260031269683,1.58106285039558,-1.5));
#3091=CARTESIAN_POINT('Ctrl Pts',(11.8705826098606,1.55165805046066,-1.5));
#3092=CARTESIAN_POINT('Ctrl Pts',(11.8145140402548,1.52347258844514,-1.5));
#3093=CARTESIAN_POINT('Ctrl Pts',(11.7577336001999,1.49683245933832,-1.5));
#3094=CARTESIAN_POINT('Ctrl Pts',(11.700955254046,1.47019331264361,-1.5));
#3095=CARTESIAN_POINT('Ctrl Pts',(11.6434650899455,1.44509938488474,-1.5));
#3096=CARTESIAN_POINT('Ctrl Pts',(11.5853261524688,1.42145041348948,-1.5));
#3097=CARTESIAN_POINT('Ctrl Pts',(11.5271920391877,1.3978034044153,-1.5));
#3098=CARTESIAN_POINT('Ctrl Pts',(11.4684092601925,1.37560111191834,-1.5));
#3099=CARTESIAN_POINT('Ctrl Pts',(11.4085031136781,1.35715019445369,-1.5));
#3100=CARTESIAN_POINT('Ctrl Pts',(11.348622386075,1.33870710593919,-1.5));
#3101=CARTESIAN_POINT('Ctrl Pts',(11.2876192440676,1.3240122096237,-1.5));
#3102=CARTESIAN_POINT('Ctrl Pts',(11.2266161020602,1.30931731330821,-1.5));
#3103=CARTESIAN_POINT('',(13.3345655866124,4.22458084486439,-1.5));
#3104=CARTESIAN_POINT('Origin',(0.,0.,-1.5));
#3105=CARTESIAN_POINT('',(10.3771933995737,4.4794059960904,-1.5));
#3106=CARTESIAN_POINT('Ctrl Pts',(10.3771933995737,4.4794059960904,-1.5));
#3107=CARTESIAN_POINT('Ctrl Pts',(10.4373711184205,4.49718141357891,-1.5));
#3108=CARTESIAN_POINT('Ctrl Pts',(10.4975488372673,4.51495683106743,-1.5));
#3109=CARTESIAN_POINT('Ctrl Pts',(10.558628612826,4.52892501169118,-1.5));
#3110=CARTESIAN_POINT('Ctrl Pts',(10.6197343162826,4.54289912170086,-1.5));
#3111=CARTESIAN_POINT('Ctrl Pts',(10.681742842446,4.55306276187384,-1.5));
#3112=CARTESIAN_POINT('Ctrl Pts',(10.743911965911,4.56165090793263,-1.5));
#3113=CARTESIAN_POINT('Ctrl Pts',(10.8060862484124,4.5702397666693,-1.5));
#3114=CARTESIAN_POINT('Ctrl Pts',(10.8684211548706,4.57725286979964,-1.5));
#3115=CARTESIAN_POINT('Ctrl Pts',(10.9309122183722,4.58257186510385,-1.5));
#3116=CARTESIAN_POINT('Ctrl Pts',(10.9934055864512,4.58789105656468,-1.5));
#3117=CARTESIAN_POINT('Ctrl Pts',(11.0560551230914,4.59151601524472,-1.5));
#3118=CARTESIAN_POINT('Ctrl Pts',(11.118753098765,4.59376097006173,-1.5));
#3119=CARTESIAN_POINT('Ctrl Pts',(11.2441269171348,4.5982500872055,-1.5));
#3120=CARTESIAN_POINT('Ctrl Pts',(11.3696944232464,4.59722113734276,-1.5));
#3121=CARTESIAN_POINT('Ctrl Pts',(11.495028047881,4.59158442534104,-1.5));
#3122=CARTESIAN_POINT('Ctrl Pts',(11.6203713111207,4.58594727985596,-1.5));
#3123=CARTESIAN_POINT('Ctrl Pts',(11.7454806569093,4.57570166349781,-1.5));
#3124=CARTESIAN_POINT('Ctrl Pts',(11.8701335005237,4.56149701770297,-1.5));
#3125=CARTESIAN_POINT('Ctrl Pts',(11.9947917010422,4.54729176146938,-1.5));
#3126=CARTESIAN_POINT('Ctrl Pts',(12.1189933601497,4.52912713551649,-1.5));
#3127=CARTESIAN_POINT('Ctrl Pts',(12.2425468736878,4.50736935696641,-1.5));
#3128=CARTESIAN_POINT('Ctrl Pts',(12.3661037976561,4.48561097783944,-1.5));
#3129=CARTESIAN_POINT('Ctrl Pts',(12.4890125402733,4.46025924774998,-1.5));
#3130=CARTESIAN_POINT('Ctrl Pts',(12.6112425765908,4.43191856999274,-1.5));
#3131=CARTESIAN_POINT('Ctrl Pts',(12.7334744521152,4.40357746579064,-1.5));
#3132=CARTESIAN_POINT('Ctrl Pts',(12.8550276009148,4.37224732397013,-1.5));
#3133=CARTESIAN_POINT('Ctrl Pts',(12.9754686392228,4.33719275436774,-1.5));
#3134=CARTESIAN_POINT('Ctrl Pts',(13.0959090205925,4.30213837596839,-1.5));
#3135=CARTESIAN_POINT('Ctrl Pts',(13.2152373036025,4.26335961041639,-1.5));
#3136=CARTESIAN_POINT('Ctrl Pts',(13.3345655866124,4.22458084486439,-1.5));
#3137=CARTESIAN_POINT('',(8.09402154701173,5.,-1.5));
#3138=CARTESIAN_POINT('Ctrl Pts',(8.09402154701173,5.,-1.5));
#3139=CARTESIAN_POINT('Ctrl Pts',(8.108632710813,4.9640065717909,-1.5));
#3140=CARTESIAN_POINT('Ctrl Pts',(8.12446406003058,4.93136886324674,-1.5));
#3141=CARTESIAN_POINT('Ctrl Pts',(8.15479638414723,4.87388428253246,-1.5));
#3142=CARTESIAN_POINT('Ctrl Pts',(8.26640838924886,4.66448543707591,-1.5));
#3143=CARTESIAN_POINT('Ctrl Pts',(8.38605871662116,4.49523551567117,-1.5));
#3144=CARTESIAN_POINT('Ctrl Pts',(8.47120670669199,4.38430532817853,-1.5));
#3145=CARTESIAN_POINT('Ctrl Pts',(8.74626363040635,4.21289575898621,-1.5));
#3146=CARTESIAN_POINT('Ctrl Pts',(8.87971534119852,4.16364488511021,-1.5));
#3147=CARTESIAN_POINT('Ctrl Pts',(9.25161065406394,4.10186545203513,-1.5));
#3148=CARTESIAN_POINT('Ctrl Pts',(9.46531788057588,4.12981964223697,-1.5));
#3149=CARTESIAN_POINT('Ctrl Pts',(9.9459786556145,4.23739401118776,-1.5));
#3150=CARTESIAN_POINT('Ctrl Pts',(10.2265701300943,4.39487123254186,-1.5));
#3151=CARTESIAN_POINT('Ctrl Pts',(10.3771933995737,4.4794059960904,-1.5));
#3152=CARTESIAN_POINT('',(6.94954233829176,5.,-1.5));
#3153=CARTESIAN_POINT('',(-1.11022302462516E-15,5.,-1.5));
#3154=CARTESIAN_POINT('',(4.364166160693,5.,-1.5));
#3155=CARTESIAN_POINT('Origin',(5.65685424949238,5.65685424949238,-1.5));
#3156=CARTESIAN_POINT('',(-1.11022302462516E-15,5.,-1.5));
#3157=CARTESIAN_POINT('Origin',(-1.11022302462516E-15,5.,1.));
#3158=CARTESIAN_POINT('Ctrl Pts',(-2.29128784747792,5.,3.5));
#3159=CARTESIAN_POINT('Ctrl Pts',(-1.96597720079434,5.14907606628025,3.5));
#3160=CARTESIAN_POINT('Ctrl Pts',(-1.62219514535172,5.26776700224778,3.48705092018861));
#3161=CARTESIAN_POINT('Ctrl Pts',(-0.852013417800553,5.45057793574978,3.46110351103718));
#3162=CARTESIAN_POINT('Ctrl Pts',(-0.422104495445329,5.5,3.44948974278318));
#3163=CARTESIAN_POINT('Ctrl Pts',(0.422104495445327,5.5,3.44948974278318));
#3164=CARTESIAN_POINT('Ctrl Pts',(0.85201341780055,5.45057793574977,3.46110351103718));
#3165=CARTESIAN_POINT('Ctrl Pts',(1.62219514535172,5.26776700224778,3.48705092018861));
#3166=CARTESIAN_POINT('Ctrl Pts',(1.96597720079434,5.14907606628025,3.5));
#3167=CARTESIAN_POINT('Ctrl Pts',(2.29128784747792,5.,3.5));
#3168=CARTESIAN_POINT('',(-7.10685424949238,5.65685424949238,3.41216551980245));
#3169=CARTESIAN_POINT('Ctrl Pts',(-7.10685424949238,5.65685424949238,3.41216551980245));
#3170=CARTESIAN_POINT('Ctrl Pts',(-7.10685424949238,5.86132128994436,3.35648731559156));
#3171=CARTESIAN_POINT('Ctrl Pts',(-7.06173425482621,6.0671219739267,3.27048931693003));
#3172=CARTESIAN_POINT('Ctrl Pts',(-6.8995070069504,6.4300434401774,3.06127301433921));
#3173=CARTESIAN_POINT('Ctrl Pts',(-6.78287205912579,6.58761266050927,2.93846708531198));
#3174=CARTESIAN_POINT('Ctrl Pts',(-6.53255178258998,6.82449295671261,2.71634548422404));
#3175=CARTESIAN_POINT('Ctrl Pts',(-6.3822964607707,6.92563691926346,2.59860818396334));
#3176=CARTESIAN_POINT('Ctrl Pts',(-6.12846748200931,7.03107218775422,2.45881875487476));
#3177=CARTESIAN_POINT('Ctrl Pts',(-6.03903427553543,7.0588137141457,2.41859978961904));
#3178=CARTESIAN_POINT('Ctrl Pts',(-5.85277369777882,7.09669017544039,2.36200945507929));
#3179=CARTESIAN_POINT('Ctrl Pts',(-5.75590450279395,7.10685424949238,2.34579536757855));
#3180=CARTESIAN_POINT('Ctrl Pts',(-5.65685424949238,7.10685424949238,2.34579536757855));
#3181=CARTESIAN_POINT('Ctrl Pts',(-5.55780399619081,7.10685424949238,2.34579536757855));
#3182=CARTESIAN_POINT('Ctrl Pts',(-5.46093480120595,7.09669017544039,2.36200945507929));
#3183=CARTESIAN_POINT('Ctrl Pts',(-5.27467422344933,7.0588137141457,2.41859978961904));
#3184=CARTESIAN_POINT('Ctrl Pts',(-5.18524101697545,7.03107218775422,2.45881875487476));
#3185=CARTESIAN_POINT('Ctrl Pts',(-4.93141203821406,6.92563691926346,2.59860818396334));
#3186=CARTESIAN_POINT('Ctrl Pts',(-4.78115671639478,6.82449295671261,2.71634548422404));
#3187=CARTESIAN_POINT('Ctrl Pts',(-4.53083643985897,6.58761266050927,2.93846708531198));
#3188=CARTESIAN_POINT('Ctrl Pts',(-4.41420149203437,6.4300434401774,3.06127301433921));
#3189=CARTESIAN_POINT('Ctrl Pts',(-4.25197424415855,6.0671219739267,3.27048931693003));
#3190=CARTESIAN_POINT('Ctrl Pts',(-4.20685424949238,5.86132128994436,3.35648731559156));
#3191=CARTESIAN_POINT('Ctrl Pts',(-4.20685424949238,5.48097851206547,3.46005805643108));
#3192=CARTESIAN_POINT('Ctrl Pts',(-4.24116925366431,5.28915275324707,3.48959874624528));
#3193=CARTESIAN_POINT('Ctrl Pts',(-4.32874997819998,5.0735025829041,3.49920492728359));
#3194=CARTESIAN_POINT('Ctrl Pts',(-4.34570232541405,5.03633679763372,3.5));
#3195=CARTESIAN_POINT('Ctrl Pts',(-4.364166160693,5.,3.5));
#3196=CARTESIAN_POINT('Ctrl Pts',(-6.94954233829176,5.,3.5));
#3197=CARTESIAN_POINT('Ctrl Pts',(-6.96800617357071,5.03633679763372,3.5));
#3198=CARTESIAN_POINT('Ctrl Pts',(-6.98495852078478,5.0735025829041,3.4992049272836));
#3199=CARTESIAN_POINT('Ctrl Pts',(-7.07253924532045,5.28915275324707,3.48959874624529));
#3200=CARTESIAN_POINT('Ctrl Pts',(-7.10685424949238,5.48097851206547,3.46005805643108));
#3201=CARTESIAN_POINT('Ctrl Pts',(-7.10685424949238,5.65685424949238,3.41216551980245));
#3202=CARTESIAN_POINT('',(-6.84376515707698,7.29128784747792,0.));
#3203=CARTESIAN_POINT('Ctrl Pts',(-6.84376515707697,7.29128784747792,-7.57961982516175E-16));
#3204=CARTESIAN_POINT('Ctrl Pts',(-6.8340588762739,7.30039837880715,0.0208748497187279));
#3205=CARTESIAN_POINT('Ctrl Pts',(-6.82458734047184,7.30925210361603,0.0419395508005305));
#3206=CARTESIAN_POINT('Ctrl Pts',(-6.75250945194008,7.3763808730367,0.208027491131401));
#3207=CARTESIAN_POINT('Ctrl Pts',(-6.70144837534269,7.42244836418728,0.36156577753425));
#3208=CARTESIAN_POINT('Ctrl Pts',(-6.63232793504477,7.48427526324172,0.677152138980396));
#3209=CARTESIAN_POINT('Ctrl Pts',(-6.61437827766148,7.5,0.839231023376893));
#3210=CARTESIAN_POINT('Ctrl Pts',(-6.61437827766148,7.5,1.));
#3211=CARTESIAN_POINT('Ctrl Pts',(-6.61437827766148,7.5,1.1727026158609));
#3212=CARTESIAN_POINT('Ctrl Pts',(-6.63506185933202,7.48189301489667,1.34566630361948));
#3213=CARTESIAN_POINT('Ctrl Pts',(-6.71343303824096,7.41165202882841,1.68059726147168));
#3214=CARTESIAN_POINT('Ctrl Pts',(-6.77098956050386,7.35955072525067,1.84260204461844));
#3215=CARTESIAN_POINT('Ctrl Pts',(-6.98184495185978,7.16177251344263,2.29868154736791));
#3216=CARTESIAN_POINT('Ctrl Pts',(-7.1736332347589,6.97254313033945,2.56299077559329));
#3217=CARTESIAN_POINT('Ctrl Pts',(-7.56583478597413,6.54591168799627,2.98962221793647));
#3218=CARTESIAN_POINT('Ctrl Pts',(-7.79928036222115,6.2702426578065,3.17853828434507));
#3219=CARTESIAN_POINT('Ctrl Pts',(-8.25311149048497,5.65958197657829,3.4340289921856));
#3220=CARTESIAN_POINT('Ctrl Pts',(-8.47314738757694,5.32407822469724,3.5));
#3221=CARTESIAN_POINT('Ctrl Pts',(-8.66025403784439,5.,3.5));
#3222=CARTESIAN_POINT('',(-9.51171788570528,7.29128784747792,-1.38777878078145E-16));
#3223=CARTESIAN_POINT('',(-1.61899112948792E-15,7.29128784747792,0.));
#3224=CARTESIAN_POINT('',(-9.06787608626547,6.7472101059698,-0.788087482646471));
#3225=CARTESIAN_POINT('Ctrl Pts',(-9.06787608626547,6.7472101059698,-0.788087482646471));
#3226=CARTESIAN_POINT('Ctrl Pts',(-9.15742874155192,6.83232262311823,-0.704920718408414));
#3227=CARTESIAN_POINT('Ctrl Pts',(-9.25713660208933,6.93685964372249,-0.596004033973773));
#3228=CARTESIAN_POINT('Ctrl Pts',(-9.41765198751198,7.14891714184886,-0.286844907000112));
#3229=CARTESIAN_POINT('Ctrl Pts',(-9.47009989677633,7.22651046790584,-0.14842362260497));
#3230=CARTESIAN_POINT('Ctrl Pts',(-9.51171788570528,7.29128784747792,2.88462953254383E-17));
#3231=CARTESIAN_POINT('',(-8.09402154701172,5.,-1.5));
#3232=CARTESIAN_POINT('Ctrl Pts',(-8.09402154701173,4.99999999999999,-1.5));
#3233=CARTESIAN_POINT('Ctrl Pts',(-8.07439051226732,5.04835947699672,-1.5));
#3234=CARTESIAN_POINT('Ctrl Pts',(-8.0362013778612,5.15504726297807,-1.49952552787167));
#3235=CARTESIAN_POINT('Ctrl Pts',(-8.02017231737771,5.42607066573045,-1.4666358989168));
#3236=CARTESIAN_POINT('Ctrl Pts',(-8.03677327194938,5.52922784989861,-1.44457638179835));
#3237=CARTESIAN_POINT('Ctrl Pts',(-8.09409380964111,5.77235243189549,-1.38397912902543));
#3238=CARTESIAN_POINT('Ctrl Pts',(-8.17089826389797,5.92892128146125,-1.32577664884918));
#3239=CARTESIAN_POINT('Ctrl Pts',(-8.5157476037751,6.41539845497659,-1.09709240034748));
#3240=CARTESIAN_POINT('Ctrl Pts',(-8.92182677136534,6.6605012717136,-0.872814070668361));
#3241=CARTESIAN_POINT('Ctrl Pts',(-9.06787608626547,6.7472101059698,-0.788087482646471));
#3242=CARTESIAN_POINT('',(-6.94954233829176,5.,-1.5));
#3243=CARTESIAN_POINT('',(-1.11022302462516E-15,5.,-1.5));
#3244=CARTESIAN_POINT('',(-7.10685424949238,5.65685424949238,-1.41216551980244));
#3245=CARTESIAN_POINT('Ctrl Pts',(-7.10685424949238,5.65685424949238,-1.41216551980244));
#3246=CARTESIAN_POINT('Ctrl Pts',(-7.10685424949238,5.48097851206547,-1.46005805643108));
#3247=CARTESIAN_POINT('Ctrl Pts',(-7.07253924532045,5.28915275324707,-1.48959874624528));
#3248=CARTESIAN_POINT('Ctrl Pts',(-6.98495852078478,5.0735025829041,-1.49920492728359));
#3249=CARTESIAN_POINT('Ctrl Pts',(-6.96800617357071,5.03633679763372,-1.5));
#3250=CARTESIAN_POINT('Ctrl Pts',(-6.94954233829176,5.,-1.5));
#3251=CARTESIAN_POINT('',(-4.364166160693,5.,-1.5));
#3252=CARTESIAN_POINT('Ctrl Pts',(-4.364166160693,5.,-1.5));
#3253=CARTESIAN_POINT('Ctrl Pts',(-4.34570232541405,5.03633679763372,-1.5));
#3254=CARTESIAN_POINT('Ctrl Pts',(-4.32874997819998,5.0735025829041,-1.49920492728359));
#3255=CARTESIAN_POINT('Ctrl Pts',(-4.24116925366431,5.28915275324707,-1.48959874624528));
#3256=CARTESIAN_POINT('Ctrl Pts',(-4.20685424949238,5.48097851206547,-1.46005805643108));
#3257=CARTESIAN_POINT('Ctrl Pts',(-4.20685424949238,5.86132128994436,-1.35648731559156));
#3258=CARTESIAN_POINT('Ctrl Pts',(-4.25197424415855,6.0671219739267,-1.27048931693002));
#3259=CARTESIAN_POINT('Ctrl Pts',(-4.41420149203437,6.4300434401774,-1.0612730143392));
#3260=CARTESIAN_POINT('Ctrl Pts',(-4.53083643985897,6.58761266050927,-0.938467085311976));
#3261=CARTESIAN_POINT('Ctrl Pts',(-4.78115671639478,6.82449295671261,-0.716345484224034));
#3262=CARTESIAN_POINT('Ctrl Pts',(-4.93141203821406,6.92563691926346,-0.598608183963334));
#3263=CARTESIAN_POINT('Ctrl Pts',(-5.18524101697545,7.03107218775422,-0.458818754874757));
#3264=CARTESIAN_POINT('Ctrl Pts',(-5.27467422344933,7.0588137141457,-0.418599789619035));
#3265=CARTESIAN_POINT('Ctrl Pts',(-5.46093480120594,7.09669017544039,-0.362009455079288));
#3266=CARTESIAN_POINT('Ctrl Pts',(-5.55780399619081,7.10685424949238,-0.34579536757855));
#3267=CARTESIAN_POINT('Ctrl Pts',(-5.65685424949238,7.10685424949238,-0.34579536757855));
#3268=CARTESIAN_POINT('Ctrl Pts',(-5.75590450279395,7.10685424949238,-0.34579536757855));
#3269=CARTESIAN_POINT('Ctrl Pts',(-5.85277369777882,7.09669017544039,-0.362009455079287));
#3270=CARTESIAN_POINT('Ctrl Pts',(-6.03903427553543,7.0588137141457,-0.418599789619033));
#3271=CARTESIAN_POINT('Ctrl Pts',(-6.12846748200931,7.03107218775422,-0.458818754874756));
#3272=CARTESIAN_POINT('Ctrl Pts',(-6.3822964607707,6.92563691926346,-0.598608183963334));
#3273=CARTESIAN_POINT('Ctrl Pts',(-6.53255178258998,6.82449295671261,-0.716345484224034));
#3274=CARTESIAN_POINT('Ctrl Pts',(-6.78287205912579,6.58761266050927,-0.938467085311976));
#3275=CARTESIAN_POINT('Ctrl Pts',(-6.8995070069504,6.4300434401774,-1.0612730143392));
#3276=CARTESIAN_POINT('Ctrl Pts',(-7.06173425482621,6.0671219739267,-1.27048931693002));
#3277=CARTESIAN_POINT('Ctrl Pts',(-7.10685424949238,5.86132128994436,-1.35648731559156));
#3278=CARTESIAN_POINT('Ctrl Pts',(-7.10685424949238,5.65685424949238,-1.41216551980244));
#3279=CARTESIAN_POINT('',(-2.29128784747792,5.,-1.5));
#3280=CARTESIAN_POINT('',(-1.11022302462516E-15,5.,-1.5));
#3281=CARTESIAN_POINT('Ctrl Pts',(2.29128784747792,5.,-1.5));
#3282=CARTESIAN_POINT('Ctrl Pts',(1.96597719955201,5.14907606684956,-1.5));
#3283=CARTESIAN_POINT('Ctrl Pts',(1.62219514567249,5.26776700217164,-1.48705092019941));
#3284=CARTESIAN_POINT('Ctrl Pts',(0.852013417800552,5.45057793574978,-1.46110351103717));
#3285=CARTESIAN_POINT('Ctrl Pts',(0.422104495445328,5.5,-1.44948974278318));
#3286=CARTESIAN_POINT('Ctrl Pts',(-1.22124532708767E-15,5.5,-1.44948974278318));
#3287=CARTESIAN_POINT('Ctrl Pts',(-0.422104495445329,5.5,-1.44948974278318));
#3288=CARTESIAN_POINT('Ctrl Pts',(-0.852013417800553,5.45057793574978,-1.46110351103717));
#3289=CARTESIAN_POINT('Ctrl Pts',(-1.62219514535172,5.26776700224778,-1.48705092018861));
#3290=CARTESIAN_POINT('Ctrl Pts',(-1.96597720079434,5.14907606628025,-1.5));
#3291=CARTESIAN_POINT('Ctrl Pts',(-2.29128784747792,5.,-1.5));
#3292=CARTESIAN_POINT('',(4.20685424949238,5.65685424949238,-1.41216551980244));
#3293=CARTESIAN_POINT('Ctrl Pts',(4.20685424949238,5.65685424949238,-1.41216551980244));
#3294=CARTESIAN_POINT('Ctrl Pts',(4.20685424949238,5.48097851206547,-1.46005805643108));
#3295=CARTESIAN_POINT('Ctrl Pts',(4.24116925366431,5.28915275324707,-1.48959874624528));
#3296=CARTESIAN_POINT('Ctrl Pts',(4.32874997819998,5.07350258290411,-1.49920492728359));
#3297=CARTESIAN_POINT('Ctrl Pts',(4.34570232541405,5.03633679763372,-1.5));
#3298=CARTESIAN_POINT('Ctrl Pts',(4.364166160693,5.,-1.5));
#3299=CARTESIAN_POINT('Ctrl Pts',(6.94954233829176,5.,-1.5));
#3300=CARTESIAN_POINT('Ctrl Pts',(6.96800617357072,5.03633679763372,-1.5));
#3301=CARTESIAN_POINT('Ctrl Pts',(6.98495852078478,5.07350258290411,-1.49920492728359));
#3302=CARTESIAN_POINT('Ctrl Pts',(7.07253924532045,5.28915275324707,-1.48959874624528));
#3303=CARTESIAN_POINT('Ctrl Pts',(7.10685424949238,5.48097851206547,-1.46005805643108));
#3304=CARTESIAN_POINT('Ctrl Pts',(7.10685424949238,5.86132128994436,-1.35648731559156));
#3305=CARTESIAN_POINT('Ctrl Pts',(7.06173425482621,6.0671219739267,-1.27048931693002));
#3306=CARTESIAN_POINT('Ctrl Pts',(6.8995070069504,6.4300434401774,-1.0612730143392));
#3307=CARTESIAN_POINT('Ctrl Pts',(6.78287205912579,6.58761266050927,-0.938467085311977));
#3308=CARTESIAN_POINT('Ctrl Pts',(6.53255178258998,6.82449295671261,-0.716345484224035));
#3309=CARTESIAN_POINT('Ctrl Pts',(6.3822964607707,6.92563691926346,-0.598608183963335));
#3310=CARTESIAN_POINT('Ctrl Pts',(6.12846748200931,7.03107218775422,-0.458818754874758));
#3311=CARTESIAN_POINT('Ctrl Pts',(6.03903427553543,7.0588137141457,-0.418599789619035));
#3312=CARTESIAN_POINT('Ctrl Pts',(5.85277369777882,7.09669017544039,-0.362009455079289));
#3313=CARTESIAN_POINT('Ctrl Pts',(5.75590450279395,7.10685424949238,-0.345795367578552));
#3314=CARTESIAN_POINT('Ctrl Pts',(5.65685424949238,7.10685424949238,-0.345795367578552));
#3315=CARTESIAN_POINT('Ctrl Pts',(5.55780399619081,7.10685424949238,-0.345795367578552));
#3316=CARTESIAN_POINT('Ctrl Pts',(5.46093480120595,7.09669017544039,-0.362009455079289));
#3317=CARTESIAN_POINT('Ctrl Pts',(5.27467422344933,7.0588137141457,-0.418599789619036));
#3318=CARTESIAN_POINT('Ctrl Pts',(5.18524101697545,7.03107218775422,-0.458818754874758));
#3319=CARTESIAN_POINT('Ctrl Pts',(4.93141203821406,6.92563691926346,-0.598608183963335));
#3320=CARTESIAN_POINT('Ctrl Pts',(4.78115671639478,6.82449295671261,-0.716345484224036));
#3321=CARTESIAN_POINT('Ctrl Pts',(4.53083643985897,6.58761266050927,-0.938467085311977));
#3322=CARTESIAN_POINT('Ctrl Pts',(4.41420149203437,6.4300434401774,-1.0612730143392));
#3323=CARTESIAN_POINT('Ctrl Pts',(4.25197424415855,6.0671219739267,-1.27048931693002));
#3324=CARTESIAN_POINT('Ctrl Pts',(4.20685424949238,5.86132128994436,-1.35648731559156));
#3325=CARTESIAN_POINT('Ctrl Pts',(4.20685424949238,5.65685424949238,-1.41216551980244));
#3326=CARTESIAN_POINT('',(9.06787608626546,6.74721010596981,-0.788087482646467));
#3327=CARTESIAN_POINT('Ctrl Pts',(9.06787608626546,6.74721010596981,-0.788087482646467));
#3328=CARTESIAN_POINT('Ctrl Pts',(8.93561421368255,6.66868681542203,-0.86481565625686));
#3329=CARTESIAN_POINT('Ctrl Pts',(8.54645294106641,6.4423493297602,-1.07928747117795));
#3330=CARTESIAN_POINT('Ctrl Pts',(8.16552018938042,5.92796747473943,-1.32830993855994));
#3331=CARTESIAN_POINT('Ctrl Pts',(8.11072548905985,5.79184943955499,-1.37349197254352));
#3332=CARTESIAN_POINT('Ctrl Pts',(8.04840434739781,5.59715649763925,-1.42970147748188));
#3333=CARTESIAN_POINT('Ctrl Pts',(8.02198127000684,5.47510400184242,-1.45872161145834));
#3334=CARTESIAN_POINT('Ctrl Pts',(8.02908736124197,5.23423755456715,-1.4909298484678));
#3335=CARTESIAN_POINT('Ctrl Pts',(8.04515526996918,5.12037814772996,-1.5));
#3336=CARTESIAN_POINT('Ctrl Pts',(8.09402154701173,4.99999999999998,-1.5));
#3337=CARTESIAN_POINT('',(9.51171788570527,7.29128784747792,1.38777878078145E-16));
#3338=CARTESIAN_POINT('Ctrl Pts',(9.51171788570527,7.29128784747792,-5.98249595381117E-16));
#3339=CARTESIAN_POINT('Ctrl Pts',(9.47155854312551,7.22878081519206,-0.143221603458502));
#3340=CARTESIAN_POINT('Ctrl Pts',(9.42129535702174,7.15429610550422,-0.277220416939336));
#3341=CARTESIAN_POINT('Ctrl Pts',(9.26030934490897,6.94024334778447,-0.593617470615412));
#3342=CARTESIAN_POINT('Ctrl Pts',(9.15548634270218,6.83047653095182,-0.706724607156038));
#3343=CARTESIAN_POINT('Ctrl Pts',(9.06787608626546,6.74721010596981,-0.788087482646467));
#3344=CARTESIAN_POINT('',(6.84376515707697,7.29128784747792,0.));
#3345=CARTESIAN_POINT('',(-1.61899112948792E-15,7.29128784747792,0.));
#3346=CARTESIAN_POINT('Ctrl Pts',(8.66025403784439,5.,3.5));
#3347=CARTESIAN_POINT('Ctrl Pts',(8.47314738757694,5.32407822469724,3.5));
#3348=CARTESIAN_POINT('Ctrl Pts',(8.25311149048497,5.6595819765783,3.4340289921856));
#3349=CARTESIAN_POINT('Ctrl Pts',(7.79928036222115,6.2702426578065,3.17853828434507));
#3350=CARTESIAN_POINT('Ctrl Pts',(7.56583478597412,6.54591168799627,2.98962221793647));
#3351=CARTESIAN_POINT('Ctrl Pts',(7.1736332347589,6.97254313033945,2.56299077559329));
#3352=CARTESIAN_POINT('Ctrl Pts',(6.98184495185978,7.16177251344263,2.29868154736791));
#3353=CARTESIAN_POINT('Ctrl Pts',(6.77098956050386,7.35955072525067,1.84260204461844));
#3354=CARTESIAN_POINT('Ctrl Pts',(6.71343303824096,7.41165202882842,1.68059726147168));
#3355=CARTESIAN_POINT('Ctrl Pts',(6.63506185933202,7.48189301489667,1.34566630361949));
#3356=CARTESIAN_POINT('Ctrl Pts',(6.61437827766147,7.5,1.1727026158609));
#3357=CARTESIAN_POINT('Ctrl Pts',(6.61437827766147,7.5,1.));
#3358=CARTESIAN_POINT('Ctrl Pts',(6.61437827766147,7.5,0.839231023376893));
#3359=CARTESIAN_POINT('Ctrl Pts',(6.63232793504477,7.48427526324172,0.677152138980396));
#3360=CARTESIAN_POINT('Ctrl Pts',(6.70144837534269,7.42244836418728,0.36156577753425));
#3361=CARTESIAN_POINT('Ctrl Pts',(6.75250945194008,7.3763808730367,0.208027491131402));
#3362=CARTESIAN_POINT('Ctrl Pts',(6.82458734047184,7.30925210361603,0.041939550800531));
#3363=CARTESIAN_POINT('Ctrl Pts',(6.8340588762739,7.30039837880715,0.0208748497187295));
#3364=CARTESIAN_POINT('Ctrl Pts',(6.84376515707697,7.29128784747792,8.15680248043901E-16));
#3365=CARTESIAN_POINT('',(4.20685424949238,5.65685424949238,3.41216551980245));
#3366=CARTESIAN_POINT('Ctrl Pts',(4.20685424949238,5.65685424949238,3.41216551980245));
#3367=CARTESIAN_POINT('Ctrl Pts',(4.20685424949238,5.86132128994436,3.35648731559156));
#3368=CARTESIAN_POINT('Ctrl Pts',(4.25197424415855,6.0671219739267,3.27048931693003));
#3369=CARTESIAN_POINT('Ctrl Pts',(4.41420149203437,6.4300434401774,3.06127301433921));
#3370=CARTESIAN_POINT('Ctrl Pts',(4.53083643985897,6.58761266050927,2.93846708531198));
#3371=CARTESIAN_POINT('Ctrl Pts',(4.78115671639478,6.82449295671261,2.71634548422404));
#3372=CARTESIAN_POINT('Ctrl Pts',(4.93141203821406,6.92563691926346,2.59860818396334));
#3373=CARTESIAN_POINT('Ctrl Pts',(5.18524101697545,7.03107218775422,2.45881875487476));
#3374=CARTESIAN_POINT('Ctrl Pts',(5.27467422344933,7.0588137141457,2.41859978961904));
#3375=CARTESIAN_POINT('Ctrl Pts',(5.46093480120594,7.09669017544039,2.36200945507929));
#3376=CARTESIAN_POINT('Ctrl Pts',(5.55780399619081,7.10685424949238,2.34579536757856));
#3377=CARTESIAN_POINT('Ctrl Pts',(5.65685424949238,7.10685424949238,2.34579536757856));
#3378=CARTESIAN_POINT('Ctrl Pts',(5.75590450279395,7.10685424949238,2.34579536757856));
#3379=CARTESIAN_POINT('Ctrl Pts',(5.85277369777882,7.09669017544039,2.36200945507929));
#3380=CARTESIAN_POINT('Ctrl Pts',(6.03903427553543,7.0588137141457,2.41859978961904));
#3381=CARTESIAN_POINT('Ctrl Pts',(6.12846748200931,7.03107218775422,2.45881875487476));
#3382=CARTESIAN_POINT('Ctrl Pts',(6.3822964607707,6.92563691926346,2.59860818396334));
#3383=CARTESIAN_POINT('Ctrl Pts',(6.53255178258998,6.82449295671261,2.71634548422404));
#3384=CARTESIAN_POINT('Ctrl Pts',(6.78287205912579,6.58761266050927,2.93846708531198));
#3385=CARTESIAN_POINT('Ctrl Pts',(6.8995070069504,6.4300434401774,3.06127301433921));
#3386=CARTESIAN_POINT('Ctrl Pts',(7.06173425482621,6.0671219739267,3.27048931693003));
#3387=CARTESIAN_POINT('Ctrl Pts',(7.10685424949238,5.86132128994436,3.35648731559156));
#3388=CARTESIAN_POINT('Ctrl Pts',(7.10685424949238,5.48097851206547,3.46005805643108));
#3389=CARTESIAN_POINT('Ctrl Pts',(7.07253924532045,5.28915275324707,3.48959874624529));
#3390=CARTESIAN_POINT('Ctrl Pts',(6.98495852078478,5.07350258290411,3.4992049272836));
#3391=CARTESIAN_POINT('Ctrl Pts',(6.96800617357072,5.03633679763372,3.5));
#3392=CARTESIAN_POINT('Ctrl Pts',(6.94954233829177,5.,3.5));
#3393=CARTESIAN_POINT('Ctrl Pts',(4.364166160693,5.,3.5));
#3394=CARTESIAN_POINT('Ctrl Pts',(4.34570232541405,5.03633679763372,3.5));
#3395=CARTESIAN_POINT('Ctrl Pts',(4.32874997819998,5.07350258290411,3.49920492728359));
#3396=CARTESIAN_POINT('Ctrl Pts',(4.24116925366431,5.28915275324707,3.48959874624528));
#3397=CARTESIAN_POINT('Ctrl Pts',(4.20685424949238,5.48097851206547,3.46005805643108));
#3398=CARTESIAN_POINT('Ctrl Pts',(4.20685424949238,5.65685424949238,3.41216551980245));
#3399=CARTESIAN_POINT('Origin',(1.11022302462516E-15,-5.,-1.5));
#3400=CARTESIAN_POINT('',(-5.5,6.73555739531044E-16,-1.5));
#3401=CARTESIAN_POINT('Origin',(0.,0.,-1.5));
#3402=CARTESIAN_POINT('Origin',(-5.65685424949238,5.65685424949238,-1.5));
#3403=CARTESIAN_POINT('',(-10.3771933995737,4.47940599609039,-1.5));
#3404=CARTESIAN_POINT('Ctrl Pts',(-10.3771933995737,4.47940599609039,-1.5));
#3405=CARTESIAN_POINT('Ctrl Pts',(-10.1893941912451,4.37400686536158,-1.5));
#3406=CARTESIAN_POINT('Ctrl Pts',(-10.0683257685393,4.30605925990856,-1.5));
#3407=CARTESIAN_POINT('Ctrl Pts',(-9.77514886461536,4.20494168626527,-1.5));
#3408=CARTESIAN_POINT('Ctrl Pts',(-9.56010484195433,4.1344159630613,-1.5));
#3409=CARTESIAN_POINT('Ctrl Pts',(-9.21000152282911,4.11712911746075,-1.5));
#3410=CARTESIAN_POINT('Ctrl Pts',(-9.05056805437684,4.12236402394492,-1.5));
#3411=CARTESIAN_POINT('Ctrl Pts',(-8.72185045337807,4.22079196769182,-1.5));
#3412=CARTESIAN_POINT('Ctrl Pts',(-8.61206045135204,4.29150041846709,-1.5));
#3413=CARTESIAN_POINT('Ctrl Pts',(-8.37997980472198,4.47310881045964,-1.5));
#3414=CARTESIAN_POINT('Ctrl Pts',(-8.31545723923258,4.60045305108475,-1.5));
#3415=CARTESIAN_POINT('Ctrl Pts',(-8.16888924868194,4.84932704682481,-1.5));
#3416=CARTESIAN_POINT('Ctrl Pts',(-8.1276624368459,4.91712837049771,-1.5));
#3417=CARTESIAN_POINT('Ctrl Pts',(-8.09402154701172,5.,-1.5));
#3418=CARTESIAN_POINT('',(-13.3345655866125,4.22458084486438,-1.5));
#3419=CARTESIAN_POINT('Ctrl Pts',(-13.3345655866125,4.22458084486438,-1.5));
#3420=CARTESIAN_POINT('Ctrl Pts',(-13.2152373036025,4.26335961041638,-1.5));
#3421=CARTESIAN_POINT('Ctrl Pts',(-13.0959090205925,4.30213837596839,-1.5));
#3422=CARTESIAN_POINT('Ctrl Pts',(-12.9754686392229,4.33719275436773,-1.5));
#3423=CARTESIAN_POINT('Ctrl Pts',(-12.8550276009148,4.37224732397012,-1.5));
#3424=CARTESIAN_POINT('Ctrl Pts',(-12.7334744521152,4.40357746579063,-1.5));
#3425=CARTESIAN_POINT('Ctrl Pts',(-12.6112425765908,4.43191856999272,-1.5));
#3426=CARTESIAN_POINT('Ctrl Pts',(-12.4890125402733,4.46025924774997,-1.5));
#3427=CARTESIAN_POINT('Ctrl Pts',(-12.3661037976561,4.48561097783943,-1.5));
#3428=CARTESIAN_POINT('Ctrl Pts',(-12.2425468736878,4.5073693569664,-1.5));
#3429=CARTESIAN_POINT('Ctrl Pts',(-12.1189933601497,4.52912713551648,-1.5));
#3430=CARTESIAN_POINT('Ctrl Pts',(-11.9947917010422,4.54729176146937,-1.5));
#3431=CARTESIAN_POINT('Ctrl Pts',(-11.8701335005237,4.56149701770296,-1.5));
#3432=CARTESIAN_POINT('Ctrl Pts',(-11.7454806569093,4.57570166349781,-1.5));
#3433=CARTESIAN_POINT('Ctrl Pts',(-11.6203713111207,4.58594727985595,-1.5));
#3434=CARTESIAN_POINT('Ctrl Pts',(-11.495028047881,4.59158442534103,-1.5));
#3435=CARTESIAN_POINT('Ctrl Pts',(-11.3696944232464,4.59722113734275,-1.5));
#3436=CARTESIAN_POINT('Ctrl Pts',(-11.2441269171348,4.5982500872055,-1.5));
#3437=CARTESIAN_POINT('Ctrl Pts',(-11.118753098765,4.59376097006173,-1.5));
#3438=CARTESIAN_POINT('Ctrl Pts',(-11.0560551230914,4.59151601524472,-1.5));
#3439=CARTESIAN_POINT('Ctrl Pts',(-10.9934055864512,4.58789105656468,-1.5));
#3440=CARTESIAN_POINT('Ctrl Pts',(-10.9309122183722,4.58257186510384,-1.5));
#3441=CARTESIAN_POINT('Ctrl Pts',(-10.8684211548707,4.57725286979964,-1.5));
#3442=CARTESIAN_POINT('Ctrl Pts',(-10.8060862484125,4.5702397666693,-1.5));
#3443=CARTESIAN_POINT('Ctrl Pts',(-10.743911965911,4.56165090793263,-1.5));
#3444=CARTESIAN_POINT('Ctrl Pts',(-10.681742842446,4.55306276187383,-1.5));
#3445=CARTESIAN_POINT('Ctrl Pts',(-10.6197343162826,4.54289912170086,-1.5));
#3446=CARTESIAN_POINT('Ctrl Pts',(-10.558628612826,4.52892501169116,-1.5));
#3447=CARTESIAN_POINT('Ctrl Pts',(-10.4975488372673,4.51495683106741,-1.5));
#3448=CARTESIAN_POINT('Ctrl Pts',(-10.4373711184205,4.4971814135789,-1.5));
#3449=CARTESIAN_POINT('Ctrl Pts',(-10.3771933995737,4.47940599609039,-1.5));
#3450=CARTESIAN_POINT('',(-13.6603629688683,3.00868846131254,-1.5));
#3451=CARTESIAN_POINT('Origin',(0.,0.,-1.5));
#3452=CARTESIAN_POINT('',(-11.2266161020602,1.30931731330821,-1.5));
#3453=CARTESIAN_POINT('Ctrl Pts',(-11.2266161020602,1.30931731330821,-1.5));
#3454=CARTESIAN_POINT('Ctrl Pts',(-11.2876192440676,1.3240122096237,-1.5));
#3455=CARTESIAN_POINT('Ctrl Pts',(-11.348622386075,1.33870710593918,-1.5));
#3456=CARTESIAN_POINT('Ctrl Pts',(-11.4085031136781,1.35715019445369,-1.5));
#3457=CARTESIAN_POINT('Ctrl Pts',(-11.4684092601925,1.37560111191833,-1.5));
#3458=CARTESIAN_POINT('Ctrl Pts',(-11.5271920391877,1.3978034044153,-1.5));
#3459=CARTESIAN_POINT('Ctrl Pts',(-11.5853261524688,1.42145041348948,-1.5));
#3460=CARTESIAN_POINT('Ctrl Pts',(-11.6434650899455,1.44509938488474,-1.5));
#3461=CARTESIAN_POINT('Ctrl Pts',(-11.700955254046,1.4701933126436,-1.5));
#3462=CARTESIAN_POINT('Ctrl Pts',(-11.7577336001999,1.49683245933831,-1.5));
#3463=CARTESIAN_POINT('Ctrl Pts',(-11.8145140402548,1.52347258844514,-1.5));
#3464=CARTESIAN_POINT('Ctrl Pts',(-11.8705826098606,1.55165805046066,-1.5));
#3465=CARTESIAN_POINT('Ctrl Pts',(-11.9260031269683,1.58106285039558,-1.5));
#3466=CARTESIAN_POINT('Ctrl Pts',(-12.0368245972179,1.63986207009342,-1.5));
#3467=CARTESIAN_POINT('Ctrl Pts',(-12.145054772469,1.70353691986958,-1.5));
#3468=CARTESIAN_POINT('Ctrl Pts',(-12.2507785193501,1.77108526797421,-1.5));
#3469=CARTESIAN_POINT('Ctrl Pts',(-12.3565103967664,1.83863881078893,-1.5));
#3470=CARTESIAN_POINT('Ctrl Pts',(-12.4597354602911,1.91006644772682,-1.5));
#3471=CARTESIAN_POINT('Ctrl Pts',(-12.5605856666177,1.98469445364411,-1.5));
#3472=CARTESIAN_POINT('Ctrl Pts',(-12.66144020694,2.05932566666894,-1.5));
#3473=CARTESIAN_POINT('Ctrl Pts',(-12.7599196859428,2.13715752374813,-1.5));
#3474=CARTESIAN_POINT('Ctrl Pts',(-12.8560412781186,2.21777706947148,-1.5));
#3475=CARTESIAN_POINT('Ctrl Pts',(-12.9521655235252,2.29839884052476,-1.5));
#3476=CARTESIAN_POINT('Ctrl Pts',(-13.0459317519341,2.38180845412067,-1.5));
#3477=CARTESIAN_POINT('Ctrl Pts',(-13.1376157296119,2.46746721917768,-1.5));
#3478=CARTESIAN_POINT('Ctrl Pts',(-13.2293010868672,2.55312727315021,-1.5));
#3479=CARTESIAN_POINT('Ctrl Pts',(-13.3189041307274,2.64103654627073,-1.5));
#3480=CARTESIAN_POINT('Ctrl Pts',(-13.4056818447591,2.73161521321915,-1.5));
#3481=CARTESIAN_POINT('Ctrl Pts',(-13.4924590854671,2.82219338611169,-1.5));
#3482=CARTESIAN_POINT('Ctrl Pts',(-13.5764110271677,2.91544092371211,-1.5));
#3483=CARTESIAN_POINT('Ctrl Pts',(-13.6603629688683,3.00868846131254,-1.5));
#3484=CARTESIAN_POINT('',(-11.2266161020602,-1.30931731330821,-1.5));
#3485=CARTESIAN_POINT('Ctrl Pts',(-11.2266161020602,-1.30931731330821,-1.5));
#3486=CARTESIAN_POINT('Ctrl Pts',(-11.1236797392593,-1.30806428595399,-1.5));
#3487=CARTESIAN_POINT('Ctrl Pts',(-11.0207433764584,-1.30681125859976,-1.5));
#3488=CARTESIAN_POINT('Ctrl Pts',(-10.9181894112696,-1.29884607574355,-1.5));
#3489=CARTESIAN_POINT('Ctrl Pts',(-10.8668972802417,-1.29486230776374,-1.5));
#3490=CARTESIAN_POINT('Ctrl Pts',(-10.8157008051099,-1.28919950929723,-1.5));
#3491=CARTESIAN_POINT('Ctrl Pts',(-10.7647972829818,-1.28169695792868,-1.5));
#3492=CARTESIAN_POINT('Ctrl Pts',(-10.7138973671303,-1.27419493808083,-1.5));
#3493=CARTESIAN_POINT('Ctrl Pts',(-10.6632903627754,-1.26485342599747,-1.5));
#3494=CARTESIAN_POINT('Ctrl Pts',(-10.6128920128581,-1.2544086681196,-1.5));
#3495=CARTESIAN_POINT('Ctrl Pts',(-10.5624886996863,-1.24396288163681,-1.5));
#3496=CARTESIAN_POINT('Ctrl Pts',(-10.5122940820508,-1.23241363205241,-1.5));
#3497=CARTESIAN_POINT('Ctrl Pts',(-10.4628071483669,-1.21836581699318,-1.5));
#3498=CARTESIAN_POINT('Ctrl Pts',(-10.413327309396,-1.20432001590432,-1.5));
#3499=CARTESIAN_POINT('Ctrl Pts',(-10.3645549514764,-1.18777636570485,-1.5));
#3500=CARTESIAN_POINT('Ctrl Pts',(-10.316326771984,-1.16977340751796,-1.5));
#3501=CARTESIAN_POINT('Ctrl Pts',(-10.2680985854703,-1.15177044671012,-1.5));
#3502=CARTESIAN_POINT('Ctrl Pts',(-10.2204145775422,-1.13230817748995,-1.5));
#3503=CARTESIAN_POINT('Ctrl Pts',(-10.1739461980136,-1.11022928929705,-1.5));
#3504=CARTESIAN_POINT('Ctrl Pts',(-10.1274732903186,-1.08814824960062,-1.5));
#3505=CARTESIAN_POINT('Ctrl Pts',(-10.0822162479513,-1.06345008094753,-1.5));
#3506=CARTESIAN_POINT('Ctrl Pts',(-10.038365421451,-1.03647140832354,-1.5));
#3507=CARTESIAN_POINT('Ctrl Pts',(-9.99452756081903,-1.00950071278794,-1.5));
#3508=CARTESIAN_POINT('Ctrl Pts',(-9.95209508459361,-0.980250861686717,
-1.5));
#3509=CARTESIAN_POINT('Ctrl Pts',(-9.91160209654382,-0.948497856266701,
-1.5));
#3510=CARTESIAN_POINT('Ctrl Pts',(-9.87111535844549,-0.916749751812309,
-1.5));
#3511=CARTESIAN_POINT('Ctrl Pts',(-9.83256750986254,-0.882499265685763,
-1.5));
#3512=CARTESIAN_POINT('Ctrl Pts',(-9.79642913467058,-0.845852221329698,
-1.5));
#3513=CARTESIAN_POINT('Ctrl Pts',(-9.76029949749327,-0.809214037981041,
-1.5));
#3514=CARTESIAN_POINT('Ctrl Pts',(-9.72657816865909,-0.770180455205886,
-1.5));
#3515=CARTESIAN_POINT('Ctrl Pts',(-9.69593810161783,-0.728843754224086,
-1.5));
#3516=CARTESIAN_POINT('Ctrl Pts',(-9.66530435626057,-0.687515581864669,
-1.5));
#3517=CARTESIAN_POINT('Ctrl Pts',(-9.63775060137043,-0.643885241563078,
-1.5));
#3518=CARTESIAN_POINT('Ctrl Pts',(-9.61362916560402,-0.598441098369474,
-1.5));
#3519=CARTESIAN_POINT('Ctrl Pts',(-9.58951146003667,-0.553003982771632,
-1.5));
#3520=CARTESIAN_POINT('Ctrl Pts',(-9.56882501211035,-0.505753625220416,
-1.5));
#3521=CARTESIAN_POINT('Ctrl Pts',(-9.55192918288874,-0.457142224964078,
-1.5));
#3522=CARTESIAN_POINT('Ctrl Pts',(-9.53503969977838,-0.4085490832584,-1.5));
#3523=CARTESIAN_POINT('Ctrl Pts',(-9.52193798837779,-0.358595921076957,
-1.5));
#3524=CARTESIAN_POINT('Ctrl Pts',(-9.5134255844103,-0.307904569116222,-1.5));
#3525=CARTESIAN_POINT('Ctrl Pts',(-9.50491141142125,-0.257202682634898,
-1.5));
#3526=CARTESIAN_POINT('Ctrl Pts',(-9.50098845353498,-0.20576229952575,-1.5));
#3527=CARTESIAN_POINT('Ctrl Pts',(-9.49975965684431,-0.154354832538963,
-1.5));
#3528=CARTESIAN_POINT('Ctrl Pts',(-9.49852927909777,-0.102881221105155,
-1.5));
#3529=CARTESIAN_POINT('Ctrl Pts',(-9.5,-0.051440610552579,-1.5));
#3530=CARTESIAN_POINT('Ctrl Pts',(-9.5,-2.54136989230602E-15,-1.5));
#3531=CARTESIAN_POINT('Ctrl Pts',(-9.5,0.0514406105525744,-1.5));
#3532=CARTESIAN_POINT('Ctrl Pts',(-9.49852927909777,0.102881221105151,-1.5));
#3533=CARTESIAN_POINT('Ctrl Pts',(-9.49975965684431,0.15435483253896,-1.5));
#3534=CARTESIAN_POINT('Ctrl Pts',(-9.50098845353498,0.205762299525746,-1.5));
#3535=CARTESIAN_POINT('Ctrl Pts',(-9.50491141142125,0.257202682634895,-1.5));
#3536=CARTESIAN_POINT('Ctrl Pts',(-9.5134255844103,0.307904569116217,-1.5));
#3537=CARTESIAN_POINT('Ctrl Pts',(-9.52193798837778,0.358595921076952,-1.5));
#3538=CARTESIAN_POINT('Ctrl Pts',(-9.53503969977838,0.408549083258394,-1.5));
#3539=CARTESIAN_POINT('Ctrl Pts',(-9.55192918288874,0.457142224964072,-1.5));
#3540=CARTESIAN_POINT('Ctrl Pts',(-9.56882501211035,0.505753625220409,-1.5));
#3541=CARTESIAN_POINT('Ctrl Pts',(-9.58951146003666,0.553003982771626,-1.5));
#3542=CARTESIAN_POINT('Ctrl Pts',(-9.61362916560401,0.598441098369468,-1.5));
#3543=CARTESIAN_POINT('Ctrl Pts',(-9.63775060137042,0.643885241563074,-1.5));
#3544=CARTESIAN_POINT('Ctrl Pts',(-9.66530435626057,0.687515581864665,-1.5));
#3545=CARTESIAN_POINT('Ctrl Pts',(-9.69593810161783,0.728843754224082,-1.5));
#3546=CARTESIAN_POINT('Ctrl Pts',(-9.72657816865909,0.770180455205882,-1.5));
#3547=CARTESIAN_POINT('Ctrl Pts',(-9.76029949749327,0.809214037981036,-1.5));
#3548=CARTESIAN_POINT('Ctrl Pts',(-9.79642913467059,0.845852221329693,-1.5));
#3549=CARTESIAN_POINT('Ctrl Pts',(-9.83256750986254,0.882499265685758,-1.5));
#3550=CARTESIAN_POINT('Ctrl Pts',(-9.8711153584455,0.916749751812303,-1.5));
#3551=CARTESIAN_POINT('Ctrl Pts',(-9.91160209654382,0.948497856266697,-1.5));
#3552=CARTESIAN_POINT('Ctrl Pts',(-9.95209508459361,0.980250861686713,-1.5));
#3553=CARTESIAN_POINT('Ctrl Pts',(-9.99452756081903,1.00950071278793,-1.5));
#3554=CARTESIAN_POINT('Ctrl Pts',(-10.0383654214509,1.03647140832353,-1.5));
#3555=CARTESIAN_POINT('Ctrl Pts',(-10.0822162479513,1.06345008094753,-1.5));
#3556=CARTESIAN_POINT('Ctrl Pts',(-10.1274732903186,1.08814824960062,-1.5));
#3557=CARTESIAN_POINT('Ctrl Pts',(-10.1739461980137,1.11022928929704,-1.5));
#3558=CARTESIAN_POINT('Ctrl Pts',(-10.2204145775422,1.13230817748994,-1.5));
#3559=CARTESIAN_POINT('Ctrl Pts',(-10.2680985854703,1.15177044671012,-1.5));
#3560=CARTESIAN_POINT('Ctrl Pts',(-10.316326771984,1.16977340751795,-1.5));
#3561=CARTESIAN_POINT('Ctrl Pts',(-10.3645549514765,1.18777636570485,-1.5));
#3562=CARTESIAN_POINT('Ctrl Pts',(-10.413327309396,1.20432001590431,-1.5));
#3563=CARTESIAN_POINT('Ctrl Pts',(-10.4628071483669,1.21836581699317,-1.5));
#3564=CARTESIAN_POINT('Ctrl Pts',(-10.5122940820508,1.2324136320524,-1.5));
#3565=CARTESIAN_POINT('Ctrl Pts',(-10.5624886996863,1.2439628816368,-1.5));
#3566=CARTESIAN_POINT('Ctrl Pts',(-10.6128920128581,1.2544086681196,-1.5));
#3567=CARTESIAN_POINT('Ctrl Pts',(-10.6632903627754,1.26485342599747,-1.5));
#3568=CARTESIAN_POINT('Ctrl Pts',(-10.7138973671304,1.27419493808082,-1.5));
#3569=CARTESIAN_POINT('Ctrl Pts',(-10.7647972829818,1.28169695792868,-1.5));
#3570=CARTESIAN_POINT('Ctrl Pts',(-10.8157008051099,1.28919950929723,-1.5));
#3571=CARTESIAN_POINT('Ctrl Pts',(-10.8668972802418,1.29486230776373,-1.5));
#3572=CARTESIAN_POINT('Ctrl Pts',(-10.9181894112696,1.29884607574354,-1.5));
#3573=CARTESIAN_POINT('Ctrl Pts',(-11.0207433764584,1.30681125859976,-1.5));
#3574=CARTESIAN_POINT('Ctrl Pts',(-11.1236797392593,1.30806428595398,-1.5));
#3575=CARTESIAN_POINT('Ctrl Pts',(-11.2266161020602,1.30931731330821,-1.5));
#3576=CARTESIAN_POINT('',(-13.6603629688683,-3.00868846131254,-1.5));
#3577=CARTESIAN_POINT('Ctrl Pts',(-13.6603629688683,-3.00868846131254,-1.5));
#3578=CARTESIAN_POINT('Ctrl Pts',(-13.5764110271677,-2.91544092371212,-1.5));
#3579=CARTESIAN_POINT('Ctrl Pts',(-13.4924590854671,-2.8221933861117,-1.5));
#3580=CARTESIAN_POINT('Ctrl Pts',(-13.4056818447592,-2.73161521321917,-1.5));
#3581=CARTESIAN_POINT('Ctrl Pts',(-13.3189041307274,-2.64103654627074,-1.5));
#3582=CARTESIAN_POINT('Ctrl Pts',(-13.2293010868672,-2.55312727315022,-1.5));
#3583=CARTESIAN_POINT('Ctrl Pts',(-13.1376157296119,-2.46746721917769,-1.5));
#3584=CARTESIAN_POINT('Ctrl Pts',(-13.0459317519341,-2.38180845412068,-1.5));
#3585=CARTESIAN_POINT('Ctrl Pts',(-12.9521655235252,-2.29839884052477,-1.5));
#3586=CARTESIAN_POINT('Ctrl Pts',(-12.8560412781186,-2.21777706947149,-1.5));
#3587=CARTESIAN_POINT('Ctrl Pts',(-12.7599196859428,-2.13715752374813,-1.5));
#3588=CARTESIAN_POINT('Ctrl Pts',(-12.66144020694,-2.05932566666895,-1.5));
#3589=CARTESIAN_POINT('Ctrl Pts',(-12.5605856666177,-1.98469445364412,-1.5));
#3590=CARTESIAN_POINT('Ctrl Pts',(-12.4597354602911,-1.91006644772683,-1.5));
#3591=CARTESIAN_POINT('Ctrl Pts',(-12.3565103967664,-1.83863881078894,-1.5));
#3592=CARTESIAN_POINT('Ctrl Pts',(-12.2507785193501,-1.77108526797422,-1.5));
#3593=CARTESIAN_POINT('Ctrl Pts',(-12.145054772469,-1.70353691986959,-1.5));
#3594=CARTESIAN_POINT('Ctrl Pts',(-12.0368245972179,-1.63986207009342,-1.5));
#3595=CARTESIAN_POINT('Ctrl Pts',(-11.9260031269683,-1.58106285039558,-1.5));
#3596=CARTESIAN_POINT('Ctrl Pts',(-11.8705826098606,-1.55165805046067,-1.5));
#3597=CARTESIAN_POINT('Ctrl Pts',(-11.8145140402548,-1.52347258844515,-1.5));
#3598=CARTESIAN_POINT('Ctrl Pts',(-11.7577336001999,-1.49683245933832,-1.5));
#3599=CARTESIAN_POINT('Ctrl Pts',(-11.700955254046,-1.47019331264361,-1.5));
#3600=CARTESIAN_POINT('Ctrl Pts',(-11.6434650899455,-1.44509938488474,-1.5));
#3601=CARTESIAN_POINT('Ctrl Pts',(-11.5853261524688,-1.42145041348948,-1.5));
#3602=CARTESIAN_POINT('Ctrl Pts',(-11.5271920391877,-1.3978034044153,-1.5));
#3603=CARTESIAN_POINT('Ctrl Pts',(-11.4684092601925,-1.37560111191834,-1.5));
#3604=CARTESIAN_POINT('Ctrl Pts',(-11.4085031136781,-1.35715019445369,-1.5));
#3605=CARTESIAN_POINT('Ctrl Pts',(-11.348622386075,-1.33870710593919,-1.5));
#3606=CARTESIAN_POINT('Ctrl Pts',(-11.2876192440676,-1.3240122096237,-1.5));
#3607=CARTESIAN_POINT('Ctrl Pts',(-11.2266161020602,-1.30931731330821,-1.5));
#3608=CARTESIAN_POINT('',(-13.3345655866124,-4.22458084486439,-1.5));
#3609=CARTESIAN_POINT('Origin',(0.,0.,-1.5));
#3610=CARTESIAN_POINT('',(-10.3771933995737,-4.47940599609041,-1.5));
#3611=CARTESIAN_POINT('Ctrl Pts',(-10.3771933995737,-4.47940599609041,-1.5));
#3612=CARTESIAN_POINT('Ctrl Pts',(-10.4373711184205,-4.49718141357892,-1.5));
#3613=CARTESIAN_POINT('Ctrl Pts',(-10.4975488372673,-4.51495683106743,-1.5));
#3614=CARTESIAN_POINT('Ctrl Pts',(-10.558628612826,-4.52892501169118,-1.5));
#3615=CARTESIAN_POINT('Ctrl Pts',(-10.6197343162826,-4.54289912170087,-1.5));
#3616=CARTESIAN_POINT('Ctrl Pts',(-10.681742842446,-4.55306276187384,-1.5));
#3617=CARTESIAN_POINT('Ctrl Pts',(-10.743911965911,-4.56165090793264,-1.5));
#3618=CARTESIAN_POINT('Ctrl Pts',(-10.8060862484124,-4.5702397666693,-1.5));
#3619=CARTESIAN_POINT('Ctrl Pts',(-10.8684211548706,-4.57725286979965,-1.5));
#3620=CARTESIAN_POINT('Ctrl Pts',(-10.9309122183722,-4.58257186510385,-1.5));
#3621=CARTESIAN_POINT('Ctrl Pts',(-10.9934055864512,-4.58789105656469,-1.5));
#3622=CARTESIAN_POINT('Ctrl Pts',(-11.0560551230914,-4.59151601524472,-1.5));
#3623=CARTESIAN_POINT('Ctrl Pts',(-11.118753098765,-4.59376097006173,-1.5));
#3624=CARTESIAN_POINT('Ctrl Pts',(-11.2441269171348,-4.5982500872055,-1.5));
#3625=CARTESIAN_POINT('Ctrl Pts',(-11.3696944232464,-4.59722113734276,-1.5));
#3626=CARTESIAN_POINT('Ctrl Pts',(-11.495028047881,-4.59158442534104,-1.5));
#3627=CARTESIAN_POINT('Ctrl Pts',(-11.6203713111207,-4.58594727985597,-1.5));
#3628=CARTESIAN_POINT('Ctrl Pts',(-11.7454806569093,-4.57570166349782,-1.5));
#3629=CARTESIAN_POINT('Ctrl Pts',(-11.8701335005237,-4.56149701770297,-1.5));
#3630=CARTESIAN_POINT('Ctrl Pts',(-11.9947917010422,-4.54729176146938,-1.5));
#3631=CARTESIAN_POINT('Ctrl Pts',(-12.1189933601497,-4.52912713551649,-1.5));
#3632=CARTESIAN_POINT('Ctrl Pts',(-12.2425468736878,-4.50736935696641,-1.5));
#3633=CARTESIAN_POINT('Ctrl Pts',(-12.3661037976561,-4.48561097783945,-1.5));
#3634=CARTESIAN_POINT('Ctrl Pts',(-12.4890125402733,-4.46025924774999,-1.5));
#3635=CARTESIAN_POINT('Ctrl Pts',(-12.6112425765908,-4.43191856999274,-1.5));
#3636=CARTESIAN_POINT('Ctrl Pts',(-12.7334744521152,-4.40357746579065,-1.5));
#3637=CARTESIAN_POINT('Ctrl Pts',(-12.8550276009148,-4.37224732397013,-1.5));
#3638=CARTESIAN_POINT('Ctrl Pts',(-12.9754686392228,-4.33719275436775,-1.5));
#3639=CARTESIAN_POINT('Ctrl Pts',(-13.0959090205925,-4.3021383759684,-1.5));
#3640=CARTESIAN_POINT('Ctrl Pts',(-13.2152373036025,-4.2633596104164,-1.5));
#3641=CARTESIAN_POINT('Ctrl Pts',(-13.3345655866124,-4.22458084486439,-1.5));
#3642=CARTESIAN_POINT('Ctrl Pts',(-8.09402154701173,-5.,-1.5));
#3643=CARTESIAN_POINT('Ctrl Pts',(-8.10863271081303,-4.96400657179082,-1.5));
#3644=CARTESIAN_POINT('Ctrl Pts',(-8.12446406003068,-4.93136886324655,-1.5));
#3645=CARTESIAN_POINT('Ctrl Pts',(-8.15479638414656,-4.87388428253376,-1.5));
#3646=CARTESIAN_POINT('Ctrl Pts',(-8.26640838924861,-4.66448543707625,-1.5));
#3647=CARTESIAN_POINT('Ctrl Pts',(-8.38605871662111,-4.49523551567125,-1.5));
#3648=CARTESIAN_POINT('Ctrl Pts',(-8.47120670669198,-4.38430532817853,-1.5));
#3649=CARTESIAN_POINT('Ctrl Pts',(-8.74626363040645,-4.21289575898616,-1.5));
#3650=CARTESIAN_POINT('Ctrl Pts',(-8.87971534119865,-4.16364488511019,-1.5));
#3651=CARTESIAN_POINT('Ctrl Pts',(-9.25161065406397,-4.10186545203513,-1.5));
#3652=CARTESIAN_POINT('Ctrl Pts',(-9.46531788057589,-4.12981964223699,-1.5));
#3653=CARTESIAN_POINT('Ctrl Pts',(-9.94597865561443,-4.23739401118773,-1.5));
#3654=CARTESIAN_POINT('Ctrl Pts',(-10.2265701300939,-4.39487123254166,-1.5));
#3655=CARTESIAN_POINT('Ctrl Pts',(-10.3771933995737,-4.47940599609041,-1.5));
#3656=CARTESIAN_POINT('Origin',(-5.65685424949238,-5.65685424949238,-1.5));
#3657=CARTESIAN_POINT('Origin',(0.,0.,-1.5));
#3658=CARTESIAN_POINT('Ctrl Pts',(-10.3258771252999,9.43578212400393,0.));
#3659=CARTESIAN_POINT('Ctrl Pts',(-10.3258771252999,9.43578212400393,-10.));
#3660=CARTESIAN_POINT('Ctrl Pts',(-10.2997963798904,9.3130514167513,0.));
#3661=CARTESIAN_POINT('Ctrl Pts',(-10.2997963798904,9.3130514167513,-10.));
#3662=CARTESIAN_POINT('Ctrl Pts',(-10.2476347468146,9.06758933281516,0.));
#3663=CARTESIAN_POINT('Ctrl Pts',(-10.2476347468146,9.06758933281516,-10.));
#3664=CARTESIAN_POINT('Ctrl Pts',(-10.1467038095209,8.70479225506157,0.));
#3665=CARTESIAN_POINT('Ctrl Pts',(-10.1467038095209,8.70479225506157,-10.));
#3666=CARTESIAN_POINT('Ctrl Pts',(-10.028206918369,8.34743987509277,0.));
#3667=CARTESIAN_POINT('Ctrl Pts',(-10.028206918369,8.34743987509277,-10.));
#3668=CARTESIAN_POINT('Ctrl Pts',(-9.88909822498232,7.99750935303146,0.));
#3669=CARTESIAN_POINT('Ctrl Pts',(-9.88909822498232,7.99750935303146,-10.));
#3670=CARTESIAN_POINT('Ctrl Pts',(-9.7280549194794,7.65710116265851,0.));
#3671=CARTESIAN_POINT('Ctrl Pts',(-9.7280549194794,7.65710116265851,-10.));
#3672=CARTESIAN_POINT('Ctrl Pts',(-9.57331305573636,7.38393530337751,0.));
#3673=CARTESIAN_POINT('Ctrl Pts',(-9.57331305573636,7.38393530337751,-10.));
#3674=CARTESIAN_POINT('Ctrl Pts',(-9.43547019431829,7.17418130673545,0.));
#3675=CARTESIAN_POINT('Ctrl Pts',(-9.43547019431829,7.17418130673545,-10.));
#3676=CARTESIAN_POINT('Ctrl Pts',(-9.32374897497365,7.02275245074194,0.));
#3677=CARTESIAN_POINT('Ctrl Pts',(-9.32374897497365,7.02275245074194,-10.));
#3678=CARTESIAN_POINT('Ctrl Pts',(-9.20434386097009,6.8769116293652,0.));
#3679=CARTESIAN_POINT('Ctrl Pts',(-9.20434386097009,6.8769116293652,-10.));
#3680=CARTESIAN_POINT('Ctrl Pts',(-9.1133589087968,6.79043783048868,0.));
#3681=CARTESIAN_POINT('Ctrl Pts',(-9.1133589087968,6.79043783048868,-10.));
#3682=CARTESIAN_POINT('Ctrl Pts',(-9.06787608626547,6.7472101059698,0.));
#3683=CARTESIAN_POINT('Ctrl Pts',(-9.06787608626547,6.7472101059698,-10.));
#3684=CARTESIAN_POINT('',(-10.0014632331833,8.2857054591258,6.24500451351651E-16));
#3685=CARTESIAN_POINT('Ctrl Pts',(-10.0014632331833,8.2857054591258,6.24500451351651E-16));
#3686=CARTESIAN_POINT('Ctrl Pts',(-9.96517540353417,8.18922610920425,6.24500451351651E-16));
#3687=CARTESIAN_POINT('Ctrl Pts',(-9.87952140078951,7.97726616823831,0.));
#3688=CARTESIAN_POINT('Ctrl Pts',(-9.7280549194794,7.65710116265851,0.));
#3689=CARTESIAN_POINT('Ctrl Pts',(-9.5962896664668,7.42449592131067,0.));
#3690=CARTESIAN_POINT('Ctrl Pts',(-9.52045556631126,7.30488783315141,0.));
#3691=CARTESIAN_POINT('Ctrl Pts',(-9.51171788570528,7.29128784747792,0.));
#3692=CARTESIAN_POINT('',(-10.3258771252999,9.43578212400393,-1.));
#3693=CARTESIAN_POINT('Ctrl Pts',(-10.3258771252999,9.43578212400393,-1.));
#3694=CARTESIAN_POINT('Ctrl Pts',(-10.3125017494613,9.37284031345865,-0.947667306964816));
#3695=CARTESIAN_POINT('Ctrl Pts',(-10.299727865168,9.31275877413766,-0.897849139089502));
#3696=CARTESIAN_POINT('Ctrl Pts',(-10.2864465252552,9.25253832789244,-0.847687124417944));
#3697=CARTESIAN_POINT('Ctrl Pts',(-10.2788137367329,9.21792962621621,-0.818859005240995));
#3698=CARTESIAN_POINT('Ctrl Pts',(-10.271015609266,9.1832745081085,-0.789917320239608));
#3699=CARTESIAN_POINT('Ctrl Pts',(-10.2628190337699,9.14800907067617,-0.76031951568067));
#3700=CARTESIAN_POINT('Ctrl Pts',(-10.2567532587545,9.12191131687769,-0.738416023973338));
#3701=CARTESIAN_POINT('Ctrl Pts',(-10.2504690282588,9.09547937594692,-0.716153204570222));
#3702=CARTESIAN_POINT('Ctrl Pts',(-10.2438534260037,9.0684890903914,-0.693311168058427));
#3703=CARTESIAN_POINT('Ctrl Pts',(-10.2342589249028,9.02934551517526,-0.66018373143127));
#3704=CARTESIAN_POINT('Ctrl Pts',(-10.22396789529,8.98902711645461,-0.625838013997182));
#3705=CARTESIAN_POINT('Ctrl Pts',(-10.2127301398681,8.94683654451934,-0.589603261632882));
#3706=CARTESIAN_POINT('Ctrl Pts',(-10.2047144324463,8.91674269856035,-0.563757604511046));
#3707=CARTESIAN_POINT('Ctrl Pts',(-10.1962159644464,8.88569663446404,-0.536950856300728));
#3708=CARTESIAN_POINT('Ctrl Pts',(-10.1871287269349,8.85345079633499,-0.508939600400918));
#3709=CARTESIAN_POINT('Ctrl Pts',(-10.1735045693902,8.80510580939347,-0.466943365250454));
#3710=CARTESIAN_POINT('Ctrl Pts',(-10.1590048118965,8.75567928941209,-0.423673934343317));
#3711=CARTESIAN_POINT('Ctrl Pts',(-10.1437753574131,8.70569715961917,-0.379566131831085));
#3712=CARTESIAN_POINT('Ctrl Pts',(-10.1275907907275,8.65258041051939,-0.332692117276447));
#3713=CARTESIAN_POINT('Ctrl Pts',(-10.1105831612937,8.59883619284787,-0.284871277062405));
#3714=CARTESIAN_POINT('Ctrl Pts',(-10.0928646145281,8.54511000581684,-0.23662548300796));
#3715=CARTESIAN_POINT('Ctrl Pts',(-10.076131270728,8.49437115174788,-0.191062296054903));
#3716=CARTESIAN_POINT('Ctrl Pts',(-10.0587636865169,8.44364862228668,-0.14512009878817));
#3717=CARTESIAN_POINT('Ctrl Pts',(-10.0409014106541,8.39347162200499,-0.0992384609097211));
#3718=CARTESIAN_POINT('Ctrl Pts',(-10.0355664804252,8.37848524526045,-0.0855349810874299));
#3719=CARTESIAN_POINT('Ctrl Pts',(-10.0301877500086,8.36354741654954,-0.071836903399518));
#3720=CARTESIAN_POINT('Ctrl Pts',(-10.0247698042164,8.34867192115222,-0.058155939105521));
#3721=CARTESIAN_POINT('Ctrl Pts',(-10.0170747172531,8.32754431392,-0.0387249196711317));
#3722=CARTESIAN_POINT('Ctrl Pts',(-10.0093004565964,8.30654247879334,-0.0193284220739661));
#3723=CARTESIAN_POINT('Ctrl Pts',(-10.0014632331833,8.2857054591258,0.));
#3724=CARTESIAN_POINT('',(-10.3258771252999,9.43578212400393,-5.));
#3725=CARTESIAN_POINT('',(-10.3258771252999,9.43578212400393,0.));
#3726=CARTESIAN_POINT('',(-10.0014632331833,8.28570545912581,-6.));
#3727=CARTESIAN_POINT('Ctrl Pts',(-10.0014632331833,8.2857054591258,-6.));
#3728=CARTESIAN_POINT('Ctrl Pts',(-10.0054408940812,8.29628096450461,-5.99019035978357));
#3729=CARTESIAN_POINT('Ctrl Pts',(-10.0094077006263,8.30691307749385,-5.98034893524916));
#3730=CARTESIAN_POINT('Ctrl Pts',(-10.0133632122939,8.31760218010725,-5.97047624772808));
#3731=CARTESIAN_POINT('Ctrl Pts',(-10.0171802336874,8.32791703613134,-5.96094922249182));
#3732=CARTESIAN_POINT('Ctrl Pts',(-10.0209831489908,8.3382752921458,-5.95140230024992));
#3733=CARTESIAN_POINT('Ctrl Pts',(-10.0247698042164,8.34867192115222,-5.94183986300777));
#3734=CARTESIAN_POINT('Ctrl Pts',(-10.0423724492127,8.39700168941949,-5.89738791846901));
#3735=CARTESIAN_POINT('Ctrl Pts',(-10.0596197348201,8.44616216070268,-5.85260070283077));
#3736=CARTESIAN_POINT('Ctrl Pts',(-10.0763456135319,8.49563796921957,-5.80791840531592));
#3737=CARTESIAN_POINT('Ctrl Pts',(-10.0939008505347,8.54756705225207,-5.76102052113199));
#3738=CARTESIAN_POINT('Ctrl Pts',(-10.1108818014554,8.59984330615481,-5.71423821783471));
#3739=CARTESIAN_POINT('Ctrl Pts',(-10.1271512947748,8.65185180172763,-5.66808046598938));
#3740=CARTESIAN_POINT('Ctrl Pts',(-10.1327787593988,8.66984105088491,-5.65211493402503));
#3741=CARTESIAN_POINT('Ctrl Pts',(-10.1383215564395,8.68779812138217,-5.6362241235834));
#3742=CARTESIAN_POINT('Ctrl Pts',(-10.1437753574131,8.70569715961917,-5.62042909711531));
#3743=CARTESIAN_POINT('Ctrl Pts',(-10.1586598863545,8.7545472650687,-5.57732126649739));
#3744=CARTESIAN_POINT('Ctrl Pts',(-10.1728777631775,8.80296596186222,-5.53492688740178));
#3745=CARTESIAN_POINT('Ctrl Pts',(-10.1862800425911,8.85044185271179,-5.49367412992539));
#3746=CARTESIAN_POINT('Ctrl Pts',(-10.1881117603143,8.85693048259403,-5.4880360287735));
#3747=CARTESIAN_POINT('Ctrl Pts',(-10.1899283213536,8.86340148440599,-5.48241925227317));
#3748=CARTESIAN_POINT('Ctrl Pts',(-10.1917294208816,8.86985353656595,-5.47682489351453));
#3749=CARTESIAN_POINT('Ctrl Pts',(-10.204090600252,8.91413480632182,-5.43843008467534));
#3750=CARTESIAN_POINT('Ctrl Pts',(-10.2153418706208,8.95614024196088,-5.40231643222955));
#3751=CARTESIAN_POINT('Ctrl Pts',(-10.2257626866854,8.99655862197404,-5.3678130599872));
#3752=CARTESIAN_POINT('Ctrl Pts',(-10.2320813681533,9.02106638289894,-5.34689187517616));
#3753=CARTESIAN_POINT('Ctrl Pts',(-10.2380938004255,9.04499101220411,-5.32656273018579));
#3754=CARTESIAN_POINT('Ctrl Pts',(-10.2438534260037,9.0684890903914,-5.30667606463071));
#3755=CARTESIAN_POINT('Ctrl Pts',(-10.2522602709406,9.10278727470116,-5.2776491580438));
#3756=CARTESIAN_POINT('Ctrl Pts',(-10.2601318354967,9.13617599211851,-5.24956494528069));
#3757=CARTESIAN_POINT('Ctrl Pts',(-10.2676982711411,9.16913231934204,-5.22195834070045));
#3758=CARTESIAN_POINT('Ctrl Pts',(-10.2774375104783,9.21155249888064,-5.18642412856566));
#3759=CARTESIAN_POINT('Ctrl Pts',(-10.2866703347745,9.25325650816216,-5.15168121275978));
#3760=CARTESIAN_POINT('Ctrl Pts',(-10.2957994869309,9.29528268086402,-5.11673777063905));
#3761=CARTESIAN_POINT('Ctrl Pts',(-10.3057896727378,9.34127263336449,-5.07849857015949));
#3762=CARTESIAN_POINT('Ctrl Pts',(-10.3156488672517,9.38765001257416,-5.0400192334915));
#3763=CARTESIAN_POINT('Ctrl Pts',(-10.3258771252999,9.43578212400393,-5.));
#3764=CARTESIAN_POINT('',(-9.06787608626547,6.7472101059698,-6.));
#3765=CARTESIAN_POINT('Ctrl Pts',(-9.06787608626547,6.7472101059698,-6.));
#3766=CARTESIAN_POINT('Ctrl Pts',(-9.1133589087968,6.79043783048868,-6.));
#3767=CARTESIAN_POINT('Ctrl Pts',(-9.15884173132814,6.83366555500757,-6.));
#3768=CARTESIAN_POINT('Ctrl Pts',(-9.20147841837228,6.87957810198694,-6.));
#3769=CARTESIAN_POINT('Ctrl Pts',(-9.24413320436426,6.92551013849165,-6.));
#3770=CARTESIAN_POINT('Ctrl Pts',(-9.28393943803066,6.97412927731387,-6.));
#3771=CARTESIAN_POINT('Ctrl Pts',(-9.3224615524215,7.02367524453619,-6.));
#3772=CARTESIAN_POINT('Ctrl Pts',(-9.3609868635277,7.07322532327619,-6.));
#3773=CARTESIAN_POINT('Ctrl Pts',(-9.39822784222704,7.12370238424635,-6.));
#3774=CARTESIAN_POINT('Ctrl Pts',(-9.43407975903385,7.17516173509608,-6.));
#3775=CARTESIAN_POINT('Ctrl Pts',(-9.46993299800603,7.22662298369013,-6.));
#3776=CARTESIAN_POINT('Ctrl Pts',(-9.50439707263072,7.27906659461585,-6.));
#3777=CARTESIAN_POINT('Ctrl Pts',(-9.53769024836939,7.33224215690654,-6.));
#3778=CARTESIAN_POINT('Ctrl Pts',(-9.60426484704136,7.43857451001236,-6.));
#3779=CARTESIAN_POINT('Ctrl Pts',(-9.66615750337682,7.54783363512626,-6.));
#3780=CARTESIAN_POINT('Ctrl Pts',(-9.72394277990684,7.6591940940091,-6.));
#3781=CARTESIAN_POINT('Ctrl Pts',(-9.78173250033175,7.7705631169104,-6.));
#3782=CARTESIAN_POINT('Ctrl Pts',(-9.83541420918247,7.88403379679327,-6.));
#3783=CARTESIAN_POINT('Ctrl Pts',(-9.88543904687956,7.99908864891471,-6.));
#3784=CARTESIAN_POINT('Ctrl Pts',(-9.92654159649008,8.09362264412498,-6.));
#3785=CARTESIAN_POINT('Ctrl Pts',(-9.96517540352705,8.18922610918663,-6.));
#3786=CARTESIAN_POINT('Ctrl Pts',(-10.0014632331732,8.28570545909914,-6.));
#3787=CARTESIAN_POINT('',(-9.06787608626547,6.7472101059698,0.));
#3788=CARTESIAN_POINT('Origin',(-8.32667268468867E-16,11.7424154586382,
0.));
#3789=CARTESIAN_POINT('',(-5.82372598573052,8.1292198668216,0.));
#3790=CARTESIAN_POINT('Origin',(0.,0.,0.));
#3791=CARTESIAN_POINT('',(-6.74721010596981,9.06787608626546,0.));
#3792=CARTESIAN_POINT('Ctrl Pts',(-5.82372598573052,8.1292198668216,0.));
#3793=CARTESIAN_POINT('Ctrl Pts',(-5.85530870691498,8.14337832153093,0.));
#3794=CARTESIAN_POINT('Ctrl Pts',(-5.93248343827545,8.18167882887052,0.));
#3795=CARTESIAN_POINT('Ctrl Pts',(-6.05011414611586,8.25341706917226,0.));
#3796=CARTESIAN_POINT('Ctrl Pts',(-6.17220857651348,8.34811342323992,0.));
#3797=CARTESIAN_POINT('Ctrl Pts',(-6.28835433401833,8.45001712605451,0.));
#3798=CARTESIAN_POINT('Ctrl Pts',(-6.39364360280659,8.56309357763395,0.));
#3799=CARTESIAN_POINT('Ctrl Pts',(-6.49382972420831,8.68056879400272,0.));
#3800=CARTESIAN_POINT('Ctrl Pts',(-6.61581900591864,8.84656553225951,0.));
#3801=CARTESIAN_POINT('Ctrl Pts',(-6.69465677104897,8.97935709478383,0.));
#3802=CARTESIAN_POINT('Ctrl Pts',(-6.74721010596981,9.06787608626546,0.));
#3803=CARTESIAN_POINT('',(-8.28570545912581,10.0014632331833,3.81639164714898E-16));
#3804=CARTESIAN_POINT('Ctrl Pts',(-6.74721010596981,9.06787608626546,0.));
#3805=CARTESIAN_POINT('Ctrl Pts',(-6.7904378304887,9.11335890879679,0.));
#3806=CARTESIAN_POINT('Ctrl Pts',(-6.87691162936522,9.20434386097008,0.));
#3807=CARTESIAN_POINT('Ctrl Pts',(-7.02275245074195,9.32374897497366,0.));
#3808=CARTESIAN_POINT('Ctrl Pts',(-7.17418130673548,9.43547019431828,0.));
#3809=CARTESIAN_POINT('Ctrl Pts',(-7.38393530337753,9.57331305573637,0.));
#3810=CARTESIAN_POINT('Ctrl Pts',(-7.65710116265854,9.72805491947939,0.));
#3811=CARTESIAN_POINT('Ctrl Pts',(-7.97726616823832,9.87952140078951,0.));
#3812=CARTESIAN_POINT('Ctrl Pts',(-8.18922610920426,9.96517540353417,3.81639164714898E-16));
#3813=CARTESIAN_POINT('Ctrl Pts',(-8.28570545912581,10.0014632331833,3.81639164714898E-16));
#3814=CARTESIAN_POINT('Origin',(0.,0.,0.));
#3815=CARTESIAN_POINT('Origin',(-8.32667268468867E-16,11.7424154586382,
0.));
#3816=CARTESIAN_POINT('',(-10.0014632331833,-8.28570545912581,3.46944695195361E-16));
#3817=CARTESIAN_POINT('Ctrl Pts',(-9.51171788570527,-7.29128784747792,0.));
#3818=CARTESIAN_POINT('Ctrl Pts',(-9.52045556631126,-7.30488783315143,0.));
#3819=CARTESIAN_POINT('Ctrl Pts',(-9.59628966646681,-7.42449592131068,0.));
#3820=CARTESIAN_POINT('Ctrl Pts',(-9.72805491947939,-7.65710116265854,0.));
#3821=CARTESIAN_POINT('Ctrl Pts',(-9.87952140078951,-7.97726616823832,0.));
#3822=CARTESIAN_POINT('Ctrl Pts',(-9.96517540353417,-8.18922610920426,3.46944695195361E-16));
#3823=CARTESIAN_POINT('Ctrl Pts',(-10.0014632331833,-8.28570545912581,3.46944695195361E-16));
#3824=CARTESIAN_POINT('',(-8.28570545912581,-10.0014632331833,2.77555756156289E-16));
#3825=CARTESIAN_POINT('Origin',(0.,0.,0.));
#3826=CARTESIAN_POINT('',(-6.7472101059698,-9.06787608626547,0.));
#3827=CARTESIAN_POINT('Ctrl Pts',(-8.28570545912581,-10.0014632331833,2.77555756156289E-16));
#3828=CARTESIAN_POINT('Ctrl Pts',(-8.18922610920425,-9.96517540353416,2.77555756156289E-16));
#3829=CARTESIAN_POINT('Ctrl Pts',(-7.97726616823831,-9.87952140078951,0.));
#3830=CARTESIAN_POINT('Ctrl Pts',(-7.65710116265851,-9.7280549194794,0.));
#3831=CARTESIAN_POINT('Ctrl Pts',(-7.38393530337752,-9.57331305573635,0.));
#3832=CARTESIAN_POINT('Ctrl Pts',(-7.17418130673545,-9.43547019431829,0.));
#3833=CARTESIAN_POINT('Ctrl Pts',(-7.02275245074194,-9.32374897497365,0.));
#3834=CARTESIAN_POINT('Ctrl Pts',(-6.8769116293652,-9.20434386097008,0.));
#3835=CARTESIAN_POINT('Ctrl Pts',(-6.79043783048869,-9.1133589087968,0.));
#3836=CARTESIAN_POINT('Ctrl Pts',(-6.7472101059698,-9.06787608626547,0.));
#3837=CARTESIAN_POINT('',(-5.82372598573052,-8.12921986682161,0.));
#3838=CARTESIAN_POINT('Ctrl Pts',(-6.7472101059698,-9.06787608626547,0.));
#3839=CARTESIAN_POINT('Ctrl Pts',(-6.69465677104896,-8.97935709478384,0.));
#3840=CARTESIAN_POINT('Ctrl Pts',(-6.61581900591863,-8.84656553225952,0.));
#3841=CARTESIAN_POINT('Ctrl Pts',(-6.4938297242083,-8.68056879400273,0.));
#3842=CARTESIAN_POINT('Ctrl Pts',(-6.39364360280658,-8.56309357763395,0.));
#3843=CARTESIAN_POINT('Ctrl Pts',(-6.28835433401832,-8.45001712605452,0.));
#3844=CARTESIAN_POINT('Ctrl Pts',(-6.17220857651347,-8.34811342323992,0.));
#3845=CARTESIAN_POINT('Ctrl Pts',(-6.05011414611584,-8.25341706917228,0.));
#3846=CARTESIAN_POINT('Ctrl Pts',(-5.93248343827544,-8.18167882887052,0.));
#3847=CARTESIAN_POINT('Ctrl Pts',(-5.85530870691497,-8.14337832153093,0.));
#3848=CARTESIAN_POINT('Ctrl Pts',(-5.82372598573052,-8.12921986682161,0.));
#3849=CARTESIAN_POINT('Origin',(0.,0.,0.));
#3850=CARTESIAN_POINT('Ctrl Pts',(-9.06787608626546,-6.74721010596981,0.));
#3851=CARTESIAN_POINT('Ctrl Pts',(-9.06787608626546,-6.74721010596981,-10.));
#3852=CARTESIAN_POINT('Ctrl Pts',(-9.11335890879679,-6.7904378304887,0.));
#3853=CARTESIAN_POINT('Ctrl Pts',(-9.11335890879679,-6.7904378304887,-10.));
#3854=CARTESIAN_POINT('Ctrl Pts',(-9.20434386097008,-6.87691162936522,0.));
#3855=CARTESIAN_POINT('Ctrl Pts',(-9.20434386097008,-6.87691162936522,-10.));
#3856=CARTESIAN_POINT('Ctrl Pts',(-9.32374897497366,-7.02275245074195,0.));
#3857=CARTESIAN_POINT('Ctrl Pts',(-9.32374897497366,-7.02275245074195,-10.));
#3858=CARTESIAN_POINT('Ctrl Pts',(-9.43547019431829,-7.17418130673548,0.));
#3859=CARTESIAN_POINT('Ctrl Pts',(-9.43547019431829,-7.17418130673548,-10.));
#3860=CARTESIAN_POINT('Ctrl Pts',(-9.57331305573637,-7.38393530337753,0.));
#3861=CARTESIAN_POINT('Ctrl Pts',(-9.57331305573637,-7.38393530337753,-10.));
#3862=CARTESIAN_POINT('Ctrl Pts',(-9.72805491947939,-7.65710116265854,0.));
#3863=CARTESIAN_POINT('Ctrl Pts',(-9.72805491947939,-7.65710116265854,-10.));
#3864=CARTESIAN_POINT('Ctrl Pts',(-9.88909822498233,-7.99750935303147,0.));
#3865=CARTESIAN_POINT('Ctrl Pts',(-9.88909822498233,-7.99750935303147,-10.));
#3866=CARTESIAN_POINT('Ctrl Pts',(-10.028206918369,-8.34743987509279,0.));
#3867=CARTESIAN_POINT('Ctrl Pts',(-10.028206918369,-8.34743987509279,-10.));
#3868=CARTESIAN_POINT('Ctrl Pts',(-10.1467038095209,-8.70479225506161,0.));
#3869=CARTESIAN_POINT('Ctrl Pts',(-10.1467038095209,-8.70479225506161,-10.));
#3870=CARTESIAN_POINT('Ctrl Pts',(-10.2476347468146,-9.06758933281517,0.));
#3871=CARTESIAN_POINT('Ctrl Pts',(-10.2476347468146,-9.06758933281517,-10.));
#3872=CARTESIAN_POINT('Ctrl Pts',(-10.2997963798904,-9.31305141675132,0.));
#3873=CARTESIAN_POINT('Ctrl Pts',(-10.2997963798904,-9.31305141675132,-10.));
#3874=CARTESIAN_POINT('Ctrl Pts',(-10.3258771252999,-9.43578212400394,0.));
#3875=CARTESIAN_POINT('Ctrl Pts',(-10.3258771252999,-9.43578212400394,-10.));
#3876=CARTESIAN_POINT('',(-9.06787608626546,-6.74721010596981,-6.));
#3877=CARTESIAN_POINT('',(-9.06787608626546,-6.74721010596981,0.));
#3878=CARTESIAN_POINT('',(-10.0014632331833,-8.28570545912581,-6.));
#3879=CARTESIAN_POINT('Ctrl Pts',(-10.0014632331753,-8.28570545910468,-6.));
#3880=CARTESIAN_POINT('Ctrl Pts',(-9.96517540352853,-8.1892261091903,-6.));
#3881=CARTESIAN_POINT('Ctrl Pts',(-9.92654159649087,-8.09362264412681,-6.));
#3882=CARTESIAN_POINT('Ctrl Pts',(-9.88543904687957,-7.99908864891474,-6.));
#3883=CARTESIAN_POINT('Ctrl Pts',(-9.83541420918247,-7.88403379679329,-6.));
#3884=CARTESIAN_POINT('Ctrl Pts',(-9.78173250033174,-7.77056311691042,-6.));
#3885=CARTESIAN_POINT('Ctrl Pts',(-9.72394277990683,-7.65919409400912,-6.));
#3886=CARTESIAN_POINT('Ctrl Pts',(-9.66615750337682,-7.54783363512628,-6.));
#3887=CARTESIAN_POINT('Ctrl Pts',(-9.60426484704138,-7.43857451001238,-6.));
#3888=CARTESIAN_POINT('Ctrl Pts',(-9.5376902483694,-7.33224215690656,-6.));
#3889=CARTESIAN_POINT('Ctrl Pts',(-9.50439707263073,-7.27906659461588,-6.));
#3890=CARTESIAN_POINT('Ctrl Pts',(-9.46993299800603,-7.22662298369015,-6.));
#3891=CARTESIAN_POINT('Ctrl Pts',(-9.43407975903385,-7.1751617350961,-6.));
#3892=CARTESIAN_POINT('Ctrl Pts',(-9.39822784222704,-7.12370238424637,-6.));
#3893=CARTESIAN_POINT('Ctrl Pts',(-9.3609868635277,-7.07322532327621,-6.));
#3894=CARTESIAN_POINT('Ctrl Pts',(-9.32246155242151,-7.02367524453621,-6.));
#3895=CARTESIAN_POINT('Ctrl Pts',(-9.28393943803067,-6.97412927731389,-6.));
#3896=CARTESIAN_POINT('Ctrl Pts',(-9.24413320436426,-6.92551013849167,-6.));
#3897=CARTESIAN_POINT('Ctrl Pts',(-9.20147841837227,-6.87957810198695,-6.));
#3898=CARTESIAN_POINT('Ctrl Pts',(-9.15884173132813,-6.83366555500759,-6.));
#3899=CARTESIAN_POINT('Ctrl Pts',(-9.11335890879679,-6.7904378304887,-6.));
#3900=CARTESIAN_POINT('Ctrl Pts',(-9.06787608626546,-6.74721010596981,-6.));
#3901=CARTESIAN_POINT('',(-10.3258771252999,-9.43578212400394,-5.));
#3902=CARTESIAN_POINT('Ctrl Pts',(-10.3258771252999,-9.43578212400394,-5.));
#3903=CARTESIAN_POINT('Ctrl Pts',(-10.2804711663645,-9.22211087473094,-5.17765602549047));
#3904=CARTESIAN_POINT('Ctrl Pts',(-10.2395147090932,-9.02601034031239,-5.33889277794454));
#3905=CARTESIAN_POINT('Ctrl Pts',(-10.1097925940202,-8.59141688049039,-5.72079357534304));
#3906=CARTESIAN_POINT('Ctrl Pts',(-10.0583935319153,-8.4370674519929,-5.85959659630934));
#3907=CARTESIAN_POINT('Ctrl Pts',(-10.0014632331833,-8.28570545912581,-6.));
#3908=CARTESIAN_POINT('',(-10.3258771252999,-9.43578212400394,-1.));
#3909=CARTESIAN_POINT('',(-10.3258771252999,-9.43578212400394,0.));
#3910=CARTESIAN_POINT('Ctrl Pts',(-10.0014632331833,-8.28570545912581,0.));
#3911=CARTESIAN_POINT('Ctrl Pts',(-10.0093004597376,-8.30654248714481,-0.0193284298207819));
#3912=CARTESIAN_POINT('Ctrl Pts',(-10.01707472037,-8.32754432247768,-0.0387249273322634));
#3913=CARTESIAN_POINT('Ctrl Pts',(-10.0247698042164,-8.34867192115224,-0.0581559385503344));
#3914=CARTESIAN_POINT('Ctrl Pts',(-10.0428657325696,-8.39835604669559,-0.103850331730728));
#3915=CARTESIAN_POINT('Ctrl Pts',(-10.0605203649389,-8.44873688255363,-0.149735590055997));
#3916=CARTESIAN_POINT('Ctrl Pts',(-10.0775805421246,-8.4992942911792,-0.195375351821269));
#3917=CARTESIAN_POINT('Ctrl Pts',(-10.095589032393,-8.5526620019195,-0.243552061632164));
#3918=CARTESIAN_POINT('Ctrl Pts',(-10.1129352917968,-8.60622621870582,-0.291455223818876));
#3919=CARTESIAN_POINT('Ctrl Pts',(-10.1294946002893,-8.65935641971457,-0.338571589591381));
#3920=CARTESIAN_POINT('Ctrl Pts',(-10.1343221780244,-8.67484560367214,-0.352307544716836));
#3921=CARTESIAN_POINT('Ctrl Pts',(-10.1390832031619,-8.69029779892331,-0.365976629040667));
#3922=CARTESIAN_POINT('Ctrl Pts',(-10.1437753574131,-8.70569715961919,-0.379566125431133));
#3923=CARTESIAN_POINT('Ctrl Pts',(-10.1590021355539,-8.75567050582081,-0.423666177455225));
#3924=CARTESIAN_POINT('Ctrl Pts',(-10.173499450964,-8.80508835964872,-0.466928085352683));
#3925=CARTESIAN_POINT('Ctrl Pts',(-10.1871214736661,-8.8534250584795,-0.508917242452894));
#3926=CARTESIAN_POINT('Ctrl Pts',(-10.1998620781861,-8.89863411274915,-0.548189475104245));
#3927=CARTESIAN_POINT('Ctrl Pts',(-10.211447342422,-8.94148410353047,-0.585094101336696));
#3928=CARTESIAN_POINT('Ctrl Pts',(-10.2221625178917,-8.98265987327363,-0.620301875386041));
#3929=CARTESIAN_POINT('Ctrl Pts',(-10.2298072462867,-9.01203667415102,-0.645420817279173));
#3930=CARTESIAN_POINT('Ctrl Pts',(-10.2370081331448,-9.04056171479573,-0.669676045971599));
#3931=CARTESIAN_POINT('Ctrl Pts',(-10.2438534260037,-9.06848909039143,-0.693311147137297));
#3932=CARTESIAN_POINT('Ctrl Pts',(-10.2523000273124,-9.10294947245536,-0.722475169853941));
#3933=CARTESIAN_POINT('Ctrl Pts',(-10.2602080718662,-9.13649930066421,-0.750694999227501));
#3934=CARTESIAN_POINT('Ctrl Pts',(-10.26780709913,-9.16960639304792,-0.778428272784239));
#3935=CARTESIAN_POINT('Ctrl Pts',(-10.2775237107254,-9.21193927942659,-0.813889844123075));
#3936=CARTESIAN_POINT('Ctrl Pts',(-10.2867341874814,-9.25354851263486,-0.848555904168532));
#3937=CARTESIAN_POINT('Ctrl Pts',(-10.2958320613504,-9.29543264111922,-0.883383188995999));
#3938=CARTESIAN_POINT('Ctrl Pts',(-10.3058253771903,-9.34143914007134,-0.921638287070169));
#3939=CARTESIAN_POINT('Ctrl Pts',(-10.3156762509199,-9.38777887457267,-0.960087908253442));
#3940=CARTESIAN_POINT('Ctrl Pts',(-10.3258771252999,-9.43578212400394,-1.));
#3941=CARTESIAN_POINT('Ctrl Pts',(-10.3771933995737,-4.47940599609041,0.));
#3942=CARTESIAN_POINT('Ctrl Pts',(-10.3771933995737,-4.47940599609041,-10.));
#3943=CARTESIAN_POINT('Ctrl Pts',(-10.2874213807378,-4.42902296821036,0.));
#3944=CARTESIAN_POINT('Ctrl Pts',(-10.2874213807378,-4.42902296821036,-10.));
#3945=CARTESIAN_POINT('Ctrl Pts',(-10.1527500920952,-4.35344098422124,0.));
#3946=CARTESIAN_POINT('Ctrl Pts',(-10.1527500920952,-4.35344098422124,-10.));
#3947=CARTESIAN_POINT('Ctrl Pts',(-9.96410590601625,-4.27067823280066,0.));
#3948=CARTESIAN_POINT('Ctrl Pts',(-9.96410590601625,-4.27067823280066,-10.));
#3949=CARTESIAN_POINT('Ctrl Pts',(-9.81860457159133,-4.21903477181108,0.));
#3950=CARTESIAN_POINT('Ctrl Pts',(-9.81860457159133,-4.21903477181108,-10.));
#3951=CARTESIAN_POINT('Ctrl Pts',(-9.6708831642851,-4.17375232656763,0.));
#3952=CARTESIAN_POINT('Ctrl Pts',(-9.6708831642851,-4.17375232656763,-10.));
#3953=CARTESIAN_POINT('Ctrl Pts',(-9.51934613633682,-4.14357400994291,0.));
#3954=CARTESIAN_POINT('Ctrl Pts',(-9.51934613633682,-4.14357400994291,-10.));
#3955=CARTESIAN_POINT('Ctrl Pts',(-9.36626108091806,-4.12261177687338,0.));
#3956=CARTESIAN_POINT('Ctrl Pts',(-9.36626108091806,-4.12261177687338,-10.));
#3957=CARTESIAN_POINT('Ctrl Pts',(-9.21165284518166,-4.11889442494716,0.));
#3958=CARTESIAN_POINT('Ctrl Pts',(-9.21165284518166,-4.11889442494716,-10.));
#3959=CARTESIAN_POINT('Ctrl Pts',(-9.05752799624283,-4.13123963487563,0.));
#3960=CARTESIAN_POINT('Ctrl Pts',(-9.05752799624283,-4.13123963487563,-10.));
#3961=CARTESIAN_POINT('Ctrl Pts',(-8.9060064342641,-4.16240232709646,0.));
#3962=CARTESIAN_POINT('Ctrl Pts',(-8.9060064342641,-4.16240232709646,-10.));
#3963=CARTESIAN_POINT('Ctrl Pts',(-8.75984374676602,-4.21323315871155,0.));
#3964=CARTESIAN_POINT('Ctrl Pts',(-8.75984374676602,-4.21323315871155,-10.));
#3965=CARTESIAN_POINT('Ctrl Pts',(-8.62280911872231,-4.28525871732817,0.));
#3966=CARTESIAN_POINT('Ctrl Pts',(-8.62280911872231,-4.28525871732817,-10.));
#3967=CARTESIAN_POINT('Ctrl Pts',(-8.49819779185192,-4.37698231986311,0.));
#3968=CARTESIAN_POINT('Ctrl Pts',(-8.49819779185192,-4.37698231986311,-10.));
#3969=CARTESIAN_POINT('Ctrl Pts',(-8.38920760720392,-4.48713329751926,0.));
#3970=CARTESIAN_POINT('Ctrl Pts',(-8.38920760720392,-4.48713329751926,-10.));
#3971=CARTESIAN_POINT('Ctrl Pts',(-8.30182347413658,-4.61494084352023,0.));
#3972=CARTESIAN_POINT('Ctrl Pts',(-8.30182347413658,-4.61494084352023,-10.));
#3973=CARTESIAN_POINT('Ctrl Pts',(-8.22851501761537,-4.75073536045112,0.));
#3974=CARTESIAN_POINT('Ctrl Pts',(-8.22851501761537,-4.75073536045112,-10.));
#3975=CARTESIAN_POINT('Ctrl Pts',(-8.14756774451918,-4.88211960457615,0.));
#3976=CARTESIAN_POINT('Ctrl Pts',(-8.14756774451918,-4.88211960457615,-10.));
#3977=CARTESIAN_POINT('Ctrl Pts',(-8.08057522942067,-5.02170025670064,0.));
#3978=CARTESIAN_POINT('Ctrl Pts',(-8.08057522942067,-5.02170025670064,-10.));
#3979=CARTESIAN_POINT('Ctrl Pts',(-8.03967677684274,-5.17116401419704,0.));
#3980=CARTESIAN_POINT('Ctrl Pts',(-8.03967677684274,-5.17116401419704,-10.));
#3981=CARTESIAN_POINT('Ctrl Pts',(-8.02254747035608,-5.32494239013356,0.));
#3982=CARTESIAN_POINT('Ctrl Pts',(-8.02254747035608,-5.32494239013356,-10.));
#3983=CARTESIAN_POINT('Ctrl Pts',(-8.02868882089416,-5.47963063852586,0.));
#3984=CARTESIAN_POINT('Ctrl Pts',(-8.02868882089416,-5.47963063852586,-10.));
#3985=CARTESIAN_POINT('Ctrl Pts',(-8.05774937316904,-5.63162665479215,0.));
#3986=CARTESIAN_POINT('Ctrl Pts',(-8.05774937316904,-5.63162665479215,-10.));
#3987=CARTESIAN_POINT('Ctrl Pts',(-8.10652247104485,-5.77842952279726,0.));
#3988=CARTESIAN_POINT('Ctrl Pts',(-8.10652247104485,-5.77842952279726,-10.));
#3989=CARTESIAN_POINT('Ctrl Pts',(-8.17289363010117,-5.91807816229695,0.));
#3990=CARTESIAN_POINT('Ctrl Pts',(-8.17289363010117,-5.91807816229695,-10.));
#3991=CARTESIAN_POINT('Ctrl Pts',(-8.25341706917226,-6.05011414611586,0.));
#3992=CARTESIAN_POINT('Ctrl Pts',(-8.25341706917226,-6.05011414611586,-10.));
#3993=CARTESIAN_POINT('Ctrl Pts',(-8.34811342323992,-6.17220857651348,0.));
#3994=CARTESIAN_POINT('Ctrl Pts',(-8.34811342323992,-6.17220857651348,-10.));
#3995=CARTESIAN_POINT('Ctrl Pts',(-8.45001712605451,-6.28835433401833,0.));
#3996=CARTESIAN_POINT('Ctrl Pts',(-8.45001712605451,-6.28835433401833,-10.));
#3997=CARTESIAN_POINT('Ctrl Pts',(-8.56309357763395,-6.39364360280659,0.));
#3998=CARTESIAN_POINT('Ctrl Pts',(-8.56309357763395,-6.39364360280659,-10.));
#3999=CARTESIAN_POINT('Ctrl Pts',(-8.68056879400272,-6.49382972420831,0.));
#4000=CARTESIAN_POINT('Ctrl Pts',(-8.68056879400272,-6.49382972420831,-10.));
#4001=CARTESIAN_POINT('Ctrl Pts',(-8.84656553225951,-6.61581900591863,0.));
#4002=CARTESIAN_POINT('Ctrl Pts',(-8.84656553225951,-6.61581900591863,-10.));
#4003=CARTESIAN_POINT('Ctrl Pts',(-8.97935709478383,-6.69465677104897,0.));
#4004=CARTESIAN_POINT('Ctrl Pts',(-8.97935709478383,-6.69465677104897,-10.));
#4005=CARTESIAN_POINT('Ctrl Pts',(-9.06787608626546,-6.74721010596981,0.));
#4006=CARTESIAN_POINT('Ctrl Pts',(-9.06787608626546,-6.74721010596981,-10.));
#4007=CARTESIAN_POINT('',(-10.3771933995737,-4.47940599609041,-6.));
#4008=CARTESIAN_POINT('',(-10.3771933995737,-4.47940599609041,0.));
#4009=CARTESIAN_POINT('Ctrl Pts',(-9.06787608626546,-6.74721010596981,-6.));
#4010=CARTESIAN_POINT('Ctrl Pts',(-8.97935709478383,-6.69465677104897,-6.));
#4011=CARTESIAN_POINT('Ctrl Pts',(-8.89083810330219,-6.64210343612812,-6.));
#4012=CARTESIAN_POINT('Ctrl Pts',(-8.80600635561797,-6.58392840283445,-6.));
#4013=CARTESIAN_POINT('Ctrl Pts',(-8.7635779511235,-6.55483229304722,-6.));
#4014=CARTESIAN_POINT('Ctrl Pts',(-8.72207190230835,-6.52432992815279,-6.));
#4015=CARTESIAN_POINT('Ctrl Pts',(-8.68173943468763,-6.4923807670104,-6.));
#4016=CARTESIAN_POINT('Ctrl Pts',(-8.64140982443368,-6.46043386931671,-6.));
#4017=CARTESIAN_POINT('Ctrl Pts',(-8.60225362909456,-6.42704038036531,-6.));
#4018=CARTESIAN_POINT('Ctrl Pts',(-8.56382975669624,-6.39279577974801,-6.));
#4019=CARTESIAN_POINT('Ctrl Pts',(-8.52540210029596,-6.35854780670551,-6.));
#4020=CARTESIAN_POINT('Ctrl Pts',(-8.48770691108264,-6.32344855435306,-6.));
#4021=CARTESIAN_POINT('Ctrl Pts',(-8.45187387688654,-6.28653932280211,-6.));
#4022=CARTESIAN_POINT('Ctrl Pts',(-8.41604597990707,-6.24963538275724,-6.));
#4023=CARTESIAN_POINT('Ctrl Pts',(-8.38207970404597,-6.21092198245339,-6.));
#4024=CARTESIAN_POINT('Ctrl Pts',(-8.34931435452068,-6.17121687357404,-6.));
#4025=CARTESIAN_POINT('Ctrl Pts',(-8.31654900022528,-6.13151175891427,-6.));
#4026=CARTESIAN_POINT('Ctrl Pts',(-8.28498457261537,-6.09081493539026,-6.));
#4027=CARTESIAN_POINT('Ctrl Pts',(-8.25578121956739,-6.04845986756361,-6.));
#4028=CARTESIAN_POINT('Ctrl Pts',(-8.22657502076393,-6.00610067239699,-6.));
#4029=CARTESIAN_POINT('Ctrl Pts',(-8.19973035670027,-5.96208290973282,-6.));
#4030=CARTESIAN_POINT('Ctrl Pts',(-8.17524376328604,-5.9167932806299,-6.));
#4031=CARTESIAN_POINT('Ctrl Pts',(-8.15076441009903,-5.87151704282237,-6.));
#4032=CARTESIAN_POINT('Ctrl Pts',(-8.12864173329295,-5.82496969059909,-6.));
#4033=CARTESIAN_POINT('Ctrl Pts',(-8.1094502796767,-5.77722428723396,-6.));
#4034=CARTESIAN_POINT('Ctrl Pts',(-8.09026178819438,-5.72948625320529,-6.));
#4035=CARTESIAN_POINT('Ctrl Pts',(-8.07400361512358,-5.68055053783626,-6.));
#4036=CARTESIAN_POINT('Ctrl Pts',(-8.06103038633388,-5.63074407885431,-6.));
#4037=CARTESIAN_POINT('Ctrl Pts',(-8.04806029438314,-5.58094966273721,-6.));
#4038=CARTESIAN_POINT('Ctrl Pts',(-8.03837355835095,-5.53028492403611,-6.));
#4039=CARTESIAN_POINT('Ctrl Pts',(-8.03250683241046,-5.4791662573566,-6.));
#4040=CARTESIAN_POINT('Ctrl Pts',(-8.02664131689772,-5.42805813752273,-6.));
#4041=CARTESIAN_POINT('Ctrl Pts',(-8.024594235344,-5.37649627700072,-6.));
#4042=CARTESIAN_POINT('Ctrl Pts',(-8.02642653079134,-5.32507977665864,-6.));
#4043=CARTESIAN_POINT('Ctrl Pts',(-8.02825854288794,-5.27367122749254,-6.));
#4044=CARTESIAN_POINT('Ctrl Pts',(-8.03396873224529,-5.22240799355213,-6.));
#4045=CARTESIAN_POINT('Ctrl Pts',(-8.04364221504954,-5.1718613714058,-6.));
#4046=CARTESIAN_POINT('Ctrl Pts',(-8.05331206447202,-5.12133373468381,-6.));
#4047=CARTESIAN_POINT('Ctrl Pts',(-8.06694223065678,-5.07152217153502,-6.));
#4048=CARTESIAN_POINT('Ctrl Pts',(-8.08491594855403,-5.0233659710011,-6.));
#4049=CARTESIAN_POINT('Ctrl Pts',(-8.10289340169396,-4.97519976279396,-6.));
#4050=CARTESIAN_POINT('Ctrl Pts',(-8.12521621206104,-4.92868960529789,-6.));
#4051=CARTESIAN_POINT('Ctrl Pts',(-8.14985577640423,-4.88355503459779,-6.));
#4052=CARTESIAN_POINT('Ctrl Pts',(-8.17452704373638,-4.83836239059832,-6.));
#4053=CARTESIAN_POINT('Ctrl Pts',(-8.20152103067587,-4.79454887552472,-6.));
#4054=CARTESIAN_POINT('Ctrl Pts',(-8.22724133595217,-4.75,-6.));
#4055=CARTESIAN_POINT('Ctrl Pts',(-8.25296164122845,-4.70545112447529,-6.));
#4056=CARTESIAN_POINT('Ctrl Pts',(-8.27740826484154,-4.66016688849946,-6.));
#4057=CARTESIAN_POINT('Ctrl Pts',(-8.3042106089432,-4.61620462224653,-6.));
#4058=CARTESIAN_POINT('Ctrl Pts',(-8.33097851158679,-4.57229884823709,-6.));
#4059=CARTESIAN_POINT('Ctrl Pts',(-8.36009608432885,-4.5297116486273,-6.));
#4060=CARTESIAN_POINT('Ctrl Pts',(-8.39282051767025,-4.49005961340921,-6.));
#4061=CARTESIAN_POINT('Ctrl Pts',(-8.42553815173373,-4.45041581684277,-6.));
#4062=CARTESIAN_POINT('Ctrl Pts',(-8.46186114773042,-4.41370596509458,-6.));
#4063=CARTESIAN_POINT('Ctrl Pts',(-8.50078444001362,-4.38006781148295,-6.));
#4064=CARTESIAN_POINT('Ctrl Pts',(-8.5397223574657,-4.34641701855823,-6.));
#4065=CARTESIAN_POINT('Ctrl Pts',(-8.58126252565956,-4.31584023254413,-6.));
#4066=CARTESIAN_POINT('Ctrl Pts',(-8.62486762916081,-4.28854938894539,-6.));
#4067=CARTESIAN_POINT('Ctrl Pts',(-8.66847947690707,-4.26125432436971,-6.));
#4068=CARTESIAN_POINT('Ctrl Pts',(-8.71415689876238,-4.23724621873785,-6.));
#4069=CARTESIAN_POINT('Ctrl Pts',(-8.76135058663454,-4.21677184426124,-6.));
#4070=CARTESIAN_POINT('Ctrl Pts',(-8.80855401355684,-4.19629324462299,-6.));
#4071=CARTESIAN_POINT('Ctrl Pts',(-8.85727433236418,-4.17934983475608,-6.));
#4072=CARTESIAN_POINT('Ctrl Pts',(-8.90688260766358,-4.16568505581628,-6.));
#4073=CARTESIAN_POINT('Ctrl Pts',(-8.95650288080934,-4.15201697202629,-6.));
#4074=CARTESIAN_POINT('Ctrl Pts',(-9.00701154000669,-4.14162910524022,-6.));
#4075=CARTESIAN_POINT('Ctrl Pts',(-9.0579481359434,-4.13437780930987,-6.));
#4076=CARTESIAN_POINT('Ctrl Pts',(-9.10889259497966,-4.12712539399453,-6.));
#4077=CARTESIAN_POINT('Ctrl Pts',(-9.16026512288697,-4.12301051799667,-6.));
#4078=CARTESIAN_POINT('Ctrl Pts',(-9.21171517160957,-4.12157214082106,-6.));
#4079=CARTESIAN_POINT('Ctrl Pts',(-9.26318043764779,-4.12013333821847,-6.));
#4080=CARTESIAN_POINT('Ctrl Pts',(-9.31472327036456,-4.12137261792158,-6.));
#4081=CARTESIAN_POINT('Ctrl Pts',(-9.36601050886445,-4.12548633045005,-6.));
#4082=CARTESIAN_POINT('Ctrl Pts',(-9.41729275010532,-4.12959964215196,-6.));
#4083=CARTESIAN_POINT('Ctrl Pts',(-9.46831944693541,-4.13658682655605,-6.));
#4084=CARTESIAN_POINT('Ctrl Pts',(-9.51908776203864,-4.14510989840997,-6.));
#4085=CARTESIAN_POINT('Ctrl Pts',(-9.56985606975082,-4.15363296902307,-6.));
#4086=CARTESIAN_POINT('Ctrl Pts',(-9.62036599581139,-4.16369192663881,-6.));
#4087=CARTESIAN_POINT('Ctrl Pts',(-9.67023969387972,-4.17626782556477,-6.));
#4088=CARTESIAN_POINT('Ctrl Pts',(-9.72012054313505,-4.1888455276978,-6.));
#4089=CARTESIAN_POINT('Ctrl Pts',(-9.76936498193277,-4.20394089298077,-6.));
#4090=CARTESIAN_POINT('Ctrl Pts',(-9.81823842481584,-4.22009623311006,-6.));
#4091=CARTESIAN_POINT('Ctrl Pts',(-9.86710705509203,-4.23624998241012,-6.));
#4092=CARTESIAN_POINT('Ctrl Pts',(-9.91560476251451,-4.25346349781364,-6.));
#4093=CARTESIAN_POINT('Ctrl Pts',(-9.96343639261632,-4.27241651597145,-6.));
#4094=CARTESIAN_POINT('Ctrl Pts',(-10.0112714116056,-4.29137087695712,-6.));
#4095=CARTESIAN_POINT('Ctrl Pts',(-10.0584402588873,-4.31206498719454,-6.));
#4096=CARTESIAN_POINT('Ctrl Pts',(-10.1048524313615,-4.33426100843518,-6.));
#4097=CARTESIAN_POINT('Ctrl Pts',(-10.197649361902,-4.37863994033031,-6.));
#4098=CARTESIAN_POINT('Ctrl Pts',(-10.2874213807378,-4.42902296821036,-6.));
#4099=CARTESIAN_POINT('Ctrl Pts',(-10.3771933995737,-4.47940599609041,-6.));
#4100=CARTESIAN_POINT('Origin',(0.,0.,0.));
#4101=CARTESIAN_POINT('',(-10.,-1.22464679914735E-15,8.));
#4102=CARTESIAN_POINT('Origin',(0.,0.,8.));
#4103=CARTESIAN_POINT('',(-10.,-1.22464679914735E-15,0.));
#4104=CARTESIAN_POINT('',(-4.1282479247514,-9.10810458173301,0.));
#4105=CARTESIAN_POINT('Origin',(0.,0.,0.));
#4106=CARTESIAN_POINT('',(-0.9788847149114,-9.95197391048192,0.));
#4107=CARTESIAN_POINT('Origin',(0.,0.,0.));
#4108=CARTESIAN_POINT('',(0.978884714911397,-9.95197391048192,0.));
#4109=CARTESIAN_POINT('Origin',(0.,0.,0.));
#4110=CARTESIAN_POINT('',(4.1282479247514,-9.108104581733,0.));
#4111=CARTESIAN_POINT('Origin',(0.,0.,0.));
#4112=CARTESIAN_POINT('',(5.82372598573052,-8.12921986682161,0.));
#4113=CARTESIAN_POINT('Origin',(0.,0.,0.));
#4114=CARTESIAN_POINT('Origin',(0.,0.,0.));
#4115=CARTESIAN_POINT('',(5.82372598573052,8.12921986682161,0.));
#4116=CARTESIAN_POINT('Origin',(0.,0.,0.));
#4117=CARTESIAN_POINT('',(4.1282479247514,9.108104581733,0.));
#4118=CARTESIAN_POINT('Origin',(0.,0.,0.));
#4119=CARTESIAN_POINT('',(0.9788847149114,9.95197391048192,0.));
#4120=CARTESIAN_POINT('Origin',(0.,0.,0.));
#4121=CARTESIAN_POINT('',(-0.978884714911397,9.95197391048192,0.));
#4122=CARTESIAN_POINT('Origin',(0.,0.,0.));
#4123=CARTESIAN_POINT('',(-4.12824792475141,9.108104581733,0.));
#4124=CARTESIAN_POINT('Origin',(0.,0.,0.));
#4125=CARTESIAN_POINT('Origin',(0.,0.,0.));
#4126=CARTESIAN_POINT('Origin',(-8.32667268468867E-16,11.7424154586382,
0.));
#4127=CARTESIAN_POINT('',(10.0014632331833,8.28570545912581,2.77555756156289E-16));
#4128=CARTESIAN_POINT('Ctrl Pts',(9.51171788570527,7.29128784747792,0.));
#4129=CARTESIAN_POINT('Ctrl Pts',(9.52045556631126,7.30488783315142,0.));
#4130=CARTESIAN_POINT('Ctrl Pts',(9.59628966646681,7.42449592131068,0.));
#4131=CARTESIAN_POINT('Ctrl Pts',(9.72805491947939,7.65710116265853,0.));
#4132=CARTESIAN_POINT('Ctrl Pts',(9.87952140078952,7.97726616823832,0.));
#4133=CARTESIAN_POINT('Ctrl Pts',(9.96517540353417,8.18922610920426,2.77555756156289E-16));
#4134=CARTESIAN_POINT('Ctrl Pts',(10.0014632331833,8.28570545912581,2.77555756156289E-16));
#4135=CARTESIAN_POINT('',(8.28570545912581,10.0014632331833,-6.93889390390723E-17));
#4136=CARTESIAN_POINT('Origin',(0.,0.,0.));
#4137=CARTESIAN_POINT('',(6.7472101059698,9.06787608626546,0.));
#4138=CARTESIAN_POINT('Ctrl Pts',(8.28570545912581,10.0014632331833,-6.93889390390723E-17));
#4139=CARTESIAN_POINT('Ctrl Pts',(8.18922610920426,9.96517540353416,-6.93889390390723E-17));
#4140=CARTESIAN_POINT('Ctrl Pts',(7.97726616823831,9.87952140078951,0.));
#4141=CARTESIAN_POINT('Ctrl Pts',(7.65710116265852,9.7280549194794,0.));
#4142=CARTESIAN_POINT('Ctrl Pts',(7.38393530337752,9.57331305573635,0.));
#4143=CARTESIAN_POINT('Ctrl Pts',(7.17418130673546,9.43547019431829,0.));
#4144=CARTESIAN_POINT('Ctrl Pts',(7.02275245074195,9.32374897497365,0.));
#4145=CARTESIAN_POINT('Ctrl Pts',(6.8769116293652,9.20434386097008,0.));
#4146=CARTESIAN_POINT('Ctrl Pts',(6.79043783048869,9.1133589087968,0.));
#4147=CARTESIAN_POINT('Ctrl Pts',(6.7472101059698,9.06787608626546,0.));
#4148=CARTESIAN_POINT('Ctrl Pts',(6.7472101059698,9.06787608626546,0.));
#4149=CARTESIAN_POINT('Ctrl Pts',(6.69465677104896,8.97935709478384,0.));
#4150=CARTESIAN_POINT('Ctrl Pts',(6.61581900591863,8.84656553225952,0.));
#4151=CARTESIAN_POINT('Ctrl Pts',(6.49382972420831,8.68056879400273,0.));
#4152=CARTESIAN_POINT('Ctrl Pts',(6.39364360280658,8.56309357763395,0.));
#4153=CARTESIAN_POINT('Ctrl Pts',(6.28835433401832,8.45001712605452,0.));
#4154=CARTESIAN_POINT('Ctrl Pts',(6.17220857651348,8.34811342323992,0.));
#4155=CARTESIAN_POINT('Ctrl Pts',(6.05011414611585,8.25341706917228,0.));
#4156=CARTESIAN_POINT('Ctrl Pts',(5.93248343827545,8.18167882887052,0.));
#4157=CARTESIAN_POINT('Ctrl Pts',(5.85530870691497,8.14337832153093,0.));
#4158=CARTESIAN_POINT('Ctrl Pts',(5.82372598573052,8.12921986682161,0.));
#4159=CARTESIAN_POINT('Ctrl Pts',(9.06787608626546,6.74721010596981,0.));
#4160=CARTESIAN_POINT('Ctrl Pts',(9.06787608626546,6.74721010596981,-10.));
#4161=CARTESIAN_POINT('Ctrl Pts',(9.1133589087968,6.79043783048869,0.));
#4162=CARTESIAN_POINT('Ctrl Pts',(9.1133589087968,6.79043783048869,-10.));
#4163=CARTESIAN_POINT('Ctrl Pts',(9.20434386097008,6.87691162936521,0.));
#4164=CARTESIAN_POINT('Ctrl Pts',(9.20434386097008,6.87691162936521,-10.));
#4165=CARTESIAN_POINT('Ctrl Pts',(9.32374897497366,7.02275245074195,0.));
#4166=CARTESIAN_POINT('Ctrl Pts',(9.32374897497366,7.02275245074195,-10.));
#4167=CARTESIAN_POINT('Ctrl Pts',(9.43547019431829,7.17418130673547,0.));
#4168=CARTESIAN_POINT('Ctrl Pts',(9.43547019431829,7.17418130673547,-10.));
#4169=CARTESIAN_POINT('Ctrl Pts',(9.57331305573638,7.38393530337752,0.));
#4170=CARTESIAN_POINT('Ctrl Pts',(9.57331305573638,7.38393530337752,-10.));
#4171=CARTESIAN_POINT('Ctrl Pts',(9.72805491947939,7.65710116265853,0.));
#4172=CARTESIAN_POINT('Ctrl Pts',(9.72805491947939,7.65710116265853,-10.));
#4173=CARTESIAN_POINT('Ctrl Pts',(9.88909822498233,7.99750935303147,0.));
#4174=CARTESIAN_POINT('Ctrl Pts',(9.88909822498233,7.99750935303147,-10.));
#4175=CARTESIAN_POINT('Ctrl Pts',(10.028206918369,8.34743987509278,0.));
#4176=CARTESIAN_POINT('Ctrl Pts',(10.028206918369,8.34743987509278,-10.));
#4177=CARTESIAN_POINT('Ctrl Pts',(10.1467038095209,8.7047922550616,0.));
#4178=CARTESIAN_POINT('Ctrl Pts',(10.1467038095209,8.7047922550616,-10.));
#4179=CARTESIAN_POINT('Ctrl Pts',(10.2476347468146,9.06758933281516,0.));
#4180=CARTESIAN_POINT('Ctrl Pts',(10.2476347468146,9.06758933281516,-10.));
#4181=CARTESIAN_POINT('Ctrl Pts',(10.2997963798904,9.31305141675132,0.));
#4182=CARTESIAN_POINT('Ctrl Pts',(10.2997963798904,9.31305141675132,-10.));
#4183=CARTESIAN_POINT('Ctrl Pts',(10.3258771252999,9.43578212400393,0.));
#4184=CARTESIAN_POINT('Ctrl Pts',(10.3258771252999,9.43578212400393,-10.));
#4185=CARTESIAN_POINT('',(9.06787608626546,6.74721010596981,-6.));
#4186=CARTESIAN_POINT('',(9.06787608626546,6.74721010596981,0.));
#4187=CARTESIAN_POINT('',(10.0014632331833,8.28570545912581,-6.));
#4188=CARTESIAN_POINT('Ctrl Pts',(10.0014632331753,8.28570545910468,-6.));
#4189=CARTESIAN_POINT('Ctrl Pts',(9.96517540352853,8.1892261091903,-6.));
#4190=CARTESIAN_POINT('Ctrl Pts',(9.92654159649087,8.0936226441268,-6.));
#4191=CARTESIAN_POINT('Ctrl Pts',(9.88543904687957,7.99908864891473,-6.));
#4192=CARTESIAN_POINT('Ctrl Pts',(9.83541420918247,7.88403379679328,-6.));
#4193=CARTESIAN_POINT('Ctrl Pts',(9.78173250033174,7.77056311691041,-6.));
#4194=CARTESIAN_POINT('Ctrl Pts',(9.72394277990683,7.65919409400911,-6.));
#4195=CARTESIAN_POINT('Ctrl Pts',(9.66615750337682,7.54783363512628,-6.));
#4196=CARTESIAN_POINT('Ctrl Pts',(9.60426484704138,7.43857451001238,-6.));
#4197=CARTESIAN_POINT('Ctrl Pts',(9.5376902483694,7.33224215690656,-6.));
#4198=CARTESIAN_POINT('Ctrl Pts',(9.50439707263073,7.27906659461587,-6.));
#4199=CARTESIAN_POINT('Ctrl Pts',(9.46993299800603,7.22662298369014,-6.));
#4200=CARTESIAN_POINT('Ctrl Pts',(9.43407975903385,7.17516173509609,-6.));
#4201=CARTESIAN_POINT('Ctrl Pts',(9.39822784222704,7.12370238424637,-6.));
#4202=CARTESIAN_POINT('Ctrl Pts',(9.36098686352771,7.07322532327621,-6.));
#4203=CARTESIAN_POINT('Ctrl Pts',(9.32246155242151,7.02367524453621,-6.));
#4204=CARTESIAN_POINT('Ctrl Pts',(9.28393943803067,6.97412927731389,-6.));
#4205=CARTESIAN_POINT('Ctrl Pts',(9.24413320436426,6.92551013849167,-6.));
#4206=CARTESIAN_POINT('Ctrl Pts',(9.20147841837227,6.87957810198695,-6.));
#4207=CARTESIAN_POINT('Ctrl Pts',(9.15884173132813,6.83366555500758,-6.));
#4208=CARTESIAN_POINT('Ctrl Pts',(9.1133589087968,6.79043783048869,-6.));
#4209=CARTESIAN_POINT('Ctrl Pts',(9.06787608626546,6.74721010596981,-6.));
#4210=CARTESIAN_POINT('',(10.3258771252999,9.43578212400393,-5.));
#4211=CARTESIAN_POINT('Ctrl Pts',(10.3258771252999,9.43578212400393,-5.));
#4212=CARTESIAN_POINT('Ctrl Pts',(10.2804711663645,9.22211087473124,-5.17765602549021));
#4213=CARTESIAN_POINT('Ctrl Pts',(10.2395147090932,9.02601034031241,-5.33889277794452));
#4214=CARTESIAN_POINT('Ctrl Pts',(10.1097925940203,8.59141688049051,-5.72079357534293));
#4215=CARTESIAN_POINT('Ctrl Pts',(10.0583935319154,8.43706745199299,-5.85959659630926));
#4216=CARTESIAN_POINT('Ctrl Pts',(10.0014632331833,8.28570545912581,-6.));
#4217=CARTESIAN_POINT('',(10.3258771252999,9.43578212400393,-1.));
#4218=CARTESIAN_POINT('',(10.3258771252999,9.43578212400393,0.));
#4219=CARTESIAN_POINT('Ctrl Pts',(10.0014632331833,8.28570545912581,0.));
#4220=CARTESIAN_POINT('Ctrl Pts',(10.0093004597376,8.30654248714481,-0.01932842982078));
#4221=CARTESIAN_POINT('Ctrl Pts',(10.01707472037,8.32754432247767,-0.0387249273322594));
#4222=CARTESIAN_POINT('Ctrl Pts',(10.0247698042164,8.34867192115223,-0.0581559385503287));
#4223=CARTESIAN_POINT('Ctrl Pts',(10.0428657325697,8.39835604669577,-0.103850331730898));
#4224=CARTESIAN_POINT('Ctrl Pts',(10.060520364939,8.44873688255401,-0.149735590056346));
#4225=CARTESIAN_POINT('Ctrl Pts',(10.0775805421248,8.49929429117979,-0.195375351821802));
#4226=CARTESIAN_POINT('Ctrl Pts',(10.0955890323932,8.55266200192027,-0.243552061632855));
#4227=CARTESIAN_POINT('Ctrl Pts',(10.1129352917971,8.60622621870677,-0.29145522381973));
#4228=CARTESIAN_POINT('Ctrl Pts',(10.1294946002897,8.65935641971572,-0.338571589592409));
#4229=CARTESIAN_POINT('Ctrl Pts',(10.1343221780247,8.6748456036729,-0.352307544717515));
#4230=CARTESIAN_POINT('Ctrl Pts',(10.139083203162,8.69029779892368,-0.365976629041002));
#4231=CARTESIAN_POINT('Ctrl Pts',(10.1437753574131,8.70569715961918,-0.379566125431129));
#4232=CARTESIAN_POINT('Ctrl Pts',(10.1590021355539,8.75567050582077,-0.423666177455197));
#4233=CARTESIAN_POINT('Ctrl Pts',(10.173499450964,8.80508835964869,-0.466928085352653));
#4234=CARTESIAN_POINT('Ctrl Pts',(10.1871214736661,8.85342505847949,-0.508917242452893));
#4235=CARTESIAN_POINT('Ctrl Pts',(10.1998620781861,8.89863411274914,-0.548189475104237));
#4236=CARTESIAN_POINT('Ctrl Pts',(10.211447342422,8.94148410353044,-0.585094101336677));
#4237=CARTESIAN_POINT('Ctrl Pts',(10.2221625178917,8.98265987327359,-0.620301875386009));
#4238=CARTESIAN_POINT('Ctrl Pts',(10.2298072462867,9.01203667415099,-0.645420817279155));
#4239=CARTESIAN_POINT('Ctrl Pts',(10.2370081331448,9.04056171479571,-0.669676045971591));
#4240=CARTESIAN_POINT('Ctrl Pts',(10.2438534260037,9.06848909039143,-0.693311147137297));
#4241=CARTESIAN_POINT('Ctrl Pts',(10.2523000273124,9.10294947245535,-0.722475169853934));
#4242=CARTESIAN_POINT('Ctrl Pts',(10.2602080718662,9.13649930066419,-0.750694999227485));
#4243=CARTESIAN_POINT('Ctrl Pts',(10.26780709913,9.16960639304788,-0.778428272784213));
#4244=CARTESIAN_POINT('Ctrl Pts',(10.2775237107254,9.21193927942649,-0.813889844122995));
#4245=CARTESIAN_POINT('Ctrl Pts',(10.2867341874814,9.2535485126347,-0.848555904168397));
#4246=CARTESIAN_POINT('Ctrl Pts',(10.2958320613504,9.29543264111898,-0.883383188995806));
#4247=CARTESIAN_POINT('Ctrl Pts',(10.3058253771903,9.34143914007118,-0.921638287070038));
#4248=CARTESIAN_POINT('Ctrl Pts',(10.3156762509199,9.38777887457258,-0.960087908253371));
#4249=CARTESIAN_POINT('Ctrl Pts',(10.3258771252999,9.43578212400393,-1.));
#4250=CARTESIAN_POINT('Ctrl Pts',(10.3771933995737,4.4794059960904,0.));
#4251=CARTESIAN_POINT('Ctrl Pts',(10.3771933995737,4.4794059960904,-10.));
#4252=CARTESIAN_POINT('Ctrl Pts',(10.2874213807378,4.42902296821036,0.));
#4253=CARTESIAN_POINT('Ctrl Pts',(10.2874213807378,4.42902296821036,-10.));
#4254=CARTESIAN_POINT('Ctrl Pts',(10.1527500920952,4.35344098422123,0.));
#4255=CARTESIAN_POINT('Ctrl Pts',(10.1527500920952,4.35344098422123,-10.));
#4256=CARTESIAN_POINT('Ctrl Pts',(9.96410590601625,4.27067823280066,0.));
#4257=CARTESIAN_POINT('Ctrl Pts',(9.96410590601625,4.27067823280066,-10.));
#4258=CARTESIAN_POINT('Ctrl Pts',(9.81860457159133,4.21903477181108,0.));
#4259=CARTESIAN_POINT('Ctrl Pts',(9.81860457159133,4.21903477181108,-10.));
#4260=CARTESIAN_POINT('Ctrl Pts',(9.6708831642851,4.17375232656763,0.));
#4261=CARTESIAN_POINT('Ctrl Pts',(9.6708831642851,4.17375232656763,-10.));
#4262=CARTESIAN_POINT('Ctrl Pts',(9.51934613633682,4.14357400994291,0.));
#4263=CARTESIAN_POINT('Ctrl Pts',(9.51934613633682,4.14357400994291,-10.));
#4264=CARTESIAN_POINT('Ctrl Pts',(9.36626108091806,4.12261177687337,0.));
#4265=CARTESIAN_POINT('Ctrl Pts',(9.36626108091806,4.12261177687337,-10.));
#4266=CARTESIAN_POINT('Ctrl Pts',(9.21165284518166,4.11889442494715,0.));
#4267=CARTESIAN_POINT('Ctrl Pts',(9.21165284518166,4.11889442494715,-10.));
#4268=CARTESIAN_POINT('Ctrl Pts',(9.05752799624284,4.13123963487563,0.));
#4269=CARTESIAN_POINT('Ctrl Pts',(9.05752799624284,4.13123963487563,-10.));
#4270=CARTESIAN_POINT('Ctrl Pts',(8.9060064342641,4.16240232709646,0.));
#4271=CARTESIAN_POINT('Ctrl Pts',(8.9060064342641,4.16240232709646,-10.));
#4272=CARTESIAN_POINT('Ctrl Pts',(8.75984374676602,4.21323315871155,0.));
#4273=CARTESIAN_POINT('Ctrl Pts',(8.75984374676602,4.21323315871155,-10.));
#4274=CARTESIAN_POINT('Ctrl Pts',(8.62280911872231,4.28525871732817,0.));
#4275=CARTESIAN_POINT('Ctrl Pts',(8.62280911872231,4.28525871732817,-10.));
#4276=CARTESIAN_POINT('Ctrl Pts',(8.49819779185192,4.3769823198631,0.));
#4277=CARTESIAN_POINT('Ctrl Pts',(8.49819779185192,4.3769823198631,-10.));
#4278=CARTESIAN_POINT('Ctrl Pts',(8.38920760720392,4.48713329751925,0.));
#4279=CARTESIAN_POINT('Ctrl Pts',(8.38920760720392,4.48713329751925,-10.));
#4280=CARTESIAN_POINT('Ctrl Pts',(8.30182347413658,4.61494084352023,0.));
#4281=CARTESIAN_POINT('Ctrl Pts',(8.30182347413658,4.61494084352023,-10.));
#4282=CARTESIAN_POINT('Ctrl Pts',(8.22851501761537,4.75073536045111,0.));
#4283=CARTESIAN_POINT('Ctrl Pts',(8.22851501761537,4.75073536045111,-10.));
#4284=CARTESIAN_POINT('Ctrl Pts',(8.14756774451919,4.88211960457615,0.));
#4285=CARTESIAN_POINT('Ctrl Pts',(8.14756774451919,4.88211960457615,-10.));
#4286=CARTESIAN_POINT('Ctrl Pts',(8.08057522942068,5.02170025670064,0.));
#4287=CARTESIAN_POINT('Ctrl Pts',(8.08057522942068,5.02170025670064,-10.));
#4288=CARTESIAN_POINT('Ctrl Pts',(8.03967677684274,5.17116401419703,0.));
#4289=CARTESIAN_POINT('Ctrl Pts',(8.03967677684274,5.17116401419703,-10.));
#4290=CARTESIAN_POINT('Ctrl Pts',(8.02254747035608,5.32494239013355,0.));
#4291=CARTESIAN_POINT('Ctrl Pts',(8.02254747035608,5.32494239013355,-10.));
#4292=CARTESIAN_POINT('Ctrl Pts',(8.02868882089417,5.47963063852586,0.));
#4293=CARTESIAN_POINT('Ctrl Pts',(8.02868882089417,5.47963063852586,-10.));
#4294=CARTESIAN_POINT('Ctrl Pts',(8.05774937316904,5.63162665479215,0.));
#4295=CARTESIAN_POINT('Ctrl Pts',(8.05774937316904,5.63162665479215,-10.));
#4296=CARTESIAN_POINT('Ctrl Pts',(8.10652247104486,5.77842952279725,0.));
#4297=CARTESIAN_POINT('Ctrl Pts',(8.10652247104486,5.77842952279725,-10.));
#4298=CARTESIAN_POINT('Ctrl Pts',(8.17289363010117,5.91807816229694,0.));
#4299=CARTESIAN_POINT('Ctrl Pts',(8.17289363010117,5.91807816229694,-10.));
#4300=CARTESIAN_POINT('Ctrl Pts',(8.25341706917227,6.05011414611586,0.));
#4301=CARTESIAN_POINT('Ctrl Pts',(8.25341706917227,6.05011414611586,-10.));
#4302=CARTESIAN_POINT('Ctrl Pts',(8.34811342323992,6.17220857651347,0.));
#4303=CARTESIAN_POINT('Ctrl Pts',(8.34811342323992,6.17220857651347,-10.));
#4304=CARTESIAN_POINT('Ctrl Pts',(8.45001712605452,6.28835433401832,0.));
#4305=CARTESIAN_POINT('Ctrl Pts',(8.45001712605452,6.28835433401832,-10.));
#4306=CARTESIAN_POINT('Ctrl Pts',(8.56309357763395,6.39364360280658,0.));
#4307=CARTESIAN_POINT('Ctrl Pts',(8.56309357763395,6.39364360280658,-10.));
#4308=CARTESIAN_POINT('Ctrl Pts',(8.68056879400272,6.4938297242083,0.));
#4309=CARTESIAN_POINT('Ctrl Pts',(8.68056879400272,6.4938297242083,-10.));
#4310=CARTESIAN_POINT('Ctrl Pts',(8.84656553225951,6.61581900591863,0.));
#4311=CARTESIAN_POINT('Ctrl Pts',(8.84656553225951,6.61581900591863,-10.));
#4312=CARTESIAN_POINT('Ctrl Pts',(8.97935709478383,6.69465677104896,0.));
#4313=CARTESIAN_POINT('Ctrl Pts',(8.97935709478383,6.69465677104896,-10.));
#4314=CARTESIAN_POINT('Ctrl Pts',(9.06787608626546,6.74721010596981,0.));
#4315=CARTESIAN_POINT('Ctrl Pts',(9.06787608626546,6.74721010596981,-10.));
#4316=CARTESIAN_POINT('',(10.3771933995737,4.4794059960904,-6.));
#4317=CARTESIAN_POINT('',(10.3771933995737,4.4794059960904,0.));
#4318=CARTESIAN_POINT('Ctrl Pts',(9.06787608626546,6.74721010596981,-6.));
#4319=CARTESIAN_POINT('Ctrl Pts',(8.97935709478383,6.69465677104896,-6.));
#4320=CARTESIAN_POINT('Ctrl Pts',(8.8908381033022,6.64210343612812,-6.));
#4321=CARTESIAN_POINT('Ctrl Pts',(8.80600635561797,6.58392840283445,-6.));
#4322=CARTESIAN_POINT('Ctrl Pts',(8.76357795112351,6.55483229304721,-6.));
#4323=CARTESIAN_POINT('Ctrl Pts',(8.72207190230836,6.52432992815278,-6.));
#4324=CARTESIAN_POINT('Ctrl Pts',(8.68173943468763,6.4923807670104,-6.));
#4325=CARTESIAN_POINT('Ctrl Pts',(8.64140982443368,6.46043386931671,-6.));
#4326=CARTESIAN_POINT('Ctrl Pts',(8.60225362909456,6.4270403803653,-6.));
#4327=CARTESIAN_POINT('Ctrl Pts',(8.56382975669624,6.39279577974801,-6.));
#4328=CARTESIAN_POINT('Ctrl Pts',(8.52540210029597,6.3585478067055,-6.));
#4329=CARTESIAN_POINT('Ctrl Pts',(8.48770691108264,6.32344855435305,-6.));
#4330=CARTESIAN_POINT('Ctrl Pts',(8.45187387688654,6.28653932280211,-6.));
#4331=CARTESIAN_POINT('Ctrl Pts',(8.41604597990707,6.24963538275724,-6.));
#4332=CARTESIAN_POINT('Ctrl Pts',(8.38207970404597,6.21092198245338,-6.));
#4333=CARTESIAN_POINT('Ctrl Pts',(8.34931435452068,6.17121687357404,-6.));
#4334=CARTESIAN_POINT('Ctrl Pts',(8.31654900022528,6.13151175891427,-6.));
#4335=CARTESIAN_POINT('Ctrl Pts',(8.28498457261537,6.09081493539025,-6.));
#4336=CARTESIAN_POINT('Ctrl Pts',(8.2557812195674,6.04845986756361,-6.));
#4337=CARTESIAN_POINT('Ctrl Pts',(8.22657502076394,6.00610067239699,-6.));
#4338=CARTESIAN_POINT('Ctrl Pts',(8.19973035670027,5.96208290973282,-6.));
#4339=CARTESIAN_POINT('Ctrl Pts',(8.17524376328604,5.91679328062989,-6.));
#4340=CARTESIAN_POINT('Ctrl Pts',(8.15076441009904,5.87151704282237,-6.));
#4341=CARTESIAN_POINT('Ctrl Pts',(8.12864173329295,5.82496969059909,-6.));
#4342=CARTESIAN_POINT('Ctrl Pts',(8.1094502796767,5.77722428723396,-6.));
#4343=CARTESIAN_POINT('Ctrl Pts',(8.09026178819438,5.72948625320528,-6.));
#4344=CARTESIAN_POINT('Ctrl Pts',(8.07400361512358,5.68055053783625,-6.));
#4345=CARTESIAN_POINT('Ctrl Pts',(8.06103038633388,5.63074407885431,-6.));
#4346=CARTESIAN_POINT('Ctrl Pts',(8.04806029438314,5.5809496627372,-6.));
#4347=CARTESIAN_POINT('Ctrl Pts',(8.03837355835095,5.53028492403611,-6.));
#4348=CARTESIAN_POINT('Ctrl Pts',(8.03250683241046,5.47916625735659,-6.));
#4349=CARTESIAN_POINT('Ctrl Pts',(8.02664131689772,5.42805813752273,-6.));
#4350=CARTESIAN_POINT('Ctrl Pts',(8.024594235344,5.37649627700072,-6.));
#4351=CARTESIAN_POINT('Ctrl Pts',(8.02642653079134,5.32507977665864,-6.));
#4352=CARTESIAN_POINT('Ctrl Pts',(8.02825854288794,5.27367122749254,-6.));
#4353=CARTESIAN_POINT('Ctrl Pts',(8.03396873224529,5.22240799355212,-6.));
#4354=CARTESIAN_POINT('Ctrl Pts',(8.04364221504955,5.1718613714058,-6.));
#4355=CARTESIAN_POINT('Ctrl Pts',(8.05331206447203,5.12133373468381,-6.));
#4356=CARTESIAN_POINT('Ctrl Pts',(8.06694223065678,5.07152217153502,-6.));
#4357=CARTESIAN_POINT('Ctrl Pts',(8.08491594855403,5.0233659710011,-6.));
#4358=CARTESIAN_POINT('Ctrl Pts',(8.10289340169396,4.97519976279396,-6.));
#4359=CARTESIAN_POINT('Ctrl Pts',(8.12521621206105,4.92868960529789,-6.));
#4360=CARTESIAN_POINT('Ctrl Pts',(8.14985577640424,4.88355503459779,-6.));
#4361=CARTESIAN_POINT('Ctrl Pts',(8.17452704373638,4.83836239059831,-6.));
#4362=CARTESIAN_POINT('Ctrl Pts',(8.20152103067588,4.79454887552471,-6.));
#4363=CARTESIAN_POINT('Ctrl Pts',(8.22724133595217,4.75,-6.));
#4364=CARTESIAN_POINT('Ctrl Pts',(8.25296164122845,4.70545112447529,-6.));
#4365=CARTESIAN_POINT('Ctrl Pts',(8.27740826484154,4.66016688849946,-6.));
#4366=CARTESIAN_POINT('Ctrl Pts',(8.3042106089432,4.61620462224652,-6.));
#4367=CARTESIAN_POINT('Ctrl Pts',(8.3309785115868,4.57229884823709,-6.));
#4368=CARTESIAN_POINT('Ctrl Pts',(8.36009608432885,4.5297116486273,-6.));
#4369=CARTESIAN_POINT('Ctrl Pts',(8.39282051767025,4.4900596134092,-6.));
#4370=CARTESIAN_POINT('Ctrl Pts',(8.42553815173373,4.45041581684277,-6.));
#4371=CARTESIAN_POINT('Ctrl Pts',(8.46186114773043,4.41370596509458,-6.));
#4372=CARTESIAN_POINT('Ctrl Pts',(8.50078444001362,4.38006781148294,-6.));
#4373=CARTESIAN_POINT('Ctrl Pts',(8.5397223574657,4.34641701855822,-6.));
#4374=CARTESIAN_POINT('Ctrl Pts',(8.58126252565957,4.31584023254413,-6.));
#4375=CARTESIAN_POINT('Ctrl Pts',(8.62486762916081,4.28854938894538,-6.));
#4376=CARTESIAN_POINT('Ctrl Pts',(8.66847947690707,4.2612543243697,-6.));
#4377=CARTESIAN_POINT('Ctrl Pts',(8.71415689876239,4.23724621873784,-6.));
#4378=CARTESIAN_POINT('Ctrl Pts',(8.76135058663454,4.21677184426124,-6.));
#4379=CARTESIAN_POINT('Ctrl Pts',(8.80855401355684,4.19629324462299,-6.));
#4380=CARTESIAN_POINT('Ctrl Pts',(8.85727433236419,4.17934983475607,-6.));
#4381=CARTESIAN_POINT('Ctrl Pts',(8.90688260766358,4.16568505581628,-6.));
#4382=CARTESIAN_POINT('Ctrl Pts',(8.95650288080934,4.15201697202629,-6.));
#4383=CARTESIAN_POINT('Ctrl Pts',(9.00701154000669,4.14162910524021,-6.));
#4384=CARTESIAN_POINT('Ctrl Pts',(9.0579481359434,4.13437780930987,-6.));
#4385=CARTESIAN_POINT('Ctrl Pts',(9.10889259497966,4.12712539399452,-6.));
#4386=CARTESIAN_POINT('Ctrl Pts',(9.16026512288697,4.12301051799666,-6.));
#4387=CARTESIAN_POINT('Ctrl Pts',(9.21171517160957,4.12157214082106,-6.));
#4388=CARTESIAN_POINT('Ctrl Pts',(9.26318043764779,4.12013333821846,-6.));
#4389=CARTESIAN_POINT('Ctrl Pts',(9.31472327036456,4.12137261792158,-6.));
#4390=CARTESIAN_POINT('Ctrl Pts',(9.36601050886445,4.12548633045004,-6.));
#4391=CARTESIAN_POINT('Ctrl Pts',(9.41729275010533,4.12959964215196,-6.));
#4392=CARTESIAN_POINT('Ctrl Pts',(9.46831944693541,4.13658682655604,-6.));
#4393=CARTESIAN_POINT('Ctrl Pts',(9.51908776203864,4.14510989840997,-6.));
#4394=CARTESIAN_POINT('Ctrl Pts',(9.56985606975082,4.15363296902307,-6.));
#4395=CARTESIAN_POINT('Ctrl Pts',(9.62036599581139,4.16369192663881,-6.));
#4396=CARTESIAN_POINT('Ctrl Pts',(9.67023969387972,4.17626782556477,-6.));
#4397=CARTESIAN_POINT('Ctrl Pts',(9.72012054313505,4.18884552769779,-6.));
#4398=CARTESIAN_POINT('Ctrl Pts',(9.76936498193277,4.20394089298076,-6.));
#4399=CARTESIAN_POINT('Ctrl Pts',(9.81823842481585,4.22009623311005,-6.));
#4400=CARTESIAN_POINT('Ctrl Pts',(9.86710705509203,4.23624998241012,-6.));
#4401=CARTESIAN_POINT('Ctrl Pts',(9.91560476251451,4.25346349781364,-6.));
#4402=CARTESIAN_POINT('Ctrl Pts',(9.96343639261632,4.27241651597145,-6.));
#4403=CARTESIAN_POINT('Ctrl Pts',(10.0112714116056,4.29137087695712,-6.));
#4404=CARTESIAN_POINT('Ctrl Pts',(10.0584402588873,4.31206498719454,-6.));
#4405=CARTESIAN_POINT('Ctrl Pts',(10.1048524313615,4.33426100843518,-6.));
#4406=CARTESIAN_POINT('Ctrl Pts',(10.197649361902,4.37863994033031,-6.));
#4407=CARTESIAN_POINT('Ctrl Pts',(10.2874213807378,4.42902296821036,-6.));
#4408=CARTESIAN_POINT('Ctrl Pts',(10.3771933995737,4.4794059960904,-6.));
#4409=CARTESIAN_POINT('Ctrl Pts',(13.3345655866124,4.22458084486439,0.));
#4410=CARTESIAN_POINT('Ctrl Pts',(13.3345655866124,4.22458084486439,-10.));
#4411=CARTESIAN_POINT('Ctrl Pts',(13.2152373036025,4.26335961041639,0.));
#4412=CARTESIAN_POINT('Ctrl Pts',(13.2152373036025,4.26335961041639,-10.));
#4413=CARTESIAN_POINT('Ctrl Pts',(12.97658008671,4.34091735303799,0.));
#4414=CARTESIAN_POINT('Ctrl Pts',(12.97658008671,4.34091735303799,-10.));
#4415=CARTESIAN_POINT('Ctrl Pts',(12.6119231323098,4.43490713619065,0.));
#4416=CARTESIAN_POINT('Ctrl Pts',(12.6119231323098,4.43490713619065,-10.));
#4417=CARTESIAN_POINT('Ctrl Pts',(12.243198447578,4.510962008168,0.));
#4418=CARTESIAN_POINT('Ctrl Pts',(12.243198447578,4.510962008168,-10.));
#4419=CARTESIAN_POINT('Ctrl Pts',(11.8705953792201,4.56545560683856,0.));
#4420=CARTESIAN_POINT('Ctrl Pts',(11.8705953792201,4.56545560683856,-10.));
#4421=CARTESIAN_POINT('Ctrl Pts',(11.4952715859493,4.59619210835008,0.));
#4422=CARTESIAN_POINT('Ctrl Pts',(11.4952715859493,4.59619210835008,-10.));
#4423=CARTESIAN_POINT('Ctrl Pts',(11.1813320804939,4.59876465296015,0.));
#4424=CARTESIAN_POINT('Ctrl Pts',(11.1813320804939,4.59876465296015,-10.));
#4425=CARTESIAN_POINT('Ctrl Pts',(10.9307583601475,4.5842662315628,0.));
#4426=CARTESIAN_POINT('Ctrl Pts',(10.9307583601475,4.5842662315628,-10.));
#4427=CARTESIAN_POINT('Ctrl Pts',(10.7437565143188,4.56322724546533,0.));
#4428=CARTESIAN_POINT('Ctrl Pts',(10.7437565143188,4.56322724546533,-10.));
#4429=CARTESIAN_POINT('Ctrl Pts',(10.5577521010959,4.53273979408483,0.));
#4430=CARTESIAN_POINT('Ctrl Pts',(10.5577521010959,4.53273979408483,-10.));
#4431=CARTESIAN_POINT('Ctrl Pts',(10.4373711184205,4.49718141357891,0.));
#4432=CARTESIAN_POINT('Ctrl Pts',(10.4373711184205,4.49718141357891,-10.));
#4433=CARTESIAN_POINT('Ctrl Pts',(10.3771933995737,4.4794059960904,0.));
#4434=CARTESIAN_POINT('Ctrl Pts',(10.3771933995737,4.4794059960904,-10.));
#4435=CARTESIAN_POINT('',(13.3345655866124,4.22458084486439,-5.));
#4436=CARTESIAN_POINT('',(13.3345655866124,4.22458084486439,0.));
#4437=CARTESIAN_POINT('',(12.17636303247,4.51866850538986,-6.));
#4438=CARTESIAN_POINT('Ctrl Pts',(12.17636303247,4.51866850538986,-6.));
#4439=CARTESIAN_POINT('Ctrl Pts',(12.1875105192349,4.51682550808569,-5.99019035978357));
#4440=CARTESIAN_POINT('Ctrl Pts',(12.198701602452,4.51494480683103,-5.98034893524916));
#4441=CARTESIAN_POINT('Ctrl Pts',(12.2099363926926,4.51302582911341,-5.97047624772808));
#4442=CARTESIAN_POINT('Ctrl Pts',(12.2207778307426,4.51117403859492,-5.96094922249182));
#4443=CARTESIAN_POINT('Ctrl Pts',(12.2316498012418,4.50928833184892,-5.95140230024992));
#4444=CARTESIAN_POINT('Ctrl Pts',(12.2425468736878,4.50736935696641,-5.94183986300777));
#4445=CARTESIAN_POINT('Ctrl Pts',(12.2932030032643,4.49844881057346,-5.89738791846919));
#4446=CARTESIAN_POINT('Ctrl Pts',(12.344400863061,4.48880516241417,-5.85260070283113));
#4447=CARTESIAN_POINT('Ctrl Pts',(12.3956111094651,4.47855229402086,-5.80791840531646));
#4448=CARTESIAN_POINT('Ctrl Pts',(12.4493606330677,4.46779103371854,-5.76102052113273));
#4449=CARTESIAN_POINT('Ctrl Pts',(12.5031236724223,4.45635884164499,-5.71423821783564));
#4450=CARTESIAN_POINT('Ctrl Pts',(12.5562990974604,4.4444443883799,-5.6680804659905));
#4451=CARTESIAN_POINT('Ctrl Pts',(12.5746919765381,4.44032329112447,-5.65211493402577));
#4452=CARTESIAN_POINT('Ctrl Pts',(12.593014654287,4.43614495892102,-5.63622412358378));
#4453=CARTESIAN_POINT('Ctrl Pts',(12.6112425765908,4.43191856999274,-5.62042909711532));
#4454=CARTESIAN_POINT('Ctrl Pts',(12.6609902733581,4.42038389745461,-5.57732126649761));
#4455=CARTESIAN_POINT('Ctrl Pts',(12.7100310332106,4.4084875915745,-5.53492688740222));
#4456=CARTESIAN_POINT('Ctrl Pts',(12.7578475004602,4.39635636059063,-5.49367412992604));
#4457=CARTESIAN_POINT('Ctrl Pts',(12.7643826776359,4.3946983597303,-5.48803602877393));
#4458=CARTESIAN_POINT('Ctrl Pts',(12.7708950101128,4.39303604683176,-5.48241925227339));
#4459=CARTESIAN_POINT('Ctrl Pts',(12.7773832009541,4.39136981869771,-5.47682489351454));
#4460=CARTESIAN_POINT('Ctrl Pts',(12.8219124951599,4.37993427917529,-5.43843008467522));
#4461=CARTESIAN_POINT('Ctrl Pts',(12.8639159047049,4.36867544731995,-5.4023164322293));
#4462=CARTESIAN_POINT('Ctrl Pts',(12.9041296566086,4.35749094875341,-5.36781305998684));
#4463=CARTESIAN_POINT('Ctrl Pts',(12.9285133408932,4.35070920696065,-5.34689187517593));
#4464=CARTESIAN_POINT('Ctrl Pts',(12.9522388937836,4.34395381139436,-5.32656273018567));
#4465=CARTESIAN_POINT('Ctrl Pts',(12.9754686392228,4.33719275436774,-5.30667606463071));
#4466=CARTESIAN_POINT('Ctrl Pts',(13.0093751606072,4.32732420349388,-5.27764915804378));
#4467=CARTESIAN_POINT('Ctrl Pts',(13.0422264203685,4.31744681965829,-5.24956494528067));
#4468=CARTESIAN_POINT('Ctrl Pts',(13.0745506547817,4.30752138153073,-5.22195834070043));
#4469=CARTESIAN_POINT('Ctrl Pts',(13.1161572275636,4.29474572044105,-5.18642412856582));
#4470=CARTESIAN_POINT('Ctrl Pts',(13.1568903711889,4.28188957618952,-5.15168121276013));
#4471=CARTESIAN_POINT('Ctrl Pts',(13.1978506804505,4.26878256752115,-5.11673777063963));
#4472=CARTESIAN_POINT('Ctrl Pts',(13.2426742405385,4.25443934596811,-5.07849857015985));
#4473=CARTESIAN_POINT('Ctrl Pts',(13.2877678263522,4.23978896927309,-5.04001923349167));
#4474=CARTESIAN_POINT('Ctrl Pts',(13.3345655866124,4.22458084486439,-5.));
#4475=CARTESIAN_POINT('Ctrl Pts',(10.3771933995737,4.4794059960904,-6.));
#4476=CARTESIAN_POINT('Ctrl Pts',(10.4373711184205,4.49718141357891,-6.));
#4477=CARTESIAN_POINT('Ctrl Pts',(10.4975488372673,4.51495683106743,-6.));
#4478=CARTESIAN_POINT('Ctrl Pts',(10.558628612826,4.52892501169118,-6.));
#4479=CARTESIAN_POINT('Ctrl Pts',(10.6197343162826,4.54289912170086,-6.));
#4480=CARTESIAN_POINT('Ctrl Pts',(10.681742842446,4.55306276187384,-6.));
#4481=CARTESIAN_POINT('Ctrl Pts',(10.743911965911,4.56165090793263,-6.));
#4482=CARTESIAN_POINT('Ctrl Pts',(10.8060862484124,4.5702397666693,-6.));
#4483=CARTESIAN_POINT('Ctrl Pts',(10.8684211548706,4.57725286979964,-6.));
#4484=CARTESIAN_POINT('Ctrl Pts',(10.9309122183722,4.58257186510385,-6.));
#4485=CARTESIAN_POINT('Ctrl Pts',(10.9934055864512,4.58789105656468,-6.));
#4486=CARTESIAN_POINT('Ctrl Pts',(11.0560551230914,4.59151601524472,-6.));
#4487=CARTESIAN_POINT('Ctrl Pts',(11.118753098765,4.59376097006173,-6.));
#4488=CARTESIAN_POINT('Ctrl Pts',(11.2441269171348,4.5982500872055,-6.));
#4489=CARTESIAN_POINT('Ctrl Pts',(11.3696944232464,4.59722113734276,-6.));
#4490=CARTESIAN_POINT('Ctrl Pts',(11.495028047881,4.59158442534104,-6.));
#4491=CARTESIAN_POINT('Ctrl Pts',(11.6203713111207,4.58594727985596,-6.));
#4492=CARTESIAN_POINT('Ctrl Pts',(11.7454806569093,4.57570166349781,-6.));
#4493=CARTESIAN_POINT('Ctrl Pts',(11.8701335005237,4.56149701770297,-6.));
#4494=CARTESIAN_POINT('Ctrl Pts',(11.9725536167023,4.54982587222085,-6.));
#4495=CARTESIAN_POINT('Ctrl Pts',(12.074665549654,4.53548199802895,-6.));
#4496=CARTESIAN_POINT('Ctrl Pts',(12.1763630324419,4.5186685053945,-6.));
#4497=CARTESIAN_POINT('Origin',(0.,0.,0.));
#4498=CARTESIAN_POINT('',(13.6603629688683,3.00868846131254,-5.));
#4499=CARTESIAN_POINT('',(13.6603629688683,3.00868846131254,0.));
#4500=CARTESIAN_POINT('Origin',(0.,0.,-5.));
#4501=CARTESIAN_POINT('Ctrl Pts',(11.2266161020602,1.30931731330821,0.));
#4502=CARTESIAN_POINT('Ctrl Pts',(11.2266161020602,1.30931731330821,-10.));
#4503=CARTESIAN_POINT('Ctrl Pts',(11.2876192440676,1.3240122096237,0.));
#4504=CARTESIAN_POINT('Ctrl Pts',(11.2876192440676,1.3240122096237,-10.));
#4505=CARTESIAN_POINT('Ctrl Pts',(11.40965142345,1.35340824012587,0.));
#4506=CARTESIAN_POINT('Ctrl Pts',(11.40965142345,1.35340824012587,-10.));
#4507=CARTESIAN_POINT('Ctrl Pts',(11.5859796962073,1.42000753934512,0.));
#4508=CARTESIAN_POINT('Ctrl Pts',(11.5859796962073,1.42000753934512,-10.));
#4509=CARTESIAN_POINT('Ctrl Pts',(11.7584475382983,1.49528816582921,0.));
#4510=CARTESIAN_POINT('Ctrl Pts',(11.7584475382983,1.49528816582921,-10.));
#4511=CARTESIAN_POINT('Ctrl Pts',(11.9826999563377,1.6080190247575,0.));
#4512=CARTESIAN_POINT('Ctrl Pts',(11.9826999563377,1.6080190247575,-10.));
#4513=CARTESIAN_POINT('Ctrl Pts',(12.2532932710086,1.76721666646996,0.));
#4514=CARTESIAN_POINT('Ctrl Pts',(12.2532932710086,1.76721666646996,-10.));
#4515=CARTESIAN_POINT('Ctrl Pts',(12.56296495987,1.98149715423774,0.));
#4516=CARTESIAN_POINT('Ctrl Pts',(12.56296495987,1.98149715423774,-10.));
#4517=CARTESIAN_POINT('Ctrl Pts',(12.8584018832608,2.21499152920907,0.));
#4518=CARTESIAN_POINT('Ctrl Pts',(12.8584018832608,2.21499152920907,-10.));
#4519=CARTESIAN_POINT('Ctrl Pts',(13.1396993912522,2.46521932278893,0.));
#4520=CARTESIAN_POINT('Ctrl Pts',(13.1396993912522,2.46521932278893,-10.));
#4521=CARTESIAN_POINT('Ctrl Pts',(13.4085066858532,2.7289453398954,0.));
#4522=CARTESIAN_POINT('Ctrl Pts',(13.4085066858532,2.7289453398954,-10.));
#4523=CARTESIAN_POINT('Ctrl Pts',(13.5764110271677,2.91544092371212,0.));
#4524=CARTESIAN_POINT('Ctrl Pts',(13.5764110271677,2.91544092371212,-10.));
#4525=CARTESIAN_POINT('Ctrl Pts',(13.6603629688683,3.00868846131254,0.));
#4526=CARTESIAN_POINT('Ctrl Pts',(13.6603629688683,3.00868846131254,-10.));
#4527=CARTESIAN_POINT('',(11.2266161020602,1.30931731330821,-6.));
#4528=CARTESIAN_POINT('',(11.2266161020602,1.30931731330821,0.));
#4529=CARTESIAN_POINT('',(12.8043739645157,2.17489979928672,-6.));
#4530=CARTESIAN_POINT('Ctrl Pts',(12.8043739644671,2.17489979924688,-6.));
#4531=CARTESIAN_POINT('Ctrl Pts',(12.7247081071976,2.10949014611283,-6.));
#4532=CARTESIAN_POINT('Ctrl Pts',(12.6434485163367,2.04601202020538,-6.));
#4533=CARTESIAN_POINT('Ctrl Pts',(12.5605856666177,1.98469445364411,-6.));
#4534=CARTESIAN_POINT('Ctrl Pts',(12.4597354602911,1.91006644772683,-6.));
#4535=CARTESIAN_POINT('Ctrl Pts',(12.3565103967664,1.83863881078894,-6.));
#4536=CARTESIAN_POINT('Ctrl Pts',(12.2507785193502,1.77108526797421,-6.));
#4537=CARTESIAN_POINT('Ctrl Pts',(12.145054772469,1.70353691986959,-6.));
#4538=CARTESIAN_POINT('Ctrl Pts',(12.0368245972179,1.63986207009341,-6.));
#4539=CARTESIAN_POINT('Ctrl Pts',(11.9260031269683,1.58106285039558,-6.));
#4540=CARTESIAN_POINT('Ctrl Pts',(11.8705826098606,1.55165805046066,-6.));
#4541=CARTESIAN_POINT('Ctrl Pts',(11.8145140402548,1.52347258844514,-6.));
#4542=CARTESIAN_POINT('Ctrl Pts',(11.7577336001999,1.49683245933832,-6.));
#4543=CARTESIAN_POINT('Ctrl Pts',(11.700955254046,1.47019331264361,-6.));
#4544=CARTESIAN_POINT('Ctrl Pts',(11.6434650899455,1.44509938488474,-6.));
#4545=CARTESIAN_POINT('Ctrl Pts',(11.5853261524688,1.42145041348948,-6.));
#4546=CARTESIAN_POINT('Ctrl Pts',(11.5271920391877,1.3978034044153,-6.));
#4547=CARTESIAN_POINT('Ctrl Pts',(11.4684092601925,1.37560111191834,-6.));
#4548=CARTESIAN_POINT('Ctrl Pts',(11.4085031136781,1.35715019445369,-6.));
#4549=CARTESIAN_POINT('Ctrl Pts',(11.348622386075,1.33870710593919,-6.));
#4550=CARTESIAN_POINT('Ctrl Pts',(11.2876192440676,1.3240122096237,-6.));
#4551=CARTESIAN_POINT('Ctrl Pts',(11.2266161020602,1.30931731330821,-6.));
#4552=CARTESIAN_POINT('Ctrl Pts',(13.6603629688683,3.00868846131254,-5.));
#4553=CARTESIAN_POINT('Ctrl Pts',(13.5142046303107,2.84634671085169,-5.17765602549023));
#4554=CARTESIAN_POINT('Ctrl Pts',(13.3806850306554,2.696996894985,-5.33889277794449));
#4555=CARTESIAN_POINT('Ctrl Pts',(13.0510456536586,2.38548897599707,-5.72079357534297));
#4556=CARTESIAN_POINT('Ctrl Pts',(12.9293580458963,2.27751798091107,-5.85959659630928));
#4557=CARTESIAN_POINT('Ctrl Pts',(12.8043739645157,2.17489979928672,-6.));
#4558=CARTESIAN_POINT('Origin',(0.,0.,8.));
#4559=CARTESIAN_POINT('',(-5.5,6.73555739531044E-16,-4.));
#4560=CARTESIAN_POINT('',(-5.5,6.73555739531044E-16,8.));
#4561=CARTESIAN_POINT('Origin',(0.,0.,-4.));
#4562=CARTESIAN_POINT('Origin',(5.65685424949238,5.65685424949238,8.));
#4563=CARTESIAN_POINT('',(4.20685424949238,5.65685424949238,-6.));
#4564=CARTESIAN_POINT('',(4.20685424949238,5.65685424949238,8.));
#4565=CARTESIAN_POINT('Origin',(5.65685424949238,5.65685424949238,-6.));
#4566=CARTESIAN_POINT('Origin',(-5.65685424949238,5.65685424949238,8.));
#4567=CARTESIAN_POINT('',(-7.10685424949238,5.65685424949238,-6.));
#4568=CARTESIAN_POINT('',(-7.10685424949238,5.65685424949238,8.));
#4569=CARTESIAN_POINT('Origin',(-5.65685424949238,5.65685424949238,-6.));
#4570=CARTESIAN_POINT('Origin',(-5.65685424949238,-5.65685424949238,8.));
#4571=CARTESIAN_POINT('',(-7.10685424949238,-5.65685424949238,-6.));
#4572=CARTESIAN_POINT('',(-7.10685424949238,-5.65685424949238,8.));
#4573=CARTESIAN_POINT('Origin',(-5.65685424949238,-5.65685424949238,-6.));
#4574=CARTESIAN_POINT('Origin',(5.65685424949238,-5.65685424949238,8.));
#4575=CARTESIAN_POINT('',(4.20685424949238,-5.65685424949238,-6.));
#4576=CARTESIAN_POINT('',(4.20685424949238,-5.65685424949238,8.));
#4577=CARTESIAN_POINT('Origin',(5.65685424949238,-5.65685424949238,-6.));
#4578=CARTESIAN_POINT('Origin',(0.,0.,8.));
#4579=CARTESIAN_POINT('',(-5.5,6.73555739531044E-16,8.));
#4580=CARTESIAN_POINT('Origin',(0.,0.,8.));
#4581=CARTESIAN_POINT('',(-5.5,6.73555739531044E-16,8.));
#4582=CARTESIAN_POINT('Origin',(0.,0.,-4.));
#4583=CARTESIAN_POINT('Origin',(-5.65685424949238,-5.65685424949238,8.));
#4584=CARTESIAN_POINT('',(-7.10685424949238,-5.65685424949238,8.));
#4585=CARTESIAN_POINT('Origin',(-5.65685424949238,-5.65685424949238,8.));
#4586=CARTESIAN_POINT('',(-7.10685424949238,-5.65685424949238,8.));
#4587=CARTESIAN_POINT('Origin',(5.65685424949238,-5.65685424949238,8.));
#4588=CARTESIAN_POINT('',(4.20685424949238,-5.65685424949238,8.));
#4589=CARTESIAN_POINT('Origin',(5.65685424949238,-5.65685424949238,8.));
#4590=CARTESIAN_POINT('',(4.20685424949238,-5.65685424949238,8.));
#4591=CARTESIAN_POINT('Origin',(5.65685424949238,5.65685424949238,8.));
#4592=CARTESIAN_POINT('',(4.20685424949238,5.65685424949238,8.));
#4593=CARTESIAN_POINT('Origin',(5.65685424949238,5.65685424949238,8.));
#4594=CARTESIAN_POINT('',(4.20685424949238,5.65685424949238,8.));
#4595=CARTESIAN_POINT('Origin',(-5.65685424949238,5.65685424949238,8.));
#4596=CARTESIAN_POINT('',(-7.10685424949238,5.65685424949238,8.));
#4597=CARTESIAN_POINT('Origin',(-5.65685424949238,5.65685424949238,8.));
#4598=CARTESIAN_POINT('',(-7.10685424949238,5.65685424949238,8.));
#4599=CARTESIAN_POINT('Origin',(0.,0.,0.));
#4600=CARTESIAN_POINT('Ctrl Pts',(5.82372598573052,8.12921986682161,0.));
#4601=CARTESIAN_POINT('Ctrl Pts',(5.80835551482635,8.12232932325867,0.));
#4602=CARTESIAN_POINT('Ctrl Pts',(5.74550819053806,8.09558484167631,0.));
#4603=CARTESIAN_POINT('Ctrl Pts',(5.63162665479215,8.05774937316904,0.));
#4604=CARTESIAN_POINT('Ctrl Pts',(5.47963063852586,8.02868882089417,0.));
#4605=CARTESIAN_POINT('Ctrl Pts',(5.32494239013354,8.02254747035607,0.));
#4606=CARTESIAN_POINT('Ctrl Pts',(5.17116401419703,8.03967677684275,0.));
#4607=CARTESIAN_POINT('Ctrl Pts',(5.02170025670063,8.08057522942067,0.));
#4608=CARTESIAN_POINT('Ctrl Pts',(4.88211960457615,8.14756774451919,0.));
#4609=CARTESIAN_POINT('Ctrl Pts',(4.75073536045111,8.22851501761537,0.));
#4610=CARTESIAN_POINT('Ctrl Pts',(4.61494084352022,8.30182347413658,0.));
#4611=CARTESIAN_POINT('Ctrl Pts',(4.48713329751925,8.38920760720393,0.));
#4612=CARTESIAN_POINT('Ctrl Pts',(4.37698231986309,8.49819779185191,0.));
#4613=CARTESIAN_POINT('Ctrl Pts',(4.28525871732818,8.62280911872232,0.));
#4614=CARTESIAN_POINT('Ctrl Pts',(4.21323315871155,8.75984374676602,0.));
#4615=CARTESIAN_POINT('Ctrl Pts',(4.16240232709645,8.9060064342641,0.));
#4616=CARTESIAN_POINT('Ctrl Pts',(4.13822803611487,9.02354847149568,0.));
#4617=CARTESIAN_POINT('Ctrl Pts',(4.1299657744321,9.0913480916804,0.));
#4618=CARTESIAN_POINT('Ctrl Pts',(4.1282479247514,9.10810458173301,0.));
#4619=CARTESIAN_POINT('Origin',(0.,0.,0.));
#4620=CARTESIAN_POINT('Ctrl Pts',(0.9788847149114,9.95197391048192,0.));
#4621=CARTESIAN_POINT('Ctrl Pts',(0.969018768421733,9.93832128925845,0.));
#4622=CARTESIAN_POINT('Ctrl Pts',(0.927963629819372,9.88373622665294,0.));
#4623=CARTESIAN_POINT('Ctrl Pts',(0.848257061095055,9.7940289818886,0.));
#4624=CARTESIAN_POINT('Ctrl Pts',(0.731154925871856,9.69286379723741,0.));
#4625=CARTESIAN_POINT('Ctrl Pts',(0.600261648366242,9.61020110746171,0.));
#4626=CARTESIAN_POINT('Ctrl Pts',(0.458521015009168,9.54814633406014,0.));
#4627=CARTESIAN_POINT('Ctrl Pts',(0.308632377783252,9.50883355421988,0.));
#4628=CARTESIAN_POINT('Ctrl Pts',(0.15425572961739,9.49706044809638,0.));
#4629=CARTESIAN_POINT('Ctrl Pts',(1.73472347597681E-17,9.50147072090222,
0.));
#4630=CARTESIAN_POINT('Ctrl Pts',(-0.15425572961739,9.49706044809637,0.));
#4631=CARTESIAN_POINT('Ctrl Pts',(-0.308632377783251,9.50883355421989,0.));
#4632=CARTESIAN_POINT('Ctrl Pts',(-0.458521015009173,9.54814633406013,0.));
#4633=CARTESIAN_POINT('Ctrl Pts',(-0.600261648366241,9.61020110746173,0.));
#4634=CARTESIAN_POINT('Ctrl Pts',(-0.731154925871856,9.69286379723741,0.));
#4635=CARTESIAN_POINT('Ctrl Pts',(-0.848257061095057,9.7940289818886,0.));
#4636=CARTESIAN_POINT('Ctrl Pts',(-0.927963629819373,9.88373622665294,0.));
#4637=CARTESIAN_POINT('Ctrl Pts',(-0.969018768421732,9.93832128925845,0.));
#4638=CARTESIAN_POINT('Ctrl Pts',(-0.978884714911397,9.95197391048192,0.));
#4639=CARTESIAN_POINT('Origin',(0.,0.,0.));
#4640=CARTESIAN_POINT('Ctrl Pts',(-4.12824792475141,9.108104581733,0.));
#4641=CARTESIAN_POINT('Ctrl Pts',(-4.1299657744321,9.0913480916804,0.));
#4642=CARTESIAN_POINT('Ctrl Pts',(-4.13822803611488,9.02354847149568,0.));
#4643=CARTESIAN_POINT('Ctrl Pts',(-4.16240232709646,8.90600643426409,0.));
#4644=CARTESIAN_POINT('Ctrl Pts',(-4.21323315871155,8.75984374676602,0.));
#4645=CARTESIAN_POINT('Ctrl Pts',(-4.28525871732817,8.62280911872231,0.));
#4646=CARTESIAN_POINT('Ctrl Pts',(-4.37698231986311,8.49819779185192,0.));
#4647=CARTESIAN_POINT('Ctrl Pts',(-4.48713329751925,8.38920760720392,0.));
#4648=CARTESIAN_POINT('Ctrl Pts',(-4.61494084352023,8.30182347413658,0.));
#4649=CARTESIAN_POINT('Ctrl Pts',(-4.75073536045112,8.22851501761537,0.));
#4650=CARTESIAN_POINT('Ctrl Pts',(-4.88211960457615,8.14756774451918,0.));
#4651=CARTESIAN_POINT('Ctrl Pts',(-5.02170025670064,8.08057522942067,0.));
#4652=CARTESIAN_POINT('Ctrl Pts',(-5.17116401419704,8.03967677684274,0.));
#4653=CARTESIAN_POINT('Ctrl Pts',(-5.32494239013355,8.02254747035608,0.));
#4654=CARTESIAN_POINT('Ctrl Pts',(-5.47963063852586,8.02868882089416,0.));
#4655=CARTESIAN_POINT('Ctrl Pts',(-5.63162665479215,8.05774937316904,0.));
#4656=CARTESIAN_POINT('Ctrl Pts',(-5.74550819053807,8.09558484167631,0.));
#4657=CARTESIAN_POINT('Ctrl Pts',(-5.80835551482636,8.12232932325866,0.));
#4658=CARTESIAN_POINT('Ctrl Pts',(-5.82372598573052,8.1292198668216,0.));
#4659=CARTESIAN_POINT('Origin',(0.,0.,0.));
#4660=CARTESIAN_POINT('Ctrl Pts',(-5.82372598573052,-8.12921986682161,0.));
#4661=CARTESIAN_POINT('Ctrl Pts',(-5.80835551482635,-8.12232932325867,0.));
#4662=CARTESIAN_POINT('Ctrl Pts',(-5.74550819053806,-8.09558484167631,0.));
#4663=CARTESIAN_POINT('Ctrl Pts',(-5.63162665479214,-8.05774937316904,0.));
#4664=CARTESIAN_POINT('Ctrl Pts',(-5.47963063852586,-8.02868882089417,0.));
#4665=CARTESIAN_POINT('Ctrl Pts',(-5.32494239013354,-8.02254747035607,0.));
#4666=CARTESIAN_POINT('Ctrl Pts',(-5.17116401419703,-8.03967677684276,0.));
#4667=CARTESIAN_POINT('Ctrl Pts',(-5.02170025670063,-8.08057522942067,0.));
#4668=CARTESIAN_POINT('Ctrl Pts',(-4.88211960457615,-8.14756774451919,0.));
#4669=CARTESIAN_POINT('Ctrl Pts',(-4.75073536045111,-8.22851501761537,0.));
#4670=CARTESIAN_POINT('Ctrl Pts',(-4.61494084352022,-8.30182347413658,0.));
#4671=CARTESIAN_POINT('Ctrl Pts',(-4.48713329751925,-8.38920760720393,0.));
#4672=CARTESIAN_POINT('Ctrl Pts',(-4.37698231986309,-8.49819779185191,0.));
#4673=CARTESIAN_POINT('Ctrl Pts',(-4.28525871732818,-8.62280911872232,0.));
#4674=CARTESIAN_POINT('Ctrl Pts',(-4.21323315871155,-8.75984374676602,0.));
#4675=CARTESIAN_POINT('Ctrl Pts',(-4.16240232709645,-8.9060064342641,0.));
#4676=CARTESIAN_POINT('Ctrl Pts',(-4.13822803611487,-9.02354847149568,0.));
#4677=CARTESIAN_POINT('Ctrl Pts',(-4.12996577443209,-9.0913480916804,0.));
#4678=CARTESIAN_POINT('Ctrl Pts',(-4.1282479247514,-9.10810458173301,0.));
#4679=CARTESIAN_POINT('Origin',(0.,0.,0.));
#4680=CARTESIAN_POINT('Ctrl Pts',(-0.978884714911399,-9.95197391048192,
0.));
#4681=CARTESIAN_POINT('Ctrl Pts',(-0.969018768421733,-9.93832128925845,
0.));
#4682=CARTESIAN_POINT('Ctrl Pts',(-0.927963629819371,-9.88373622665294,
0.));
#4683=CARTESIAN_POINT('Ctrl Pts',(-0.848257061095053,-9.7940289818886,0.));
#4684=CARTESIAN_POINT('Ctrl Pts',(-0.731154925871855,-9.69286379723741,
0.));
#4685=CARTESIAN_POINT('Ctrl Pts',(-0.600261648366242,-9.61020110746171,
0.));
#4686=CARTESIAN_POINT('Ctrl Pts',(-0.458521015009167,-9.54814633406014,
0.));
#4687=CARTESIAN_POINT('Ctrl Pts',(-0.308632377783251,-9.50883355421988,
0.));
#4688=CARTESIAN_POINT('Ctrl Pts',(-0.154255729617389,-9.49706044809638,
0.));
#4689=CARTESIAN_POINT('Ctrl Pts',(1.11022302462516E-15,-9.50147072090222,
0.));
#4690=CARTESIAN_POINT('Ctrl Pts',(0.154255729617391,-9.49706044809637,0.));
#4691=CARTESIAN_POINT('Ctrl Pts',(0.308632377783252,-9.50883355421989,0.));
#4692=CARTESIAN_POINT('Ctrl Pts',(0.458521015009173,-9.54814633406013,0.));
#4693=CARTESIAN_POINT('Ctrl Pts',(0.600261648366242,-9.61020110746173,0.));
#4694=CARTESIAN_POINT('Ctrl Pts',(0.731154925871856,-9.69286379723741,0.));
#4695=CARTESIAN_POINT('Ctrl Pts',(0.848257061095058,-9.7940289818886,0.));
#4696=CARTESIAN_POINT('Ctrl Pts',(0.927963629819374,-9.88373622665294,0.));
#4697=CARTESIAN_POINT('Ctrl Pts',(0.969018768421732,-9.93832128925845,0.));
#4698=CARTESIAN_POINT('Ctrl Pts',(0.978884714911397,-9.95197391048192,0.));
#4699=CARTESIAN_POINT('Origin',(0.,0.,0.));
#4700=CARTESIAN_POINT('Ctrl Pts',(4.12824792475141,-9.108104581733,0.));
#4701=CARTESIAN_POINT('Ctrl Pts',(4.1299657744321,-9.0913480916804,0.));
#4702=CARTESIAN_POINT('Ctrl Pts',(4.13822803611488,-9.02354847149568,0.));
#4703=CARTESIAN_POINT('Ctrl Pts',(4.16240232709646,-8.9060064342641,0.));
#4704=CARTESIAN_POINT('Ctrl Pts',(4.21323315871155,-8.75984374676602,0.));
#4705=CARTESIAN_POINT('Ctrl Pts',(4.28525871732817,-8.62280911872231,0.));
#4706=CARTESIAN_POINT('Ctrl Pts',(4.37698231986311,-8.49819779185192,0.));
#4707=CARTESIAN_POINT('Ctrl Pts',(4.48713329751925,-8.38920760720392,0.));
#4708=CARTESIAN_POINT('Ctrl Pts',(4.61494084352023,-8.30182347413658,0.));
#4709=CARTESIAN_POINT('Ctrl Pts',(4.75073536045111,-8.22851501761537,0.));
#4710=CARTESIAN_POINT('Ctrl Pts',(4.88211960457615,-8.14756774451918,0.));
#4711=CARTESIAN_POINT('Ctrl Pts',(5.02170025670064,-8.08057522942067,0.));
#4712=CARTESIAN_POINT('Ctrl Pts',(5.17116401419704,-8.03967677684274,0.));
#4713=CARTESIAN_POINT('Ctrl Pts',(5.32494239013355,-8.02254747035608,0.));
#4714=CARTESIAN_POINT('Ctrl Pts',(5.47963063852586,-8.02868882089416,0.));
#4715=CARTESIAN_POINT('Ctrl Pts',(5.63162665479215,-8.05774937316904,0.));
#4716=CARTESIAN_POINT('Ctrl Pts',(5.74550819053807,-8.09558484167631,0.));
#4717=CARTESIAN_POINT('Ctrl Pts',(5.80835551482636,-8.12232932325866,0.));
#4718=CARTESIAN_POINT('Ctrl Pts',(5.82372598573052,-8.1292198668216,0.));
#4719=CARTESIAN_POINT('Origin',(0.,0.,8.));
#4720=CARTESIAN_POINT('Origin',(-8.32667268468867E-16,11.7424154586382,
0.));
#4721=CARTESIAN_POINT('',(6.74721010596981,-9.06787608626546,0.));
#4722=CARTESIAN_POINT('Ctrl Pts',(5.82372598573052,-8.1292198668216,0.));
#4723=CARTESIAN_POINT('Ctrl Pts',(5.85530870691498,-8.14337832153093,0.));
#4724=CARTESIAN_POINT('Ctrl Pts',(5.93248343827545,-8.18167882887053,0.));
#4725=CARTESIAN_POINT('Ctrl Pts',(6.05011414611586,-8.25341706917226,0.));
#4726=CARTESIAN_POINT('Ctrl Pts',(6.17220857651348,-8.34811342323992,0.));
#4727=CARTESIAN_POINT('Ctrl Pts',(6.28835433401833,-8.45001712605451,0.));
#4728=CARTESIAN_POINT('Ctrl Pts',(6.39364360280658,-8.56309357763395,0.));
#4729=CARTESIAN_POINT('Ctrl Pts',(6.4938297242083,-8.68056879400272,0.));
#4730=CARTESIAN_POINT('Ctrl Pts',(6.61581900591863,-8.84656553225951,0.));
#4731=CARTESIAN_POINT('Ctrl Pts',(6.69465677104896,-8.97935709478383,0.));
#4732=CARTESIAN_POINT('Ctrl Pts',(6.74721010596981,-9.06787608626546,0.));
#4733=CARTESIAN_POINT('',(8.28570545912581,-10.0014632331833,-6.93889390390723E-17));
#4734=CARTESIAN_POINT('Ctrl Pts',(6.74721010596981,-9.06787608626546,0.));
#4735=CARTESIAN_POINT('Ctrl Pts',(6.7904378304887,-9.1133589087968,0.));
#4736=CARTESIAN_POINT('Ctrl Pts',(6.87691162936522,-9.20434386097008,0.));
#4737=CARTESIAN_POINT('Ctrl Pts',(7.02275245074195,-9.32374897497366,0.));
#4738=CARTESIAN_POINT('Ctrl Pts',(7.17418130673547,-9.43547019431829,0.));
#4739=CARTESIAN_POINT('Ctrl Pts',(7.38393530337753,-9.57331305573638,0.));
#4740=CARTESIAN_POINT('Ctrl Pts',(7.65710116265854,-9.72805491947939,0.));
#4741=CARTESIAN_POINT('Ctrl Pts',(7.97726616823832,-9.87952140078951,0.));
#4742=CARTESIAN_POINT('Ctrl Pts',(8.18922610920426,-9.96517540353417,-6.93889390390723E-17));
#4743=CARTESIAN_POINT('Ctrl Pts',(8.28570545912581,-10.0014632331833,-6.93889390390723E-17));
#4744=CARTESIAN_POINT('',(10.0014632331833,-8.28570545912581,-9.36750677027476E-16));
#4745=CARTESIAN_POINT('Origin',(0.,0.,0.));
#4746=CARTESIAN_POINT('Ctrl Pts',(10.0014632331833,-8.28570545912581,-9.36750677027476E-16));
#4747=CARTESIAN_POINT('Ctrl Pts',(9.96517540353417,-8.18922610920426,-9.36750677027476E-16));
#4748=CARTESIAN_POINT('Ctrl Pts',(9.87952140078951,-7.97726616823831,0.));
#4749=CARTESIAN_POINT('Ctrl Pts',(9.7280549194794,-7.65710116265852,0.));
#4750=CARTESIAN_POINT('Ctrl Pts',(9.5962896664668,-7.42449592131068,0.));
#4751=CARTESIAN_POINT('Ctrl Pts',(9.52045556631125,-7.30488783315142,0.));
#4752=CARTESIAN_POINT('Ctrl Pts',(9.51171788570527,-7.29128784747792,0.));
#4753=CARTESIAN_POINT('Origin',(-8.32667268468867E-16,11.7424154586382,
0.));
#4754=CARTESIAN_POINT('',(1.30931731330821,-11.2266161020602,0.));
#4755=CARTESIAN_POINT('Ctrl Pts',(0.978884714911397,-9.95197391048192,0.));
#4756=CARTESIAN_POINT('Ctrl Pts',(0.999156926423113,-9.98002685253076,0.));
#4757=CARTESIAN_POINT('Ctrl Pts',(1.04684195064172,-10.0517834305449,0.));
#4758=CARTESIAN_POINT('Ctrl Pts',(1.1128440117458,-10.1727259229892,0.));
#4759=CARTESIAN_POINT('Ctrl Pts',(1.1712327130969,-10.3157825864564,0.));
#4760=CARTESIAN_POINT('Ctrl Pts',(1.22086603823059,-10.4621066605859,0.));
#4761=CARTESIAN_POINT('Ctrl Pts',(1.25551099395739,-10.6126783746177,0.));
#4762=CARTESIAN_POINT('Ctrl Pts',(1.28353711201352,-10.764507957009,0.));
#4763=CARTESIAN_POINT('Ctrl Pts',(1.30618455983569,-10.9692599901399,0.));
#4764=CARTESIAN_POINT('Ctrl Pts',(1.30806428595399,-11.1236797392593,0.));
#4765=CARTESIAN_POINT('Ctrl Pts',(1.30931731330821,-11.2266161020602,0.));
#4766=CARTESIAN_POINT('',(2.17489979928672,-12.8043739645157,4.16333634234434E-16));
#4767=CARTESIAN_POINT('Ctrl Pts',(1.30931731330821,-11.2266161020602,0.));
#4768=CARTESIAN_POINT('Ctrl Pts',(1.3240122096237,-11.2876192440676,0.));
#4769=CARTESIAN_POINT('Ctrl Pts',(1.35340824012587,-11.40965142345,0.));
#4770=CARTESIAN_POINT('Ctrl Pts',(1.42000753934512,-11.5859796962073,0.));
#4771=CARTESIAN_POINT('Ctrl Pts',(1.49528816582922,-11.7584475382983,0.));
#4772=CARTESIAN_POINT('Ctrl Pts',(1.6080190247575,-11.9826999563377,0.));
#4773=CARTESIAN_POINT('Ctrl Pts',(1.76721666646996,-12.2532932710086,0.));
#4774=CARTESIAN_POINT('Ctrl Pts',(1.96875445404977,-12.5445495944349,0.));
#4775=CARTESIAN_POINT('Ctrl Pts',(2.1094901461386,-12.7247081072306,4.16333634234434E-16));
#4776=CARTESIAN_POINT('Ctrl Pts',(2.17489979928672,-12.8043739645157,4.16333634234434E-16));
#4777=CARTESIAN_POINT('',(4.51866850538986,-12.17636303247,-3.46944695195361E-16));
#4778=CARTESIAN_POINT('Origin',(0.,0.,0.));
#4779=CARTESIAN_POINT('',(4.47940599609041,-10.3771933995737,0.));
#4780=CARTESIAN_POINT('Ctrl Pts',(4.51866850538986,-12.17636303247,-3.46944695195361E-16));
#4781=CARTESIAN_POINT('Ctrl Pts',(4.53548199802631,-12.0746655496728,-3.46944695195361E-16));
#4782=CARTESIAN_POINT('Ctrl Pts',(4.56728342619658,-11.8482758548393,0.));
#4783=CARTESIAN_POINT('Ctrl Pts',(4.59619210835008,-11.4952715859493,0.));
#4784=CARTESIAN_POINT('Ctrl Pts',(4.59876465296016,-11.1813320804939,0.));
#4785=CARTESIAN_POINT('Ctrl Pts',(4.58426623156281,-10.9307583601475,0.));
#4786=CARTESIAN_POINT('Ctrl Pts',(4.56322724546533,-10.7437565143188,0.));
#4787=CARTESIAN_POINT('Ctrl Pts',(4.53273979408484,-10.5577521010959,0.));
#4788=CARTESIAN_POINT('Ctrl Pts',(4.49718141357892,-10.4373711184205,0.));
#4789=CARTESIAN_POINT('Ctrl Pts',(4.47940599609041,-10.3771933995737,0.));
#4790=CARTESIAN_POINT('Ctrl Pts',(4.47940599609041,-10.3771933995737,0.));
#4791=CARTESIAN_POINT('Ctrl Pts',(4.42902296821036,-10.2874213807378,0.));
#4792=CARTESIAN_POINT('Ctrl Pts',(4.35344098422124,-10.1527500920952,0.));
#4793=CARTESIAN_POINT('Ctrl Pts',(4.27067823280066,-9.96410590601625,0.));
#4794=CARTESIAN_POINT('Ctrl Pts',(4.21903477181108,-9.81860457159133,0.));
#4795=CARTESIAN_POINT('Ctrl Pts',(4.17375232656763,-9.6708831642851,0.));
#4796=CARTESIAN_POINT('Ctrl Pts',(4.14357400994291,-9.51934613633682,0.));
#4797=CARTESIAN_POINT('Ctrl Pts',(4.12261177687338,-9.36626108091806,0.));
#4798=CARTESIAN_POINT('Ctrl Pts',(4.11929999226947,-9.22852077951225,0.));
#4799=CARTESIAN_POINT('Ctrl Pts',(4.12471814561579,-9.14253524795404,0.));
#4800=CARTESIAN_POINT('Ctrl Pts',(4.12824792475141,-9.108104581733,0.));
#4801=CARTESIAN_POINT('Origin',(-8.32667268468867E-16,11.7424154586382,
0.));
#4802=CARTESIAN_POINT('',(-4.4794059960904,-10.3771933995737,0.));
#4803=CARTESIAN_POINT('Ctrl Pts',(-4.1282479247514,-9.10810458173301,0.));
#4804=CARTESIAN_POINT('Ctrl Pts',(-4.12471814561578,-9.14253524795405,0.));
#4805=CARTESIAN_POINT('Ctrl Pts',(-4.11929999226947,-9.22852077951225,0.));
#4806=CARTESIAN_POINT('Ctrl Pts',(-4.12261177687336,-9.36626108091806,0.));
#4807=CARTESIAN_POINT('Ctrl Pts',(-4.1435740099429,-9.51934613633682,0.));
#4808=CARTESIAN_POINT('Ctrl Pts',(-4.17375232656762,-9.6708831642851,0.));
#4809=CARTESIAN_POINT('Ctrl Pts',(-4.21903477181108,-9.81860457159134,0.));
#4810=CARTESIAN_POINT('Ctrl Pts',(-4.27067823280065,-9.96410590601625,0.));
#4811=CARTESIAN_POINT('Ctrl Pts',(-4.35344098422122,-10.1527500920952,0.));
#4812=CARTESIAN_POINT('Ctrl Pts',(-4.42902296821035,-10.2874213807378,0.));
#4813=CARTESIAN_POINT('Ctrl Pts',(-4.4794059960904,-10.3771933995737,0.));
#4814=CARTESIAN_POINT('',(-4.51866850538985,-12.17636303247,1.04083408558608E-16));
#4815=CARTESIAN_POINT('Ctrl Pts',(-4.4794059960904,-10.3771933995737,0.));
#4816=CARTESIAN_POINT('Ctrl Pts',(-4.49718141357891,-10.4373711184205,0.));
#4817=CARTESIAN_POINT('Ctrl Pts',(-4.53273979408482,-10.557752101096,0.));
#4818=CARTESIAN_POINT('Ctrl Pts',(-4.56322724546533,-10.7437565143188,0.));
#4819=CARTESIAN_POINT('Ctrl Pts',(-4.58426623156279,-10.9307583601475,0.));
#4820=CARTESIAN_POINT('Ctrl Pts',(-4.59876465296017,-11.1813320804939,0.));
#4821=CARTESIAN_POINT('Ctrl Pts',(-4.59619210835006,-11.4952715859493,0.));
#4822=CARTESIAN_POINT('Ctrl Pts',(-4.56728342619658,-11.8482758548393,0.));
#4823=CARTESIAN_POINT('Ctrl Pts',(-4.53548199802631,-12.0746655496728,1.04083408558608E-16));
#4824=CARTESIAN_POINT('Ctrl Pts',(-4.51866850538985,-12.17636303247,1.04083408558608E-16));
#4825=CARTESIAN_POINT('',(-2.17489979928672,-12.8043739645157,5.20417042793042E-16));
#4826=CARTESIAN_POINT('Origin',(0.,0.,0.));
#4827=CARTESIAN_POINT('',(-1.30931731330821,-11.2266161020602,0.));
#4828=CARTESIAN_POINT('Ctrl Pts',(-2.17489979928672,-12.8043739645157,5.20417042793042E-16));
#4829=CARTESIAN_POINT('Ctrl Pts',(-2.1094901461386,-12.7247081072306,5.20417042793042E-16));
#4830=CARTESIAN_POINT('Ctrl Pts',(-1.96875445404978,-12.5445495944349,0.));
#4831=CARTESIAN_POINT('Ctrl Pts',(-1.76721666646994,-12.2532932710086,0.));
#4832=CARTESIAN_POINT('Ctrl Pts',(-1.60801902475751,-11.9826999563377,0.));
#4833=CARTESIAN_POINT('Ctrl Pts',(-1.4952881658292,-11.7584475382983,0.));
#4834=CARTESIAN_POINT('Ctrl Pts',(-1.42000753934513,-11.5859796962073,0.));
#4835=CARTESIAN_POINT('Ctrl Pts',(-1.35340824012586,-11.40965142345,0.));
#4836=CARTESIAN_POINT('Ctrl Pts',(-1.32401220962369,-11.2876192440676,0.));
#4837=CARTESIAN_POINT('Ctrl Pts',(-1.30931731330821,-11.2266161020602,0.));
#4838=CARTESIAN_POINT('Ctrl Pts',(-1.30931731330821,-11.2266161020602,0.));
#4839=CARTESIAN_POINT('Ctrl Pts',(-1.30806428595398,-11.1236797392593,0.));
#4840=CARTESIAN_POINT('Ctrl Pts',(-1.30618455983568,-10.9692599901399,0.));
#4841=CARTESIAN_POINT('Ctrl Pts',(-1.28353711201352,-10.764507957009,0.));
#4842=CARTESIAN_POINT('Ctrl Pts',(-1.25551099395739,-10.6126783746177,0.));
#4843=CARTESIAN_POINT('Ctrl Pts',(-1.22086603823058,-10.4621066605859,0.));
#4844=CARTESIAN_POINT('Ctrl Pts',(-1.1712327130969,-10.3157825864564,0.));
#4845=CARTESIAN_POINT('Ctrl Pts',(-1.11284401174578,-10.1727259229892,0.));
#4846=CARTESIAN_POINT('Ctrl Pts',(-1.04684195064173,-10.0517834305449,0.));
#4847=CARTESIAN_POINT('Ctrl Pts',(-0.999156926423114,-9.98002685253076,
0.));
#4848=CARTESIAN_POINT('Ctrl Pts',(-0.978884714911399,-9.95197391048192,
0.));
#4849=CARTESIAN_POINT('Origin',(-8.32667268468867E-16,11.7424154586382,
0.));
#4850=CARTESIAN_POINT('',(-1.30931731330821,11.2266161020602,0.));
#4851=CARTESIAN_POINT('Ctrl Pts',(-0.978884714911397,9.95197391048192,0.));
#4852=CARTESIAN_POINT('Ctrl Pts',(-0.999156926423113,9.98002685253076,0.));
#4853=CARTESIAN_POINT('Ctrl Pts',(-1.04684195064172,10.0517834305449,0.));
#4854=CARTESIAN_POINT('Ctrl Pts',(-1.1128440117458,10.1727259229892,0.));
#4855=CARTESIAN_POINT('Ctrl Pts',(-1.1712327130969,10.3157825864564,0.));
#4856=CARTESIAN_POINT('Ctrl Pts',(-1.22086603823059,10.4621066605859,0.));
#4857=CARTESIAN_POINT('Ctrl Pts',(-1.25551099395739,10.6126783746177,0.));
#4858=CARTESIAN_POINT('Ctrl Pts',(-1.28353711201352,10.764507957009,0.));
#4859=CARTESIAN_POINT('Ctrl Pts',(-1.30618455983569,10.9692599901399,0.));
#4860=CARTESIAN_POINT('Ctrl Pts',(-1.30806428595399,11.1236797392593,0.));
#4861=CARTESIAN_POINT('Ctrl Pts',(-1.30931731330821,11.2266161020602,0.));
#4862=CARTESIAN_POINT('',(-2.17489979928672,12.8043739645157,0.));
#4863=CARTESIAN_POINT('Ctrl Pts',(-1.30931731330821,11.2266161020602,0.));
#4864=CARTESIAN_POINT('Ctrl Pts',(-1.3240122096237,11.2876192440676,0.));
#4865=CARTESIAN_POINT('Ctrl Pts',(-1.35340824012587,11.40965142345,0.));
#4866=CARTESIAN_POINT('Ctrl Pts',(-1.42000753934512,11.5859796962073,0.));
#4867=CARTESIAN_POINT('Ctrl Pts',(-1.49528816582921,11.7584475382983,0.));
#4868=CARTESIAN_POINT('Ctrl Pts',(-1.6080190247575,11.9826999563377,0.));
#4869=CARTESIAN_POINT('Ctrl Pts',(-1.76721666646996,12.2532932710086,0.));
#4870=CARTESIAN_POINT('Ctrl Pts',(-1.96875445404977,12.5445495944349,0.));
#4871=CARTESIAN_POINT('Ctrl Pts',(-2.1094901461386,12.7247081072306,0.));
#4872=CARTESIAN_POINT('Ctrl Pts',(-2.17489979928672,12.8043739645157,0.));
#4873=CARTESIAN_POINT('',(-4.51866850538986,12.17636303247,8.32667268468867E-16));
#4874=CARTESIAN_POINT('Origin',(0.,0.,0.));
#4875=CARTESIAN_POINT('',(-4.47940599609041,10.3771933995737,0.));
#4876=CARTESIAN_POINT('Ctrl Pts',(-4.51866850538986,12.17636303247,8.32667268468867E-16));
#4877=CARTESIAN_POINT('Ctrl Pts',(-4.53548199802631,12.0746655496728,8.32667268468867E-16));
#4878=CARTESIAN_POINT('Ctrl Pts',(-4.56728342619658,11.8482758548393,0.));
#4879=CARTESIAN_POINT('Ctrl Pts',(-4.59619210835008,11.4952715859493,0.));
#4880=CARTESIAN_POINT('Ctrl Pts',(-4.59876465296016,11.1813320804939,0.));
#4881=CARTESIAN_POINT('Ctrl Pts',(-4.58426623156281,10.9307583601475,0.));
#4882=CARTESIAN_POINT('Ctrl Pts',(-4.56322724546533,10.7437565143188,0.));
#4883=CARTESIAN_POINT('Ctrl Pts',(-4.53273979408484,10.5577521010959,0.));
#4884=CARTESIAN_POINT('Ctrl Pts',(-4.49718141357892,10.4373711184205,0.));
#4885=CARTESIAN_POINT('Ctrl Pts',(-4.47940599609041,10.3771933995737,0.));
#4886=CARTESIAN_POINT('Ctrl Pts',(-4.47940599609041,10.3771933995737,0.));
#4887=CARTESIAN_POINT('Ctrl Pts',(-4.42902296821036,10.2874213807378,0.));
#4888=CARTESIAN_POINT('Ctrl Pts',(-4.35344098422124,10.1527500920952,0.));
#4889=CARTESIAN_POINT('Ctrl Pts',(-4.27067823280066,9.96410590601625,0.));
#4890=CARTESIAN_POINT('Ctrl Pts',(-4.21903477181108,9.81860457159133,0.));
#4891=CARTESIAN_POINT('Ctrl Pts',(-4.17375232656763,9.6708831642851,0.));
#4892=CARTESIAN_POINT('Ctrl Pts',(-4.14357400994291,9.51934613633682,0.));
#4893=CARTESIAN_POINT('Ctrl Pts',(-4.12261177687338,9.36626108091806,0.));
#4894=CARTESIAN_POINT('Ctrl Pts',(-4.11929999226947,9.22852077951225,0.));
#4895=CARTESIAN_POINT('Ctrl Pts',(-4.12471814561579,9.14253524795404,0.));
#4896=CARTESIAN_POINT('Ctrl Pts',(-4.12824792475141,9.108104581733,0.));
#4897=CARTESIAN_POINT('Origin',(-8.32667268468867E-16,11.7424154586382,
0.));
#4898=CARTESIAN_POINT('',(4.4794059960904,10.3771933995737,0.));
#4899=CARTESIAN_POINT('Ctrl Pts',(4.1282479247514,9.10810458173301,0.));
#4900=CARTESIAN_POINT('Ctrl Pts',(4.12471814561579,9.14253524795405,0.));
#4901=CARTESIAN_POINT('Ctrl Pts',(4.11929999226947,9.22852077951225,0.));
#4902=CARTESIAN_POINT('Ctrl Pts',(4.12261177687336,9.36626108091806,0.));
#4903=CARTESIAN_POINT('Ctrl Pts',(4.14357400994291,9.51934613633681,0.));
#4904=CARTESIAN_POINT('Ctrl Pts',(4.17375232656762,9.6708831642851,0.));
#4905=CARTESIAN_POINT('Ctrl Pts',(4.21903477181108,9.81860457159134,0.));
#4906=CARTESIAN_POINT('Ctrl Pts',(4.27067823280065,9.96410590601625,0.));
#4907=CARTESIAN_POINT('Ctrl Pts',(4.35344098422122,10.1527500920952,0.));
#4908=CARTESIAN_POINT('Ctrl Pts',(4.42902296821035,10.2874213807378,0.));
#4909=CARTESIAN_POINT('Ctrl Pts',(4.4794059960904,10.3771933995737,0.));
#4910=CARTESIAN_POINT('',(4.51866850538986,12.17636303247,3.81639164714898E-16));
#4911=CARTESIAN_POINT('Ctrl Pts',(4.4794059960904,10.3771933995737,0.));
#4912=CARTESIAN_POINT('Ctrl Pts',(4.49718141357891,10.4373711184205,0.));
#4913=CARTESIAN_POINT('Ctrl Pts',(4.53273979408483,10.557752101096,0.));
#4914=CARTESIAN_POINT('Ctrl Pts',(4.56322724546534,10.7437565143188,0.));
#4915=CARTESIAN_POINT('Ctrl Pts',(4.5842662315628,10.9307583601475,0.));
#4916=CARTESIAN_POINT('Ctrl Pts',(4.59876465296017,11.1813320804939,0.));
#4917=CARTESIAN_POINT('Ctrl Pts',(4.59619210835007,11.4952715859493,0.));
#4918=CARTESIAN_POINT('Ctrl Pts',(4.56728342619659,11.8482758548393,0.));
#4919=CARTESIAN_POINT('Ctrl Pts',(4.53548199802631,12.0746655496728,3.81639164714898E-16));
#4920=CARTESIAN_POINT('Ctrl Pts',(4.51866850538986,12.17636303247,3.81639164714898E-16));
#4921=CARTESIAN_POINT('',(2.17489979928672,12.8043739645157,0.));
#4922=CARTESIAN_POINT('Origin',(0.,0.,0.));
#4923=CARTESIAN_POINT('',(1.30931731330821,11.2266161020602,0.));
#4924=CARTESIAN_POINT('Ctrl Pts',(2.17489979928672,12.8043739645157,0.));
#4925=CARTESIAN_POINT('Ctrl Pts',(2.1094901461386,12.7247081072306,0.));
#4926=CARTESIAN_POINT('Ctrl Pts',(1.96875445404978,12.5445495944349,0.));
#4927=CARTESIAN_POINT('Ctrl Pts',(1.76721666646994,12.2532932710086,0.));
#4928=CARTESIAN_POINT('Ctrl Pts',(1.60801902475751,11.9826999563377,0.));
#4929=CARTESIAN_POINT('Ctrl Pts',(1.4952881658292,11.7584475382983,0.));
#4930=CARTESIAN_POINT('Ctrl Pts',(1.42000753934513,11.5859796962073,0.));
#4931=CARTESIAN_POINT('Ctrl Pts',(1.35340824012586,11.40965142345,0.));
#4932=CARTESIAN_POINT('Ctrl Pts',(1.3240122096237,11.2876192440676,0.));
#4933=CARTESIAN_POINT('Ctrl Pts',(1.30931731330821,11.2266161020602,0.));
#4934=CARTESIAN_POINT('Ctrl Pts',(1.30931731330821,11.2266161020602,0.));
#4935=CARTESIAN_POINT('Ctrl Pts',(1.30806428595399,11.1236797392593,0.));
#4936=CARTESIAN_POINT('Ctrl Pts',(1.30618455983569,10.9692599901399,0.));
#4937=CARTESIAN_POINT('Ctrl Pts',(1.28353711201353,10.764507957009,0.));
#4938=CARTESIAN_POINT('Ctrl Pts',(1.25551099395739,10.6126783746177,0.));
#4939=CARTESIAN_POINT('Ctrl Pts',(1.22086603823058,10.4621066605859,0.));
#4940=CARTESIAN_POINT('Ctrl Pts',(1.1712327130969,10.3157825864564,0.));
#4941=CARTESIAN_POINT('Ctrl Pts',(1.11284401174578,10.1727259229892,0.));
#4942=CARTESIAN_POINT('Ctrl Pts',(1.04684195064173,10.0517834305449,0.));
#4943=CARTESIAN_POINT('Ctrl Pts',(0.999156926423115,9.98002685253076,0.));
#4944=CARTESIAN_POINT('Ctrl Pts',(0.9788847149114,9.95197391048192,0.));
#4945=CARTESIAN_POINT('Ctrl Pts',(-4.47940599609041,10.3771933995737,0.));
#4946=CARTESIAN_POINT('Ctrl Pts',(-4.47940599609041,10.3771933995737,-10.));
#4947=CARTESIAN_POINT('Ctrl Pts',(-4.42902296821036,10.2874213807378,0.));
#4948=CARTESIAN_POINT('Ctrl Pts',(-4.42902296821036,10.2874213807378,-10.));
#4949=CARTESIAN_POINT('Ctrl Pts',(-4.35344098422124,10.1527500920952,0.));
#4950=CARTESIAN_POINT('Ctrl Pts',(-4.35344098422124,10.1527500920952,-10.));
#4951=CARTESIAN_POINT('Ctrl Pts',(-4.27067823280066,9.96410590601625,0.));
#4952=CARTESIAN_POINT('Ctrl Pts',(-4.27067823280066,9.96410590601625,-10.));
#4953=CARTESIAN_POINT('Ctrl Pts',(-4.21903477181108,9.81860457159133,0.));
#4954=CARTESIAN_POINT('Ctrl Pts',(-4.21903477181108,9.81860457159133,-10.));
#4955=CARTESIAN_POINT('Ctrl Pts',(-4.17375232656763,9.6708831642851,0.));
#4956=CARTESIAN_POINT('Ctrl Pts',(-4.17375232656763,9.6708831642851,-10.));
#4957=CARTESIAN_POINT('Ctrl Pts',(-4.14357400994291,9.51934613633682,0.));
#4958=CARTESIAN_POINT('Ctrl Pts',(-4.14357400994291,9.51934613633682,-10.));
#4959=CARTESIAN_POINT('Ctrl Pts',(-4.12261177687338,9.36626108091806,0.));
#4960=CARTESIAN_POINT('Ctrl Pts',(-4.12261177687338,9.36626108091806,-10.));
#4961=CARTESIAN_POINT('Ctrl Pts',(-4.11889442494716,9.21165284518166,0.));
#4962=CARTESIAN_POINT('Ctrl Pts',(-4.11889442494716,9.21165284518166,-10.));
#4963=CARTESIAN_POINT('Ctrl Pts',(-4.13123963487563,9.05752799624283,0.));
#4964=CARTESIAN_POINT('Ctrl Pts',(-4.13123963487563,9.05752799624283,-10.));
#4965=CARTESIAN_POINT('Ctrl Pts',(-4.16240232709646,8.90600643426409,0.));
#4966=CARTESIAN_POINT('Ctrl Pts',(-4.16240232709646,8.90600643426409,-10.));
#4967=CARTESIAN_POINT('Ctrl Pts',(-4.21323315871155,8.75984374676602,0.));
#4968=CARTESIAN_POINT('Ctrl Pts',(-4.21323315871155,8.75984374676602,-10.));
#4969=CARTESIAN_POINT('Ctrl Pts',(-4.28525871732817,8.62280911872231,0.));
#4970=CARTESIAN_POINT('Ctrl Pts',(-4.28525871732817,8.62280911872231,-10.));
#4971=CARTESIAN_POINT('Ctrl Pts',(-4.37698231986311,8.49819779185192,0.));
#4972=CARTESIAN_POINT('Ctrl Pts',(-4.37698231986311,8.49819779185192,-10.));
#4973=CARTESIAN_POINT('Ctrl Pts',(-4.48713329751925,8.38920760720392,0.));
#4974=CARTESIAN_POINT('Ctrl Pts',(-4.48713329751925,8.38920760720392,-10.));
#4975=CARTESIAN_POINT('Ctrl Pts',(-4.61494084352023,8.30182347413658,0.));
#4976=CARTESIAN_POINT('Ctrl Pts',(-4.61494084352023,8.30182347413658,-10.));
#4977=CARTESIAN_POINT('Ctrl Pts',(-4.75073536045112,8.22851501761537,0.));
#4978=CARTESIAN_POINT('Ctrl Pts',(-4.75073536045112,8.22851501761537,-10.));
#4979=CARTESIAN_POINT('Ctrl Pts',(-4.88211960457615,8.14756774451918,0.));
#4980=CARTESIAN_POINT('Ctrl Pts',(-4.88211960457615,8.14756774451918,-10.));
#4981=CARTESIAN_POINT('Ctrl Pts',(-5.02170025670064,8.08057522942067,0.));
#4982=CARTESIAN_POINT('Ctrl Pts',(-5.02170025670064,8.08057522942067,-10.));
#4983=CARTESIAN_POINT('Ctrl Pts',(-5.17116401419704,8.03967677684274,0.));
#4984=CARTESIAN_POINT('Ctrl Pts',(-5.17116401419704,8.03967677684274,-10.));
#4985=CARTESIAN_POINT('Ctrl Pts',(-5.32494239013355,8.02254747035608,0.));
#4986=CARTESIAN_POINT('Ctrl Pts',(-5.32494239013355,8.02254747035608,-10.));
#4987=CARTESIAN_POINT('Ctrl Pts',(-5.47963063852586,8.02868882089416,0.));
#4988=CARTESIAN_POINT('Ctrl Pts',(-5.47963063852586,8.02868882089416,-10.));
#4989=CARTESIAN_POINT('Ctrl Pts',(-5.63162665479215,8.05774937316904,0.));
#4990=CARTESIAN_POINT('Ctrl Pts',(-5.63162665479215,8.05774937316904,-10.));
#4991=CARTESIAN_POINT('Ctrl Pts',(-5.77842952279726,8.10652247104485,0.));
#4992=CARTESIAN_POINT('Ctrl Pts',(-5.77842952279726,8.10652247104485,-10.));
#4993=CARTESIAN_POINT('Ctrl Pts',(-5.91807816229695,8.17289363010116,0.));
#4994=CARTESIAN_POINT('Ctrl Pts',(-5.91807816229695,8.17289363010116,-10.));
#4995=CARTESIAN_POINT('Ctrl Pts',(-6.05011414611586,8.25341706917226,0.));
#4996=CARTESIAN_POINT('Ctrl Pts',(-6.05011414611586,8.25341706917226,-10.));
#4997=CARTESIAN_POINT('Ctrl Pts',(-6.17220857651348,8.34811342323992,0.));
#4998=CARTESIAN_POINT('Ctrl Pts',(-6.17220857651348,8.34811342323992,-10.));
#4999=CARTESIAN_POINT('Ctrl Pts',(-6.28835433401833,8.45001712605451,0.));
#5000=CARTESIAN_POINT('Ctrl Pts',(-6.28835433401833,8.45001712605451,-10.));
#5001=CARTESIAN_POINT('Ctrl Pts',(-6.39364360280659,8.56309357763395,0.));
#5002=CARTESIAN_POINT('Ctrl Pts',(-6.39364360280659,8.56309357763395,-10.));
#5003=CARTESIAN_POINT('Ctrl Pts',(-6.49382972420831,8.68056879400272,0.));
#5004=CARTESIAN_POINT('Ctrl Pts',(-6.49382972420831,8.68056879400272,-10.));
#5005=CARTESIAN_POINT('Ctrl Pts',(-6.61581900591864,8.84656553225951,0.));
#5006=CARTESIAN_POINT('Ctrl Pts',(-6.61581900591864,8.84656553225951,-10.));
#5007=CARTESIAN_POINT('Ctrl Pts',(-6.69465677104897,8.97935709478383,0.));
#5008=CARTESIAN_POINT('Ctrl Pts',(-6.69465677104897,8.97935709478383,-10.));
#5009=CARTESIAN_POINT('Ctrl Pts',(-6.74721010596981,9.06787608626546,0.));
#5010=CARTESIAN_POINT('Ctrl Pts',(-6.74721010596981,9.06787608626546,-10.));
#5011=CARTESIAN_POINT('',(-6.74721010596981,9.06787608626546,-6.));
#5012=CARTESIAN_POINT('',(-4.47940599609041,10.3771933995737,-6.));
#5013=CARTESIAN_POINT('Ctrl Pts',(-6.74721010596981,9.06787608626546,-6.));
#5014=CARTESIAN_POINT('Ctrl Pts',(-6.69465677104897,8.97935709478383,-6.));
#5015=CARTESIAN_POINT('Ctrl Pts',(-6.64210343612812,8.89083810330219,-6.));
#5016=CARTESIAN_POINT('Ctrl Pts',(-6.58392840283445,8.80600635561797,-6.));
#5017=CARTESIAN_POINT('Ctrl Pts',(-6.55483229304722,8.7635779511235,-6.));
#5018=CARTESIAN_POINT('Ctrl Pts',(-6.52432992815279,8.72207190230835,-6.));
#5019=CARTESIAN_POINT('Ctrl Pts',(-6.4923807670104,8.68173943468763,-6.));
#5020=CARTESIAN_POINT('Ctrl Pts',(-6.46043386931671,8.64140982443368,-6.));
#5021=CARTESIAN_POINT('Ctrl Pts',(-6.42704038036531,8.60225362909456,-6.));
#5022=CARTESIAN_POINT('Ctrl Pts',(-6.39279577974801,8.56382975669624,-6.));
#5023=CARTESIAN_POINT('Ctrl Pts',(-6.3585478067055,8.52540210029596,-6.));
#5024=CARTESIAN_POINT('Ctrl Pts',(-6.32344855435306,8.48770691108264,-6.));
#5025=CARTESIAN_POINT('Ctrl Pts',(-6.28653932280211,8.45187387688654,-6.));
#5026=CARTESIAN_POINT('Ctrl Pts',(-6.24963538275724,8.41604597990707,-6.));
#5027=CARTESIAN_POINT('Ctrl Pts',(-6.21092198245338,8.38207970404597,-6.));
#5028=CARTESIAN_POINT('Ctrl Pts',(-6.17121687357404,8.34931435452068,-6.));
#5029=CARTESIAN_POINT('Ctrl Pts',(-6.13151175891427,8.31654900022528,-6.));
#5030=CARTESIAN_POINT('Ctrl Pts',(-6.09081493539026,8.28498457261537,-6.));
#5031=CARTESIAN_POINT('Ctrl Pts',(-6.04845986756361,8.25578121956739,-6.));
#5032=CARTESIAN_POINT('Ctrl Pts',(-6.00610067239699,8.22657502076393,-6.));
#5033=CARTESIAN_POINT('Ctrl Pts',(-5.96208290973282,8.19973035670026,-6.));
#5034=CARTESIAN_POINT('Ctrl Pts',(-5.91679328062989,8.17524376328604,-6.));
#5035=CARTESIAN_POINT('Ctrl Pts',(-5.87151704282237,8.15076441009903,-6.));
#5036=CARTESIAN_POINT('Ctrl Pts',(-5.82496969059909,8.12864173329294,-6.));
#5037=CARTESIAN_POINT('Ctrl Pts',(-5.77722428723396,8.1094502796767,-6.));
#5038=CARTESIAN_POINT('Ctrl Pts',(-5.72948625320529,8.09026178819438,-6.));
#5039=CARTESIAN_POINT('Ctrl Pts',(-5.68055053783626,8.07400361512357,-6.));
#5040=CARTESIAN_POINT('Ctrl Pts',(-5.63074407885431,8.06103038633388,-6.));
#5041=CARTESIAN_POINT('Ctrl Pts',(-5.5809496627372,8.04806029438314,-6.));
#5042=CARTESIAN_POINT('Ctrl Pts',(-5.53028492403611,8.03837355835095,-6.));
#5043=CARTESIAN_POINT('Ctrl Pts',(-5.4791662573566,8.03250683241046,-6.));
#5044=CARTESIAN_POINT('Ctrl Pts',(-5.42805813752273,8.02664131689772,-6.));
#5045=CARTESIAN_POINT('Ctrl Pts',(-5.37649627700072,8.024594235344,-6.));
#5046=CARTESIAN_POINT('Ctrl Pts',(-5.32507977665864,8.02642653079134,-6.));
#5047=CARTESIAN_POINT('Ctrl Pts',(-5.27367122749254,8.02825854288794,-6.));
#5048=CARTESIAN_POINT('Ctrl Pts',(-5.22240799355213,8.03396873224529,-6.));
#5049=CARTESIAN_POINT('Ctrl Pts',(-5.1718613714058,8.04364221504954,-6.));
#5050=CARTESIAN_POINT('Ctrl Pts',(-5.12133373468381,8.05331206447202,-6.));
#5051=CARTESIAN_POINT('Ctrl Pts',(-5.07152217153502,8.06694223065678,-6.));
#5052=CARTESIAN_POINT('Ctrl Pts',(-5.0233659710011,8.08491594855403,-6.));
#5053=CARTESIAN_POINT('Ctrl Pts',(-4.97519976279396,8.10289340169396,-6.));
#5054=CARTESIAN_POINT('Ctrl Pts',(-4.92868960529789,8.12521621206104,-6.));
#5055=CARTESIAN_POINT('Ctrl Pts',(-4.88355503459779,8.14985577640423,-6.));
#5056=CARTESIAN_POINT('Ctrl Pts',(-4.83836239059832,8.17452704373638,-6.));
#5057=CARTESIAN_POINT('Ctrl Pts',(-4.79454887552472,8.20152103067587,-6.));
#5058=CARTESIAN_POINT('Ctrl Pts',(-4.75,8.22724133595216,-6.));
#5059=CARTESIAN_POINT('Ctrl Pts',(-4.70545112447529,8.25296164122845,-6.));
#5060=CARTESIAN_POINT('Ctrl Pts',(-4.66016688849946,8.27740826484154,-6.));
#5061=CARTESIAN_POINT('Ctrl Pts',(-4.61620462224653,8.3042106089432,-6.));
#5062=CARTESIAN_POINT('Ctrl Pts',(-4.57229884823709,8.33097851158679,-6.));
#5063=CARTESIAN_POINT('Ctrl Pts',(-4.5297116486273,8.36009608432885,-6.));
#5064=CARTESIAN_POINT('Ctrl Pts',(-4.49005961340921,8.39282051767025,-6.));
#5065=CARTESIAN_POINT('Ctrl Pts',(-4.45041581684277,8.42553815173373,-6.));
#5066=CARTESIAN_POINT('Ctrl Pts',(-4.41370596509458,8.46186114773042,-6.));
#5067=CARTESIAN_POINT('Ctrl Pts',(-4.38006781148295,8.50078444001362,-6.));
#5068=CARTESIAN_POINT('Ctrl Pts',(-4.34641701855823,8.5397223574657,-6.));
#5069=CARTESIAN_POINT('Ctrl Pts',(-4.31584023254413,8.58126252565956,-6.));
#5070=CARTESIAN_POINT('Ctrl Pts',(-4.28854938894539,8.62486762916081,-6.));
#5071=CARTESIAN_POINT('Ctrl Pts',(-4.26125432436971,8.66847947690706,-6.));
#5072=CARTESIAN_POINT('Ctrl Pts',(-4.23724621873785,8.71415689876238,-6.));
#5073=CARTESIAN_POINT('Ctrl Pts',(-4.21677184426124,8.76135058663454,-6.));
#5074=CARTESIAN_POINT('Ctrl Pts',(-4.19629324462299,8.80855401355684,-6.));
#5075=CARTESIAN_POINT('Ctrl Pts',(-4.17934983475608,8.85727433236418,-6.));
#5076=CARTESIAN_POINT('Ctrl Pts',(-4.16568505581628,8.90688260766358,-6.));
#5077=CARTESIAN_POINT('Ctrl Pts',(-4.15201697202629,8.95650288080934,-6.));
#5078=CARTESIAN_POINT('Ctrl Pts',(-4.14162910524022,9.00701154000668,-6.));
#5079=CARTESIAN_POINT('Ctrl Pts',(-4.13437780930987,9.0579481359434,-6.));
#5080=CARTESIAN_POINT('Ctrl Pts',(-4.12712539399453,9.10889259497966,-6.));
#5081=CARTESIAN_POINT('Ctrl Pts',(-4.12301051799667,9.16026512288696,-6.));
#5082=CARTESIAN_POINT('Ctrl Pts',(-4.12157214082106,9.21171517160957,-6.));
#5083=CARTESIAN_POINT('Ctrl Pts',(-4.12013333821846,9.26318043764779,-6.));
#5084=CARTESIAN_POINT('Ctrl Pts',(-4.12137261792158,9.31472327036456,-6.));
#5085=CARTESIAN_POINT('Ctrl Pts',(-4.12548633045005,9.36601050886445,-6.));
#5086=CARTESIAN_POINT('Ctrl Pts',(-4.12959964215196,9.41729275010532,-6.));
#5087=CARTESIAN_POINT('Ctrl Pts',(-4.13658682655605,9.4683194469354,-6.));
#5088=CARTESIAN_POINT('Ctrl Pts',(-4.14510989840997,9.51908776203864,-6.));
#5089=CARTESIAN_POINT('Ctrl Pts',(-4.15363296902307,9.56985606975082,-6.));
#5090=CARTESIAN_POINT('Ctrl Pts',(-4.16369192663881,9.62036599581139,-6.));
#5091=CARTESIAN_POINT('Ctrl Pts',(-4.17626782556477,9.67023969387972,-6.));
#5092=CARTESIAN_POINT('Ctrl Pts',(-4.18884552769779,9.72012054313505,-6.));
#5093=CARTESIAN_POINT('Ctrl Pts',(-4.20394089298077,9.76936498193277,-6.));
#5094=CARTESIAN_POINT('Ctrl Pts',(-4.22009623311006,9.81823842481584,-6.));
#5095=CARTESIAN_POINT('Ctrl Pts',(-4.23624998241012,9.86710705509203,-6.));
#5096=CARTESIAN_POINT('Ctrl Pts',(-4.25346349781364,9.9156047625145,-6.));
#5097=CARTESIAN_POINT('Ctrl Pts',(-4.27241651597145,9.96343639261632,-6.));
#5098=CARTESIAN_POINT('Ctrl Pts',(-4.29137087695712,10.0112714116056,-6.));
#5099=CARTESIAN_POINT('Ctrl Pts',(-4.31206498719454,10.0584402588872,-6.));
#5100=CARTESIAN_POINT('Ctrl Pts',(-4.33426100843518,10.1048524313615,-6.));
#5101=CARTESIAN_POINT('Ctrl Pts',(-4.37863994033031,10.197649361902,-6.));
#5102=CARTESIAN_POINT('Ctrl Pts',(-4.42902296821036,10.2874213807378,-6.));
#5103=CARTESIAN_POINT('Ctrl Pts',(-4.47940599609041,10.3771933995737,-6.));
#5104=CARTESIAN_POINT('',(-6.74721010596981,9.06787608626546,0.));
#5105=CARTESIAN_POINT('',(-4.47940599609041,10.3771933995737,0.));
#5106=CARTESIAN_POINT('Ctrl Pts',(-4.2245808448644,13.3345655866124,0.));
#5107=CARTESIAN_POINT('Ctrl Pts',(-4.2245808448644,13.3345655866124,-10.));
#5108=CARTESIAN_POINT('Ctrl Pts',(-4.26335961041639,13.2152373036025,0.));
#5109=CARTESIAN_POINT('Ctrl Pts',(-4.26335961041639,13.2152373036025,-10.));
#5110=CARTESIAN_POINT('Ctrl Pts',(-4.340917353038,12.97658008671,0.));
#5111=CARTESIAN_POINT('Ctrl Pts',(-4.340917353038,12.97658008671,-10.));
#5112=CARTESIAN_POINT('Ctrl Pts',(-4.43490713619065,12.6119231323098,0.));
#5113=CARTESIAN_POINT('Ctrl Pts',(-4.43490713619065,12.6119231323098,-10.));
#5114=CARTESIAN_POINT('Ctrl Pts',(-4.510962008168,12.243198447578,0.));
#5115=CARTESIAN_POINT('Ctrl Pts',(-4.510962008168,12.243198447578,-10.));
#5116=CARTESIAN_POINT('Ctrl Pts',(-4.56545560683856,11.8705953792201,0.));
#5117=CARTESIAN_POINT('Ctrl Pts',(-4.56545560683856,11.8705953792201,-10.));
#5118=CARTESIAN_POINT('Ctrl Pts',(-4.59619210835008,11.4952715859493,0.));
#5119=CARTESIAN_POINT('Ctrl Pts',(-4.59619210835008,11.4952715859493,-10.));
#5120=CARTESIAN_POINT('Ctrl Pts',(-4.59876465296016,11.1813320804939,0.));
#5121=CARTESIAN_POINT('Ctrl Pts',(-4.59876465296016,11.1813320804939,-10.));
#5122=CARTESIAN_POINT('Ctrl Pts',(-4.58426623156281,10.9307583601475,0.));
#5123=CARTESIAN_POINT('Ctrl Pts',(-4.58426623156281,10.9307583601475,-10.));
#5124=CARTESIAN_POINT('Ctrl Pts',(-4.56322724546533,10.7437565143188,0.));
#5125=CARTESIAN_POINT('Ctrl Pts',(-4.56322724546533,10.7437565143188,-10.));
#5126=CARTESIAN_POINT('Ctrl Pts',(-4.53273979408484,10.5577521010959,0.));
#5127=CARTESIAN_POINT('Ctrl Pts',(-4.53273979408484,10.5577521010959,-10.));
#5128=CARTESIAN_POINT('Ctrl Pts',(-4.49718141357892,10.4373711184205,0.));
#5129=CARTESIAN_POINT('Ctrl Pts',(-4.49718141357892,10.4373711184205,-10.));
#5130=CARTESIAN_POINT('Ctrl Pts',(-4.47940599609041,10.3771933995737,0.));
#5131=CARTESIAN_POINT('Ctrl Pts',(-4.47940599609041,10.3771933995737,-10.));
#5132=CARTESIAN_POINT('',(-4.51866850538986,12.17636303247,-6.));
#5133=CARTESIAN_POINT('Ctrl Pts',(-4.47940599609041,10.3771933995737,-6.));
#5134=CARTESIAN_POINT('Ctrl Pts',(-4.49718141357892,10.4373711184205,-6.));
#5135=CARTESIAN_POINT('Ctrl Pts',(-4.51495683106743,10.4975488372673,-6.));
#5136=CARTESIAN_POINT('Ctrl Pts',(-4.52892501169118,10.558628612826,-6.));
#5137=CARTESIAN_POINT('Ctrl Pts',(-4.54289912170087,10.6197343162826,-6.));
#5138=CARTESIAN_POINT('Ctrl Pts',(-4.55306276187384,10.681742842446,-6.));
#5139=CARTESIAN_POINT('Ctrl Pts',(-4.56165090793264,10.743911965911,-6.));
#5140=CARTESIAN_POINT('Ctrl Pts',(-4.5702397666693,10.8060862484124,-6.));
#5141=CARTESIAN_POINT('Ctrl Pts',(-4.57725286979965,10.8684211548706,-6.));
#5142=CARTESIAN_POINT('Ctrl Pts',(-4.58257186510385,10.9309122183722,-6.));
#5143=CARTESIAN_POINT('Ctrl Pts',(-4.58789105656469,10.9934055864512,-6.));
#5144=CARTESIAN_POINT('Ctrl Pts',(-4.59151601524472,11.0560551230914,-6.));
#5145=CARTESIAN_POINT('Ctrl Pts',(-4.59376097006173,11.118753098765,-6.));
#5146=CARTESIAN_POINT('Ctrl Pts',(-4.5982500872055,11.2441269171348,-6.));
#5147=CARTESIAN_POINT('Ctrl Pts',(-4.59722113734276,11.3696944232464,-6.));
#5148=CARTESIAN_POINT('Ctrl Pts',(-4.59158442534104,11.495028047881,-6.));
#5149=CARTESIAN_POINT('Ctrl Pts',(-4.58594727985597,11.6203713111207,-6.));
#5150=CARTESIAN_POINT('Ctrl Pts',(-4.57570166349782,11.7454806569093,-6.));
#5151=CARTESIAN_POINT('Ctrl Pts',(-4.56149701770297,11.8701335005237,-6.));
#5152=CARTESIAN_POINT('Ctrl Pts',(-4.5498258722208,11.9725536167027,-6.));
#5153=CARTESIAN_POINT('Ctrl Pts',(-4.53548199802882,12.0746655496549,-6.));
#5154=CARTESIAN_POINT('Ctrl Pts',(-4.51866850539428,12.1763630324432,-6.));
#5155=CARTESIAN_POINT('',(-4.2245808448644,13.3345655866124,-1.));
#5156=CARTESIAN_POINT('Ctrl Pts',(-4.2245808448644,13.3345655866124,-1.));
#5157=CARTESIAN_POINT('Ctrl Pts',(-4.24446833487561,13.2733686918007,-0.947667306964779));
#5158=CARTESIAN_POINT('Ctrl Pts',(-4.26344659623312,13.2149496103036,-0.897849139089447));
#5159=CARTESIAN_POINT('Ctrl Pts',(-4.28205484159493,13.1561565040716,-0.84768712441789));
#5160=CARTESIAN_POINT('Ctrl Pts',(-4.29274900367109,13.1223680949668,-0.818859005240909));
#5161=CARTESIAN_POINT('Ctrl Pts',(-4.30332318623664,13.0884568185809,-0.789917320239495));
#5162=CARTESIAN_POINT('Ctrl Pts',(-4.3138574623492,13.0538177661409,-0.760319515680534));
#5163=CARTESIAN_POINT('Ctrl Pts',(-4.3216532239914,13.028183560862,-0.738416023973243));
#5164=CARTESIAN_POINT('Ctrl Pts',(-4.3294268912043,13.0021507132968,-0.716153204570172));
#5165=CARTESIAN_POINT('Ctrl Pts',(-4.33719275436775,12.9754686392228,-0.693311168058426));
#5166=CARTESIAN_POINT('Ctrl Pts',(-4.34845546028583,12.9367720581403,-0.660183731431278));
#5167=CARTESIAN_POINT('Ctrl Pts',(-4.35970236657035,12.8967097858019,-0.625838013997204));
#5168=CARTESIAN_POINT('Ctrl Pts',(-4.37106547086109,12.8545528009948,-0.589603261632923));
#5169=CARTESIAN_POINT('Ctrl Pts',(-4.379170587584,12.8244829121859,-0.563757604511073));
#5170=CARTESIAN_POINT('Ctrl Pts',(-4.38733373045104,12.793346997991,-0.536950856300741));
#5171=CARTESIAN_POINT('Ctrl Pts',(-4.39558687098035,12.7608776642491,-0.508939600400917));
#5172=CARTESIAN_POINT('Ctrl Pts',(-4.40796049791227,12.7121975986398,-0.466943365250443));
#5173=CARTESIAN_POINT('Ctrl Pts',(-4.42011659956469,12.6621430979684,-0.423673934343305));
#5174=CARTESIAN_POINT('Ctrl Pts',(-4.43191856999274,12.6112425765908,-0.379566131831078));
#5175=CARTESIAN_POINT('Ctrl Pts',(-4.44446069864365,12.5571498391612,-0.332692117276468));
#5176=CARTESIAN_POINT('Ctrl Pts',(-4.45660376833154,12.5021021666342,-0.284871277062462));
#5177=CARTESIAN_POINT('Ctrl Pts',(-4.46812215022989,12.4467146504341,-0.236625483008062));
#5178=CARTESIAN_POINT('Ctrl Pts',(-4.47900007644329,12.3944068419515,-0.191062296055025));
#5179=CARTESIAN_POINT('Ctrl Pts',(-4.48932057204468,12.3417960507884,-0.145120098788317));
#5180=CARTESIAN_POINT('Ctrl Pts',(-4.49893988751891,12.2894103559274,-0.0992384609099002));
#5181=CARTESIAN_POINT('Ctrl Pts',(-4.5018128907856,12.2737643078414,-0.0855349810875469));
#5182=CARTESIAN_POINT('Ctrl Pts',(-4.50462368796016,12.258138403492,-0.0718369033995735));
#5183=CARTESIAN_POINT('Ctrl Pts',(-4.50736935696641,12.2425468736878,-0.0581559391055158));
#5184=CARTESIAN_POINT('Ctrl Pts',(-4.511269019788,12.2204022856219,-0.0387249196711269));
#5185=CARTESIAN_POINT('Ctrl Pts',(-4.51503723012701,12.1983270325478,-0.0193284220739629));
#5186=CARTESIAN_POINT('Ctrl Pts',(-4.51866850538986,12.17636303247,0.));
#5187=CARTESIAN_POINT('',(-4.2245808448644,13.3345655866124,-5.));
#5188=CARTESIAN_POINT('',(-4.2245808448644,13.3345655866124,0.));
#5189=CARTESIAN_POINT('Ctrl Pts',(-4.51866850538986,12.17636303247,-6.));
#5190=CARTESIAN_POINT('Ctrl Pts',(-4.51682550808569,12.1875105192349,-5.99019035978357));
#5191=CARTESIAN_POINT('Ctrl Pts',(-4.51494480683104,12.198701602452,-5.98034893524916));
#5192=CARTESIAN_POINT('Ctrl Pts',(-4.51302582911342,12.2099363926926,-5.97047624772808));
#5193=CARTESIAN_POINT('Ctrl Pts',(-4.51117403859492,12.2207778307426,-5.96094922249182));
#5194=CARTESIAN_POINT('Ctrl Pts',(-4.50928833184892,12.2316498012418,-5.95140230024992));
#5195=CARTESIAN_POINT('Ctrl Pts',(-4.50736935696641,12.2425468736878,-5.94183986300778));
#5196=CARTESIAN_POINT('Ctrl Pts',(-4.49844881057347,12.2932030032643,-5.8973879184692));
#5197=CARTESIAN_POINT('Ctrl Pts',(-4.48880516241418,12.344400863061,-5.85260070283116));
#5198=CARTESIAN_POINT('Ctrl Pts',(-4.47855229402087,12.3956111094651,-5.80791840531651));
#5199=CARTESIAN_POINT('Ctrl Pts',(-4.46779103371856,12.4493606330676,-5.76102052113279));
#5200=CARTESIAN_POINT('Ctrl Pts',(-4.45635884164501,12.5031236724222,-5.71423821783571));
#5201=CARTESIAN_POINT('Ctrl Pts',(-4.44444438837993,12.5562990974603,-5.6680804659906));
#5202=CARTESIAN_POINT('Ctrl Pts',(-4.44032329112448,12.574691976538,-5.65211493402584));
#5203=CARTESIAN_POINT('Ctrl Pts',(-4.43614495892103,12.593014654287,-5.63622412358381));
#5204=CARTESIAN_POINT('Ctrl Pts',(-4.43191856999274,12.6112425765908,-5.62042909711532));
#5205=CARTESIAN_POINT('Ctrl Pts',(-4.42038389745461,12.6609902733581,-5.57732126649762));
#5206=CARTESIAN_POINT('Ctrl Pts',(-4.40848759157452,12.7100310332106,-5.53492688740225));
#5207=CARTESIAN_POINT('Ctrl Pts',(-4.39635636059065,12.7578475004602,-5.49367412992609));
#5208=CARTESIAN_POINT('Ctrl Pts',(-4.39469835973031,12.7643826776358,-5.48803602877396));
#5209=CARTESIAN_POINT('Ctrl Pts',(-4.39303604683177,12.7708950101128,-5.4824192522734));
#5210=CARTESIAN_POINT('Ctrl Pts',(-4.39136981869772,12.7773832009541,-5.47682489351454));
#5211=CARTESIAN_POINT('Ctrl Pts',(-4.37993427917531,12.8219124951599,-5.43843008467527));
#5212=CARTESIAN_POINT('Ctrl Pts',(-4.36867544731999,12.8639159047048,-5.40231643222941));
#5213=CARTESIAN_POINT('Ctrl Pts',(-4.35749094875346,12.9041296566084,-5.36781305998699));
#5214=CARTESIAN_POINT('Ctrl Pts',(-4.35070920696068,12.9285133408931,-5.34689187517603));
#5215=CARTESIAN_POINT('Ctrl Pts',(-4.34395381139438,12.9522388937835,-5.32656273018573));
#5216=CARTESIAN_POINT('Ctrl Pts',(-4.33719275436775,12.9754686392228,-5.30667606463072));
#5217=CARTESIAN_POINT('Ctrl Pts',(-4.32732420349388,13.0093751606072,-5.27764915804378));
#5218=CARTESIAN_POINT('Ctrl Pts',(-4.31744681965829,13.0422264203685,-5.24956494528065));
#5219=CARTESIAN_POINT('Ctrl Pts',(-4.30752138153072,13.0745506547818,-5.22195834070039));
#5220=CARTESIAN_POINT('Ctrl Pts',(-4.29474572044099,13.1161572275638,-5.18642412856564));
#5221=CARTESIAN_POINT('Ctrl Pts',(-4.28188957618941,13.1568903711893,-5.15168121275981));
#5222=CARTESIAN_POINT('Ctrl Pts',(-4.26878256752097,13.1978506804511,-5.11673777063914));
#5223=CARTESIAN_POINT('Ctrl Pts',(-4.254439345968,13.2426742405388,-5.07849857015953));
#5224=CARTESIAN_POINT('Ctrl Pts',(-4.23978896927304,13.2877678263523,-5.04001923349152));
#5225=CARTESIAN_POINT('Ctrl Pts',(-4.2245808448644,13.3345655866124,-5.));
#5226=CARTESIAN_POINT('Ctrl Pts',(-6.74721010596981,9.06787608626546,0.));
#5227=CARTESIAN_POINT('Ctrl Pts',(-6.74721010596981,9.06787608626546,-10.));
#5228=CARTESIAN_POINT('Ctrl Pts',(-6.7904378304887,9.11335890879679,0.));
#5229=CARTESIAN_POINT('Ctrl Pts',(-6.7904378304887,9.11335890879679,-10.));
#5230=CARTESIAN_POINT('Ctrl Pts',(-6.87691162936522,9.20434386097008,0.));
#5231=CARTESIAN_POINT('Ctrl Pts',(-6.87691162936522,9.20434386097008,-10.));
#5232=CARTESIAN_POINT('Ctrl Pts',(-7.02275245074195,9.32374897497366,0.));
#5233=CARTESIAN_POINT('Ctrl Pts',(-7.02275245074195,9.32374897497366,-10.));
#5234=CARTESIAN_POINT('Ctrl Pts',(-7.17418130673548,9.43547019431828,0.));
#5235=CARTESIAN_POINT('Ctrl Pts',(-7.17418130673548,9.43547019431828,-10.));
#5236=CARTESIAN_POINT('Ctrl Pts',(-7.38393530337753,9.57331305573637,0.));
#5237=CARTESIAN_POINT('Ctrl Pts',(-7.38393530337753,9.57331305573637,-10.));
#5238=CARTESIAN_POINT('Ctrl Pts',(-7.65710116265854,9.72805491947939,0.));
#5239=CARTESIAN_POINT('Ctrl Pts',(-7.65710116265854,9.72805491947939,-10.));
#5240=CARTESIAN_POINT('Ctrl Pts',(-7.99750935303147,9.88909822498233,0.));
#5241=CARTESIAN_POINT('Ctrl Pts',(-7.99750935303147,9.88909822498233,-10.));
#5242=CARTESIAN_POINT('Ctrl Pts',(-8.34743987509279,10.028206918369,0.));
#5243=CARTESIAN_POINT('Ctrl Pts',(-8.34743987509279,10.028206918369,-10.));
#5244=CARTESIAN_POINT('Ctrl Pts',(-8.70479225506161,10.1467038095209,0.));
#5245=CARTESIAN_POINT('Ctrl Pts',(-8.70479225506161,10.1467038095209,-10.));
#5246=CARTESIAN_POINT('Ctrl Pts',(-9.06758933281517,10.2476347468146,0.));
#5247=CARTESIAN_POINT('Ctrl Pts',(-9.06758933281517,10.2476347468146,-10.));
#5248=CARTESIAN_POINT('Ctrl Pts',(-9.31305141675132,10.2997963798904,0.));
#5249=CARTESIAN_POINT('Ctrl Pts',(-9.31305141675132,10.2997963798904,-10.));
#5250=CARTESIAN_POINT('Ctrl Pts',(-9.43578212400394,10.3258771252999,0.));
#5251=CARTESIAN_POINT('Ctrl Pts',(-9.43578212400394,10.3258771252999,-10.));
#5252=CARTESIAN_POINT('',(-8.28570545912581,10.0014632331833,-6.));
#5253=CARTESIAN_POINT('Ctrl Pts',(-8.28570545910468,10.0014632331753,-6.));
#5254=CARTESIAN_POINT('Ctrl Pts',(-8.1892261091903,9.96517540352853,-6.));
#5255=CARTESIAN_POINT('Ctrl Pts',(-8.09362264412681,9.92654159649087,-6.));
#5256=CARTESIAN_POINT('Ctrl Pts',(-7.99908864891473,9.88543904687957,-6.));
#5257=CARTESIAN_POINT('Ctrl Pts',(-7.88403379679329,9.83541420918247,-6.));
#5258=CARTESIAN_POINT('Ctrl Pts',(-7.77056311691042,9.78173250033174,-6.));
#5259=CARTESIAN_POINT('Ctrl Pts',(-7.65919409400912,9.72394277990683,-6.));
#5260=CARTESIAN_POINT('Ctrl Pts',(-7.54783363512628,9.66615750337682,-6.));
#5261=CARTESIAN_POINT('Ctrl Pts',(-7.43857451001238,9.60426484704138,-6.));
#5262=CARTESIAN_POINT('Ctrl Pts',(-7.33224215690656,9.5376902483694,-6.));
#5263=CARTESIAN_POINT('Ctrl Pts',(-7.27906659461588,9.50439707263072,-6.));
#5264=CARTESIAN_POINT('Ctrl Pts',(-7.22662298369015,9.46993299800603,-6.));
#5265=CARTESIAN_POINT('Ctrl Pts',(-7.1751617350961,9.43407975903385,-6.));
#5266=CARTESIAN_POINT('Ctrl Pts',(-7.12370238424637,9.39822784222704,-6.));
#5267=CARTESIAN_POINT('Ctrl Pts',(-7.07322532327621,9.3609868635277,-6.));
#5268=CARTESIAN_POINT('Ctrl Pts',(-7.02367524453621,9.3224615524215,-6.));
#5269=CARTESIAN_POINT('Ctrl Pts',(-6.97412927731389,9.28393943803066,-6.));
#5270=CARTESIAN_POINT('Ctrl Pts',(-6.92551013849167,9.24413320436426,-6.));
#5271=CARTESIAN_POINT('Ctrl Pts',(-6.87957810198695,9.20147841837227,-6.));
#5272=CARTESIAN_POINT('Ctrl Pts',(-6.83366555500759,9.15884173132813,-6.));
#5273=CARTESIAN_POINT('Ctrl Pts',(-6.7904378304887,9.11335890879679,-6.));
#5274=CARTESIAN_POINT('Ctrl Pts',(-6.74721010596981,9.06787608626546,-6.));
#5275=CARTESIAN_POINT('',(-9.43578212400394,10.3258771252999,-5.));
#5276=CARTESIAN_POINT('Ctrl Pts',(-9.43578212400394,10.3258771252999,-5.));
#5277=CARTESIAN_POINT('Ctrl Pts',(-9.22211087473129,10.2804711663645,-5.17765602549018));
#5278=CARTESIAN_POINT('Ctrl Pts',(-9.02601034031252,10.2395147090932,-5.33889277794443));
#5279=CARTESIAN_POINT('Ctrl Pts',(-8.59141688049041,10.1097925940202,-5.72079357534303));
#5280=CARTESIAN_POINT('Ctrl Pts',(-8.43706745199292,10.0583935319153,-5.85959659630933));
#5281=CARTESIAN_POINT('Ctrl Pts',(-8.28570545912581,10.0014632331833,-6.));
#5282=CARTESIAN_POINT('',(-9.43578212400394,10.3258771252999,-1.));
#5283=CARTESIAN_POINT('',(-9.43578212400394,10.3258771252999,0.));
#5284=CARTESIAN_POINT('Ctrl Pts',(-8.28570545912581,10.0014632331833,0.));
#5285=CARTESIAN_POINT('Ctrl Pts',(-8.30654248714482,10.0093004597376,-0.0193284298207833));
#5286=CARTESIAN_POINT('Ctrl Pts',(-8.32754432247768,10.01707472037,-0.0387249273322631));
#5287=CARTESIAN_POINT('Ctrl Pts',(-8.34867192115224,10.0247698042164,-0.0581559385503312));
#5288=CARTESIAN_POINT('Ctrl Pts',(-8.39835604669617,10.0428657325698,-0.10385033173126));
#5289=CARTESIAN_POINT('Ctrl Pts',(-8.4487368825548,10.0605203649393,-0.149735590057061));
#5290=CARTESIAN_POINT('Ctrl Pts',(-8.49929429118098,10.0775805421252,-0.195375351822869));
#5291=CARTESIAN_POINT('Ctrl Pts',(-8.55266200192187,10.0955890323937,-0.243552061634293));
#5292=CARTESIAN_POINT('Ctrl Pts',(-8.6062262187088,10.1129352917977,-0.291455223821537));
#5293=CARTESIAN_POINT('Ctrl Pts',(-8.65935641971818,10.1294946002905,-0.338571589594587));
#5294=CARTESIAN_POINT('Ctrl Pts',(-8.67484560367454,10.1343221780252,-0.352307544718959));
#5295=CARTESIAN_POINT('Ctrl Pts',(-8.6902977989245,10.1390832031623,-0.36597662904172));
#5296=CARTESIAN_POINT('Ctrl Pts',(-8.70569715961919,10.1437753574131,-0.379566125431133));
#5297=CARTESIAN_POINT('Ctrl Pts',(-8.75567050582074,10.1590021355539,-0.423666177455166));
#5298=CARTESIAN_POINT('Ctrl Pts',(-8.80508835964865,10.173499450964,-0.466928085352616));
#5299=CARTESIAN_POINT('Ctrl Pts',(-8.8534250584795,10.1871214736661,-0.508917242452893));
#5300=CARTESIAN_POINT('Ctrl Pts',(-8.89863411274906,10.1998620781861,-0.548189475104163));
#5301=CARTESIAN_POINT('Ctrl Pts',(-8.94148410353028,10.2114473424219,-0.58509410133653));
#5302=CARTESIAN_POINT('Ctrl Pts',(-8.98265987327334,10.2221625178917,-0.620301875385788));
#5303=CARTESIAN_POINT('Ctrl Pts',(-9.01203667415083,10.2298072462867,-0.645420817279015));
#5304=CARTESIAN_POINT('Ctrl Pts',(-9.04056171479564,10.2370081331448,-0.669676045971523));
#5305=CARTESIAN_POINT('Ctrl Pts',(-9.06848909039143,10.2438534260037,-0.693311147137295));
#5306=CARTESIAN_POINT('Ctrl Pts',(-9.1029494724553,10.2523000273124,-0.722475169853887));
#5307=CARTESIAN_POINT('Ctrl Pts',(-9.13649930066408,10.2602080718662,-0.750694999227392));
#5308=CARTESIAN_POINT('Ctrl Pts',(-9.16960639304772,10.2678070991299,-0.778428272784074));
#5309=CARTESIAN_POINT('Ctrl Pts',(-9.21193927942626,10.2775237107253,-0.813889844122795));
#5310=CARTESIAN_POINT('Ctrl Pts',(-9.25354851263439,10.2867341874813,-0.848555904168136));
#5311=CARTESIAN_POINT('Ctrl Pts',(-9.2954326411186,10.2958320613503,-0.883383188995485));
#5312=CARTESIAN_POINT('Ctrl Pts',(-9.34143914007092,10.3058253771902,-0.921638287069815));
#5313=CARTESIAN_POINT('Ctrl Pts',(-9.38777887457244,10.3156762509199,-0.960087908253249));
#5314=CARTESIAN_POINT('Ctrl Pts',(-9.43578212400394,10.3258771252999,-1.));
#5315=CARTESIAN_POINT('Ctrl Pts',(-9.06787608626547,6.7472101059698,0.));
#5316=CARTESIAN_POINT('Ctrl Pts',(-9.06787608626547,6.7472101059698,-10.));
#5317=CARTESIAN_POINT('Ctrl Pts',(-8.97935709478384,6.69465677104895,0.));
#5318=CARTESIAN_POINT('Ctrl Pts',(-8.97935709478384,6.69465677104895,-10.));
#5319=CARTESIAN_POINT('Ctrl Pts',(-8.84656553225952,6.61581900591862,0.));
#5320=CARTESIAN_POINT('Ctrl Pts',(-8.84656553225952,6.61581900591862,-10.));
#5321=CARTESIAN_POINT('Ctrl Pts',(-8.68056879400273,6.4938297242083,0.));
#5322=CARTESIAN_POINT('Ctrl Pts',(-8.68056879400273,6.4938297242083,-10.));
#5323=CARTESIAN_POINT('Ctrl Pts',(-8.56309357763395,6.39364360280657,0.));
#5324=CARTESIAN_POINT('Ctrl Pts',(-8.56309357763395,6.39364360280657,-10.));
#5325=CARTESIAN_POINT('Ctrl Pts',(-8.45001712605452,6.28835433401832,0.));
#5326=CARTESIAN_POINT('Ctrl Pts',(-8.45001712605452,6.28835433401832,-10.));
#5327=CARTESIAN_POINT('Ctrl Pts',(-8.34811342323993,6.17220857651347,0.));
#5328=CARTESIAN_POINT('Ctrl Pts',(-8.34811342323993,6.17220857651347,-10.));
#5329=CARTESIAN_POINT('Ctrl Pts',(-8.25341706917228,6.05011414611584,0.));
#5330=CARTESIAN_POINT('Ctrl Pts',(-8.25341706917228,6.05011414611584,-10.));
#5331=CARTESIAN_POINT('Ctrl Pts',(-8.17289363010116,5.91807816229694,0.));
#5332=CARTESIAN_POINT('Ctrl Pts',(-8.17289363010116,5.91807816229694,-10.));
#5333=CARTESIAN_POINT('Ctrl Pts',(-8.10652247104486,5.77842952279724,0.));
#5334=CARTESIAN_POINT('Ctrl Pts',(-8.10652247104486,5.77842952279724,-10.));
#5335=CARTESIAN_POINT('Ctrl Pts',(-8.05774937316905,5.63162665479214,0.));
#5336=CARTESIAN_POINT('Ctrl Pts',(-8.05774937316905,5.63162665479214,-10.));
#5337=CARTESIAN_POINT('Ctrl Pts',(-8.02868882089417,5.47963063852585,0.));
#5338=CARTESIAN_POINT('Ctrl Pts',(-8.02868882089417,5.47963063852585,-10.));
#5339=CARTESIAN_POINT('Ctrl Pts',(-8.02254747035607,5.32494239013354,0.));
#5340=CARTESIAN_POINT('Ctrl Pts',(-8.02254747035607,5.32494239013354,-10.));
#5341=CARTESIAN_POINT('Ctrl Pts',(-8.03967677684276,5.17116401419703,0.));
#5342=CARTESIAN_POINT('Ctrl Pts',(-8.03967677684276,5.17116401419703,-10.));
#5343=CARTESIAN_POINT('Ctrl Pts',(-8.08057522942067,5.02170025670063,0.));
#5344=CARTESIAN_POINT('Ctrl Pts',(-8.08057522942067,5.02170025670063,-10.));
#5345=CARTESIAN_POINT('Ctrl Pts',(-8.14756774451919,4.88211960457615,0.));
#5346=CARTESIAN_POINT('Ctrl Pts',(-8.14756774451919,4.88211960457615,-10.));
#5347=CARTESIAN_POINT('Ctrl Pts',(-8.22851501761537,4.75073536045111,0.));
#5348=CARTESIAN_POINT('Ctrl Pts',(-8.22851501761537,4.75073536045111,-10.));
#5349=CARTESIAN_POINT('Ctrl Pts',(-8.30182347413658,4.61494084352022,0.));
#5350=CARTESIAN_POINT('Ctrl Pts',(-8.30182347413658,4.61494084352022,-10.));
#5351=CARTESIAN_POINT('Ctrl Pts',(-8.38920760720393,4.48713329751925,0.));
#5352=CARTESIAN_POINT('Ctrl Pts',(-8.38920760720393,4.48713329751925,-10.));
#5353=CARTESIAN_POINT('Ctrl Pts',(-8.49819779185192,4.37698231986309,0.));
#5354=CARTESIAN_POINT('Ctrl Pts',(-8.49819779185192,4.37698231986309,-10.));
#5355=CARTESIAN_POINT('Ctrl Pts',(-8.62280911872233,4.28525871732817,0.));
#5356=CARTESIAN_POINT('Ctrl Pts',(-8.62280911872233,4.28525871732817,-10.));
#5357=CARTESIAN_POINT('Ctrl Pts',(-8.75984374676603,4.21323315871154,0.));
#5358=CARTESIAN_POINT('Ctrl Pts',(-8.75984374676603,4.21323315871154,-10.));
#5359=CARTESIAN_POINT('Ctrl Pts',(-8.9060064342641,4.16240232709644,0.));
#5360=CARTESIAN_POINT('Ctrl Pts',(-8.9060064342641,4.16240232709644,-10.));
#5361=CARTESIAN_POINT('Ctrl Pts',(-9.05752799624284,4.13123963487562,0.));
#5362=CARTESIAN_POINT('Ctrl Pts',(-9.05752799624284,4.13123963487562,-10.));
#5363=CARTESIAN_POINT('Ctrl Pts',(-9.21165284518167,4.11889442494715,0.));
#5364=CARTESIAN_POINT('Ctrl Pts',(-9.21165284518167,4.11889442494715,-10.));
#5365=CARTESIAN_POINT('Ctrl Pts',(-9.36626108091806,4.12261177687335,0.));
#5366=CARTESIAN_POINT('Ctrl Pts',(-9.36626108091806,4.12261177687335,-10.));
#5367=CARTESIAN_POINT('Ctrl Pts',(-9.51934613633682,4.1435740099429,0.));
#5368=CARTESIAN_POINT('Ctrl Pts',(-9.51934613633682,4.1435740099429,-10.));
#5369=CARTESIAN_POINT('Ctrl Pts',(-9.6708831642851,4.17375232656761,0.));
#5370=CARTESIAN_POINT('Ctrl Pts',(-9.6708831642851,4.17375232656761,-10.));
#5371=CARTESIAN_POINT('Ctrl Pts',(-9.81860457159134,4.21903477181108,0.));
#5372=CARTESIAN_POINT('Ctrl Pts',(-9.81860457159134,4.21903477181108,-10.));
#5373=CARTESIAN_POINT('Ctrl Pts',(-9.96410590601625,4.27067823280065,0.));
#5374=CARTESIAN_POINT('Ctrl Pts',(-9.96410590601625,4.27067823280065,-10.));
#5375=CARTESIAN_POINT('Ctrl Pts',(-10.1527500920952,4.35344098422122,0.));
#5376=CARTESIAN_POINT('Ctrl Pts',(-10.1527500920952,4.35344098422122,-10.));
#5377=CARTESIAN_POINT('Ctrl Pts',(-10.2874213807378,4.42902296821034,0.));
#5378=CARTESIAN_POINT('Ctrl Pts',(-10.2874213807378,4.42902296821034,-10.));
#5379=CARTESIAN_POINT('Ctrl Pts',(-10.3771933995737,4.47940599609039,0.));
#5380=CARTESIAN_POINT('Ctrl Pts',(-10.3771933995737,4.47940599609039,-10.));
#5381=CARTESIAN_POINT('',(-10.3771933995737,4.47940599609039,-6.));
#5382=CARTESIAN_POINT('Ctrl Pts',(-10.3771933995737,4.47940599609039,-6.));
#5383=CARTESIAN_POINT('Ctrl Pts',(-10.2874213807378,4.42902296821034,-6.));
#5384=CARTESIAN_POINT('Ctrl Pts',(-10.197649361902,4.37863994033029,-6.));
#5385=CARTESIAN_POINT('Ctrl Pts',(-10.1048524313615,4.33426100843516,-6.));
#5386=CARTESIAN_POINT('Ctrl Pts',(-10.0584402588872,4.31206498719452,-6.));
#5387=CARTESIAN_POINT('Ctrl Pts',(-10.0112714116056,4.2913708769571,-6.));
#5388=CARTESIAN_POINT('Ctrl Pts',(-9.96343639261632,4.27241651597144,-6.));
#5389=CARTESIAN_POINT('Ctrl Pts',(-9.91560476251451,4.25346349781363,-6.));
#5390=CARTESIAN_POINT('Ctrl Pts',(-9.86710705509204,4.23624998241011,-6.));
#5391=CARTESIAN_POINT('Ctrl Pts',(-9.81823842481585,4.22009623311005,-6.));
#5392=CARTESIAN_POINT('Ctrl Pts',(-9.76936498193277,4.20394089298076,-6.));
#5393=CARTESIAN_POINT('Ctrl Pts',(-9.72012054313505,4.18884552769778,-6.));
#5394=CARTESIAN_POINT('Ctrl Pts',(-9.67023969387972,4.17626782556476,-6.));
#5395=CARTESIAN_POINT('Ctrl Pts',(-9.62036599581139,4.1636919266388,-6.));
#5396=CARTESIAN_POINT('Ctrl Pts',(-9.56985606975082,4.15363296902306,-6.));
#5397=CARTESIAN_POINT('Ctrl Pts',(-9.51908776203864,4.14510989840996,-6.));
#5398=CARTESIAN_POINT('Ctrl Pts',(-9.46831944693541,4.13658682655603,-6.));
#5399=CARTESIAN_POINT('Ctrl Pts',(-9.41729275010532,4.12959964215194,-6.));
#5400=CARTESIAN_POINT('Ctrl Pts',(-9.36601050886445,4.12548633045003,-6.));
#5401=CARTESIAN_POINT('Ctrl Pts',(-9.31472327036456,4.12137261792156,-6.));
#5402=CARTESIAN_POINT('Ctrl Pts',(-9.2631804376478,4.12013333821846,-6.));
#5403=CARTESIAN_POINT('Ctrl Pts',(-9.21171517160958,4.12157214082105,-6.));
#5404=CARTESIAN_POINT('Ctrl Pts',(-9.16026512288697,4.12301051799666,-6.));
#5405=CARTESIAN_POINT('Ctrl Pts',(-9.10889259497967,4.12712539399452,-6.));
#5406=CARTESIAN_POINT('Ctrl Pts',(-9.05794813594341,4.13437780930986,-6.));
#5407=CARTESIAN_POINT('Ctrl Pts',(-9.00701154000669,4.1416291052402,-6.));
#5408=CARTESIAN_POINT('Ctrl Pts',(-8.95650288080934,4.15201697202628,-6.));
#5409=CARTESIAN_POINT('Ctrl Pts',(-8.90688260766358,4.16568505581627,-6.));
#5410=CARTESIAN_POINT('Ctrl Pts',(-8.85727433236419,4.17934983475606,-6.));
#5411=CARTESIAN_POINT('Ctrl Pts',(-8.80855401355684,4.19629324462298,-6.));
#5412=CARTESIAN_POINT('Ctrl Pts',(-8.76135058663455,4.21677184426123,-6.));
#5413=CARTESIAN_POINT('Ctrl Pts',(-8.71415689876239,4.23724621873784,-6.));
#5414=CARTESIAN_POINT('Ctrl Pts',(-8.66847947690708,4.2612543243697,-6.));
#5415=CARTESIAN_POINT('Ctrl Pts',(-8.62486762916082,4.28854938894538,-6.));
#5416=CARTESIAN_POINT('Ctrl Pts',(-8.58126252565958,4.31584023254412,-6.));
#5417=CARTESIAN_POINT('Ctrl Pts',(-8.53972235746571,4.34641701855821,-6.));
#5418=CARTESIAN_POINT('Ctrl Pts',(-8.50078444001362,4.38006781148293,-6.));
#5419=CARTESIAN_POINT('Ctrl Pts',(-8.46186114773043,4.41370596509457,-6.));
#5420=CARTESIAN_POINT('Ctrl Pts',(-8.42553815173374,4.45041581684276,-6.));
#5421=CARTESIAN_POINT('Ctrl Pts',(-8.39282051767026,4.4900596134092,-6.));
#5422=CARTESIAN_POINT('Ctrl Pts',(-8.36009608432886,4.52971164862729,-6.));
#5423=CARTESIAN_POINT('Ctrl Pts',(-8.3309785115868,4.57229884823708,-6.));
#5424=CARTESIAN_POINT('Ctrl Pts',(-8.3042106089432,4.61620462224652,-6.));
#5425=CARTESIAN_POINT('Ctrl Pts',(-8.27740826484154,4.66016688849945,-6.));
#5426=CARTESIAN_POINT('Ctrl Pts',(-8.25296164122846,4.70545112447528,-6.));
#5427=CARTESIAN_POINT('Ctrl Pts',(-8.22724133595217,4.74999999999999,-6.));
#5428=CARTESIAN_POINT('Ctrl Pts',(-8.20152103067588,4.79454887552471,-6.));
#5429=CARTESIAN_POINT('Ctrl Pts',(-8.17452704373639,4.83836239059831,-6.));
#5430=CARTESIAN_POINT('Ctrl Pts',(-8.14985577640424,4.88355503459779,-6.));
#5431=CARTESIAN_POINT('Ctrl Pts',(-8.12521621206105,4.92868960529789,-6.));
#5432=CARTESIAN_POINT('Ctrl Pts',(-8.10289340169396,4.97519976279395,-6.));
#5433=CARTESIAN_POINT('Ctrl Pts',(-8.08491594855403,5.02336597100109,-6.));
#5434=CARTESIAN_POINT('Ctrl Pts',(-8.06694223065678,5.07152217153501,-6.));
#5435=CARTESIAN_POINT('Ctrl Pts',(-8.05331206447203,5.1213337346838,-6.));
#5436=CARTESIAN_POINT('Ctrl Pts',(-8.04364221504955,5.17186137140579,-6.));
#5437=CARTESIAN_POINT('Ctrl Pts',(-8.0339687322453,5.22240799355212,-6.));
#5438=CARTESIAN_POINT('Ctrl Pts',(-8.02825854288794,5.27367122749253,-6.));
#5439=CARTESIAN_POINT('Ctrl Pts',(-8.02642653079134,5.32507977665863,-6.));
#5440=CARTESIAN_POINT('Ctrl Pts',(-8.024594235344,5.37649627700071,-6.));
#5441=CARTESIAN_POINT('Ctrl Pts',(-8.02664131689772,5.42805813752272,-6.));
#5442=CARTESIAN_POINT('Ctrl Pts',(-8.03250683241046,5.47916625735659,-6.));
#5443=CARTESIAN_POINT('Ctrl Pts',(-8.03837355835096,5.5302849240361,-6.));
#5444=CARTESIAN_POINT('Ctrl Pts',(-8.04806029438315,5.5809496627372,-6.));
#5445=CARTESIAN_POINT('Ctrl Pts',(-8.06103038633389,5.6307440788543,-6.));
#5446=CARTESIAN_POINT('Ctrl Pts',(-8.07400361512359,5.68055053783625,-6.));
#5447=CARTESIAN_POINT('Ctrl Pts',(-8.09026178819439,5.72948625320528,-6.));
#5448=CARTESIAN_POINT('Ctrl Pts',(-8.10945027967671,5.77722428723395,-6.));
#5449=CARTESIAN_POINT('Ctrl Pts',(-8.12864173329295,5.82496969059908,-6.));
#5450=CARTESIAN_POINT('Ctrl Pts',(-8.15076441009903,5.87151704282236,-6.));
#5451=CARTESIAN_POINT('Ctrl Pts',(-8.17524376328604,5.91679328062988,-6.));
#5452=CARTESIAN_POINT('Ctrl Pts',(-8.19973035670027,5.96208290973281,-6.));
#5453=CARTESIAN_POINT('Ctrl Pts',(-8.22657502076395,6.00610067239698,-6.));
#5454=CARTESIAN_POINT('Ctrl Pts',(-8.25578121956741,6.0484598675636,-6.));
#5455=CARTESIAN_POINT('Ctrl Pts',(-8.28498457261539,6.09081493539025,-6.));
#5456=CARTESIAN_POINT('Ctrl Pts',(-8.3165490002253,6.13151175891426,-6.));
#5457=CARTESIAN_POINT('Ctrl Pts',(-8.34931435452069,6.17121687357403,-6.));
#5458=CARTESIAN_POINT('Ctrl Pts',(-8.38207970404598,6.21092198245338,-6.));
#5459=CARTESIAN_POINT('Ctrl Pts',(-8.41604597990708,6.24963538275723,-6.));
#5460=CARTESIAN_POINT('Ctrl Pts',(-8.45187387688655,6.2865393228021,-6.));
#5461=CARTESIAN_POINT('Ctrl Pts',(-8.48770691108265,6.32344855435305,-6.));
#5462=CARTESIAN_POINT('Ctrl Pts',(-8.52540210029597,6.35854780670549,-6.));
#5463=CARTESIAN_POINT('Ctrl Pts',(-8.56382975669625,6.392795779748,-6.));
#5464=CARTESIAN_POINT('Ctrl Pts',(-8.60225362909456,6.4270403803653,-6.));
#5465=CARTESIAN_POINT('Ctrl Pts',(-8.64140982443369,6.4604338693167,-6.));
#5466=CARTESIAN_POINT('Ctrl Pts',(-8.68173943468764,6.49238076701039,-6.));
#5467=CARTESIAN_POINT('Ctrl Pts',(-8.72207190230837,6.52432992815278,-6.));
#5468=CARTESIAN_POINT('Ctrl Pts',(-8.76357795112352,6.55483229304721,-6.));
#5469=CARTESIAN_POINT('Ctrl Pts',(-8.80600635561799,6.58392840283445,-6.));
#5470=CARTESIAN_POINT('Ctrl Pts',(-8.89083810330221,6.64210343612811,-6.));
#5471=CARTESIAN_POINT('Ctrl Pts',(-8.97935709478384,6.69465677104895,-6.));
#5472=CARTESIAN_POINT('Ctrl Pts',(-9.06787608626547,6.7472101059698,-6.));
#5473=CARTESIAN_POINT('',(-10.3771933995737,4.47940599609039,0.));
#5474=CARTESIAN_POINT('Ctrl Pts',(-10.3771933995737,4.47940599609039,0.));
#5475=CARTESIAN_POINT('Ctrl Pts',(-10.3771933995737,4.47940599609039,-10.));
#5476=CARTESIAN_POINT('Ctrl Pts',(-10.4373711184205,4.4971814135789,0.));
#5477=CARTESIAN_POINT('Ctrl Pts',(-10.4373711184205,4.4971814135789,-10.));
#5478=CARTESIAN_POINT('Ctrl Pts',(-10.557752101096,4.53273979408482,0.));
#5479=CARTESIAN_POINT('Ctrl Pts',(-10.557752101096,4.53273979408482,-10.));
#5480=CARTESIAN_POINT('Ctrl Pts',(-10.7437565143188,4.56322724546533,0.));
#5481=CARTESIAN_POINT('Ctrl Pts',(-10.7437565143188,4.56322724546533,-10.));
#5482=CARTESIAN_POINT('Ctrl Pts',(-10.9307583601475,4.58426623156279,0.));
#5483=CARTESIAN_POINT('Ctrl Pts',(-10.9307583601475,4.58426623156279,-10.));
#5484=CARTESIAN_POINT('Ctrl Pts',(-11.1813320804939,4.59876465296017,0.));
#5485=CARTESIAN_POINT('Ctrl Pts',(-11.1813320804939,4.59876465296017,-10.));
#5486=CARTESIAN_POINT('Ctrl Pts',(-11.4952715859493,4.59619210835006,0.));
#5487=CARTESIAN_POINT('Ctrl Pts',(-11.4952715859493,4.59619210835006,-10.));
#5488=CARTESIAN_POINT('Ctrl Pts',(-11.8705953792201,4.56545560683856,0.));
#5489=CARTESIAN_POINT('Ctrl Pts',(-11.8705953792201,4.56545560683856,-10.));
#5490=CARTESIAN_POINT('Ctrl Pts',(-12.243198447578,4.51096200816799,0.));
#5491=CARTESIAN_POINT('Ctrl Pts',(-12.243198447578,4.51096200816799,-10.));
#5492=CARTESIAN_POINT('Ctrl Pts',(-12.6119231323098,4.43490713619063,0.));
#5493=CARTESIAN_POINT('Ctrl Pts',(-12.6119231323098,4.43490713619063,-10.));
#5494=CARTESIAN_POINT('Ctrl Pts',(-12.97658008671,4.340917353038,0.));
#5495=CARTESIAN_POINT('Ctrl Pts',(-12.97658008671,4.340917353038,-10.));
#5496=CARTESIAN_POINT('Ctrl Pts',(-13.2152373036025,4.26335961041638,0.));
#5497=CARTESIAN_POINT('Ctrl Pts',(-13.2152373036025,4.26335961041638,-10.));
#5498=CARTESIAN_POINT('Ctrl Pts',(-13.3345655866125,4.22458084486438,0.));
#5499=CARTESIAN_POINT('Ctrl Pts',(-13.3345655866125,4.22458084486438,-10.));
#5500=CARTESIAN_POINT('',(-12.17636303247,4.51866850538985,-6.));
#5501=CARTESIAN_POINT('Ctrl Pts',(-12.1763630324477,4.51866850539353,-6.));
#5502=CARTESIAN_POINT('Ctrl Pts',(-12.0746655496579,4.53548199802839,-6.));
#5503=CARTESIAN_POINT('Ctrl Pts',(-11.9725536167042,4.54982587222062,-6.));
#5504=CARTESIAN_POINT('Ctrl Pts',(-11.8701335005237,4.56149701770296,-6.));
#5505=CARTESIAN_POINT('Ctrl Pts',(-11.7454806569093,4.57570166349781,-6.));
#5506=CARTESIAN_POINT('Ctrl Pts',(-11.6203713111207,4.58594727985595,-6.));
#5507=CARTESIAN_POINT('Ctrl Pts',(-11.495028047881,4.59158442534103,-6.));
#5508=CARTESIAN_POINT('Ctrl Pts',(-11.3696944232464,4.59722113734275,-6.));
#5509=CARTESIAN_POINT('Ctrl Pts',(-11.2441269171348,4.5982500872055,-6.));
#5510=CARTESIAN_POINT('Ctrl Pts',(-11.118753098765,4.59376097006173,-6.));
#5511=CARTESIAN_POINT('Ctrl Pts',(-11.0560551230914,4.59151601524472,-6.));
#5512=CARTESIAN_POINT('Ctrl Pts',(-10.9934055864512,4.58789105656468,-6.));
#5513=CARTESIAN_POINT('Ctrl Pts',(-10.9309122183722,4.58257186510384,-6.));
#5514=CARTESIAN_POINT('Ctrl Pts',(-10.8684211548707,4.57725286979964,-6.));
#5515=CARTESIAN_POINT('Ctrl Pts',(-10.8060862484125,4.5702397666693,-6.));
#5516=CARTESIAN_POINT('Ctrl Pts',(-10.743911965911,4.56165090793263,-6.));
#5517=CARTESIAN_POINT('Ctrl Pts',(-10.681742842446,4.55306276187383,-6.));
#5518=CARTESIAN_POINT('Ctrl Pts',(-10.6197343162826,4.54289912170086,-6.));
#5519=CARTESIAN_POINT('Ctrl Pts',(-10.558628612826,4.52892501169116,-6.));
#5520=CARTESIAN_POINT('Ctrl Pts',(-10.4975488372673,4.51495683106741,-6.));
#5521=CARTESIAN_POINT('Ctrl Pts',(-10.4373711184205,4.4971814135789,-6.));
#5522=CARTESIAN_POINT('Ctrl Pts',(-10.3771933995737,4.47940599609039,-6.));
#5523=CARTESIAN_POINT('',(-13.3345655866125,4.22458084486438,-5.));
#5524=CARTESIAN_POINT('Ctrl Pts',(-13.3345655866125,4.22458084486438,-5.));
#5525=CARTESIAN_POINT('Ctrl Pts',(-13.1268178772163,4.2920937555795,-5.17765602549021));
#5526=CARTESIAN_POINT('Ctrl Pts',(-12.9365116040782,4.35467469034292,-5.33889277794448));
#5527=CARTESIAN_POINT('Ctrl Pts',(-12.4952815700173,4.45962877316808,-5.72079357534298));
#5528=CARTESIAN_POINT('Ctrl Pts',(-12.3359115128264,4.4922905939033,-5.85959659630929));
#5529=CARTESIAN_POINT('Ctrl Pts',(-12.17636303247,4.51866850538985,-6.));
#5530=CARTESIAN_POINT('',(-13.3345655866125,4.22458084486438,0.));
#5531=CARTESIAN_POINT('Ctrl Pts',(-11.2266161020602,1.30931731330821,0.));
#5532=CARTESIAN_POINT('Ctrl Pts',(-11.2266161020602,1.30931731330821,-10.));
#5533=CARTESIAN_POINT('Ctrl Pts',(-11.1236797392593,1.30806428595398,0.));
#5534=CARTESIAN_POINT('Ctrl Pts',(-11.1236797392593,1.30806428595398,-10.));
#5535=CARTESIAN_POINT('Ctrl Pts',(-10.9692599901399,1.30618455983568,0.));
#5536=CARTESIAN_POINT('Ctrl Pts',(-10.9692599901399,1.30618455983568,-10.));
#5537=CARTESIAN_POINT('Ctrl Pts',(-10.764507957009,1.28353711201352,0.));
#5538=CARTESIAN_POINT('Ctrl Pts',(-10.764507957009,1.28353711201352,-10.));
#5539=CARTESIAN_POINT('Ctrl Pts',(-10.6126783746177,1.25551099395739,0.));
#5540=CARTESIAN_POINT('Ctrl Pts',(-10.6126783746177,1.25551099395739,-10.));
#5541=CARTESIAN_POINT('Ctrl Pts',(-10.4621066605859,1.22086603823058,0.));
#5542=CARTESIAN_POINT('Ctrl Pts',(-10.4621066605859,1.22086603823058,-10.));
#5543=CARTESIAN_POINT('Ctrl Pts',(-10.3157825864564,1.1712327130969,0.));
#5544=CARTESIAN_POINT('Ctrl Pts',(-10.3157825864564,1.1712327130969,-10.));
#5545=CARTESIAN_POINT('Ctrl Pts',(-10.1727259229892,1.11284401174578,0.));
#5546=CARTESIAN_POINT('Ctrl Pts',(-10.1727259229892,1.11284401174578,-10.));
#5547=CARTESIAN_POINT('Ctrl Pts',(-10.0369725872441,1.0387592150805,0.));
#5548=CARTESIAN_POINT('Ctrl Pts',(-10.0369725872441,1.0387592150805,-10.));
#5549=CARTESIAN_POINT('Ctrl Pts',(-9.90966915767287,0.951005525197977,0.));
#5550=CARTESIAN_POINT('Ctrl Pts',(-9.90966915767287,0.951005525197977,-10.));
#5551=CARTESIAN_POINT('Ctrl Pts',(-9.7940289818886,0.848257061095052,0.));
#5552=CARTESIAN_POINT('Ctrl Pts',(-9.7940289818886,0.848257061095052,-10.));
#5553=CARTESIAN_POINT('Ctrl Pts',(-9.69286379723741,0.731154925871854,0.));
#5554=CARTESIAN_POINT('Ctrl Pts',(-9.69286379723741,0.731154925871854,-10.));
#5555=CARTESIAN_POINT('Ctrl Pts',(-9.61020110746171,0.60026164836624,0.));
#5556=CARTESIAN_POINT('Ctrl Pts',(-9.61020110746171,0.60026164836624,-10.));
#5557=CARTESIAN_POINT('Ctrl Pts',(-9.54814633406014,0.458521015009166,0.));
#5558=CARTESIAN_POINT('Ctrl Pts',(-9.54814633406014,0.458521015009166,-10.));
#5559=CARTESIAN_POINT('Ctrl Pts',(-9.50883355421988,0.308632377783249,0.));
#5560=CARTESIAN_POINT('Ctrl Pts',(-9.50883355421988,0.308632377783249,-10.));
#5561=CARTESIAN_POINT('Ctrl Pts',(-9.49706044809638,0.154255729617388,0.));
#5562=CARTESIAN_POINT('Ctrl Pts',(-9.49706044809638,0.154255729617388,-10.));
#5563=CARTESIAN_POINT('Ctrl Pts',(-9.50147072090222,-2.22044604925031E-15,
0.));
#5564=CARTESIAN_POINT('Ctrl Pts',(-9.50147072090222,-2.22044604925031E-15,
-10.));
#5565=CARTESIAN_POINT('Ctrl Pts',(-9.49706044809637,-0.154255729617392,
0.));
#5566=CARTESIAN_POINT('Ctrl Pts',(-9.49706044809637,-0.154255729617392,
-10.));
#5567=CARTESIAN_POINT('Ctrl Pts',(-9.50883355421989,-0.308632377783253,
0.));
#5568=CARTESIAN_POINT('Ctrl Pts',(-9.50883355421989,-0.308632377783253,
-10.));
#5569=CARTESIAN_POINT('Ctrl Pts',(-9.54814633406013,-0.458521015009175,
0.));
#5570=CARTESIAN_POINT('Ctrl Pts',(-9.54814633406013,-0.458521015009175,
-10.));
#5571=CARTESIAN_POINT('Ctrl Pts',(-9.61020110746173,-0.600261648366243,
0.));
#5572=CARTESIAN_POINT('Ctrl Pts',(-9.61020110746173,-0.600261648366243,
-10.));
#5573=CARTESIAN_POINT('Ctrl Pts',(-9.69286379723741,-0.731154925871857,
0.));
#5574=CARTESIAN_POINT('Ctrl Pts',(-9.69286379723741,-0.731154925871857,
-10.));
#5575=CARTESIAN_POINT('Ctrl Pts',(-9.7940289818886,-0.848257061095059,0.));
#5576=CARTESIAN_POINT('Ctrl Pts',(-9.7940289818886,-0.848257061095059,-10.));
#5577=CARTESIAN_POINT('Ctrl Pts',(-9.90966915767287,-0.951005525197983,
0.));
#5578=CARTESIAN_POINT('Ctrl Pts',(-9.90966915767287,-0.951005525197983,
-10.));
#5579=CARTESIAN_POINT('Ctrl Pts',(-10.0369725872441,-1.0387592150805,0.));
#5580=CARTESIAN_POINT('Ctrl Pts',(-10.0369725872441,-1.0387592150805,-10.));
#5581=CARTESIAN_POINT('Ctrl Pts',(-10.1727259229892,-1.1128440117458,0.));
#5582=CARTESIAN_POINT('Ctrl Pts',(-10.1727259229892,-1.1128440117458,-10.));
#5583=CARTESIAN_POINT('Ctrl Pts',(-10.3157825864564,-1.1712327130969,0.));
#5584=CARTESIAN_POINT('Ctrl Pts',(-10.3157825864564,-1.1712327130969,-10.));
#5585=CARTESIAN_POINT('Ctrl Pts',(-10.4621066605859,-1.22086603823059,0.));
#5586=CARTESIAN_POINT('Ctrl Pts',(-10.4621066605859,-1.22086603823059,-10.));
#5587=CARTESIAN_POINT('Ctrl Pts',(-10.6126783746177,-1.25551099395739,0.));
#5588=CARTESIAN_POINT('Ctrl Pts',(-10.6126783746177,-1.25551099395739,-10.));
#5589=CARTESIAN_POINT('Ctrl Pts',(-10.764507957009,-1.28353711201352,0.));
#5590=CARTESIAN_POINT('Ctrl Pts',(-10.764507957009,-1.28353711201352,-10.));
#5591=CARTESIAN_POINT('Ctrl Pts',(-10.9692599901399,-1.30618455983569,0.));
#5592=CARTESIAN_POINT('Ctrl Pts',(-10.9692599901399,-1.30618455983569,-10.));
#5593=CARTESIAN_POINT('Ctrl Pts',(-11.1236797392593,-1.30806428595399,0.));
#5594=CARTESIAN_POINT('Ctrl Pts',(-11.1236797392593,-1.30806428595399,-10.));
#5595=CARTESIAN_POINT('Ctrl Pts',(-11.2266161020602,-1.30931731330821,0.));
#5596=CARTESIAN_POINT('Ctrl Pts',(-11.2266161020602,-1.30931731330821,-10.));
#5597=CARTESIAN_POINT('',(-11.2266161020602,1.30931731330821,-6.));
#5598=CARTESIAN_POINT('',(-11.2266161020602,1.30931731330821,0.));
#5599=CARTESIAN_POINT('',(-11.2266161020602,-1.30931731330821,-6.));
#5600=CARTESIAN_POINT('Ctrl Pts',(-11.2266161020602,-1.30931731330821,-6.));
#5601=CARTESIAN_POINT('Ctrl Pts',(-11.1236797392593,-1.30806428595399,-6.));
#5602=CARTESIAN_POINT('Ctrl Pts',(-11.0207433764584,-1.30681125859976,-6.));
#5603=CARTESIAN_POINT('Ctrl Pts',(-10.9181894112696,-1.29884607574355,-6.));
#5604=CARTESIAN_POINT('Ctrl Pts',(-10.8668972802417,-1.29486230776374,-6.));
#5605=CARTESIAN_POINT('Ctrl Pts',(-10.8157008051099,-1.28919950929723,-6.));
#5606=CARTESIAN_POINT('Ctrl Pts',(-10.7647972829818,-1.28169695792868,-6.));
#5607=CARTESIAN_POINT('Ctrl Pts',(-10.7138973671303,-1.27419493808083,-6.));
#5608=CARTESIAN_POINT('Ctrl Pts',(-10.6632903627754,-1.26485342599747,-6.));
#5609=CARTESIAN_POINT('Ctrl Pts',(-10.6128920128581,-1.2544086681196,-6.));
#5610=CARTESIAN_POINT('Ctrl Pts',(-10.5624886996863,-1.24396288163681,-6.));
#5611=CARTESIAN_POINT('Ctrl Pts',(-10.5122940820508,-1.23241363205241,-6.));
#5612=CARTESIAN_POINT('Ctrl Pts',(-10.4628071483669,-1.21836581699318,-6.));
#5613=CARTESIAN_POINT('Ctrl Pts',(-10.413327309396,-1.20432001590432,-6.));
#5614=CARTESIAN_POINT('Ctrl Pts',(-10.3645549514764,-1.18777636570485,-6.));
#5615=CARTESIAN_POINT('Ctrl Pts',(-10.316326771984,-1.16977340751796,-6.));
#5616=CARTESIAN_POINT('Ctrl Pts',(-10.2680985854703,-1.15177044671012,-6.));
#5617=CARTESIAN_POINT('Ctrl Pts',(-10.2204145775422,-1.13230817748995,-6.));
#5618=CARTESIAN_POINT('Ctrl Pts',(-10.1739461980136,-1.11022928929705,-6.));
#5619=CARTESIAN_POINT('Ctrl Pts',(-10.1274732903186,-1.08814824960062,-6.));
#5620=CARTESIAN_POINT('Ctrl Pts',(-10.0822162479513,-1.06345008094753,-6.));
#5621=CARTESIAN_POINT('Ctrl Pts',(-10.038365421451,-1.03647140832354,-6.));
#5622=CARTESIAN_POINT('Ctrl Pts',(-9.99452756081903,-1.00950071278794,-6.));
#5623=CARTESIAN_POINT('Ctrl Pts',(-9.95209508459361,-0.980250861686717,
-6.));
#5624=CARTESIAN_POINT('Ctrl Pts',(-9.91160209654382,-0.948497856266701,
-6.));
#5625=CARTESIAN_POINT('Ctrl Pts',(-9.87111535844549,-0.916749751812309,
-6.));
#5626=CARTESIAN_POINT('Ctrl Pts',(-9.83256750986254,-0.882499265685763,
-6.));
#5627=CARTESIAN_POINT('Ctrl Pts',(-9.79642913467058,-0.845852221329698,
-6.));
#5628=CARTESIAN_POINT('Ctrl Pts',(-9.76029949749327,-0.809214037981041,
-6.));
#5629=CARTESIAN_POINT('Ctrl Pts',(-9.72657816865909,-0.770180455205886,
-6.));
#5630=CARTESIAN_POINT('Ctrl Pts',(-9.69593810161783,-0.728843754224087,
-6.));
#5631=CARTESIAN_POINT('Ctrl Pts',(-9.66530435626057,-0.687515581864669,
-6.));
#5632=CARTESIAN_POINT('Ctrl Pts',(-9.63775060137043,-0.643885241563079,
-6.));
#5633=CARTESIAN_POINT('Ctrl Pts',(-9.61362916560402,-0.598441098369474,
-6.));
#5634=CARTESIAN_POINT('Ctrl Pts',(-9.58951146003667,-0.553003982771632,
-6.));
#5635=CARTESIAN_POINT('Ctrl Pts',(-9.56882501211035,-0.505753625220416,
-6.));
#5636=CARTESIAN_POINT('Ctrl Pts',(-9.55192918288874,-0.457142224964078,
-6.));
#5637=CARTESIAN_POINT('Ctrl Pts',(-9.53503969977838,-0.4085490832584,-6.));
#5638=CARTESIAN_POINT('Ctrl Pts',(-9.52193798837779,-0.358595921076957,
-6.));
#5639=CARTESIAN_POINT('Ctrl Pts',(-9.5134255844103,-0.307904569116222,-6.));
#5640=CARTESIAN_POINT('Ctrl Pts',(-9.50491141142125,-0.257202682634898,
-6.));
#5641=CARTESIAN_POINT('Ctrl Pts',(-9.50098845353498,-0.20576229952575,-6.));
#5642=CARTESIAN_POINT('Ctrl Pts',(-9.49975965684431,-0.154354832538963,
-6.));
#5643=CARTESIAN_POINT('Ctrl Pts',(-9.49852927909777,-0.102881221105155,
-6.));
#5644=CARTESIAN_POINT('Ctrl Pts',(-9.5,-0.051440610552579,-6.));
#5645=CARTESIAN_POINT('Ctrl Pts',(-9.5,-2.54136989230602E-15,-6.));
#5646=CARTESIAN_POINT('Ctrl Pts',(-9.5,0.0514406105525744,-6.));
#5647=CARTESIAN_POINT('Ctrl Pts',(-9.49852927909777,0.102881221105151,-6.));
#5648=CARTESIAN_POINT('Ctrl Pts',(-9.49975965684431,0.15435483253896,-6.));
#5649=CARTESIAN_POINT('Ctrl Pts',(-9.50098845353498,0.205762299525746,-6.));
#5650=CARTESIAN_POINT('Ctrl Pts',(-9.50491141142125,0.257202682634895,-6.));
#5651=CARTESIAN_POINT('Ctrl Pts',(-9.5134255844103,0.307904569116217,-6.));
#5652=CARTESIAN_POINT('Ctrl Pts',(-9.52193798837778,0.358595921076952,-6.));
#5653=CARTESIAN_POINT('Ctrl Pts',(-9.53503969977838,0.408549083258394,-6.));
#5654=CARTESIAN_POINT('Ctrl Pts',(-9.55192918288874,0.457142224964072,-6.));
#5655=CARTESIAN_POINT('Ctrl Pts',(-9.56882501211035,0.505753625220409,-6.));
#5656=CARTESIAN_POINT('Ctrl Pts',(-9.58951146003666,0.553003982771626,-6.));
#5657=CARTESIAN_POINT('Ctrl Pts',(-9.61362916560401,0.598441098369468,-6.));
#5658=CARTESIAN_POINT('Ctrl Pts',(-9.63775060137042,0.643885241563074,-6.));
#5659=CARTESIAN_POINT('Ctrl Pts',(-9.66530435626057,0.687515581864665,-6.));
#5660=CARTESIAN_POINT('Ctrl Pts',(-9.69593810161783,0.728843754224082,-6.));
#5661=CARTESIAN_POINT('Ctrl Pts',(-9.72657816865909,0.770180455205882,-6.));
#5662=CARTESIAN_POINT('Ctrl Pts',(-9.76029949749327,0.809214037981036,-6.));
#5663=CARTESIAN_POINT('Ctrl Pts',(-9.79642913467059,0.845852221329693,-6.));
#5664=CARTESIAN_POINT('Ctrl Pts',(-9.83256750986254,0.882499265685758,-6.));
#5665=CARTESIAN_POINT('Ctrl Pts',(-9.8711153584455,0.916749751812303,-6.));
#5666=CARTESIAN_POINT('Ctrl Pts',(-9.91160209654382,0.948497856266697,-6.));
#5667=CARTESIAN_POINT('Ctrl Pts',(-9.95209508459361,0.980250861686713,-6.));
#5668=CARTESIAN_POINT('Ctrl Pts',(-9.99452756081903,1.00950071278793,-6.));
#5669=CARTESIAN_POINT('Ctrl Pts',(-10.0383654214509,1.03647140832353,-6.));
#5670=CARTESIAN_POINT('Ctrl Pts',(-10.0822162479513,1.06345008094753,-6.));
#5671=CARTESIAN_POINT('Ctrl Pts',(-10.1274732903186,1.08814824960062,-6.));
#5672=CARTESIAN_POINT('Ctrl Pts',(-10.1739461980137,1.11022928929704,-6.));
#5673=CARTESIAN_POINT('Ctrl Pts',(-10.2204145775422,1.13230817748994,-6.));
#5674=CARTESIAN_POINT('Ctrl Pts',(-10.2680985854703,1.15177044671012,-6.));
#5675=CARTESIAN_POINT('Ctrl Pts',(-10.316326771984,1.16977340751795,-6.));
#5676=CARTESIAN_POINT('Ctrl Pts',(-10.3645549514765,1.18777636570485,-6.));
#5677=CARTESIAN_POINT('Ctrl Pts',(-10.413327309396,1.20432001590431,-6.));
#5678=CARTESIAN_POINT('Ctrl Pts',(-10.4628071483669,1.21836581699317,-6.));
#5679=CARTESIAN_POINT('Ctrl Pts',(-10.5122940820508,1.2324136320524,-6.));
#5680=CARTESIAN_POINT('Ctrl Pts',(-10.5624886996863,1.2439628816368,-6.));
#5681=CARTESIAN_POINT('Ctrl Pts',(-10.6128920128581,1.2544086681196,-6.));
#5682=CARTESIAN_POINT('Ctrl Pts',(-10.6632903627754,1.26485342599747,-6.));
#5683=CARTESIAN_POINT('Ctrl Pts',(-10.7138973671304,1.27419493808082,-6.));
#5684=CARTESIAN_POINT('Ctrl Pts',(-10.7647972829818,1.28169695792868,-6.));
#5685=CARTESIAN_POINT('Ctrl Pts',(-10.8157008051099,1.28919950929723,-6.));
#5686=CARTESIAN_POINT('Ctrl Pts',(-10.8668972802418,1.29486230776373,-6.));
#5687=CARTESIAN_POINT('Ctrl Pts',(-10.9181894112696,1.29884607574354,-6.));
#5688=CARTESIAN_POINT('Ctrl Pts',(-11.0207433764584,1.30681125859976,-6.));
#5689=CARTESIAN_POINT('Ctrl Pts',(-11.1236797392593,1.30806428595398,-6.));
#5690=CARTESIAN_POINT('Ctrl Pts',(-11.2266161020602,1.30931731330821,-6.));
#5691=CARTESIAN_POINT('',(-11.2266161020602,-1.30931731330821,0.));
#5692=CARTESIAN_POINT('Ctrl Pts',(-13.6603629688683,3.00868846131254,0.));
#5693=CARTESIAN_POINT('Ctrl Pts',(-13.6603629688683,3.00868846131254,-10.));
#5694=CARTESIAN_POINT('Ctrl Pts',(-13.5764110271677,2.91544092371211,0.));
#5695=CARTESIAN_POINT('Ctrl Pts',(-13.5764110271677,2.91544092371211,-10.));
#5696=CARTESIAN_POINT('Ctrl Pts',(-13.4085066858532,2.72894533989541,0.));
#5697=CARTESIAN_POINT('Ctrl Pts',(-13.4085066858532,2.72894533989541,-10.));
#5698=CARTESIAN_POINT('Ctrl Pts',(-13.1396993912522,2.46521932278891,0.));
#5699=CARTESIAN_POINT('Ctrl Pts',(-13.1396993912522,2.46521932278891,-10.));
#5700=CARTESIAN_POINT('Ctrl Pts',(-12.8584018832608,2.21499152920906,0.));
#5701=CARTESIAN_POINT('Ctrl Pts',(-12.8584018832608,2.21499152920906,-10.));
#5702=CARTESIAN_POINT('Ctrl Pts',(-12.56296495987,1.98149715423774,0.));
#5703=CARTESIAN_POINT('Ctrl Pts',(-12.56296495987,1.98149715423774,-10.));
#5704=CARTESIAN_POINT('Ctrl Pts',(-12.2532932710086,1.76721666646994,0.));
#5705=CARTESIAN_POINT('Ctrl Pts',(-12.2532932710086,1.76721666646994,-10.));
#5706=CARTESIAN_POINT('Ctrl Pts',(-11.9826999563377,1.60801902475751,0.));
#5707=CARTESIAN_POINT('Ctrl Pts',(-11.9826999563377,1.60801902475751,-10.));
#5708=CARTESIAN_POINT('Ctrl Pts',(-11.7584475382983,1.4952881658292,0.));
#5709=CARTESIAN_POINT('Ctrl Pts',(-11.7584475382983,1.4952881658292,-10.));
#5710=CARTESIAN_POINT('Ctrl Pts',(-11.5859796962073,1.42000753934513,0.));
#5711=CARTESIAN_POINT('Ctrl Pts',(-11.5859796962073,1.42000753934513,-10.));
#5712=CARTESIAN_POINT('Ctrl Pts',(-11.40965142345,1.35340824012586,0.));
#5713=CARTESIAN_POINT('Ctrl Pts',(-11.40965142345,1.35340824012586,-10.));
#5714=CARTESIAN_POINT('Ctrl Pts',(-11.2876192440676,1.3240122096237,0.));
#5715=CARTESIAN_POINT('Ctrl Pts',(-11.2876192440676,1.3240122096237,-10.));
#5716=CARTESIAN_POINT('Ctrl Pts',(-11.2266161020602,1.30931731330821,0.));
#5717=CARTESIAN_POINT('Ctrl Pts',(-11.2266161020602,1.30931731330821,-10.));
#5718=CARTESIAN_POINT('',(-13.6603629688683,3.00868846131254,-5.));
#5719=CARTESIAN_POINT('',(-13.6603629688683,3.00868846131254,0.));
#5720=CARTESIAN_POINT('',(-12.8043739645157,2.17489979928672,-6.));
#5721=CARTESIAN_POINT('Ctrl Pts',(-12.8043739645157,2.17489979928672,-6.));
#5722=CARTESIAN_POINT('Ctrl Pts',(-12.8131064725903,2.18206962515367,-5.99019035978357));
#5723=CARTESIAN_POINT('Ctrl Pts',(-12.8218578843249,2.1892939018257,-5.98034893524916));
#5724=CARTESIAN_POINT('Ctrl Pts',(-12.8306280092207,2.19657318039878,-5.97047624772808));
#5725=CARTESIAN_POINT('Ctrl Pts',(-12.8390910747263,2.20359759705527,-5.96094922249182));
#5726=CARTESIAN_POINT('Ctrl Pts',(-12.8475636239947,2.21066665225098,-5.95140230024992));
#5727=CARTESIAN_POINT('Ctrl Pts',(-12.8560412781186,2.21777706947148,-5.94183986300778));
#5728=CARTESIAN_POINT('Ctrl Pts',(-12.8954504999924,2.25083055405136,-5.89738791846956));
#5729=CARTESIAN_POINT('Ctrl Pts',(-12.9349673231158,2.28478112824054,-5.85260070283187));
#5730=CARTESIAN_POINT('Ctrl Pts',(-12.9741902632389,2.31926549593257,-5.80791840531758));
#5731=CARTESIAN_POINT('Ctrl Pts',(-13.0153580859685,2.3554597825321,-5.76102052113421));
#5732=CARTESIAN_POINT('Ctrl Pts',(-13.0562021477972,2.39224187096573,-5.7142382178375));
#5733=CARTESIAN_POINT('Ctrl Pts',(-13.0962961901043,2.42914780268423,-5.66808046599275));
#5734=CARTESIAN_POINT('Ctrl Pts',(-13.1101643420073,2.44191321713833,-5.65211493402726));
#5735=CARTESIAN_POINT('Ctrl Pts',(-13.1239430803021,2.45469309784704,-5.63622412358452));
#5736=CARTESIAN_POINT('Ctrl Pts',(-13.1376157296119,2.46746721917768,-5.62042909711532));
#5737=CARTESIAN_POINT('Ctrl Pts',(-13.1749311625227,2.50233038700334,-5.57732126649802));
#5738=CARTESIAN_POINT('Ctrl Pts',(-13.2114535534355,2.53715327003262,-5.53492688740307));
#5739=CARTESIAN_POINT('Ctrl Pts',(-13.2467982133006,2.57156745786823,-5.49367412992736));
#5740=CARTESIAN_POINT('Ctrl Pts',(-13.2516288423231,2.57627091732096,-5.4880360287748));
#5741=CARTESIAN_POINT('Ctrl Pts',(-13.2564375312371,2.58096668875898,-5.48241925227382));
#5742=CARTESIAN_POINT('Ctrl Pts',(-13.2612233552637,2.58565378007259,-5.47682489351454));
#5743=CARTESIAN_POINT('Ctrl Pts',(-13.2940690854972,2.61782189490785,-5.43843008467525));
#5744=CARTESIAN_POINT('Ctrl Pts',(-13.3248156892811,2.64857403408398,-5.40231643222937));
#5745=CARTESIAN_POINT('Ctrl Pts',(-13.3540495707278,2.67836696992299,-5.36781305998693));
#5746=CARTESIAN_POINT('Ctrl Pts',(-13.3717755898598,2.69643197273978,-5.34689187517599));
#5747=CARTESIAN_POINT('Ctrl Pts',(-13.3889448235986,2.71414509335801,-5.3265627301857));
#5748=CARTESIAN_POINT('Ctrl Pts',(-13.4056818447591,2.73161521321915,-5.30667606463071));
#5749=CARTESIAN_POINT('Ctrl Pts',(-13.4301114781951,2.75711488966669,-5.27764915804375));
#5750=CARTESIAN_POINT('Ctrl Pts',(-13.4536228117769,2.7820945848719,-5.24956494528059));
#5751=CARTESIAN_POINT('Ctrl Pts',(-13.4766537008729,2.80685238364073,-5.2219583407003));
#5752=CARTESIAN_POINT('Ctrl Pts',(-13.5062982193218,2.83871971708564,-5.18642412856552));
#5753=CARTESIAN_POINT('Ctrl Pts',(-13.5351460843517,2.870220036415,-5.15168121275965));
#5754=CARTESIAN_POINT('Ctrl Pts',(-13.564065248385,2.90205119352042,-5.11673777063894));
#5755=CARTESIAN_POINT('Ctrl Pts',(-13.5957119793325,2.93688456780121,-5.0784985701594));
#5756=CARTESIAN_POINT('Ctrl Pts',(-13.6274389818472,2.97211895910075,-5.04001923349144));
#5757=CARTESIAN_POINT('Ctrl Pts',(-13.6603629688683,3.00868846131253,-5.));
#5758=CARTESIAN_POINT('Ctrl Pts',(-11.2266161020602,1.30931731330821,-6.));
#5759=CARTESIAN_POINT('Ctrl Pts',(-11.2876192440676,1.3240122096237,-6.));
#5760=CARTESIAN_POINT('Ctrl Pts',(-11.348622386075,1.33870710593918,-6.));
#5761=CARTESIAN_POINT('Ctrl Pts',(-11.4085031136781,1.35715019445369,-6.));
#5762=CARTESIAN_POINT('Ctrl Pts',(-11.4684092601925,1.37560111191833,-6.));
#5763=CARTESIAN_POINT('Ctrl Pts',(-11.5271920391877,1.3978034044153,-6.));
#5764=CARTESIAN_POINT('Ctrl Pts',(-11.5853261524688,1.42145041348948,-6.));
#5765=CARTESIAN_POINT('Ctrl Pts',(-11.6434650899455,1.44509938488474,-6.));
#5766=CARTESIAN_POINT('Ctrl Pts',(-11.700955254046,1.4701933126436,-6.));
#5767=CARTESIAN_POINT('Ctrl Pts',(-11.7577336001999,1.49683245933831,-6.));
#5768=CARTESIAN_POINT('Ctrl Pts',(-11.8145140402548,1.52347258844514,-6.));
#5769=CARTESIAN_POINT('Ctrl Pts',(-11.8705826098606,1.55165805046066,-6.));
#5770=CARTESIAN_POINT('Ctrl Pts',(-11.9260031269683,1.58106285039558,-6.));
#5771=CARTESIAN_POINT('Ctrl Pts',(-12.0368245972179,1.63986207009342,-6.));
#5772=CARTESIAN_POINT('Ctrl Pts',(-12.145054772469,1.70353691986958,-6.));
#5773=CARTESIAN_POINT('Ctrl Pts',(-12.2507785193501,1.77108526797421,-6.));
#5774=CARTESIAN_POINT('Ctrl Pts',(-12.3565103967664,1.83863881078893,-6.));
#5775=CARTESIAN_POINT('Ctrl Pts',(-12.4597354602911,1.91006644772682,-6.));
#5776=CARTESIAN_POINT('Ctrl Pts',(-12.5605856666177,1.98469445364411,-6.));
#5777=CARTESIAN_POINT('Ctrl Pts',(-12.6434485163366,2.04601202020538,-6.));
#5778=CARTESIAN_POINT('Ctrl Pts',(-12.7247081071976,2.10949014611283,-6.));
#5779=CARTESIAN_POINT('Ctrl Pts',(-12.8043739644671,2.17489979924689,-6.));
#5780=CARTESIAN_POINT('Ctrl Pts',(-11.2266161020602,-1.30931731330821,0.));
#5781=CARTESIAN_POINT('Ctrl Pts',(-11.2266161020602,-1.30931731330821,-10.));
#5782=CARTESIAN_POINT('Ctrl Pts',(-11.2876192440676,-1.3240122096237,0.));
#5783=CARTESIAN_POINT('Ctrl Pts',(-11.2876192440676,-1.3240122096237,-10.));
#5784=CARTESIAN_POINT('Ctrl Pts',(-11.40965142345,-1.35340824012587,0.));
#5785=CARTESIAN_POINT('Ctrl Pts',(-11.40965142345,-1.35340824012587,-10.));
#5786=CARTESIAN_POINT('Ctrl Pts',(-11.5859796962073,-1.42000753934512,0.));
#5787=CARTESIAN_POINT('Ctrl Pts',(-11.5859796962073,-1.42000753934512,-10.));
#5788=CARTESIAN_POINT('Ctrl Pts',(-11.7584475382983,-1.49528816582922,0.));
#5789=CARTESIAN_POINT('Ctrl Pts',(-11.7584475382983,-1.49528816582922,-10.));
#5790=CARTESIAN_POINT('Ctrl Pts',(-11.9826999563377,-1.6080190247575,0.));
#5791=CARTESIAN_POINT('Ctrl Pts',(-11.9826999563377,-1.6080190247575,-10.));
#5792=CARTESIAN_POINT('Ctrl Pts',(-12.2532932710086,-1.76721666646996,0.));
#5793=CARTESIAN_POINT('Ctrl Pts',(-12.2532932710086,-1.76721666646996,-10.));
#5794=CARTESIAN_POINT('Ctrl Pts',(-12.56296495987,-1.98149715423774,0.));
#5795=CARTESIAN_POINT('Ctrl Pts',(-12.56296495987,-1.98149715423774,-10.));
#5796=CARTESIAN_POINT('Ctrl Pts',(-12.8584018832608,-2.21499152920907,0.));
#5797=CARTESIAN_POINT('Ctrl Pts',(-12.8584018832608,-2.21499152920907,-10.));
#5798=CARTESIAN_POINT('Ctrl Pts',(-13.1396993912522,-2.46521932278893,0.));
#5799=CARTESIAN_POINT('Ctrl Pts',(-13.1396993912522,-2.46521932278893,-10.));
#5800=CARTESIAN_POINT('Ctrl Pts',(-13.4085066858532,-2.72894533989541,0.));
#5801=CARTESIAN_POINT('Ctrl Pts',(-13.4085066858532,-2.72894533989541,-10.));
#5802=CARTESIAN_POINT('Ctrl Pts',(-13.5764110271677,-2.91544092371212,0.));
#5803=CARTESIAN_POINT('Ctrl Pts',(-13.5764110271677,-2.91544092371212,-10.));
#5804=CARTESIAN_POINT('Ctrl Pts',(-13.6603629688683,-3.00868846131254,0.));
#5805=CARTESIAN_POINT('Ctrl Pts',(-13.6603629688683,-3.00868846131254,-10.));
#5806=CARTESIAN_POINT('',(-12.8043739645157,-2.17489979928672,-6.));
#5807=CARTESIAN_POINT('Ctrl Pts',(-12.8043739644671,-2.17489979924689,-6.));
#5808=CARTESIAN_POINT('Ctrl Pts',(-12.7247081071976,-2.10949014611283,-6.));
#5809=CARTESIAN_POINT('Ctrl Pts',(-12.6434485163367,-2.04601202020539,-6.));
#5810=CARTESIAN_POINT('Ctrl Pts',(-12.5605856666177,-1.98469445364412,-6.));
#5811=CARTESIAN_POINT('Ctrl Pts',(-12.4597354602911,-1.91006644772683,-6.));
#5812=CARTESIAN_POINT('Ctrl Pts',(-12.3565103967664,-1.83863881078894,-6.));
#5813=CARTESIAN_POINT('Ctrl Pts',(-12.2507785193501,-1.77108526797422,-6.));
#5814=CARTESIAN_POINT('Ctrl Pts',(-12.145054772469,-1.70353691986959,-6.));
#5815=CARTESIAN_POINT('Ctrl Pts',(-12.0368245972179,-1.63986207009342,-6.));
#5816=CARTESIAN_POINT('Ctrl Pts',(-11.9260031269683,-1.58106285039558,-6.));
#5817=CARTESIAN_POINT('Ctrl Pts',(-11.8705826098606,-1.55165805046067,-6.));
#5818=CARTESIAN_POINT('Ctrl Pts',(-11.8145140402548,-1.52347258844515,-6.));
#5819=CARTESIAN_POINT('Ctrl Pts',(-11.7577336001999,-1.49683245933832,-6.));
#5820=CARTESIAN_POINT('Ctrl Pts',(-11.700955254046,-1.47019331264361,-6.));
#5821=CARTESIAN_POINT('Ctrl Pts',(-11.6434650899455,-1.44509938488474,-6.));
#5822=CARTESIAN_POINT('Ctrl Pts',(-11.5853261524688,-1.42145041348948,-6.));
#5823=CARTESIAN_POINT('Ctrl Pts',(-11.5271920391877,-1.3978034044153,-6.));
#5824=CARTESIAN_POINT('Ctrl Pts',(-11.4684092601925,-1.37560111191834,-6.));
#5825=CARTESIAN_POINT('Ctrl Pts',(-11.4085031136781,-1.35715019445369,-6.));
#5826=CARTESIAN_POINT('Ctrl Pts',(-11.348622386075,-1.33870710593919,-6.));
#5827=CARTESIAN_POINT('Ctrl Pts',(-11.2876192440676,-1.3240122096237,-6.));
#5828=CARTESIAN_POINT('Ctrl Pts',(-11.2266161020602,-1.30931731330821,-6.));
#5829=CARTESIAN_POINT('',(-13.6603629688683,-3.00868846131254,-5.));
#5830=CARTESIAN_POINT('Ctrl Pts',(-13.6603629688683,-3.00868846131254,-5.));
#5831=CARTESIAN_POINT('Ctrl Pts',(-13.5142046303108,-2.8463467108518,-5.17765602549012));
#5832=CARTESIAN_POINT('Ctrl Pts',(-13.3806850306554,-2.69699689498506,-5.33889277794441));
#5833=CARTESIAN_POINT('Ctrl Pts',(-13.0510456536585,-2.38548897599703,-5.72079357534302));
#5834=CARTESIAN_POINT('Ctrl Pts',(-12.9293580458962,-2.27751798091104,-5.85959659630932));
#5835=CARTESIAN_POINT('Ctrl Pts',(-12.8043739645157,-2.17489979928672,-6.));
#5836=CARTESIAN_POINT('',(-13.6603629688683,-3.00868846131254,0.));
#5837=CARTESIAN_POINT('Ctrl Pts',(-13.3345655866124,-4.22458084486439,0.));
#5838=CARTESIAN_POINT('Ctrl Pts',(-13.3345655866124,-4.22458084486439,-10.));
#5839=CARTESIAN_POINT('Ctrl Pts',(-13.2152373036025,-4.2633596104164,0.));
#5840=CARTESIAN_POINT('Ctrl Pts',(-13.2152373036025,-4.2633596104164,-10.));
#5841=CARTESIAN_POINT('Ctrl Pts',(-12.97658008671,-4.340917353038,0.));
#5842=CARTESIAN_POINT('Ctrl Pts',(-12.97658008671,-4.340917353038,-10.));
#5843=CARTESIAN_POINT('Ctrl Pts',(-12.6119231323098,-4.43490713619065,0.));
#5844=CARTESIAN_POINT('Ctrl Pts',(-12.6119231323098,-4.43490713619065,-10.));
#5845=CARTESIAN_POINT('Ctrl Pts',(-12.243198447578,-4.510962008168,0.));
#5846=CARTESIAN_POINT('Ctrl Pts',(-12.243198447578,-4.510962008168,-10.));
#5847=CARTESIAN_POINT('Ctrl Pts',(-11.8705953792201,-4.56545560683856,0.));
#5848=CARTESIAN_POINT('Ctrl Pts',(-11.8705953792201,-4.56545560683856,-10.));
#5849=CARTESIAN_POINT('Ctrl Pts',(-11.4952715859493,-4.59619210835008,0.));
#5850=CARTESIAN_POINT('Ctrl Pts',(-11.4952715859493,-4.59619210835008,-10.));
#5851=CARTESIAN_POINT('Ctrl Pts',(-11.1813320804939,-4.59876465296016,0.));
#5852=CARTESIAN_POINT('Ctrl Pts',(-11.1813320804939,-4.59876465296016,-10.));
#5853=CARTESIAN_POINT('Ctrl Pts',(-10.9307583601475,-4.58426623156281,0.));
#5854=CARTESIAN_POINT('Ctrl Pts',(-10.9307583601475,-4.58426623156281,-10.));
#5855=CARTESIAN_POINT('Ctrl Pts',(-10.7437565143188,-4.56322724546533,0.));
#5856=CARTESIAN_POINT('Ctrl Pts',(-10.7437565143188,-4.56322724546533,-10.));
#5857=CARTESIAN_POINT('Ctrl Pts',(-10.5577521010959,-4.53273979408484,0.));
#5858=CARTESIAN_POINT('Ctrl Pts',(-10.5577521010959,-4.53273979408484,-10.));
#5859=CARTESIAN_POINT('Ctrl Pts',(-10.4373711184205,-4.49718141357892,0.));
#5860=CARTESIAN_POINT('Ctrl Pts',(-10.4373711184205,-4.49718141357892,-10.));
#5861=CARTESIAN_POINT('Ctrl Pts',(-10.3771933995737,-4.47940599609041,0.));
#5862=CARTESIAN_POINT('Ctrl Pts',(-10.3771933995737,-4.47940599609041,-10.));
#5863=CARTESIAN_POINT('',(-13.3345655866124,-4.22458084486439,-5.));
#5864=CARTESIAN_POINT('',(-13.3345655866124,-4.22458084486439,0.));
#5865=CARTESIAN_POINT('',(-12.17636303247,-4.51866850538986,-6.));
#5866=CARTESIAN_POINT('Ctrl Pts',(-12.17636303247,-4.51866850538986,-6.));
#5867=CARTESIAN_POINT('Ctrl Pts',(-12.1875105192349,-4.51682550808569,-5.99019035978357));
#5868=CARTESIAN_POINT('Ctrl Pts',(-12.198701602452,-4.51494480683104,-5.98034893524916));
#5869=CARTESIAN_POINT('Ctrl Pts',(-12.2099363926926,-4.51302582911342,-5.97047624772808));
#5870=CARTESIAN_POINT('Ctrl Pts',(-12.2207778307426,-4.51117403859492,-5.96094922249182));
#5871=CARTESIAN_POINT('Ctrl Pts',(-12.2316498012418,-4.50928833184892,-5.95140230024992));
#5872=CARTESIAN_POINT('Ctrl Pts',(-12.2425468736878,-4.50736935696641,-5.94183986300778));
#5873=CARTESIAN_POINT('Ctrl Pts',(-12.2932030032643,-4.49844881057346,-5.89738791846916));
#5874=CARTESIAN_POINT('Ctrl Pts',(-12.3444008630611,-4.48880516241416,-5.85260070283107));
#5875=CARTESIAN_POINT('Ctrl Pts',(-12.3956111094652,-4.47855229402084,-5.80791840531638));
#5876=CARTESIAN_POINT('Ctrl Pts',(-12.4493606330678,-4.46779103371851,-5.7610205211326));
#5877=CARTESIAN_POINT('Ctrl Pts',(-12.5031236724225,-4.45635884164495,-5.71423821783548));
#5878=CARTESIAN_POINT('Ctrl Pts',(-12.5562990974606,-4.44444438837985,-5.66808046599031));
#5879=CARTESIAN_POINT('Ctrl Pts',(-12.5746919765382,-4.44032329112444,-5.65211493402565));
#5880=CARTESIAN_POINT('Ctrl Pts',(-12.5930146542871,-4.436144958921,-5.63622412358371));
#5881=CARTESIAN_POINT('Ctrl Pts',(-12.6112425765908,-4.43191856999274,-5.62042909711532));
#5882=CARTESIAN_POINT('Ctrl Pts',(-12.6609902733581,-4.4203838974546,-5.57732126649758));
#5883=CARTESIAN_POINT('Ctrl Pts',(-12.7100310332107,-4.40848759157449,-5.53492688740217));
#5884=CARTESIAN_POINT('Ctrl Pts',(-12.7578475004603,-4.39635636059062,-5.49367412992597));
#5885=CARTESIAN_POINT('Ctrl Pts',(-12.7643826776359,-4.39469835973029,-5.48803602877388));
#5886=CARTESIAN_POINT('Ctrl Pts',(-12.7708950101128,-4.39303604683175,-5.48241925227336));
#5887=CARTESIAN_POINT('Ctrl Pts',(-12.7773832009541,-4.39136981869771,-5.47682489351454));
#5888=CARTESIAN_POINT('Ctrl Pts',(-12.8219124951599,-4.37993427917529,-5.43843008467521));
#5889=CARTESIAN_POINT('Ctrl Pts',(-12.8639159047049,-4.36867544731996,-5.4023164322293));
#5890=CARTESIAN_POINT('Ctrl Pts',(-12.9041296566086,-4.35749094875341,-5.36781305998684));
#5891=CARTESIAN_POINT('Ctrl Pts',(-12.9285133408932,-4.35070920696065,-5.34689187517593));
#5892=CARTESIAN_POINT('Ctrl Pts',(-12.9522388937836,-4.34395381139437,-5.32656273018567));
#5893=CARTESIAN_POINT('Ctrl Pts',(-12.9754686392228,-4.33719275436775,-5.30667606463072));
#5894=CARTESIAN_POINT('Ctrl Pts',(-13.0093751606072,-4.32732420349388,-5.27764915804379));
#5895=CARTESIAN_POINT('Ctrl Pts',(-13.0422264203685,-4.3174468196583,-5.24956494528067));
#5896=CARTESIAN_POINT('Ctrl Pts',(-13.0745506547817,-4.30752138153074,-5.22195834070043));
#5897=CARTESIAN_POINT('Ctrl Pts',(-13.1161572275636,-4.29474572044108,-5.18642412856589));
#5898=CARTESIAN_POINT('Ctrl Pts',(-13.1568903711888,-4.28188957618957,-5.15168121276026));
#5899=CARTESIAN_POINT('Ctrl Pts',(-13.1978506804503,-4.26878256752123,-5.11673777063982));
#5900=CARTESIAN_POINT('Ctrl Pts',(-13.2426742405383,-4.25443934596817,-5.07849857015997));
#5901=CARTESIAN_POINT('Ctrl Pts',(-13.2877678263521,-4.23978896927312,-5.04001923349174));
#5902=CARTESIAN_POINT('Ctrl Pts',(-13.3345655866124,-4.22458084486439,-5.));
#5903=CARTESIAN_POINT('Ctrl Pts',(-10.3771933995737,-4.47940599609041,-6.));
#5904=CARTESIAN_POINT('Ctrl Pts',(-10.4373711184205,-4.49718141357892,-6.));
#5905=CARTESIAN_POINT('Ctrl Pts',(-10.4975488372673,-4.51495683106743,-6.));
#5906=CARTESIAN_POINT('Ctrl Pts',(-10.558628612826,-4.52892501169118,-6.));
#5907=CARTESIAN_POINT('Ctrl Pts',(-10.6197343162826,-4.54289912170087,-6.));
#5908=CARTESIAN_POINT('Ctrl Pts',(-10.681742842446,-4.55306276187384,-6.));
#5909=CARTESIAN_POINT('Ctrl Pts',(-10.743911965911,-4.56165090793264,-6.));
#5910=CARTESIAN_POINT('Ctrl Pts',(-10.8060862484124,-4.5702397666693,-6.));
#5911=CARTESIAN_POINT('Ctrl Pts',(-10.8684211548706,-4.57725286979965,-6.));
#5912=CARTESIAN_POINT('Ctrl Pts',(-10.9309122183722,-4.58257186510385,-6.));
#5913=CARTESIAN_POINT('Ctrl Pts',(-10.9934055864512,-4.58789105656469,-6.));
#5914=CARTESIAN_POINT('Ctrl Pts',(-11.0560551230914,-4.59151601524472,-6.));
#5915=CARTESIAN_POINT('Ctrl Pts',(-11.118753098765,-4.59376097006173,-6.));
#5916=CARTESIAN_POINT('Ctrl Pts',(-11.2441269171348,-4.5982500872055,-6.));
#5917=CARTESIAN_POINT('Ctrl Pts',(-11.3696944232464,-4.59722113734276,-6.));
#5918=CARTESIAN_POINT('Ctrl Pts',(-11.495028047881,-4.59158442534104,-6.));
#5919=CARTESIAN_POINT('Ctrl Pts',(-11.6203713111207,-4.58594727985597,-6.));
#5920=CARTESIAN_POINT('Ctrl Pts',(-11.7454806569093,-4.57570166349782,-6.));
#5921=CARTESIAN_POINT('Ctrl Pts',(-11.8701335005237,-4.56149701770297,-6.));
#5922=CARTESIAN_POINT('Ctrl Pts',(-11.9725536167023,-4.54982587222085,-6.));
#5923=CARTESIAN_POINT('Ctrl Pts',(-12.074665549654,-4.53548199802895,-6.));
#5924=CARTESIAN_POINT('Ctrl Pts',(-12.1763630324419,-4.51866850539451,-6.));
#5925=CARTESIAN_POINT('Ctrl Pts',(-6.7472101059698,-9.06787608626547,0.));
#5926=CARTESIAN_POINT('Ctrl Pts',(-6.7472101059698,-9.06787608626547,-10.));
#5927=CARTESIAN_POINT('Ctrl Pts',(-6.69465677104896,-8.97935709478384,0.));
#5928=CARTESIAN_POINT('Ctrl Pts',(-6.69465677104896,-8.97935709478384,-10.));
#5929=CARTESIAN_POINT('Ctrl Pts',(-6.61581900591863,-8.84656553225952,0.));
#5930=CARTESIAN_POINT('Ctrl Pts',(-6.61581900591863,-8.84656553225952,-10.));
#5931=CARTESIAN_POINT('Ctrl Pts',(-6.4938297242083,-8.68056879400273,0.));
#5932=CARTESIAN_POINT('Ctrl Pts',(-6.4938297242083,-8.68056879400273,-10.));
#5933=CARTESIAN_POINT('Ctrl Pts',(-6.39364360280658,-8.56309357763395,0.));
#5934=CARTESIAN_POINT('Ctrl Pts',(-6.39364360280658,-8.56309357763395,-10.));
#5935=CARTESIAN_POINT('Ctrl Pts',(-6.28835433401832,-8.45001712605452,0.));
#5936=CARTESIAN_POINT('Ctrl Pts',(-6.28835433401832,-8.45001712605452,-10.));
#5937=CARTESIAN_POINT('Ctrl Pts',(-6.17220857651347,-8.34811342323992,0.));
#5938=CARTESIAN_POINT('Ctrl Pts',(-6.17220857651347,-8.34811342323992,-10.));
#5939=CARTESIAN_POINT('Ctrl Pts',(-6.05011414611584,-8.25341706917228,0.));
#5940=CARTESIAN_POINT('Ctrl Pts',(-6.05011414611584,-8.25341706917228,-10.));
#5941=CARTESIAN_POINT('Ctrl Pts',(-5.91807816229694,-8.17289363010116,0.));
#5942=CARTESIAN_POINT('Ctrl Pts',(-5.91807816229694,-8.17289363010116,-10.));
#5943=CARTESIAN_POINT('Ctrl Pts',(-5.77842952279724,-8.10652247104486,0.));
#5944=CARTESIAN_POINT('Ctrl Pts',(-5.77842952279724,-8.10652247104486,-10.));
#5945=CARTESIAN_POINT('Ctrl Pts',(-5.63162665479214,-8.05774937316904,0.));
#5946=CARTESIAN_POINT('Ctrl Pts',(-5.63162665479214,-8.05774937316904,-10.));
#5947=CARTESIAN_POINT('Ctrl Pts',(-5.47963063852586,-8.02868882089417,0.));
#5948=CARTESIAN_POINT('Ctrl Pts',(-5.47963063852586,-8.02868882089417,-10.));
#5949=CARTESIAN_POINT('Ctrl Pts',(-5.32494239013354,-8.02254747035607,0.));
#5950=CARTESIAN_POINT('Ctrl Pts',(-5.32494239013354,-8.02254747035607,-10.));
#5951=CARTESIAN_POINT('Ctrl Pts',(-5.17116401419703,-8.03967677684276,0.));
#5952=CARTESIAN_POINT('Ctrl Pts',(-5.17116401419703,-8.03967677684276,-10.));
#5953=CARTESIAN_POINT('Ctrl Pts',(-5.02170025670063,-8.08057522942067,0.));
#5954=CARTESIAN_POINT('Ctrl Pts',(-5.02170025670063,-8.08057522942067,-10.));
#5955=CARTESIAN_POINT('Ctrl Pts',(-4.88211960457615,-8.14756774451919,0.));
#5956=CARTESIAN_POINT('Ctrl Pts',(-4.88211960457615,-8.14756774451919,-10.));
#5957=CARTESIAN_POINT('Ctrl Pts',(-4.75073536045111,-8.22851501761537,0.));
#5958=CARTESIAN_POINT('Ctrl Pts',(-4.75073536045111,-8.22851501761537,-10.));
#5959=CARTESIAN_POINT('Ctrl Pts',(-4.61494084352022,-8.30182347413658,0.));
#5960=CARTESIAN_POINT('Ctrl Pts',(-4.61494084352022,-8.30182347413658,-10.));
#5961=CARTESIAN_POINT('Ctrl Pts',(-4.48713329751925,-8.38920760720393,0.));
#5962=CARTESIAN_POINT('Ctrl Pts',(-4.48713329751925,-8.38920760720393,-10.));
#5963=CARTESIAN_POINT('Ctrl Pts',(-4.37698231986309,-8.49819779185191,0.));
#5964=CARTESIAN_POINT('Ctrl Pts',(-4.37698231986309,-8.49819779185191,-10.));
#5965=CARTESIAN_POINT('Ctrl Pts',(-4.28525871732818,-8.62280911872232,0.));
#5966=CARTESIAN_POINT('Ctrl Pts',(-4.28525871732818,-8.62280911872232,-10.));
#5967=CARTESIAN_POINT('Ctrl Pts',(-4.21323315871155,-8.75984374676602,0.));
#5968=CARTESIAN_POINT('Ctrl Pts',(-4.21323315871155,-8.75984374676602,-10.));
#5969=CARTESIAN_POINT('Ctrl Pts',(-4.16240232709645,-8.9060064342641,0.));
#5970=CARTESIAN_POINT('Ctrl Pts',(-4.16240232709645,-8.9060064342641,-10.));
#5971=CARTESIAN_POINT('Ctrl Pts',(-4.13123963487562,-9.05752799624284,0.));
#5972=CARTESIAN_POINT('Ctrl Pts',(-4.13123963487562,-9.05752799624284,-10.));
#5973=CARTESIAN_POINT('Ctrl Pts',(-4.11889442494716,-9.21165284518166,0.));
#5974=CARTESIAN_POINT('Ctrl Pts',(-4.11889442494716,-9.21165284518166,-10.));
#5975=CARTESIAN_POINT('Ctrl Pts',(-4.12261177687336,-9.36626108091806,0.));
#5976=CARTESIAN_POINT('Ctrl Pts',(-4.12261177687336,-9.36626108091806,-10.));
#5977=CARTESIAN_POINT('Ctrl Pts',(-4.1435740099429,-9.51934613633682,0.));
#5978=CARTESIAN_POINT('Ctrl Pts',(-4.1435740099429,-9.51934613633682,-10.));
#5979=CARTESIAN_POINT('Ctrl Pts',(-4.17375232656762,-9.6708831642851,0.));
#5980=CARTESIAN_POINT('Ctrl Pts',(-4.17375232656762,-9.6708831642851,-10.));
#5981=CARTESIAN_POINT('Ctrl Pts',(-4.21903477181108,-9.81860457159134,0.));
#5982=CARTESIAN_POINT('Ctrl Pts',(-4.21903477181108,-9.81860457159134,-10.));
#5983=CARTESIAN_POINT('Ctrl Pts',(-4.27067823280065,-9.96410590601625,0.));
#5984=CARTESIAN_POINT('Ctrl Pts',(-4.27067823280065,-9.96410590601625,-10.));
#5985=CARTESIAN_POINT('Ctrl Pts',(-4.35344098422122,-10.1527500920952,0.));
#5986=CARTESIAN_POINT('Ctrl Pts',(-4.35344098422122,-10.1527500920952,-10.));
#5987=CARTESIAN_POINT('Ctrl Pts',(-4.42902296821035,-10.2874213807378,0.));
#5988=CARTESIAN_POINT('Ctrl Pts',(-4.42902296821035,-10.2874213807378,-10.));
#5989=CARTESIAN_POINT('Ctrl Pts',(-4.4794059960904,-10.3771933995737,0.));
#5990=CARTESIAN_POINT('Ctrl Pts',(-4.4794059960904,-10.3771933995737,-10.));
#5991=CARTESIAN_POINT('',(-4.4794059960904,-10.3771933995737,-6.));
#5992=CARTESIAN_POINT('',(-6.7472101059698,-9.06787608626547,-6.));
#5993=CARTESIAN_POINT('Ctrl Pts',(-4.4794059960904,-10.3771933995737,-6.));
#5994=CARTESIAN_POINT('Ctrl Pts',(-4.42902296821035,-10.2874213807378,-6.));
#5995=CARTESIAN_POINT('Ctrl Pts',(-4.3786399403303,-10.197649361902,-6.));
#5996=CARTESIAN_POINT('Ctrl Pts',(-4.33426100843516,-10.1048524313615,-6.));
#5997=CARTESIAN_POINT('Ctrl Pts',(-4.31206498719453,-10.0584402588872,-6.));
#5998=CARTESIAN_POINT('Ctrl Pts',(-4.29137087695711,-10.0112714116056,-6.));
#5999=CARTESIAN_POINT('Ctrl Pts',(-4.27241651597144,-9.96343639261632,-6.));
#6000=CARTESIAN_POINT('Ctrl Pts',(-4.25346349781364,-9.9156047625145,-6.));
#6001=CARTESIAN_POINT('Ctrl Pts',(-4.23624998241011,-9.86710705509203,-6.));
#6002=CARTESIAN_POINT('Ctrl Pts',(-4.22009623311005,-9.81823842481585,-6.));
#6003=CARTESIAN_POINT('Ctrl Pts',(-4.20394089298076,-9.76936498193277,-6.));
#6004=CARTESIAN_POINT('Ctrl Pts',(-4.18884552769779,-9.72012054313505,-6.));
#6005=CARTESIAN_POINT('Ctrl Pts',(-4.17626782556476,-9.67023969387972,-6.));
#6006=CARTESIAN_POINT('Ctrl Pts',(-4.1636919266388,-9.62036599581139,-6.));
#6007=CARTESIAN_POINT('Ctrl Pts',(-4.15363296902307,-9.56985606975082,-6.));
#6008=CARTESIAN_POINT('Ctrl Pts',(-4.14510989840996,-9.51908776203864,-6.));
#6009=CARTESIAN_POINT('Ctrl Pts',(-4.13658682655604,-9.4683194469354,-6.));
#6010=CARTESIAN_POINT('Ctrl Pts',(-4.12959964215195,-9.41729275010532,-6.));
#6011=CARTESIAN_POINT('Ctrl Pts',(-4.12548633045003,-9.36601050886444,-6.));
#6012=CARTESIAN_POINT('Ctrl Pts',(-4.12137261792157,-9.31472327036456,-6.));
#6013=CARTESIAN_POINT('Ctrl Pts',(-4.12013333821846,-9.2631804376478,-6.));
#6014=CARTESIAN_POINT('Ctrl Pts',(-4.12157214082106,-9.21171517160958,-6.));
#6015=CARTESIAN_POINT('Ctrl Pts',(-4.12301051799666,-9.16026512288697,-6.));
#6016=CARTESIAN_POINT('Ctrl Pts',(-4.12712539399452,-9.10889259497966,-6.));
#6017=CARTESIAN_POINT('Ctrl Pts',(-4.13437780930987,-9.0579481359434,-6.));
#6018=CARTESIAN_POINT('Ctrl Pts',(-4.14162910524021,-9.00701154000669,-6.));
#6019=CARTESIAN_POINT('Ctrl Pts',(-4.15201697202629,-8.95650288080934,-6.));
#6020=CARTESIAN_POINT('Ctrl Pts',(-4.16568505581628,-8.90688260766358,-6.));
#6021=CARTESIAN_POINT('Ctrl Pts',(-4.17934983475607,-8.85727433236419,-6.));
#6022=CARTESIAN_POINT('Ctrl Pts',(-4.19629324462298,-8.80855401355684,-6.));
#6023=CARTESIAN_POINT('Ctrl Pts',(-4.21677184426123,-8.76135058663455,-6.));
#6024=CARTESIAN_POINT('Ctrl Pts',(-4.23724621873784,-8.71415689876239,-6.));
#6025=CARTESIAN_POINT('Ctrl Pts',(-4.26125432436971,-8.66847947690708,-6.));
#6026=CARTESIAN_POINT('Ctrl Pts',(-4.28854938894538,-8.62486762916082,-6.));
#6027=CARTESIAN_POINT('Ctrl Pts',(-4.31584023254413,-8.58126252565958,-6.));
#6028=CARTESIAN_POINT('Ctrl Pts',(-4.34641701855822,-8.5397223574657,-6.));
#6029=CARTESIAN_POINT('Ctrl Pts',(-4.38006781148294,-8.50078444001362,-6.));
#6030=CARTESIAN_POINT('Ctrl Pts',(-4.41370596509457,-8.46186114773042,-6.));
#6031=CARTESIAN_POINT('Ctrl Pts',(-4.45041581684277,-8.42553815173374,-6.));
#6032=CARTESIAN_POINT('Ctrl Pts',(-4.4900596134092,-8.39282051767025,-6.));
#6033=CARTESIAN_POINT('Ctrl Pts',(-4.5297116486273,-8.36009608432886,-6.));
#6034=CARTESIAN_POINT('Ctrl Pts',(-4.57229884823709,-8.3309785115868,-6.));
#6035=CARTESIAN_POINT('Ctrl Pts',(-4.61620462224652,-8.3042106089432,-6.));
#6036=CARTESIAN_POINT('Ctrl Pts',(-4.66016688849946,-8.27740826484154,-6.));
#6037=CARTESIAN_POINT('Ctrl Pts',(-4.70545112447528,-8.25296164122845,-6.));
#6038=CARTESIAN_POINT('Ctrl Pts',(-4.75,-8.22724133595217,-6.));
#6039=CARTESIAN_POINT('Ctrl Pts',(-4.79454887552471,-8.20152103067588,-6.));
#6040=CARTESIAN_POINT('Ctrl Pts',(-4.83836239059831,-8.17452704373639,-6.));
#6041=CARTESIAN_POINT('Ctrl Pts',(-4.88355503459779,-8.14985577640424,-6.));
#6042=CARTESIAN_POINT('Ctrl Pts',(-4.92868960529789,-8.12521621206105,-6.));
#6043=CARTESIAN_POINT('Ctrl Pts',(-4.97519976279395,-8.10289340169396,-6.));
#6044=CARTESIAN_POINT('Ctrl Pts',(-5.02336597100109,-8.08491594855403,-6.));
#6045=CARTESIAN_POINT('Ctrl Pts',(-5.07152217153501,-8.06694223065678,-6.));
#6046=CARTESIAN_POINT('Ctrl Pts',(-5.1213337346838,-8.05331206447203,-6.));
#6047=CARTESIAN_POINT('Ctrl Pts',(-5.1718613714058,-8.04364221504955,-6.));
#6048=CARTESIAN_POINT('Ctrl Pts',(-5.22240799355212,-8.0339687322453,-6.));
#6049=CARTESIAN_POINT('Ctrl Pts',(-5.27367122749253,-8.02825854288794,-6.));
#6050=CARTESIAN_POINT('Ctrl Pts',(-5.32507977665863,-8.02642653079134,-6.));
#6051=CARTESIAN_POINT('Ctrl Pts',(-5.37649627700071,-8.02459423534399,-6.));
#6052=CARTESIAN_POINT('Ctrl Pts',(-5.42805813752272,-8.02664131689772,-6.));
#6053=CARTESIAN_POINT('Ctrl Pts',(-5.47916625735659,-8.03250683241046,-6.));
#6054=CARTESIAN_POINT('Ctrl Pts',(-5.5302849240361,-8.03837355835096,-6.));
#6055=CARTESIAN_POINT('Ctrl Pts',(-5.5809496627372,-8.04806029438315,-6.));
#6056=CARTESIAN_POINT('Ctrl Pts',(-5.6307440788543,-8.06103038633389,-6.));
#6057=CARTESIAN_POINT('Ctrl Pts',(-5.68055053783625,-8.07400361512358,-6.));
#6058=CARTESIAN_POINT('Ctrl Pts',(-5.72948625320528,-8.09026178819438,-6.));
#6059=CARTESIAN_POINT('Ctrl Pts',(-5.77722428723395,-8.10945027967671,-6.));
#6060=CARTESIAN_POINT('Ctrl Pts',(-5.82496969059908,-8.12864173329295,-6.));
#6061=CARTESIAN_POINT('Ctrl Pts',(-5.87151704282236,-8.15076441009903,-6.));
#6062=CARTESIAN_POINT('Ctrl Pts',(-5.91679328062988,-8.17524376328604,-6.));
#6063=CARTESIAN_POINT('Ctrl Pts',(-5.96208290973281,-8.19973035670027,-6.));
#6064=CARTESIAN_POINT('Ctrl Pts',(-6.00610067239698,-8.22657502076394,-6.));
#6065=CARTESIAN_POINT('Ctrl Pts',(-6.04845986756361,-8.25578121956741,-6.));
#6066=CARTESIAN_POINT('Ctrl Pts',(-6.09081493539025,-8.28498457261539,-6.));
#6067=CARTESIAN_POINT('Ctrl Pts',(-6.13151175891427,-8.31654900022529,-6.));
#6068=CARTESIAN_POINT('Ctrl Pts',(-6.17121687357404,-8.34931435452069,-6.));
#6069=CARTESIAN_POINT('Ctrl Pts',(-6.21092198245338,-8.38207970404597,-6.));
#6070=CARTESIAN_POINT('Ctrl Pts',(-6.24963538275724,-8.41604597990708,-6.));
#6071=CARTESIAN_POINT('Ctrl Pts',(-6.2865393228021,-8.45187387688655,-6.));
#6072=CARTESIAN_POINT('Ctrl Pts',(-6.32344855435305,-8.48770691108265,-6.));
#6073=CARTESIAN_POINT('Ctrl Pts',(-6.3585478067055,-8.52540210029597,-6.));
#6074=CARTESIAN_POINT('Ctrl Pts',(-6.392795779748,-8.56382975669625,-6.));
#6075=CARTESIAN_POINT('Ctrl Pts',(-6.4270403803653,-8.60225362909456,-6.));
#6076=CARTESIAN_POINT('Ctrl Pts',(-6.4604338693167,-8.64140982443368,-6.));
#6077=CARTESIAN_POINT('Ctrl Pts',(-6.49238076701039,-8.68173943468764,-6.));
#6078=CARTESIAN_POINT('Ctrl Pts',(-6.52432992815278,-8.72207190230837,-6.));
#6079=CARTESIAN_POINT('Ctrl Pts',(-6.55483229304721,-8.76357795112352,-6.));
#6080=CARTESIAN_POINT('Ctrl Pts',(-6.58392840283445,-8.80600635561799,-6.));
#6081=CARTESIAN_POINT('Ctrl Pts',(-6.64210343612812,-8.89083810330221,-6.));
#6082=CARTESIAN_POINT('Ctrl Pts',(-6.69465677104896,-8.97935709478384,-6.));
#6083=CARTESIAN_POINT('Ctrl Pts',(-6.7472101059698,-9.06787608626547,-6.));
#6084=CARTESIAN_POINT('',(-4.4794059960904,-10.3771933995737,0.));
#6085=CARTESIAN_POINT('',(-6.7472101059698,-9.06787608626547,0.));
#6086=CARTESIAN_POINT('Ctrl Pts',(-9.43578212400393,-10.3258771252999,0.));
#6087=CARTESIAN_POINT('Ctrl Pts',(-9.43578212400393,-10.3258771252999,-10.));
#6088=CARTESIAN_POINT('Ctrl Pts',(-9.31305141675131,-10.2997963798904,0.));
#6089=CARTESIAN_POINT('Ctrl Pts',(-9.31305141675131,-10.2997963798904,-10.));
#6090=CARTESIAN_POINT('Ctrl Pts',(-9.06758933281516,-10.2476347468146,0.));
#6091=CARTESIAN_POINT('Ctrl Pts',(-9.06758933281516,-10.2476347468146,-10.));
#6092=CARTESIAN_POINT('Ctrl Pts',(-8.70479225506157,-10.1467038095209,0.));
#6093=CARTESIAN_POINT('Ctrl Pts',(-8.70479225506157,-10.1467038095209,-10.));
#6094=CARTESIAN_POINT('Ctrl Pts',(-8.34743987509277,-10.028206918369,0.));
#6095=CARTESIAN_POINT('Ctrl Pts',(-8.34743987509277,-10.028206918369,-10.));
#6096=CARTESIAN_POINT('Ctrl Pts',(-7.99750935303146,-9.88909822498232,0.));
#6097=CARTESIAN_POINT('Ctrl Pts',(-7.99750935303146,-9.88909822498232,-10.));
#6098=CARTESIAN_POINT('Ctrl Pts',(-7.65710116265851,-9.7280549194794,0.));
#6099=CARTESIAN_POINT('Ctrl Pts',(-7.65710116265851,-9.7280549194794,-10.));
#6100=CARTESIAN_POINT('Ctrl Pts',(-7.38393530337752,-9.57331305573635,0.));
#6101=CARTESIAN_POINT('Ctrl Pts',(-7.38393530337752,-9.57331305573635,-10.));
#6102=CARTESIAN_POINT('Ctrl Pts',(-7.17418130673545,-9.43547019431829,0.));
#6103=CARTESIAN_POINT('Ctrl Pts',(-7.17418130673545,-9.43547019431829,-10.));
#6104=CARTESIAN_POINT('Ctrl Pts',(-7.02275245074194,-9.32374897497365,0.));
#6105=CARTESIAN_POINT('Ctrl Pts',(-7.02275245074194,-9.32374897497365,-10.));
#6106=CARTESIAN_POINT('Ctrl Pts',(-6.8769116293652,-9.20434386097008,0.));
#6107=CARTESIAN_POINT('Ctrl Pts',(-6.8769116293652,-9.20434386097008,-10.));
#6108=CARTESIAN_POINT('Ctrl Pts',(-6.79043783048869,-9.1133589087968,0.));
#6109=CARTESIAN_POINT('Ctrl Pts',(-6.79043783048869,-9.1133589087968,-10.));
#6110=CARTESIAN_POINT('Ctrl Pts',(-6.7472101059698,-9.06787608626547,0.));
#6111=CARTESIAN_POINT('Ctrl Pts',(-6.7472101059698,-9.06787608626547,-10.));
#6112=CARTESIAN_POINT('',(-8.28570545912581,-10.0014632331833,-6.));
#6113=CARTESIAN_POINT('Ctrl Pts',(-6.7472101059698,-9.06787608626547,-6.));
#6114=CARTESIAN_POINT('Ctrl Pts',(-6.79043783048869,-9.1133589087968,-6.));
#6115=CARTESIAN_POINT('Ctrl Pts',(-6.83366555500758,-9.15884173132814,-6.));
#6116=CARTESIAN_POINT('Ctrl Pts',(-6.87957810198694,-9.20147841837228,-6.));
#6117=CARTESIAN_POINT('Ctrl Pts',(-6.92551013849166,-9.24413320436426,-6.));
#6118=CARTESIAN_POINT('Ctrl Pts',(-6.97412927731388,-9.28393943803066,-6.));
#6119=CARTESIAN_POINT('Ctrl Pts',(-7.02367524453619,-9.32246155242149,-6.));
#6120=CARTESIAN_POINT('Ctrl Pts',(-7.0732253232762,-9.3609868635277,-6.));
#6121=CARTESIAN_POINT('Ctrl Pts',(-7.12370238424636,-9.39822784222704,-6.));
#6122=CARTESIAN_POINT('Ctrl Pts',(-7.17516173509608,-9.43407975903385,-6.));
#6123=CARTESIAN_POINT('Ctrl Pts',(-7.22662298369013,-9.46993299800603,-6.));
#6124=CARTESIAN_POINT('Ctrl Pts',(-7.27906659461586,-9.50439707263071,-6.));
#6125=CARTESIAN_POINT('Ctrl Pts',(-7.33224215690654,-9.53769024836939,-6.));
#6126=CARTESIAN_POINT('Ctrl Pts',(-7.43857451001237,-9.60426484704136,-6.));
#6127=CARTESIAN_POINT('Ctrl Pts',(-7.54783363512626,-9.66615750337682,-6.));
#6128=CARTESIAN_POINT('Ctrl Pts',(-7.65919409400911,-9.72394277990684,-6.));
#6129=CARTESIAN_POINT('Ctrl Pts',(-7.7705631169104,-9.78173250033175,-6.));
#6130=CARTESIAN_POINT('Ctrl Pts',(-7.88403379679327,-9.83541420918247,-6.));
#6131=CARTESIAN_POINT('Ctrl Pts',(-7.99908864891471,-9.88543904687956,-6.));
#6132=CARTESIAN_POINT('Ctrl Pts',(-8.09362264412498,-9.92654159649007,-6.));
#6133=CARTESIAN_POINT('Ctrl Pts',(-8.18922610918664,-9.96517540352705,-6.));
#6134=CARTESIAN_POINT('Ctrl Pts',(-8.28570545909915,-10.0014632331732,-6.));
#6135=CARTESIAN_POINT('',(-9.43578212400393,-10.3258771252999,-1.));
#6136=CARTESIAN_POINT('Ctrl Pts',(-9.43578212400393,-10.3258771252999,-1.));
#6137=CARTESIAN_POINT('Ctrl Pts',(-9.37284031345869,-10.3125017494613,-0.947667306964848));
#6138=CARTESIAN_POINT('Ctrl Pts',(-9.31275877413772,-10.299727865168,-0.897849139089546));
#6139=CARTESIAN_POINT('Ctrl Pts',(-9.25253832789249,-10.2864465252552,-0.847687124417987));
#6140=CARTESIAN_POINT('Ctrl Pts',(-9.21792962621628,-10.2788137367329,-0.818859005241051));
#6141=CARTESIAN_POINT('Ctrl Pts',(-9.18327450810858,-10.271015609266,-0.789917320239671));
#6142=CARTESIAN_POINT('Ctrl Pts',(-9.14800907067625,-10.26281903377,-0.760319515680738));
#6143=CARTESIAN_POINT('Ctrl Pts',(-9.12191131687775,-10.2567532587545,-0.738416023973386));
#6144=CARTESIAN_POINT('Ctrl Pts',(-9.09547937594695,-10.2504690282589,-0.716153204570249));
#6145=CARTESIAN_POINT('Ctrl Pts',(-9.0684890903914,-10.2438534260037,-0.693311168058429));
#6146=CARTESIAN_POINT('Ctrl Pts',(-9.02934551517522,-10.2342589249028,-0.660183731431239));
#6147=CARTESIAN_POINT('Ctrl Pts',(-8.98902711645454,-10.22396789529,-0.625838013997113));
#6148=CARTESIAN_POINT('Ctrl Pts',(-8.94683654451921,-10.2127301398681,-0.589603261632772));
#6149=CARTESIAN_POINT('Ctrl Pts',(-8.91674269856027,-10.2047144324463,-0.563757604510969));
#6150=CARTESIAN_POINT('Ctrl Pts',(-8.885696634464,-10.1962159644464,-0.536950856300686));
#6151=CARTESIAN_POINT('Ctrl Pts',(-8.85345079633499,-10.1871287269349,-0.508939600400916));
#6152=CARTESIAN_POINT('Ctrl Pts',(-8.80510580939347,-10.1735045693902,-0.466943365250444));
#6153=CARTESIAN_POINT('Ctrl Pts',(-8.75567928941208,-10.1590048118965,-0.423673934343307));
#6154=CARTESIAN_POINT('Ctrl Pts',(-8.70569715961917,-10.1437753574131,-0.379566131831081));
#6155=CARTESIAN_POINT('Ctrl Pts',(-8.65258041051932,-10.1275907907275,-0.332692117276379));
#6156=CARTESIAN_POINT('Ctrl Pts',(-8.59883619284774,-10.1105831612936,-0.284871277062276));
#6157=CARTESIAN_POINT('Ctrl Pts',(-8.54511000581664,-10.092864614528,-0.236625483007773));
#6158=CARTESIAN_POINT('Ctrl Pts',(-8.49437115174761,-10.0761312707279,-0.191062296054649));
#6159=CARTESIAN_POINT('Ctrl Pts',(-8.44364862228634,-10.0587636865168,-0.14512009878785));
#6160=CARTESIAN_POINT('Ctrl Pts',(-8.39347162200458,-10.0409014106539,-0.0992384609093357));
#6161=CARTESIAN_POINT('Ctrl Pts',(-8.37848524526018,-10.0355664804251,-0.0855349810871727));
#6162=CARTESIAN_POINT('Ctrl Pts',(-8.36354741654941,-10.0301877500086,-0.0718369033993887));
#6163=CARTESIAN_POINT('Ctrl Pts',(-8.34867192115222,-10.0247698042164,-0.0581559391055193));
#6164=CARTESIAN_POINT('Ctrl Pts',(-8.32754431392001,-10.0170747172531,-0.038724919671131));
#6165=CARTESIAN_POINT('Ctrl Pts',(-8.30654247879335,-10.0093004565964,-0.0193284220739659));
#6166=CARTESIAN_POINT('Ctrl Pts',(-8.28570545912581,-10.0014632331833,0.));
#6167=CARTESIAN_POINT('',(-9.43578212400393,-10.3258771252999,-5.));
#6168=CARTESIAN_POINT('',(-9.43578212400393,-10.3258771252999,0.));
#6169=CARTESIAN_POINT('Ctrl Pts',(-8.28570545912581,-10.0014632331833,-6.));
#6170=CARTESIAN_POINT('Ctrl Pts',(-8.29628096450462,-10.0054408940812,-5.99019035978357));
#6171=CARTESIAN_POINT('Ctrl Pts',(-8.30691307749386,-10.0094077006263,-5.98034893524916));
#6172=CARTESIAN_POINT('Ctrl Pts',(-8.31760218010726,-10.0133632122939,-5.97047624772808));
#6173=CARTESIAN_POINT('Ctrl Pts',(-8.32791703613135,-10.0171802336874,-5.96094922249182));
#6174=CARTESIAN_POINT('Ctrl Pts',(-8.33827529214581,-10.0209831489908,-5.95140230024992));
#6175=CARTESIAN_POINT('Ctrl Pts',(-8.34867192115222,-10.0247698042164,-5.94183986300778));
#6176=CARTESIAN_POINT('Ctrl Pts',(-8.39700168941904,-10.0423724492126,-5.89738791846943));
#6177=CARTESIAN_POINT('Ctrl Pts',(-8.44616216070177,-10.0596197348197,-5.85260070283161));
#6178=CARTESIAN_POINT('Ctrl Pts',(-8.49563796921819,-10.0763456135314,-5.80791840531718));
#6179=CARTESIAN_POINT('Ctrl Pts',(-8.54756705225019,-10.0939008505341,-5.7610205211337));
#6180=CARTESIAN_POINT('Ctrl Pts',(-8.59984330615242,-10.1108818014547,-5.71423821783686));
#6181=CARTESIAN_POINT('Ctrl Pts',(-8.65185180172471,-10.1271512947739,-5.66808046599198));
#6182=CARTESIAN_POINT('Ctrl Pts',(-8.66984105088297,-10.1327787593982,-5.65211493402675));
#6183=CARTESIAN_POINT('Ctrl Pts',(-8.68779812138121,-10.1383215564392,-5.63622412358426));
#6184=CARTESIAN_POINT('Ctrl Pts',(-8.70569715961917,-10.1437753574131,-5.62042909711532));
#6185=CARTESIAN_POINT('Ctrl Pts',(-8.75454726506818,-10.1586598863543,-5.57732126649786));
#6186=CARTESIAN_POINT('Ctrl Pts',(-8.80296596186113,-10.1728777631771,-5.53492688740274));
#6187=CARTESIAN_POINT('Ctrl Pts',(-8.85044185271012,-10.1862800425906,-5.49367412992684));
#6188=CARTESIAN_POINT('Ctrl Pts',(-8.85693048259292,-10.188111760314,-5.48803602877446));
#6189=CARTESIAN_POINT('Ctrl Pts',(-8.86340148440544,-10.1899283213534,-5.48241925227365));
#6190=CARTESIAN_POINT('Ctrl Pts',(-8.86985353656596,-10.1917294208816,-5.47682489351453));
#6191=CARTESIAN_POINT('Ctrl Pts',(-8.91413480632192,-10.204090600252,-5.43843008467526));
#6192=CARTESIAN_POINT('Ctrl Pts',(-8.95614024196107,-10.2153418706209,-5.40231643222938));
#6193=CARTESIAN_POINT('Ctrl Pts',(-8.99655862197433,-10.2257626866855,-5.36781305998695));
#6194=CARTESIAN_POINT('Ctrl Pts',(-9.02106638289913,-10.2320813681534,-5.34689187517601));
#6195=CARTESIAN_POINT('Ctrl Pts',(-9.0449910122042,-10.2380938004255,-5.32656273018571));
#6196=CARTESIAN_POINT('Ctrl Pts',(-9.0684890903914,-10.2438534260037,-5.30667606463071));
#6197=CARTESIAN_POINT('Ctrl Pts',(-9.10278727470122,-10.2522602709406,-5.27764915804375));
#6198=CARTESIAN_POINT('Ctrl Pts',(-9.13617599211863,-10.2601318354967,-5.24956494528059));
#6199=CARTESIAN_POINT('Ctrl Pts',(-9.16913231934222,-10.2676982711412,-5.22195834070031));
#6200=CARTESIAN_POINT('Ctrl Pts',(-9.21155249888085,-10.2774375104784,-5.18642412856549));
#6201=CARTESIAN_POINT('Ctrl Pts',(-9.2532565081624,-10.2866703347745,-5.15168121275958));
#6202=CARTESIAN_POINT('Ctrl Pts',(-9.29528268086428,-10.295799486931,-5.11673777063884));
#6203=CARTESIAN_POINT('Ctrl Pts',(-9.34127263336468,-10.3057896727378,-5.07849857015933));
#6204=CARTESIAN_POINT('Ctrl Pts',(-9.38765001257427,-10.3156488672517,-5.04001923349141));
#6205=CARTESIAN_POINT('Ctrl Pts',(-9.43578212400393,-10.3258771252999,-5.));
#6206=CARTESIAN_POINT('Ctrl Pts',(-4.4794059960904,-10.3771933995737,0.));
#6207=CARTESIAN_POINT('Ctrl Pts',(-4.4794059960904,-10.3771933995737,-10.));
#6208=CARTESIAN_POINT('Ctrl Pts',(-4.49718141357891,-10.4373711184205,0.));
#6209=CARTESIAN_POINT('Ctrl Pts',(-4.49718141357891,-10.4373711184205,-10.));
#6210=CARTESIAN_POINT('Ctrl Pts',(-4.53273979408482,-10.557752101096,0.));
#6211=CARTESIAN_POINT('Ctrl Pts',(-4.53273979408482,-10.557752101096,-10.));
#6212=CARTESIAN_POINT('Ctrl Pts',(-4.56322724546533,-10.7437565143188,0.));
#6213=CARTESIAN_POINT('Ctrl Pts',(-4.56322724546533,-10.7437565143188,-10.));
#6214=CARTESIAN_POINT('Ctrl Pts',(-4.58426623156279,-10.9307583601475,0.));
#6215=CARTESIAN_POINT('Ctrl Pts',(-4.58426623156279,-10.9307583601475,-10.));
#6216=CARTESIAN_POINT('Ctrl Pts',(-4.59876465296017,-11.1813320804939,0.));
#6217=CARTESIAN_POINT('Ctrl Pts',(-4.59876465296017,-11.1813320804939,-10.));
#6218=CARTESIAN_POINT('Ctrl Pts',(-4.59619210835006,-11.4952715859493,0.));
#6219=CARTESIAN_POINT('Ctrl Pts',(-4.59619210835006,-11.4952715859493,-10.));
#6220=CARTESIAN_POINT('Ctrl Pts',(-4.56545560683856,-11.8705953792201,0.));
#6221=CARTESIAN_POINT('Ctrl Pts',(-4.56545560683856,-11.8705953792201,-10.));
#6222=CARTESIAN_POINT('Ctrl Pts',(-4.51096200816799,-12.243198447578,0.));
#6223=CARTESIAN_POINT('Ctrl Pts',(-4.51096200816799,-12.243198447578,-10.));
#6224=CARTESIAN_POINT('Ctrl Pts',(-4.43490713619063,-12.6119231323098,0.));
#6225=CARTESIAN_POINT('Ctrl Pts',(-4.43490713619063,-12.6119231323098,-10.));
#6226=CARTESIAN_POINT('Ctrl Pts',(-4.340917353038,-12.97658008671,0.));
#6227=CARTESIAN_POINT('Ctrl Pts',(-4.340917353038,-12.97658008671,-10.));
#6228=CARTESIAN_POINT('Ctrl Pts',(-4.26335961041639,-13.2152373036025,0.));
#6229=CARTESIAN_POINT('Ctrl Pts',(-4.26335961041639,-13.2152373036025,-10.));
#6230=CARTESIAN_POINT('Ctrl Pts',(-4.22458084486438,-13.3345655866125,0.));
#6231=CARTESIAN_POINT('Ctrl Pts',(-4.22458084486438,-13.3345655866125,-10.));
#6232=CARTESIAN_POINT('',(-4.51866850538985,-12.17636303247,-6.));
#6233=CARTESIAN_POINT('Ctrl Pts',(-4.51866850539354,-12.1763630324477,-6.));
#6234=CARTESIAN_POINT('Ctrl Pts',(-4.5354819980284,-12.0746655496579,-6.));
#6235=CARTESIAN_POINT('Ctrl Pts',(-4.54982587222063,-11.9725536167042,-6.));
#6236=CARTESIAN_POINT('Ctrl Pts',(-4.56149701770297,-11.8701335005237,-6.));
#6237=CARTESIAN_POINT('Ctrl Pts',(-4.57570166349781,-11.7454806569093,-6.));
#6238=CARTESIAN_POINT('Ctrl Pts',(-4.58594727985595,-11.6203713111207,-6.));
#6239=CARTESIAN_POINT('Ctrl Pts',(-4.59158442534103,-11.495028047881,-6.));
#6240=CARTESIAN_POINT('Ctrl Pts',(-4.59722113734275,-11.3696944232464,-6.));
#6241=CARTESIAN_POINT('Ctrl Pts',(-4.59825008720551,-11.2441269171348,-6.));
#6242=CARTESIAN_POINT('Ctrl Pts',(-4.59376097006173,-11.118753098765,-6.));
#6243=CARTESIAN_POINT('Ctrl Pts',(-4.59151601524472,-11.0560551230914,-6.));
#6244=CARTESIAN_POINT('Ctrl Pts',(-4.58789105656468,-10.9934055864512,-6.));
#6245=CARTESIAN_POINT('Ctrl Pts',(-4.58257186510384,-10.9309122183722,-6.));
#6246=CARTESIAN_POINT('Ctrl Pts',(-4.57725286979964,-10.8684211548707,-6.));
#6247=CARTESIAN_POINT('Ctrl Pts',(-4.5702397666693,-10.8060862484125,-6.));
#6248=CARTESIAN_POINT('Ctrl Pts',(-4.56165090793264,-10.743911965911,-6.));
#6249=CARTESIAN_POINT('Ctrl Pts',(-4.55306276187384,-10.681742842446,-6.));
#6250=CARTESIAN_POINT('Ctrl Pts',(-4.54289912170086,-10.6197343162826,-6.));
#6251=CARTESIAN_POINT('Ctrl Pts',(-4.52892501169117,-10.558628612826,-6.));
#6252=CARTESIAN_POINT('Ctrl Pts',(-4.51495683106742,-10.4975488372673,-6.));
#6253=CARTESIAN_POINT('Ctrl Pts',(-4.49718141357891,-10.4373711184205,-6.));
#6254=CARTESIAN_POINT('Ctrl Pts',(-4.4794059960904,-10.3771933995737,-6.));
#6255=CARTESIAN_POINT('',(-4.22458084486438,-13.3345655866125,-5.));
#6256=CARTESIAN_POINT('Ctrl Pts',(-4.22458084486438,-13.3345655866125,-5.));
#6257=CARTESIAN_POINT('Ctrl Pts',(-4.29209375557954,-13.1268178772162,-5.1776560254903));
#6258=CARTESIAN_POINT('Ctrl Pts',(-4.35467469034294,-12.9365116040782,-5.33889277794453));
#6259=CARTESIAN_POINT('Ctrl Pts',(-4.45962877316807,-12.4952815700174,-5.72079357534295));
#6260=CARTESIAN_POINT('Ctrl Pts',(-4.4922905939033,-12.3359115128265,-5.85959659630926));
#6261=CARTESIAN_POINT('Ctrl Pts',(-4.51866850538985,-12.17636303247,-6.));
#6262=CARTESIAN_POINT('',(-4.22458084486438,-13.3345655866125,-1.));
#6263=CARTESIAN_POINT('',(-4.22458084486438,-13.3345655866125,0.));
#6264=CARTESIAN_POINT('Ctrl Pts',(-4.51866850538986,-12.17636303247,0.));
#6265=CARTESIAN_POINT('Ctrl Pts',(-4.51503722867159,-12.198327041351,-0.0193284298207827));
#6266=CARTESIAN_POINT('Ctrl Pts',(-4.51126901820844,-12.2204022945915,-0.0387249273322629));
#6267=CARTESIAN_POINT('Ctrl Pts',(-4.5073693569664,-12.2425468736878,-0.0581559385503316));
#6268=CARTESIAN_POINT('Ctrl Pts',(-4.49819882785366,-12.2946225527501,-0.103850331730996));
#6269=CARTESIAN_POINT('Ctrl Pts',(-4.48829777005084,-12.347080952652,-0.149735590056532));
#6270=CARTESIAN_POINT('Ctrl Pts',(-4.47779361257389,-12.3993950414645,-0.19537535182207));
#6271=CARTESIAN_POINT('Ctrl Pts',(-4.46670556725987,-12.4546170798418,-0.243552061633218));
#6272=CARTESIAN_POINT('Ctrl Pts',(-4.45494576017099,-12.5096781820148,-0.291455223820181));
#6273=CARTESIAN_POINT('Ctrl Pts',(-4.44272144149018,-12.5639699400431,-0.338571589592941));
#6274=CARTESIAN_POINT('Ctrl Pts',(-4.43915765446886,-12.5797977557012,-0.352307544717869));
#6275=CARTESIAN_POINT('Ctrl Pts',(-4.43555472556052,-12.5955602619011,-0.365976629041179));
#6276=CARTESIAN_POINT('Ctrl Pts',(-4.43191856999273,-12.6112425765908,-0.379566125431132));
#6277=CARTESIAN_POINT('Ctrl Pts',(-4.42011867357964,-12.6621341529839,-0.423666177455199));
#6278=CARTESIAN_POINT('Ctrl Pts',(-4.40796479009752,-12.7121799275044,-0.466928085352653));
#6279=CARTESIAN_POINT('Ctrl Pts',(-4.39559345839309,-12.760851747978,-0.508917242452894));
#6280=CARTESIAN_POINT('Ctrl Pts',(-4.38402261843214,-12.8063742397165,-0.548189475104172));
#6281=CARTESIAN_POINT('Ctrl Pts',(-4.37263075617932,-12.8492760524029,-0.585094101336551));
#6282=CARTESIAN_POINT('Ctrl Pts',(-4.3613224854706,-12.8902929027557,-0.620301875385825));
#6283=CARTESIAN_POINT('Ctrl Pts',(-4.353254614027,-12.919556322795,-0.645420817279037));
#6284=CARTESIAN_POINT('Ctrl Pts',(-4.3452282446535,-12.9478601760664,-0.669676045971534));
#6285=CARTESIAN_POINT('Ctrl Pts',(-4.33719275436774,-12.9754686392229,-0.693311147137298));
#6286=CARTESIAN_POINT('Ctrl Pts',(-4.32727753464477,-13.0095355061687,-0.722475169853914));
#6287=CARTESIAN_POINT('Ctrl Pts',(-4.31735118801821,-13.042544531967,-0.750694999227446));
#6288=CARTESIAN_POINT('Ctrl Pts',(-4.30737859248085,-13.0750156286486,-0.778428272784156));
#6289=CARTESIAN_POINT('Ctrl Pts',(-4.29462698177186,-13.1165352894657,-0.813889844122977));
#6290=CARTESIAN_POINT('Ctrl Pts',(-4.28179887201938,-13.1571751808341,-0.84855590416842));
#6291=CARTESIAN_POINT('Ctrl Pts',(-4.26873579766823,-13.1979968370514,-0.883383188995877));
#6292=CARTESIAN_POINT('Ctrl Pts',(-4.25438701357754,-13.2428362918031,-0.921638287070077));
#6293=CARTESIAN_POINT('Ctrl Pts',(-4.23974825322618,-13.2878931159507,-0.960087908253387));
#6294=CARTESIAN_POINT('Ctrl Pts',(-4.22458084486438,-13.3345655866125,-1.));
#6295=CARTESIAN_POINT('Ctrl Pts',(-1.30931731330821,-11.2266161020602,0.));
#6296=CARTESIAN_POINT('Ctrl Pts',(-1.30931731330821,-11.2266161020602,-10.));
#6297=CARTESIAN_POINT('Ctrl Pts',(-1.30806428595398,-11.1236797392593,0.));
#6298=CARTESIAN_POINT('Ctrl Pts',(-1.30806428595398,-11.1236797392593,-10.));
#6299=CARTESIAN_POINT('Ctrl Pts',(-1.30618455983568,-10.9692599901399,0.));
#6300=CARTESIAN_POINT('Ctrl Pts',(-1.30618455983568,-10.9692599901399,-10.));
#6301=CARTESIAN_POINT('Ctrl Pts',(-1.28353711201352,-10.764507957009,0.));
#6302=CARTESIAN_POINT('Ctrl Pts',(-1.28353711201352,-10.764507957009,-10.));
#6303=CARTESIAN_POINT('Ctrl Pts',(-1.25551099395739,-10.6126783746177,0.));
#6304=CARTESIAN_POINT('Ctrl Pts',(-1.25551099395739,-10.6126783746177,-10.));
#6305=CARTESIAN_POINT('Ctrl Pts',(-1.22086603823058,-10.4621066605859,0.));
#6306=CARTESIAN_POINT('Ctrl Pts',(-1.22086603823058,-10.4621066605859,-10.));
#6307=CARTESIAN_POINT('Ctrl Pts',(-1.1712327130969,-10.3157825864564,0.));
#6308=CARTESIAN_POINT('Ctrl Pts',(-1.1712327130969,-10.3157825864564,-10.));
#6309=CARTESIAN_POINT('Ctrl Pts',(-1.11284401174578,-10.1727259229892,0.));
#6310=CARTESIAN_POINT('Ctrl Pts',(-1.11284401174578,-10.1727259229892,-10.));
#6311=CARTESIAN_POINT('Ctrl Pts',(-1.0387592150805,-10.0369725872441,0.));
#6312=CARTESIAN_POINT('Ctrl Pts',(-1.0387592150805,-10.0369725872441,-10.));
#6313=CARTESIAN_POINT('Ctrl Pts',(-0.951005525197978,-9.90966915767287,
0.));
#6314=CARTESIAN_POINT('Ctrl Pts',(-0.951005525197978,-9.90966915767287,
-10.));
#6315=CARTESIAN_POINT('Ctrl Pts',(-0.848257061095053,-9.7940289818886,0.));
#6316=CARTESIAN_POINT('Ctrl Pts',(-0.848257061095053,-9.7940289818886,-10.));
#6317=CARTESIAN_POINT('Ctrl Pts',(-0.731154925871855,-9.69286379723741,
0.));
#6318=CARTESIAN_POINT('Ctrl Pts',(-0.731154925871855,-9.69286379723741,
-10.));
#6319=CARTESIAN_POINT('Ctrl Pts',(-0.600261648366242,-9.61020110746171,
0.));
#6320=CARTESIAN_POINT('Ctrl Pts',(-0.600261648366242,-9.61020110746171,
-10.));
#6321=CARTESIAN_POINT('Ctrl Pts',(-0.458521015009167,-9.54814633406014,
0.));
#6322=CARTESIAN_POINT('Ctrl Pts',(-0.458521015009167,-9.54814633406014,
-10.));
#6323=CARTESIAN_POINT('Ctrl Pts',(-0.308632377783251,-9.50883355421988,
0.));
#6324=CARTESIAN_POINT('Ctrl Pts',(-0.308632377783251,-9.50883355421988,
-10.));
#6325=CARTESIAN_POINT('Ctrl Pts',(-0.154255729617389,-9.49706044809638,
0.));
#6326=CARTESIAN_POINT('Ctrl Pts',(-0.154255729617389,-9.49706044809638,
-10.));
#6327=CARTESIAN_POINT('Ctrl Pts',(1.11022302462516E-15,-9.50147072090222,
0.));
#6328=CARTESIAN_POINT('Ctrl Pts',(1.11022302462516E-15,-9.50147072090222,
-10.));
#6329=CARTESIAN_POINT('Ctrl Pts',(0.154255729617391,-9.49706044809637,0.));
#6330=CARTESIAN_POINT('Ctrl Pts',(0.154255729617391,-9.49706044809637,-10.));
#6331=CARTESIAN_POINT('Ctrl Pts',(0.308632377783252,-9.50883355421989,0.));
#6332=CARTESIAN_POINT('Ctrl Pts',(0.308632377783252,-9.50883355421989,-10.));
#6333=CARTESIAN_POINT('Ctrl Pts',(0.458521015009173,-9.54814633406013,0.));
#6334=CARTESIAN_POINT('Ctrl Pts',(0.458521015009173,-9.54814633406013,-10.));
#6335=CARTESIAN_POINT('Ctrl Pts',(0.600261648366242,-9.61020110746173,0.));
#6336=CARTESIAN_POINT('Ctrl Pts',(0.600261648366242,-9.61020110746173,-10.));
#6337=CARTESIAN_POINT('Ctrl Pts',(0.731154925871856,-9.69286379723741,0.));
#6338=CARTESIAN_POINT('Ctrl Pts',(0.731154925871856,-9.69286379723741,-10.));
#6339=CARTESIAN_POINT('Ctrl Pts',(0.848257061095058,-9.7940289818886,0.));
#6340=CARTESIAN_POINT('Ctrl Pts',(0.848257061095058,-9.7940289818886,-10.));
#6341=CARTESIAN_POINT('Ctrl Pts',(0.951005525197982,-9.90966915767287,0.));
#6342=CARTESIAN_POINT('Ctrl Pts',(0.951005525197982,-9.90966915767287,-10.));
#6343=CARTESIAN_POINT('Ctrl Pts',(1.03875921508049,-10.0369725872441,0.));
#6344=CARTESIAN_POINT('Ctrl Pts',(1.03875921508049,-10.0369725872441,-10.));
#6345=CARTESIAN_POINT('Ctrl Pts',(1.1128440117458,-10.1727259229892,0.));
#6346=CARTESIAN_POINT('Ctrl Pts',(1.1128440117458,-10.1727259229892,-10.));
#6347=CARTESIAN_POINT('Ctrl Pts',(1.1712327130969,-10.3157825864564,0.));
#6348=CARTESIAN_POINT('Ctrl Pts',(1.1712327130969,-10.3157825864564,-10.));
#6349=CARTESIAN_POINT('Ctrl Pts',(1.22086603823059,-10.4621066605859,0.));
#6350=CARTESIAN_POINT('Ctrl Pts',(1.22086603823059,-10.4621066605859,-10.));
#6351=CARTESIAN_POINT('Ctrl Pts',(1.25551099395739,-10.6126783746177,0.));
#6352=CARTESIAN_POINT('Ctrl Pts',(1.25551099395739,-10.6126783746177,-10.));
#6353=CARTESIAN_POINT('Ctrl Pts',(1.28353711201352,-10.764507957009,0.));
#6354=CARTESIAN_POINT('Ctrl Pts',(1.28353711201352,-10.764507957009,-10.));
#6355=CARTESIAN_POINT('Ctrl Pts',(1.30618455983569,-10.9692599901399,0.));
#6356=CARTESIAN_POINT('Ctrl Pts',(1.30618455983569,-10.9692599901399,-10.));
#6357=CARTESIAN_POINT('Ctrl Pts',(1.30806428595399,-11.1236797392593,0.));
#6358=CARTESIAN_POINT('Ctrl Pts',(1.30806428595399,-11.1236797392593,-10.));
#6359=CARTESIAN_POINT('Ctrl Pts',(1.30931731330821,-11.2266161020602,0.));
#6360=CARTESIAN_POINT('Ctrl Pts',(1.30931731330821,-11.2266161020602,-10.));
#6361=CARTESIAN_POINT('',(1.30931731330821,-11.2266161020602,-6.));
#6362=CARTESIAN_POINT('',(-1.30931731330821,-11.2266161020602,-6.));
#6363=CARTESIAN_POINT('Ctrl Pts',(1.30931731330821,-11.2266161020602,-6.));
#6364=CARTESIAN_POINT('Ctrl Pts',(1.30806428595399,-11.1236797392593,-6.));
#6365=CARTESIAN_POINT('Ctrl Pts',(1.30681125859976,-11.0207433764584,-6.));
#6366=CARTESIAN_POINT('Ctrl Pts',(1.29884607574355,-10.9181894112696,-6.));
#6367=CARTESIAN_POINT('Ctrl Pts',(1.29486230776374,-10.8668972802417,-6.));
#6368=CARTESIAN_POINT('Ctrl Pts',(1.28919950929723,-10.8157008051099,-6.));
#6369=CARTESIAN_POINT('Ctrl Pts',(1.28169695792868,-10.7647972829818,-6.));
#6370=CARTESIAN_POINT('Ctrl Pts',(1.27419493808082,-10.7138973671303,-6.));
#6371=CARTESIAN_POINT('Ctrl Pts',(1.26485342599747,-10.6632903627754,-6.));
#6372=CARTESIAN_POINT('Ctrl Pts',(1.2544086681196,-10.6128920128581,-6.));
#6373=CARTESIAN_POINT('Ctrl Pts',(1.24396288163681,-10.5624886996863,-6.));
#6374=CARTESIAN_POINT('Ctrl Pts',(1.23241363205241,-10.5122940820508,-6.));
#6375=CARTESIAN_POINT('Ctrl Pts',(1.21836581699318,-10.4628071483669,-6.));
#6376=CARTESIAN_POINT('Ctrl Pts',(1.20432001590431,-10.413327309396,-6.));
#6377=CARTESIAN_POINT('Ctrl Pts',(1.18777636570485,-10.3645549514764,-6.));
#6378=CARTESIAN_POINT('Ctrl Pts',(1.16977340751796,-10.316326771984,-6.));
#6379=CARTESIAN_POINT('Ctrl Pts',(1.15177044671012,-10.2680985854703,-6.));
#6380=CARTESIAN_POINT('Ctrl Pts',(1.13230817748995,-10.2204145775422,-6.));
#6381=CARTESIAN_POINT('Ctrl Pts',(1.11022928929705,-10.1739461980136,-6.));
#6382=CARTESIAN_POINT('Ctrl Pts',(1.08814824960062,-10.1274732903186,-6.));
#6383=CARTESIAN_POINT('Ctrl Pts',(1.06345008094753,-10.0822162479513,-6.));
#6384=CARTESIAN_POINT('Ctrl Pts',(1.03647140832354,-10.038365421451,-6.));
#6385=CARTESIAN_POINT('Ctrl Pts',(1.00950071278793,-9.99452756081903,-6.));
#6386=CARTESIAN_POINT('Ctrl Pts',(0.980250861686716,-9.95209508459361,-6.));
#6387=CARTESIAN_POINT('Ctrl Pts',(0.9484978562667,-9.91160209654382,-6.));
#6388=CARTESIAN_POINT('Ctrl Pts',(0.916749751812308,-9.87111535844549,-6.));
#6389=CARTESIAN_POINT('Ctrl Pts',(0.882499265685762,-9.83256750986254,-6.));
#6390=CARTESIAN_POINT('Ctrl Pts',(0.845852221329697,-9.79642913467058,-6.));
#6391=CARTESIAN_POINT('Ctrl Pts',(0.80921403798104,-9.76029949749327,-6.));
#6392=CARTESIAN_POINT('Ctrl Pts',(0.770180455205885,-9.72657816865909,-6.));
#6393=CARTESIAN_POINT('Ctrl Pts',(0.728843754224085,-9.69593810161783,-6.));
#6394=CARTESIAN_POINT('Ctrl Pts',(0.687515581864668,-9.66530435626057,-6.));
#6395=CARTESIAN_POINT('Ctrl Pts',(0.643885241563078,-9.63775060137043,-6.));
#6396=CARTESIAN_POINT('Ctrl Pts',(0.598441098369473,-9.61362916560402,-6.));
#6397=CARTESIAN_POINT('Ctrl Pts',(0.553003982771631,-9.58951146003667,-6.));
#6398=CARTESIAN_POINT('Ctrl Pts',(0.505753625220414,-9.56882501211034,-6.));
#6399=CARTESIAN_POINT('Ctrl Pts',(0.457142224964076,-9.55192918288874,-6.));
#6400=CARTESIAN_POINT('Ctrl Pts',(0.408549083258399,-9.53503969977838,-6.));
#6401=CARTESIAN_POINT('Ctrl Pts',(0.358595921076956,-9.52193798837778,-6.));
#6402=CARTESIAN_POINT('Ctrl Pts',(0.307904569116221,-9.5134255844103,-6.));
#6403=CARTESIAN_POINT('Ctrl Pts',(0.257202682634897,-9.50491141142125,-6.));
#6404=CARTESIAN_POINT('Ctrl Pts',(0.205762299525749,-9.50098845353498,-6.));
#6405=CARTESIAN_POINT('Ctrl Pts',(0.154354832538962,-9.49975965684431,-6.));
#6406=CARTESIAN_POINT('Ctrl Pts',(0.102881221105154,-9.49852927909777,-6.));
#6407=CARTESIAN_POINT('Ctrl Pts',(0.0514406105525779,-9.5,-6.));
#6408=CARTESIAN_POINT('Ctrl Pts',(1.42247325030098E-15,-9.5,-6.));
#6409=CARTESIAN_POINT('Ctrl Pts',(-0.0514406105525755,-9.5,-6.));
#6410=CARTESIAN_POINT('Ctrl Pts',(-0.102881221105153,-9.49852927909777,
-6.));
#6411=CARTESIAN_POINT('Ctrl Pts',(-0.154354832538961,-9.49975965684431,
-6.));
#6412=CARTESIAN_POINT('Ctrl Pts',(-0.205762299525747,-9.50098845353498,
-6.));
#6413=CARTESIAN_POINT('Ctrl Pts',(-0.257202682634896,-9.50491141142125,
-6.));
#6414=CARTESIAN_POINT('Ctrl Pts',(-0.307904569116218,-9.5134255844103,-6.));
#6415=CARTESIAN_POINT('Ctrl Pts',(-0.358595921076954,-9.52193798837778,
-6.));
#6416=CARTESIAN_POINT('Ctrl Pts',(-0.408549083258395,-9.53503969977838,
-6.));
#6417=CARTESIAN_POINT('Ctrl Pts',(-0.457142224964073,-9.55192918288874,
-6.));
#6418=CARTESIAN_POINT('Ctrl Pts',(-0.50575362522041,-9.56882501211035,-6.));
#6419=CARTESIAN_POINT('Ctrl Pts',(-0.553003982771628,-9.58951146003666,
-6.));
#6420=CARTESIAN_POINT('Ctrl Pts',(-0.59844109836947,-9.61362916560401,-6.));
#6421=CARTESIAN_POINT('Ctrl Pts',(-0.643885241563076,-9.63775060137042,
-6.));
#6422=CARTESIAN_POINT('Ctrl Pts',(-0.687515581864667,-9.66530435626057,
-6.));
#6423=CARTESIAN_POINT('Ctrl Pts',(-0.728843754224084,-9.69593810161783,
-6.));
#6424=CARTESIAN_POINT('Ctrl Pts',(-0.770180455205883,-9.72657816865909,
-6.));
#6425=CARTESIAN_POINT('Ctrl Pts',(-0.809214037981037,-9.76029949749327,
-6.));
#6426=CARTESIAN_POINT('Ctrl Pts',(-0.845852221329694,-9.79642913467059,
-6.));
#6427=CARTESIAN_POINT('Ctrl Pts',(-0.882499265685759,-9.83256750986254,
-6.));
#6428=CARTESIAN_POINT('Ctrl Pts',(-0.916749751812305,-9.8711153584455,-6.));
#6429=CARTESIAN_POINT('Ctrl Pts',(-0.948497856266698,-9.91160209654382,
-6.));
#6430=CARTESIAN_POINT('Ctrl Pts',(-0.980250861686714,-9.9520950845936,-6.));
#6431=CARTESIAN_POINT('Ctrl Pts',(-1.00950071278794,-9.99452756081903,-6.));
#6432=CARTESIAN_POINT('Ctrl Pts',(-1.03647140832353,-10.0383654214509,-6.));
#6433=CARTESIAN_POINT('Ctrl Pts',(-1.06345008094753,-10.0822162479513,-6.));
#6434=CARTESIAN_POINT('Ctrl Pts',(-1.08814824960062,-10.1274732903186,-6.));
#6435=CARTESIAN_POINT('Ctrl Pts',(-1.11022928929704,-10.1739461980137,-6.));
#6436=CARTESIAN_POINT('Ctrl Pts',(-1.13230817748994,-10.2204145775422,-6.));
#6437=CARTESIAN_POINT('Ctrl Pts',(-1.15177044671012,-10.2680985854703,-6.));
#6438=CARTESIAN_POINT('Ctrl Pts',(-1.16977340751795,-10.316326771984,-6.));
#6439=CARTESIAN_POINT('Ctrl Pts',(-1.18777636570485,-10.3645549514765,-6.));
#6440=CARTESIAN_POINT('Ctrl Pts',(-1.20432001590431,-10.413327309396,-6.));
#6441=CARTESIAN_POINT('Ctrl Pts',(-1.21836581699317,-10.4628071483669,-6.));
#6442=CARTESIAN_POINT('Ctrl Pts',(-1.23241363205241,-10.5122940820508,-6.));
#6443=CARTESIAN_POINT('Ctrl Pts',(-1.2439628816368,-10.5624886996863,-6.));
#6444=CARTESIAN_POINT('Ctrl Pts',(-1.2544086681196,-10.6128920128581,-6.));
#6445=CARTESIAN_POINT('Ctrl Pts',(-1.26485342599747,-10.6632903627754,-6.));
#6446=CARTESIAN_POINT('Ctrl Pts',(-1.27419493808082,-10.7138973671304,-6.));
#6447=CARTESIAN_POINT('Ctrl Pts',(-1.28169695792868,-10.7647972829818,-6.));
#6448=CARTESIAN_POINT('Ctrl Pts',(-1.28919950929723,-10.8157008051099,-6.));
#6449=CARTESIAN_POINT('Ctrl Pts',(-1.29486230776373,-10.8668972802418,-6.));
#6450=CARTESIAN_POINT('Ctrl Pts',(-1.29884607574355,-10.9181894112696,-6.));
#6451=CARTESIAN_POINT('Ctrl Pts',(-1.30681125859976,-11.0207433764584,-6.));
#6452=CARTESIAN_POINT('Ctrl Pts',(-1.30806428595398,-11.1236797392593,-6.));
#6453=CARTESIAN_POINT('Ctrl Pts',(-1.30931731330821,-11.2266161020602,-6.));
#6454=CARTESIAN_POINT('',(1.30931731330821,-11.2266161020602,0.));
#6455=CARTESIAN_POINT('',(-1.30931731330821,-11.2266161020602,0.));
#6456=CARTESIAN_POINT('Ctrl Pts',(-3.00868846131254,-13.6603629688683,0.));
#6457=CARTESIAN_POINT('Ctrl Pts',(-3.00868846131254,-13.6603629688683,-10.));
#6458=CARTESIAN_POINT('Ctrl Pts',(-2.91544092371211,-13.5764110271677,0.));
#6459=CARTESIAN_POINT('Ctrl Pts',(-2.91544092371211,-13.5764110271677,-10.));
#6460=CARTESIAN_POINT('Ctrl Pts',(-2.72894533989541,-13.4085066858532,0.));
#6461=CARTESIAN_POINT('Ctrl Pts',(-2.72894533989541,-13.4085066858532,-10.));
#6462=CARTESIAN_POINT('Ctrl Pts',(-2.46521932278891,-13.1396993912522,0.));
#6463=CARTESIAN_POINT('Ctrl Pts',(-2.46521932278891,-13.1396993912522,-10.));
#6464=CARTESIAN_POINT('Ctrl Pts',(-2.21499152920906,-12.8584018832608,0.));
#6465=CARTESIAN_POINT('Ctrl Pts',(-2.21499152920906,-12.8584018832608,-10.));
#6466=CARTESIAN_POINT('Ctrl Pts',(-1.98149715423774,-12.56296495987,0.));
#6467=CARTESIAN_POINT('Ctrl Pts',(-1.98149715423774,-12.56296495987,-10.));
#6468=CARTESIAN_POINT('Ctrl Pts',(-1.76721666646994,-12.2532932710086,0.));
#6469=CARTESIAN_POINT('Ctrl Pts',(-1.76721666646994,-12.2532932710086,-10.));
#6470=CARTESIAN_POINT('Ctrl Pts',(-1.60801902475751,-11.9826999563377,0.));
#6471=CARTESIAN_POINT('Ctrl Pts',(-1.60801902475751,-11.9826999563377,-10.));
#6472=CARTESIAN_POINT('Ctrl Pts',(-1.4952881658292,-11.7584475382983,0.));
#6473=CARTESIAN_POINT('Ctrl Pts',(-1.4952881658292,-11.7584475382983,-10.));
#6474=CARTESIAN_POINT('Ctrl Pts',(-1.42000753934513,-11.5859796962073,0.));
#6475=CARTESIAN_POINT('Ctrl Pts',(-1.42000753934513,-11.5859796962073,-10.));
#6476=CARTESIAN_POINT('Ctrl Pts',(-1.35340824012586,-11.40965142345,0.));
#6477=CARTESIAN_POINT('Ctrl Pts',(-1.35340824012586,-11.40965142345,-10.));
#6478=CARTESIAN_POINT('Ctrl Pts',(-1.32401220962369,-11.2876192440676,0.));
#6479=CARTESIAN_POINT('Ctrl Pts',(-1.32401220962369,-11.2876192440676,-10.));
#6480=CARTESIAN_POINT('Ctrl Pts',(-1.30931731330821,-11.2266161020602,0.));
#6481=CARTESIAN_POINT('Ctrl Pts',(-1.30931731330821,-11.2266161020602,-10.));
#6482=CARTESIAN_POINT('',(-2.17489979928672,-12.8043739645157,-6.));
#6483=CARTESIAN_POINT('Ctrl Pts',(-1.30931731330821,-11.2266161020602,-6.));
#6484=CARTESIAN_POINT('Ctrl Pts',(-1.32401220962369,-11.2876192440676,-6.));
#6485=CARTESIAN_POINT('Ctrl Pts',(-1.33870710593918,-11.348622386075,-6.));
#6486=CARTESIAN_POINT('Ctrl Pts',(-1.35715019445369,-11.4085031136781,-6.));
#6487=CARTESIAN_POINT('Ctrl Pts',(-1.37560111191833,-11.4684092601925,-6.));
#6488=CARTESIAN_POINT('Ctrl Pts',(-1.3978034044153,-11.5271920391877,-6.));
#6489=CARTESIAN_POINT('Ctrl Pts',(-1.42145041348948,-11.5853261524688,-6.));
#6490=CARTESIAN_POINT('Ctrl Pts',(-1.44509938488474,-11.6434650899455,-6.));
#6491=CARTESIAN_POINT('Ctrl Pts',(-1.4701933126436,-11.700955254046,-6.));
#6492=CARTESIAN_POINT('Ctrl Pts',(-1.49683245933832,-11.7577336001999,-6.));
#6493=CARTESIAN_POINT('Ctrl Pts',(-1.52347258844514,-11.8145140402548,-6.));
#6494=CARTESIAN_POINT('Ctrl Pts',(-1.55165805046066,-11.8705826098606,-6.));
#6495=CARTESIAN_POINT('Ctrl Pts',(-1.58106285039558,-11.9260031269683,-6.));
#6496=CARTESIAN_POINT('Ctrl Pts',(-1.63986207009342,-12.0368245972179,-6.));
#6497=CARTESIAN_POINT('Ctrl Pts',(-1.70353691986958,-12.145054772469,-6.));
#6498=CARTESIAN_POINT('Ctrl Pts',(-1.77108526797421,-12.2507785193501,-6.));
#6499=CARTESIAN_POINT('Ctrl Pts',(-1.83863881078893,-12.3565103967664,-6.));
#6500=CARTESIAN_POINT('Ctrl Pts',(-1.91006644772682,-12.4597354602911,-6.));
#6501=CARTESIAN_POINT('Ctrl Pts',(-1.98469445364411,-12.5605856666177,-6.));
#6502=CARTESIAN_POINT('Ctrl Pts',(-2.04601202020538,-12.6434485163366,-6.));
#6503=CARTESIAN_POINT('Ctrl Pts',(-2.10949014611283,-12.7247081071976,-6.));
#6504=CARTESIAN_POINT('Ctrl Pts',(-2.17489979924689,-12.8043739644671,-6.));
#6505=CARTESIAN_POINT('',(-3.00868846131254,-13.6603629688683,-0.999999999999999));
#6506=CARTESIAN_POINT('Ctrl Pts',(-3.00868846131254,-13.6603629688683,-0.999999999999999));
#6507=CARTESIAN_POINT('Ctrl Pts',(-2.96086694233951,-13.6173086483343,-0.94766730696486));
#6508=CARTESIAN_POINT('Ctrl Pts',(-2.91522174513572,-13.5762053703708,-0.897849139089567));
#6509=CARTESIAN_POINT('Ctrl Pts',(-2.86970997881653,-13.5345931694874,-0.847687124418008));
#6510=CARTESIAN_POINT('Ctrl Pts',(-2.84355435823406,-13.5106786298873,-0.818859005241091));
#6511=CARTESIAN_POINT('Ctrl Pts',(-2.81744120931513,-13.4865976943452,-0.789917320239728));
#6512=CARTESIAN_POINT('Ctrl Pts',(-2.79099873237119,-13.4618665330254,-0.76031951568081));
#6513=CARTESIAN_POINT('Ctrl Pts',(-2.7714303021077,-13.4435645408691,-0.738416023973436));
#6514=CARTESIAN_POINT('Ctrl Pts',(-2.7516816850381,-13.4249062671513,-0.716153204570274));
#6515=CARTESIAN_POINT('Ctrl Pts',(-2.73161521321915,-13.4056818447591,-0.693311168058427));
#6516=CARTESIAN_POINT('Ctrl Pts',(-2.70251313323742,-13.3778009754611,-0.660183731431227));
#6517=CARTESIAN_POINT('Ctrl Pts',(-2.6727418905118,-13.3487294830249,-0.625838013997087));
#6518=CARTESIAN_POINT('Ctrl Pts',(-2.64182266112656,-13.3179020153803,-0.589603261632728));
#6519=CARTESIAN_POINT('Ctrl Pts',(-2.61976847973945,-13.2959132861443,-0.563757604510939));
#6520=CARTESIAN_POINT('Ctrl Pts',(-2.59713103354449,-13.273030364915,-0.53695085630067));
#6521=CARTESIAN_POINT('Ctrl Pts',(-2.57374893731423,-13.2490376673153,-0.508939600400914));
#6522=CARTESIAN_POINT('Ctrl Pts',(-2.53869302924958,-13.2130663073057,-0.466943365250444));
#6523=CARTESIAN_POINT('Ctrl Pts',(-2.50313828607189,-13.1757958889768,-0.423673934343307));
#6524=CARTESIAN_POINT('Ctrl Pts',(-2.46746721917768,-13.1376157296119,-0.379566131831078));
#6525=CARTESIAN_POINT('Ctrl Pts',(-2.42955904843358,-13.097041109163,-0.332692117276388));
#6526=CARTESIAN_POINT('Ctrl Pts',(-2.39151900534042,-13.0554399611793,-0.284871277062295));
#6527=CARTESIAN_POINT('Ctrl Pts',(-2.35385003590584,-13.0132321560466,-0.236625483007802));
#6528=CARTESIAN_POINT('Ctrl Pts',(-2.31827557122319,-12.973371228191,-0.191062296054721));
#6529=CARTESIAN_POINT('Ctrl Pts',(-2.28303236427114,-12.9329691943312,-0.145120098787965));
#6530=CARTESIAN_POINT('Ctrl Pts',(-2.2485089452729,-12.8924115095237,-0.0992384609094936));
#6531=CARTESIAN_POINT('Ctrl Pts',(-2.23819782741591,-12.8802981360459,-0.0855349810872772));
#6532=CARTESIAN_POINT('Ctrl Pts',(-2.22795065348326,-12.8681711045096,-0.0718369033994401));
#6533=CARTESIAN_POINT('Ctrl Pts',(-2.21777706947148,-12.8560412781186,-0.0581559391055177));
#6534=CARTESIAN_POINT('Ctrl Pts',(-2.20332756836884,-12.838813333708,-0.0387249196711296));
#6535=CARTESIAN_POINT('Ctrl Pts',(-2.18902657595139,-12.8215797089204,-0.0193284220739651));
#6536=CARTESIAN_POINT('Ctrl Pts',(-2.17489979928672,-12.8043739645157,0.));
#6537=CARTESIAN_POINT('',(-3.00868846131254,-13.6603629688683,-5.));
#6538=CARTESIAN_POINT('',(-3.00868846131254,-13.6603629688683,0.));
#6539=CARTESIAN_POINT('Ctrl Pts',(-2.17489979928672,-12.8043739645157,-6.));
#6540=CARTESIAN_POINT('Ctrl Pts',(-2.18206962515367,-12.8131064725903,-5.99019035978357));
#6541=CARTESIAN_POINT('Ctrl Pts',(-2.1892939018257,-12.8218578843249,-5.98034893524916));
#6542=CARTESIAN_POINT('Ctrl Pts',(-2.19657318039878,-12.8306280092207,-5.97047624772808));
#6543=CARTESIAN_POINT('Ctrl Pts',(-2.20359759705528,-12.8390910747263,-5.96094922249182));
#6544=CARTESIAN_POINT('Ctrl Pts',(-2.21066665225098,-12.8475636239947,-5.95140230024992));
#6545=CARTESIAN_POINT('Ctrl Pts',(-2.21777706947148,-12.8560412781186,-5.94183986300778));
#6546=CARTESIAN_POINT('Ctrl Pts',(-2.25083055405177,-12.8954504999929,-5.89738791846902));
#6547=CARTESIAN_POINT('Ctrl Pts',(-2.28478112824136,-12.9349673231168,-5.85260070283077));
#6548=CARTESIAN_POINT('Ctrl Pts',(-2.31926549593384,-12.9741902632403,-5.80791840531593));
#6549=CARTESIAN_POINT('Ctrl Pts',(-2.35545978253382,-13.0153580859704,-5.76102052113199));
#6550=CARTESIAN_POINT('Ctrl Pts',(-2.39224187096793,-13.0562021477996,-5.7142382178347));
#6551=CARTESIAN_POINT('Ctrl Pts',(-2.42914780268694,-13.0962961901073,-5.66808046598935));
#6552=CARTESIAN_POINT('Ctrl Pts',(-2.44191321714014,-13.1101643420092,-5.65211493402501));
#6553=CARTESIAN_POINT('Ctrl Pts',(-2.45469309784794,-13.1239430803031,-5.6362241235834));
#6554=CARTESIAN_POINT('Ctrl Pts',(-2.46746721917768,-13.1376157296119,-5.62042909711532));
#6555=CARTESIAN_POINT('Ctrl Pts',(-2.50233038700387,-13.1749311625233,-5.57732126649737));
#6556=CARTESIAN_POINT('Ctrl Pts',(-2.53715327003372,-13.2114535534367,-5.53492688740173));
#6557=CARTESIAN_POINT('Ctrl Pts',(-2.57156745786996,-13.2467982133023,-5.49367412992529));
#6558=CARTESIAN_POINT('Ctrl Pts',(-2.57627091732211,-13.2516288423243,-5.48803602877343));
#6559=CARTESIAN_POINT('Ctrl Pts',(-2.58096668875955,-13.2564375312377,-5.48241925227314));
#6560=CARTESIAN_POINT('Ctrl Pts',(-2.58565378007259,-13.2612233552637,-5.47682489351454));
#6561=CARTESIAN_POINT('Ctrl Pts',(-2.61782189490787,-13.2940690854972,-5.43843008467523));
#6562=CARTESIAN_POINT('Ctrl Pts',(-2.64857403408401,-13.3248156892811,-5.40231643222934));
#6563=CARTESIAN_POINT('Ctrl Pts',(-2.67836696992302,-13.3540495707278,-5.3678130599869));
#6564=CARTESIAN_POINT('Ctrl Pts',(-2.69643197273981,-13.3717755898598,-5.34689187517597));
#6565=CARTESIAN_POINT('Ctrl Pts',(-2.71414509335802,-13.3889448235986,-5.32656273018569));
#6566=CARTESIAN_POINT('Ctrl Pts',(-2.73161521321915,-13.4056818447591,-5.30667606463072));
#6567=CARTESIAN_POINT('Ctrl Pts',(-2.75711488966664,-13.430111478195,-5.27764915804381));
#6568=CARTESIAN_POINT('Ctrl Pts',(-2.78209458487179,-13.4536228117768,-5.24956494528071));
#6569=CARTESIAN_POINT('Ctrl Pts',(-2.80685238364055,-13.4766537008727,-5.2219583407005));
#6570=CARTESIAN_POINT('Ctrl Pts',(-2.83871971708523,-13.5062982193214,-5.18642412856597));
#6571=CARTESIAN_POINT('Ctrl Pts',(-2.87022003641435,-13.5351460843511,-5.15168121276036));
#6572=CARTESIAN_POINT('Ctrl Pts',(-2.9020511935195,-13.5640652483842,-5.11673777063995));
#6573=CARTESIAN_POINT('Ctrl Pts',(-2.9368845678006,-13.595711979332,-5.07849857016006));
#6574=CARTESIAN_POINT('Ctrl Pts',(-2.97211895910044,-13.627438981847,-5.04001923349179));
#6575=CARTESIAN_POINT('Ctrl Pts',(-3.00868846131254,-13.6603629688683,-5.));
#6576=CARTESIAN_POINT('Ctrl Pts',(1.30931731330821,-11.2266161020602,0.));
#6577=CARTESIAN_POINT('Ctrl Pts',(1.30931731330821,-11.2266161020602,-10.));
#6578=CARTESIAN_POINT('Ctrl Pts',(1.3240122096237,-11.2876192440676,0.));
#6579=CARTESIAN_POINT('Ctrl Pts',(1.3240122096237,-11.2876192440676,-10.));
#6580=CARTESIAN_POINT('Ctrl Pts',(1.35340824012587,-11.40965142345,0.));
#6581=CARTESIAN_POINT('Ctrl Pts',(1.35340824012587,-11.40965142345,-10.));
#6582=CARTESIAN_POINT('Ctrl Pts',(1.42000753934512,-11.5859796962073,0.));
#6583=CARTESIAN_POINT('Ctrl Pts',(1.42000753934512,-11.5859796962073,-10.));
#6584=CARTESIAN_POINT('Ctrl Pts',(1.49528816582922,-11.7584475382983,0.));
#6585=CARTESIAN_POINT('Ctrl Pts',(1.49528816582922,-11.7584475382983,-10.));
#6586=CARTESIAN_POINT('Ctrl Pts',(1.6080190247575,-11.9826999563377,0.));
#6587=CARTESIAN_POINT('Ctrl Pts',(1.6080190247575,-11.9826999563377,-10.));
#6588=CARTESIAN_POINT('Ctrl Pts',(1.76721666646996,-12.2532932710086,0.));
#6589=CARTESIAN_POINT('Ctrl Pts',(1.76721666646996,-12.2532932710086,-10.));
#6590=CARTESIAN_POINT('Ctrl Pts',(1.98149715423774,-12.56296495987,0.));
#6591=CARTESIAN_POINT('Ctrl Pts',(1.98149715423774,-12.56296495987,-10.));
#6592=CARTESIAN_POINT('Ctrl Pts',(2.21499152920907,-12.8584018832608,0.));
#6593=CARTESIAN_POINT('Ctrl Pts',(2.21499152920907,-12.8584018832608,-10.));
#6594=CARTESIAN_POINT('Ctrl Pts',(2.46521932278893,-13.1396993912522,0.));
#6595=CARTESIAN_POINT('Ctrl Pts',(2.46521932278893,-13.1396993912522,-10.));
#6596=CARTESIAN_POINT('Ctrl Pts',(2.72894533989541,-13.4085066858532,0.));
#6597=CARTESIAN_POINT('Ctrl Pts',(2.72894533989541,-13.4085066858532,-10.));
#6598=CARTESIAN_POINT('Ctrl Pts',(2.91544092371212,-13.5764110271677,0.));
#6599=CARTESIAN_POINT('Ctrl Pts',(2.91544092371212,-13.5764110271677,-10.));
#6600=CARTESIAN_POINT('Ctrl Pts',(3.00868846131254,-13.6603629688683,0.));
#6601=CARTESIAN_POINT('Ctrl Pts',(3.00868846131254,-13.6603629688683,-10.));
#6602=CARTESIAN_POINT('',(2.17489979928672,-12.8043739645157,-6.));
#6603=CARTESIAN_POINT('Ctrl Pts',(2.17489979924688,-12.8043739644671,-6.));
#6604=CARTESIAN_POINT('Ctrl Pts',(2.10949014611283,-12.7247081071976,-6.));
#6605=CARTESIAN_POINT('Ctrl Pts',(2.04601202020538,-12.6434485163367,-6.));
#6606=CARTESIAN_POINT('Ctrl Pts',(1.98469445364411,-12.5605856666177,-6.));
#6607=CARTESIAN_POINT('Ctrl Pts',(1.91006644772683,-12.4597354602911,-6.));
#6608=CARTESIAN_POINT('Ctrl Pts',(1.83863881078894,-12.3565103967664,-6.));
#6609=CARTESIAN_POINT('Ctrl Pts',(1.77108526797422,-12.2507785193501,-6.));
#6610=CARTESIAN_POINT('Ctrl Pts',(1.70353691986959,-12.145054772469,-6.));
#6611=CARTESIAN_POINT('Ctrl Pts',(1.63986207009342,-12.0368245972179,-6.));
#6612=CARTESIAN_POINT('Ctrl Pts',(1.58106285039558,-11.9260031269683,-6.));
#6613=CARTESIAN_POINT('Ctrl Pts',(1.55165805046067,-11.8705826098606,-6.));
#6614=CARTESIAN_POINT('Ctrl Pts',(1.52347258844515,-11.8145140402548,-6.));
#6615=CARTESIAN_POINT('Ctrl Pts',(1.49683245933832,-11.7577336001999,-6.));
#6616=CARTESIAN_POINT('Ctrl Pts',(1.47019331264361,-11.700955254046,-6.));
#6617=CARTESIAN_POINT('Ctrl Pts',(1.44509938488474,-11.6434650899455,-6.));
#6618=CARTESIAN_POINT('Ctrl Pts',(1.42145041348948,-11.5853261524688,-6.));
#6619=CARTESIAN_POINT('Ctrl Pts',(1.3978034044153,-11.5271920391877,-6.));
#6620=CARTESIAN_POINT('Ctrl Pts',(1.37560111191834,-11.4684092601925,-6.));
#6621=CARTESIAN_POINT('Ctrl Pts',(1.35715019445369,-11.4085031136781,-6.));
#6622=CARTESIAN_POINT('Ctrl Pts',(1.33870710593919,-11.348622386075,-6.));
#6623=CARTESIAN_POINT('Ctrl Pts',(1.3240122096237,-11.2876192440676,-6.));
#6624=CARTESIAN_POINT('Ctrl Pts',(1.30931731330821,-11.2266161020602,-6.));
#6625=CARTESIAN_POINT('',(3.00868846131254,-13.6603629688683,-5.));
#6626=CARTESIAN_POINT('Ctrl Pts',(3.00868846131254,-13.6603629688683,-5.));
#6627=CARTESIAN_POINT('Ctrl Pts',(2.84634671085185,-13.5142046303109,-5.17765602549007));
#6628=CARTESIAN_POINT('Ctrl Pts',(2.69699689498502,-13.3806850306554,-5.33889277794446));
#6629=CARTESIAN_POINT('Ctrl Pts',(2.3854889759971,-13.0510456536586,-5.72079357534294));
#6630=CARTESIAN_POINT('Ctrl Pts',(2.27751798091108,-12.9293580458963,-5.85959659630926));
#6631=CARTESIAN_POINT('Ctrl Pts',(2.17489979928672,-12.8043739645157,-6.));
#6632=CARTESIAN_POINT('',(3.00868846131254,-13.6603629688683,-0.999999999999999));
#6633=CARTESIAN_POINT('',(3.00868846131254,-13.6603629688683,0.));
#6634=CARTESIAN_POINT('Ctrl Pts',(2.17489979928672,-12.8043739645157,0.));
#6635=CARTESIAN_POINT('Ctrl Pts',(2.18902658161339,-12.8215797158164,-0.0193284298207806));
#6636=CARTESIAN_POINT('Ctrl Pts',(2.20332757422156,-12.8388133406861,-0.0387249273322609));
#6637=CARTESIAN_POINT('Ctrl Pts',(2.21777706947149,-12.8560412781186,-0.0581559385503321));
#6638=CARTESIAN_POINT('Ctrl Pts',(2.25175682018044,-12.8965548745496,-0.103850331731031));
#6639=CARTESIAN_POINT('Ctrl Pts',(2.286560587713,-12.9370346526051,-0.149735590056615));
#6640=CARTESIAN_POINT('Ctrl Pts',(2.32181449933966,-12.9770879037541,-0.195375351822214));
#6641=CARTESIAN_POINT('Ctrl Pts',(2.35902804744864,-13.0193675691807,-0.243552061633398));
#6642=CARTESIAN_POINT('Ctrl Pts',(2.39674289021774,-13.0611719788785,-0.291455223820414));
#6643=CARTESIAN_POINT('Ctrl Pts',(2.4344753397535,-13.1020778612068,-0.338571589593245));
#6644=CARTESIAN_POINT('Ctrl Pts',(2.4454755776766,-13.1140032581423,-0.352307544718067));
#6645=CARTESIAN_POINT('Ctrl Pts',(2.45647705873911,-13.1258525244845,-0.365976629041276));
#6646=CARTESIAN_POINT('Ctrl Pts',(2.46746721917769,-13.1376157296119,-0.37956612543113));
#6647=CARTESIAN_POINT('Ctrl Pts',(2.50313201742997,-13.1757891794004,-0.423666177455172));
#6648=CARTESIAN_POINT('Ctrl Pts',(2.53868047654039,-13.2130531497462,-0.466928085352624));
#6649=CARTESIAN_POINT('Ctrl Pts',(2.5737302743119,-13.2490185168726,-0.508917242452891));
#6650=CARTESIAN_POINT('Ctrl Pts',(2.6065121615305,-13.2826567311813,-0.54818947510423));
#6651=CARTESIAN_POINT('Ctrl Pts',(2.63782870998111,-13.3141148597097,-0.585094101336666));
#6652=CARTESIAN_POINT('Ctrl Pts',(2.66813038486416,-13.3439823587441,-0.620301875385994));
#6653=CARTESIAN_POINT('Ctrl Pts',(2.6897490765084,-13.3652912881779,-0.645420817279146));
#6654=CARTESIAN_POINT('Ctrl Pts',(2.71085204292167,-13.3857899594492,-0.669676045971587));
#6655=CARTESIAN_POINT('Ctrl Pts',(2.73161521321917,-13.4056818447592,-0.693311147137296));
#6656=CARTESIAN_POINT('Ctrl Pts',(2.75723547885628,-13.4302270071001,-0.72247516985393));
#6657=CARTESIAN_POINT('Ctrl Pts',(2.78233646010083,-13.4538504886824,-0.750694999227476));
#6658=CARTESIAN_POINT('Ctrl Pts',(2.80720852951865,-13.4769849855287,-0.778428272784195));
#6659=CARTESIAN_POINT('Ctrl Pts',(2.83901157874028,-13.5065662611983,-0.8138898441229));
#6660=CARTESIAN_POINT('Ctrl Pts',(2.87044099335252,-13.5353473846539,-0.848555904168224));
#6661=CARTESIAN_POINT('Ctrl Pts',(2.90216477570068,-13.564168438787,-0.883383188995544));
#6662=CARTESIAN_POINT('Ctrl Pts',(2.9370109146126,-13.5958261536486,-0.921638287069869));
#6663=CARTESIAN_POINT('Ctrl Pts',(2.97221686503071,-13.6275271277987,-0.960087908253286));
#6664=CARTESIAN_POINT('Ctrl Pts',(3.00868846131254,-13.6603629688683,-0.999999999999999));
#6665=CARTESIAN_POINT('Ctrl Pts',(4.47940599609041,-10.3771933995737,0.));
#6666=CARTESIAN_POINT('Ctrl Pts',(4.47940599609041,-10.3771933995737,-10.));
#6667=CARTESIAN_POINT('Ctrl Pts',(4.42902296821036,-10.2874213807378,0.));
#6668=CARTESIAN_POINT('Ctrl Pts',(4.42902296821036,-10.2874213807378,-10.));
#6669=CARTESIAN_POINT('Ctrl Pts',(4.35344098422124,-10.1527500920952,0.));
#6670=CARTESIAN_POINT('Ctrl Pts',(4.35344098422124,-10.1527500920952,-10.));
#6671=CARTESIAN_POINT('Ctrl Pts',(4.27067823280066,-9.96410590601625,0.));
#6672=CARTESIAN_POINT('Ctrl Pts',(4.27067823280066,-9.96410590601625,-10.));
#6673=CARTESIAN_POINT('Ctrl Pts',(4.21903477181108,-9.81860457159133,0.));
#6674=CARTESIAN_POINT('Ctrl Pts',(4.21903477181108,-9.81860457159133,-10.));
#6675=CARTESIAN_POINT('Ctrl Pts',(4.17375232656763,-9.6708831642851,0.));
#6676=CARTESIAN_POINT('Ctrl Pts',(4.17375232656763,-9.6708831642851,-10.));
#6677=CARTESIAN_POINT('Ctrl Pts',(4.14357400994291,-9.51934613633682,0.));
#6678=CARTESIAN_POINT('Ctrl Pts',(4.14357400994291,-9.51934613633682,-10.));
#6679=CARTESIAN_POINT('Ctrl Pts',(4.12261177687338,-9.36626108091806,0.));
#6680=CARTESIAN_POINT('Ctrl Pts',(4.12261177687338,-9.36626108091806,-10.));
#6681=CARTESIAN_POINT('Ctrl Pts',(4.11889442494715,-9.21165284518166,0.));
#6682=CARTESIAN_POINT('Ctrl Pts',(4.11889442494715,-9.21165284518166,-10.));
#6683=CARTESIAN_POINT('Ctrl Pts',(4.13123963487563,-9.05752799624283,0.));
#6684=CARTESIAN_POINT('Ctrl Pts',(4.13123963487563,-9.05752799624283,-10.));
#6685=CARTESIAN_POINT('Ctrl Pts',(4.16240232709646,-8.9060064342641,0.));
#6686=CARTESIAN_POINT('Ctrl Pts',(4.16240232709646,-8.9060064342641,-10.));
#6687=CARTESIAN_POINT('Ctrl Pts',(4.21323315871155,-8.75984374676602,0.));
#6688=CARTESIAN_POINT('Ctrl Pts',(4.21323315871155,-8.75984374676602,-10.));
#6689=CARTESIAN_POINT('Ctrl Pts',(4.28525871732817,-8.62280911872231,0.));
#6690=CARTESIAN_POINT('Ctrl Pts',(4.28525871732817,-8.62280911872231,-10.));
#6691=CARTESIAN_POINT('Ctrl Pts',(4.37698231986311,-8.49819779185192,0.));
#6692=CARTESIAN_POINT('Ctrl Pts',(4.37698231986311,-8.49819779185192,-10.));
#6693=CARTESIAN_POINT('Ctrl Pts',(4.48713329751925,-8.38920760720392,0.));
#6694=CARTESIAN_POINT('Ctrl Pts',(4.48713329751925,-8.38920760720392,-10.));
#6695=CARTESIAN_POINT('Ctrl Pts',(4.61494084352023,-8.30182347413658,0.));
#6696=CARTESIAN_POINT('Ctrl Pts',(4.61494084352023,-8.30182347413658,-10.));
#6697=CARTESIAN_POINT('Ctrl Pts',(4.75073536045111,-8.22851501761537,0.));
#6698=CARTESIAN_POINT('Ctrl Pts',(4.75073536045111,-8.22851501761537,-10.));
#6699=CARTESIAN_POINT('Ctrl Pts',(4.88211960457615,-8.14756774451918,0.));
#6700=CARTESIAN_POINT('Ctrl Pts',(4.88211960457615,-8.14756774451918,-10.));
#6701=CARTESIAN_POINT('Ctrl Pts',(5.02170025670064,-8.08057522942067,0.));
#6702=CARTESIAN_POINT('Ctrl Pts',(5.02170025670064,-8.08057522942067,-10.));
#6703=CARTESIAN_POINT('Ctrl Pts',(5.17116401419704,-8.03967677684274,0.));
#6704=CARTESIAN_POINT('Ctrl Pts',(5.17116401419704,-8.03967677684274,-10.));
#6705=CARTESIAN_POINT('Ctrl Pts',(5.32494239013355,-8.02254747035608,0.));
#6706=CARTESIAN_POINT('Ctrl Pts',(5.32494239013355,-8.02254747035608,-10.));
#6707=CARTESIAN_POINT('Ctrl Pts',(5.47963063852586,-8.02868882089416,0.));
#6708=CARTESIAN_POINT('Ctrl Pts',(5.47963063852586,-8.02868882089416,-10.));
#6709=CARTESIAN_POINT('Ctrl Pts',(5.63162665479215,-8.05774937316904,0.));
#6710=CARTESIAN_POINT('Ctrl Pts',(5.63162665479215,-8.05774937316904,-10.));
#6711=CARTESIAN_POINT('Ctrl Pts',(5.77842952279725,-8.10652247104485,0.));
#6712=CARTESIAN_POINT('Ctrl Pts',(5.77842952279725,-8.10652247104485,-10.));
#6713=CARTESIAN_POINT('Ctrl Pts',(5.91807816229695,-8.17289363010117,0.));
#6714=CARTESIAN_POINT('Ctrl Pts',(5.91807816229695,-8.17289363010117,-10.));
#6715=CARTESIAN_POINT('Ctrl Pts',(6.05011414611586,-8.25341706917226,0.));
#6716=CARTESIAN_POINT('Ctrl Pts',(6.05011414611586,-8.25341706917226,-10.));
#6717=CARTESIAN_POINT('Ctrl Pts',(6.17220857651348,-8.34811342323992,0.));
#6718=CARTESIAN_POINT('Ctrl Pts',(6.17220857651348,-8.34811342323992,-10.));
#6719=CARTESIAN_POINT('Ctrl Pts',(6.28835433401833,-8.45001712605451,0.));
#6720=CARTESIAN_POINT('Ctrl Pts',(6.28835433401833,-8.45001712605451,-10.));
#6721=CARTESIAN_POINT('Ctrl Pts',(6.39364360280658,-8.56309357763395,0.));
#6722=CARTESIAN_POINT('Ctrl Pts',(6.39364360280658,-8.56309357763395,-10.));
#6723=CARTESIAN_POINT('Ctrl Pts',(6.4938297242083,-8.68056879400272,0.));
#6724=CARTESIAN_POINT('Ctrl Pts',(6.4938297242083,-8.68056879400272,-10.));
#6725=CARTESIAN_POINT('Ctrl Pts',(6.61581900591863,-8.84656553225951,0.));
#6726=CARTESIAN_POINT('Ctrl Pts',(6.61581900591863,-8.84656553225951,-10.));
#6727=CARTESIAN_POINT('Ctrl Pts',(6.69465677104896,-8.97935709478383,0.));
#6728=CARTESIAN_POINT('Ctrl Pts',(6.69465677104896,-8.97935709478383,-10.));
#6729=CARTESIAN_POINT('Ctrl Pts',(6.74721010596981,-9.06787608626546,0.));
#6730=CARTESIAN_POINT('Ctrl Pts',(6.74721010596981,-9.06787608626546,-10.));
#6731=CARTESIAN_POINT('',(6.74721010596981,-9.06787608626546,-6.));
#6732=CARTESIAN_POINT('',(4.47940599609041,-10.3771933995737,-6.));
#6733=CARTESIAN_POINT('Ctrl Pts',(6.74721010596981,-9.06787608626546,-6.));
#6734=CARTESIAN_POINT('Ctrl Pts',(6.69465677104896,-8.97935709478383,-6.));
#6735=CARTESIAN_POINT('Ctrl Pts',(6.64210343612812,-8.89083810330219,-6.));
#6736=CARTESIAN_POINT('Ctrl Pts',(6.58392840283445,-8.80600635561797,-6.));
#6737=CARTESIAN_POINT('Ctrl Pts',(6.55483229304721,-8.7635779511235,-6.));
#6738=CARTESIAN_POINT('Ctrl Pts',(6.52432992815278,-8.72207190230835,-6.));
#6739=CARTESIAN_POINT('Ctrl Pts',(6.4923807670104,-8.68173943468763,-6.));
#6740=CARTESIAN_POINT('Ctrl Pts',(6.46043386931671,-8.64140982443368,-6.));
#6741=CARTESIAN_POINT('Ctrl Pts',(6.4270403803653,-8.60225362909456,-6.));
#6742=CARTESIAN_POINT('Ctrl Pts',(6.39279577974801,-8.56382975669624,-6.));
#6743=CARTESIAN_POINT('Ctrl Pts',(6.3585478067055,-8.52540210029596,-6.));
#6744=CARTESIAN_POINT('Ctrl Pts',(6.32344855435306,-8.48770691108264,-6.));
#6745=CARTESIAN_POINT('Ctrl Pts',(6.28653932280211,-8.45187387688654,-6.));
#6746=CARTESIAN_POINT('Ctrl Pts',(6.24963538275724,-8.41604597990707,-6.));
#6747=CARTESIAN_POINT('Ctrl Pts',(6.21092198245338,-8.38207970404597,-6.));
#6748=CARTESIAN_POINT('Ctrl Pts',(6.17121687357404,-8.34931435452068,-6.));
#6749=CARTESIAN_POINT('Ctrl Pts',(6.13151175891427,-8.31654900022528,-6.));
#6750=CARTESIAN_POINT('Ctrl Pts',(6.09081493539026,-8.28498457261537,-6.));
#6751=CARTESIAN_POINT('Ctrl Pts',(6.04845986756361,-8.25578121956739,-6.));
#6752=CARTESIAN_POINT('Ctrl Pts',(6.00610067239699,-8.22657502076393,-6.));
#6753=CARTESIAN_POINT('Ctrl Pts',(5.96208290973282,-8.19973035670027,-6.));
#6754=CARTESIAN_POINT('Ctrl Pts',(5.91679328062989,-8.17524376328604,-6.));
#6755=CARTESIAN_POINT('Ctrl Pts',(5.87151704282237,-8.15076441009903,-6.));
#6756=CARTESIAN_POINT('Ctrl Pts',(5.82496969059909,-8.12864173329295,-6.));
#6757=CARTESIAN_POINT('Ctrl Pts',(5.77722428723396,-8.1094502796767,-6.));
#6758=CARTESIAN_POINT('Ctrl Pts',(5.72948625320529,-8.09026178819438,-6.));
#6759=CARTESIAN_POINT('Ctrl Pts',(5.68055053783626,-8.07400361512358,-6.));
#6760=CARTESIAN_POINT('Ctrl Pts',(5.63074407885431,-8.06103038633388,-6.));
#6761=CARTESIAN_POINT('Ctrl Pts',(5.5809496627372,-8.04806029438314,-6.));
#6762=CARTESIAN_POINT('Ctrl Pts',(5.53028492403611,-8.03837355835095,-6.));
#6763=CARTESIAN_POINT('Ctrl Pts',(5.4791662573566,-8.03250683241046,-6.));
#6764=CARTESIAN_POINT('Ctrl Pts',(5.42805813752273,-8.02664131689772,-6.));
#6765=CARTESIAN_POINT('Ctrl Pts',(5.37649627700072,-8.024594235344,-6.));
#6766=CARTESIAN_POINT('Ctrl Pts',(5.32507977665864,-8.02642653079134,-6.));
#6767=CARTESIAN_POINT('Ctrl Pts',(5.27367122749254,-8.02825854288794,-6.));
#6768=CARTESIAN_POINT('Ctrl Pts',(5.22240799355213,-8.03396873224529,-6.));
#6769=CARTESIAN_POINT('Ctrl Pts',(5.1718613714058,-8.04364221504954,-6.));
#6770=CARTESIAN_POINT('Ctrl Pts',(5.12133373468381,-8.05331206447202,-6.));
#6771=CARTESIAN_POINT('Ctrl Pts',(5.07152217153502,-8.06694223065678,-6.));
#6772=CARTESIAN_POINT('Ctrl Pts',(5.0233659710011,-8.08491594855403,-6.));
#6773=CARTESIAN_POINT('Ctrl Pts',(4.97519976279396,-8.10289340169396,-6.));
#6774=CARTESIAN_POINT('Ctrl Pts',(4.92868960529789,-8.12521621206104,-6.));
#6775=CARTESIAN_POINT('Ctrl Pts',(4.88355503459779,-8.14985577640423,-6.));
#6776=CARTESIAN_POINT('Ctrl Pts',(4.83836239059832,-8.17452704373638,-6.));
#6777=CARTESIAN_POINT('Ctrl Pts',(4.79454887552472,-8.20152103067587,-6.));
#6778=CARTESIAN_POINT('Ctrl Pts',(4.75,-8.22724133595216,-6.));
#6779=CARTESIAN_POINT('Ctrl Pts',(4.70545112447529,-8.25296164122845,-6.));
#6780=CARTESIAN_POINT('Ctrl Pts',(4.66016688849946,-8.27740826484154,-6.));
#6781=CARTESIAN_POINT('Ctrl Pts',(4.61620462224653,-8.3042106089432,-6.));
#6782=CARTESIAN_POINT('Ctrl Pts',(4.57229884823709,-8.33097851158679,-6.));
#6783=CARTESIAN_POINT('Ctrl Pts',(4.5297116486273,-8.36009608432885,-6.));
#6784=CARTESIAN_POINT('Ctrl Pts',(4.49005961340921,-8.39282051767025,-6.));
#6785=CARTESIAN_POINT('Ctrl Pts',(4.45041581684277,-8.42553815173373,-6.));
#6786=CARTESIAN_POINT('Ctrl Pts',(4.41370596509458,-8.46186114773042,-6.));
#6787=CARTESIAN_POINT('Ctrl Pts',(4.38006781148295,-8.50078444001362,-6.));
#6788=CARTESIAN_POINT('Ctrl Pts',(4.34641701855823,-8.5397223574657,-6.));
#6789=CARTESIAN_POINT('Ctrl Pts',(4.31584023254413,-8.58126252565956,-6.));
#6790=CARTESIAN_POINT('Ctrl Pts',(4.28854938894539,-8.62486762916081,-6.));
#6791=CARTESIAN_POINT('Ctrl Pts',(4.26125432436971,-8.66847947690707,-6.));
#6792=CARTESIAN_POINT('Ctrl Pts',(4.23724621873785,-8.71415689876238,-6.));
#6793=CARTESIAN_POINT('Ctrl Pts',(4.21677184426124,-8.76135058663454,-6.));
#6794=CARTESIAN_POINT('Ctrl Pts',(4.19629324462299,-8.80855401355684,-6.));
#6795=CARTESIAN_POINT('Ctrl Pts',(4.17934983475608,-8.85727433236418,-6.));
#6796=CARTESIAN_POINT('Ctrl Pts',(4.16568505581628,-8.90688260766358,-6.));
#6797=CARTESIAN_POINT('Ctrl Pts',(4.15201697202629,-8.95650288080934,-6.));
#6798=CARTESIAN_POINT('Ctrl Pts',(4.14162910524022,-9.00701154000668,-6.));
#6799=CARTESIAN_POINT('Ctrl Pts',(4.13437780930987,-9.0579481359434,-6.));
#6800=CARTESIAN_POINT('Ctrl Pts',(4.12712539399453,-9.10889259497966,-6.));
#6801=CARTESIAN_POINT('Ctrl Pts',(4.12301051799667,-9.16026512288697,-6.));
#6802=CARTESIAN_POINT('Ctrl Pts',(4.12157214082106,-9.21171517160957,-6.));
#6803=CARTESIAN_POINT('Ctrl Pts',(4.12013333821846,-9.26318043764779,-6.));
#6804=CARTESIAN_POINT('Ctrl Pts',(4.12137261792158,-9.31472327036456,-6.));
#6805=CARTESIAN_POINT('Ctrl Pts',(4.12548633045005,-9.36601050886445,-6.));
#6806=CARTESIAN_POINT('Ctrl Pts',(4.12959964215196,-9.41729275010532,-6.));
#6807=CARTESIAN_POINT('Ctrl Pts',(4.13658682655605,-9.46831944693541,-6.));
#6808=CARTESIAN_POINT('Ctrl Pts',(4.14510989840997,-9.51908776203864,-6.));
#6809=CARTESIAN_POINT('Ctrl Pts',(4.15363296902307,-9.56985606975082,-6.));
#6810=CARTESIAN_POINT('Ctrl Pts',(4.16369192663881,-9.62036599581139,-6.));
#6811=CARTESIAN_POINT('Ctrl Pts',(4.17626782556477,-9.67023969387972,-6.));
#6812=CARTESIAN_POINT('Ctrl Pts',(4.18884552769779,-9.72012054313505,-6.));
#6813=CARTESIAN_POINT('Ctrl Pts',(4.20394089298077,-9.76936498193277,-6.));
#6814=CARTESIAN_POINT('Ctrl Pts',(4.22009623311005,-9.81823842481584,-6.));
#6815=CARTESIAN_POINT('Ctrl Pts',(4.23624998241012,-9.86710705509203,-6.));
#6816=CARTESIAN_POINT('Ctrl Pts',(4.25346349781364,-9.91560476251451,-6.));
#6817=CARTESIAN_POINT('Ctrl Pts',(4.27241651597145,-9.96343639261632,-6.));
#6818=CARTESIAN_POINT('Ctrl Pts',(4.29137087695712,-10.0112714116056,-6.));
#6819=CARTESIAN_POINT('Ctrl Pts',(4.31206498719454,-10.0584402588873,-6.));
#6820=CARTESIAN_POINT('Ctrl Pts',(4.33426100843518,-10.1048524313615,-6.));
#6821=CARTESIAN_POINT('Ctrl Pts',(4.37863994033031,-10.197649361902,-6.));
#6822=CARTESIAN_POINT('Ctrl Pts',(4.42902296821036,-10.2874213807378,-6.));
#6823=CARTESIAN_POINT('Ctrl Pts',(4.47940599609041,-10.3771933995737,-6.));
#6824=CARTESIAN_POINT('',(6.74721010596981,-9.06787608626546,0.));
#6825=CARTESIAN_POINT('',(4.47940599609041,-10.3771933995737,0.));
#6826=CARTESIAN_POINT('Ctrl Pts',(4.22458084486439,-13.3345655866124,0.));
#6827=CARTESIAN_POINT('Ctrl Pts',(4.22458084486439,-13.3345655866124,-10.));
#6828=CARTESIAN_POINT('Ctrl Pts',(4.26335961041639,-13.2152373036025,0.));
#6829=CARTESIAN_POINT('Ctrl Pts',(4.26335961041639,-13.2152373036025,-10.));
#6830=CARTESIAN_POINT('Ctrl Pts',(4.34091735303799,-12.97658008671,0.));
#6831=CARTESIAN_POINT('Ctrl Pts',(4.34091735303799,-12.97658008671,-10.));
#6832=CARTESIAN_POINT('Ctrl Pts',(4.43490713619065,-12.6119231323098,0.));
#6833=CARTESIAN_POINT('Ctrl Pts',(4.43490713619065,-12.6119231323098,-10.));
#6834=CARTESIAN_POINT('Ctrl Pts',(4.510962008168,-12.243198447578,0.));
#6835=CARTESIAN_POINT('Ctrl Pts',(4.510962008168,-12.243198447578,-10.));
#6836=CARTESIAN_POINT('Ctrl Pts',(4.56545560683856,-11.8705953792201,0.));
#6837=CARTESIAN_POINT('Ctrl Pts',(4.56545560683856,-11.8705953792201,-10.));
#6838=CARTESIAN_POINT('Ctrl Pts',(4.59619210835008,-11.4952715859493,0.));
#6839=CARTESIAN_POINT('Ctrl Pts',(4.59619210835008,-11.4952715859493,-10.));
#6840=CARTESIAN_POINT('Ctrl Pts',(4.59876465296016,-11.1813320804939,0.));
#6841=CARTESIAN_POINT('Ctrl Pts',(4.59876465296016,-11.1813320804939,-10.));
#6842=CARTESIAN_POINT('Ctrl Pts',(4.58426623156281,-10.9307583601475,0.));
#6843=CARTESIAN_POINT('Ctrl Pts',(4.58426623156281,-10.9307583601475,-10.));
#6844=CARTESIAN_POINT('Ctrl Pts',(4.56322724546533,-10.7437565143188,0.));
#6845=CARTESIAN_POINT('Ctrl Pts',(4.56322724546533,-10.7437565143188,-10.));
#6846=CARTESIAN_POINT('Ctrl Pts',(4.53273979408484,-10.5577521010959,0.));
#6847=CARTESIAN_POINT('Ctrl Pts',(4.53273979408484,-10.5577521010959,-10.));
#6848=CARTESIAN_POINT('Ctrl Pts',(4.49718141357892,-10.4373711184205,0.));
#6849=CARTESIAN_POINT('Ctrl Pts',(4.49718141357892,-10.4373711184205,-10.));
#6850=CARTESIAN_POINT('Ctrl Pts',(4.47940599609041,-10.3771933995737,0.));
#6851=CARTESIAN_POINT('Ctrl Pts',(4.47940599609041,-10.3771933995737,-10.));
#6852=CARTESIAN_POINT('',(4.51866850538986,-12.17636303247,-6.));
#6853=CARTESIAN_POINT('Ctrl Pts',(4.47940599609041,-10.3771933995737,-6.));
#6854=CARTESIAN_POINT('Ctrl Pts',(4.49718141357892,-10.4373711184205,-6.));
#6855=CARTESIAN_POINT('Ctrl Pts',(4.51495683106743,-10.4975488372673,-6.));
#6856=CARTESIAN_POINT('Ctrl Pts',(4.52892501169118,-10.558628612826,-6.));
#6857=CARTESIAN_POINT('Ctrl Pts',(4.54289912170086,-10.6197343162826,-6.));
#6858=CARTESIAN_POINT('Ctrl Pts',(4.55306276187384,-10.681742842446,-6.));
#6859=CARTESIAN_POINT('Ctrl Pts',(4.56165090793263,-10.743911965911,-6.));
#6860=CARTESIAN_POINT('Ctrl Pts',(4.5702397666693,-10.8060862484124,-6.));
#6861=CARTESIAN_POINT('Ctrl Pts',(4.57725286979965,-10.8684211548706,-6.));
#6862=CARTESIAN_POINT('Ctrl Pts',(4.58257186510385,-10.9309122183722,-6.));
#6863=CARTESIAN_POINT('Ctrl Pts',(4.58789105656469,-10.9934055864512,-6.));
#6864=CARTESIAN_POINT('Ctrl Pts',(4.59151601524472,-11.0560551230914,-6.));
#6865=CARTESIAN_POINT('Ctrl Pts',(4.59376097006173,-11.118753098765,-6.));
#6866=CARTESIAN_POINT('Ctrl Pts',(4.5982500872055,-11.2441269171348,-6.));
#6867=CARTESIAN_POINT('Ctrl Pts',(4.59722113734276,-11.3696944232464,-6.));
#6868=CARTESIAN_POINT('Ctrl Pts',(4.59158442534104,-11.495028047881,-6.));
#6869=CARTESIAN_POINT('Ctrl Pts',(4.58594727985597,-11.6203713111207,-6.));
#6870=CARTESIAN_POINT('Ctrl Pts',(4.57570166349781,-11.7454806569093,-6.));
#6871=CARTESIAN_POINT('Ctrl Pts',(4.56149701770297,-11.8701335005237,-6.));
#6872=CARTESIAN_POINT('Ctrl Pts',(4.54982587222085,-11.9725536167023,-6.));
#6873=CARTESIAN_POINT('Ctrl Pts',(4.53548199802895,-12.074665549654,-6.));
#6874=CARTESIAN_POINT('Ctrl Pts',(4.5186685053945,-12.1763630324419,-6.));
#6875=CARTESIAN_POINT('',(4.22458084486439,-13.3345655866124,-1.));
#6876=CARTESIAN_POINT('Ctrl Pts',(4.22458084486439,-13.3345655866124,-1.));
#6877=CARTESIAN_POINT('Ctrl Pts',(4.24446833487557,-13.2733686918008,-0.947667306964869));
#6878=CARTESIAN_POINT('Ctrl Pts',(4.26344659623307,-13.2149496103037,-0.897849139089578));
#6879=CARTESIAN_POINT('Ctrl Pts',(4.28205484159488,-13.1561565040717,-0.847687124418019));
#6880=CARTESIAN_POINT('Ctrl Pts',(4.29274900367102,-13.122368094967,-0.818859005241103));
#6881=CARTESIAN_POINT('Ctrl Pts',(4.30332318623655,-13.0884568185812,-0.789917320239741));
#6882=CARTESIAN_POINT('Ctrl Pts',(4.3138574623491,-13.0538177661412,-0.760319515680822));
#6883=CARTESIAN_POINT('Ctrl Pts',(4.32165322399132,-13.0281835608622,-0.738416023973444));
#6884=CARTESIAN_POINT('Ctrl Pts',(4.32942689120427,-13.002150713297,-0.716153204570277));
#6885=CARTESIAN_POINT('Ctrl Pts',(4.33719275436774,-12.9754686392228,-0.693311168058425));
#6886=CARTESIAN_POINT('Ctrl Pts',(4.34845546028586,-12.9367720581402,-0.660183731431206));
#6887=CARTESIAN_POINT('Ctrl Pts',(4.3597023665704,-12.8967097858017,-0.625838013997046));
#6888=CARTESIAN_POINT('Ctrl Pts',(4.37106547086117,-12.8545528009945,-0.589603261632663));
#6889=CARTESIAN_POINT('Ctrl Pts',(4.37917058758406,-12.8244829121856,-0.563757604510894));
#6890=CARTESIAN_POINT('Ctrl Pts',(4.38733373045107,-12.7933469979909,-0.536950856300647));
#6891=CARTESIAN_POINT('Ctrl Pts',(4.39558687098035,-12.7608776642491,-0.508939600400916));
#6892=CARTESIAN_POINT('Ctrl Pts',(4.40796049791228,-12.7121975986398,-0.466943365250431));
#6893=CARTESIAN_POINT('Ctrl Pts',(4.4201165995647,-12.6621430979684,-0.423673934343297));
#6894=CARTESIAN_POINT('Ctrl Pts',(4.43191856999274,-12.6112425765908,-0.379566131831085));
#6895=CARTESIAN_POINT('Ctrl Pts',(4.4444606986437,-12.557149839161,-0.332692117276307));
#6896=CARTESIAN_POINT('Ctrl Pts',(4.45660376833162,-12.5021021666338,-0.284871277062137));
#6897=CARTESIAN_POINT('Ctrl Pts',(4.46812215023,-12.4467146504336,-0.236625483007575));
#6898=CARTESIAN_POINT('Ctrl Pts',(4.47900007644344,-12.3944068419508,-0.191062296054391));
#6899=CARTESIAN_POINT('Ctrl Pts',(4.48932057204485,-12.3417960507875,-0.145120098787538));
#6900=CARTESIAN_POINT('Ctrl Pts',(4.4989398875191,-12.2894103559263,-0.0992384609089759));
#6901=CARTESIAN_POINT('Ctrl Pts',(4.50181289078573,-12.2737643078407,-0.0855349810869334));
#6902=CARTESIAN_POINT('Ctrl Pts',(4.50462368796022,-12.2581384034916,-0.0718369033992704));
#6903=CARTESIAN_POINT('Ctrl Pts',(4.50736935696641,-12.2425468736878,-0.058155939105522));
#6904=CARTESIAN_POINT('Ctrl Pts',(4.511269019788,-12.2204022856219,-0.0387249196711321));
#6905=CARTESIAN_POINT('Ctrl Pts',(4.51503723012701,-12.1983270325478,-0.0193284220739662));
#6906=CARTESIAN_POINT('Ctrl Pts',(4.51866850538986,-12.17636303247,0.));
#6907=CARTESIAN_POINT('',(4.22458084486439,-13.3345655866124,-5.));
#6908=CARTESIAN_POINT('',(4.22458084486439,-13.3345655866124,0.));
#6909=CARTESIAN_POINT('Ctrl Pts',(4.51866850538986,-12.17636303247,-6.));
#6910=CARTESIAN_POINT('Ctrl Pts',(4.51682550808569,-12.1875105192349,-5.99019035978356));
#6911=CARTESIAN_POINT('Ctrl Pts',(4.51494480683104,-12.198701602452,-5.98034893524915));
#6912=CARTESIAN_POINT('Ctrl Pts',(4.51302582911342,-12.2099363926926,-5.97047624772807));
#6913=CARTESIAN_POINT('Ctrl Pts',(4.51117403859492,-12.2207778307426,-5.96094922249182));
#6914=CARTESIAN_POINT('Ctrl Pts',(4.50928833184892,-12.2316498012418,-5.95140230024992));
#6915=CARTESIAN_POINT('Ctrl Pts',(4.50736935696641,-12.2425468736878,-5.94183986300777));
#6916=CARTESIAN_POINT('Ctrl Pts',(4.49844881057347,-12.2932030032643,-5.89738791846922));
#6917=CARTESIAN_POINT('Ctrl Pts',(4.48880516241419,-12.3444008630609,-5.85260070283119));
#6918=CARTESIAN_POINT('Ctrl Pts',(4.47855229402088,-12.395611109465,-5.80791840531657));
#6919=CARTESIAN_POINT('Ctrl Pts',(4.46779103371858,-12.4493606330675,-5.76102052113286));
#6920=CARTESIAN_POINT('Ctrl Pts',(4.45635884164503,-12.5031236724221,-5.7142382178358));
#6921=CARTESIAN_POINT('Ctrl Pts',(4.44444438837996,-12.5562990974602,-5.66808046599071));
#6922=CARTESIAN_POINT('Ctrl Pts',(4.4403232911245,-12.5746919765379,-5.65211493402591));
#6923=CARTESIAN_POINT('Ctrl Pts',(4.43614495892104,-12.5930146542869,-5.63622412358384));
#6924=CARTESIAN_POINT('Ctrl Pts',(4.43191856999274,-12.6112425765908,-5.62042909711531));
#6925=CARTESIAN_POINT('Ctrl Pts',(4.42038389745462,-12.660990273358,-5.57732126649765));
#6926=CARTESIAN_POINT('Ctrl Pts',(4.40848759157454,-12.7100310332105,-5.53492688740233));
#6927=CARTESIAN_POINT('Ctrl Pts',(4.39635636059069,-12.75784750046,-5.49367412992622));
#6928=CARTESIAN_POINT('Ctrl Pts',(4.39469835973034,-12.7643826776357,-5.48803602877405));
#6929=CARTESIAN_POINT('Ctrl Pts',(4.39303604683178,-12.7708950101127,-5.48241925227344));
#6930=CARTESIAN_POINT('Ctrl Pts',(4.39136981869771,-12.7773832009541,-5.47682489351453));
#6931=CARTESIAN_POINT('Ctrl Pts',(4.3799342791753,-12.8219124951599,-5.43843008467524));
#6932=CARTESIAN_POINT('Ctrl Pts',(4.36867544731997,-12.8639159047049,-5.40231643222934));
#6933=CARTESIAN_POINT('Ctrl Pts',(4.35749094875344,-12.9041296566085,-5.3678130599869));
#6934=CARTESIAN_POINT('Ctrl Pts',(4.35070920696066,-12.9285133408932,-5.34689187517597));
#6935=CARTESIAN_POINT('Ctrl Pts',(4.34395381139437,-12.9522388937836,-5.32656273018569));
#6936=CARTESIAN_POINT('Ctrl Pts',(4.33719275436775,-12.9754686392228,-5.30667606463071));
#6937=CARTESIAN_POINT('Ctrl Pts',(4.32732420349387,-13.0093751606072,-5.27764915804377));
#6938=CARTESIAN_POINT('Ctrl Pts',(4.31744681965829,-13.0422264203685,-5.24956494528064));
#6939=CARTESIAN_POINT('Ctrl Pts',(4.30752138153071,-13.0745506547818,-5.22195834070038));
#6940=CARTESIAN_POINT('Ctrl Pts',(4.29474572044102,-13.1161572275637,-5.18642412856573));
#6941=CARTESIAN_POINT('Ctrl Pts',(4.28188957618947,-13.1568903711891,-5.15168121275998));
#6942=CARTESIAN_POINT('Ctrl Pts',(4.26878256752108,-13.1978506804508,-5.11673777063942));
#6943=CARTESIAN_POINT('Ctrl Pts',(4.25443934596807,-13.2426742405386,-5.07849857015971));
#6944=CARTESIAN_POINT('Ctrl Pts',(4.23978896927307,-13.2877678263522,-5.04001923349161));
#6945=CARTESIAN_POINT('Ctrl Pts',(4.22458084486439,-13.3345655866124,-5.));
#6946=CARTESIAN_POINT('Ctrl Pts',(6.74721010596981,-9.06787608626546,0.));
#6947=CARTESIAN_POINT('Ctrl Pts',(6.74721010596981,-9.06787608626546,-10.));
#6948=CARTESIAN_POINT('Ctrl Pts',(6.7904378304887,-9.1133589087968,0.));
#6949=CARTESIAN_POINT('Ctrl Pts',(6.7904378304887,-9.1133589087968,-10.));
#6950=CARTESIAN_POINT('Ctrl Pts',(6.87691162936522,-9.20434386097008,0.));
#6951=CARTESIAN_POINT('Ctrl Pts',(6.87691162936522,-9.20434386097008,-10.));
#6952=CARTESIAN_POINT('Ctrl Pts',(7.02275245074195,-9.32374897497366,0.));
#6953=CARTESIAN_POINT('Ctrl Pts',(7.02275245074195,-9.32374897497366,-10.));
#6954=CARTESIAN_POINT('Ctrl Pts',(7.17418130673547,-9.43547019431829,0.));
#6955=CARTESIAN_POINT('Ctrl Pts',(7.17418130673547,-9.43547019431829,-10.));
#6956=CARTESIAN_POINT('Ctrl Pts',(7.38393530337753,-9.57331305573638,0.));
#6957=CARTESIAN_POINT('Ctrl Pts',(7.38393530337753,-9.57331305573638,-10.));
#6958=CARTESIAN_POINT('Ctrl Pts',(7.65710116265854,-9.72805491947939,0.));
#6959=CARTESIAN_POINT('Ctrl Pts',(7.65710116265854,-9.72805491947939,-10.));
#6960=CARTESIAN_POINT('Ctrl Pts',(7.99750935303147,-9.88909822498233,0.));
#6961=CARTESIAN_POINT('Ctrl Pts',(7.99750935303147,-9.88909822498233,-10.));
#6962=CARTESIAN_POINT('Ctrl Pts',(8.34743987509279,-10.028206918369,0.));
#6963=CARTESIAN_POINT('Ctrl Pts',(8.34743987509279,-10.028206918369,-10.));
#6964=CARTESIAN_POINT('Ctrl Pts',(8.70479225506161,-10.1467038095209,0.));
#6965=CARTESIAN_POINT('Ctrl Pts',(8.70479225506161,-10.1467038095209,-10.));
#6966=CARTESIAN_POINT('Ctrl Pts',(9.06758933281517,-10.2476347468146,0.));
#6967=CARTESIAN_POINT('Ctrl Pts',(9.06758933281517,-10.2476347468146,-10.));
#6968=CARTESIAN_POINT('Ctrl Pts',(9.31305141675132,-10.2997963798904,0.));
#6969=CARTESIAN_POINT('Ctrl Pts',(9.31305141675132,-10.2997963798904,-10.));
#6970=CARTESIAN_POINT('Ctrl Pts',(9.43578212400394,-10.3258771252999,0.));
#6971=CARTESIAN_POINT('Ctrl Pts',(9.43578212400394,-10.3258771252999,-10.));
#6972=CARTESIAN_POINT('',(8.28570545912581,-10.0014632331833,-6.));
#6973=CARTESIAN_POINT('Ctrl Pts',(8.28570545910468,-10.0014632331753,-6.));
#6974=CARTESIAN_POINT('Ctrl Pts',(8.1892261091903,-9.96517540352853,-6.));
#6975=CARTESIAN_POINT('Ctrl Pts',(8.09362264412681,-9.92654159649087,-6.));
#6976=CARTESIAN_POINT('Ctrl Pts',(7.99908864891473,-9.88543904687957,-6.));
#6977=CARTESIAN_POINT('Ctrl Pts',(7.88403379679329,-9.83541420918247,-6.));
#6978=CARTESIAN_POINT('Ctrl Pts',(7.77056311691042,-9.78173250033174,-6.));
#6979=CARTESIAN_POINT('Ctrl Pts',(7.65919409400912,-9.72394277990683,-6.));
#6980=CARTESIAN_POINT('Ctrl Pts',(7.54783363512628,-9.66615750337682,-6.));
#6981=CARTESIAN_POINT('Ctrl Pts',(7.43857451001238,-9.60426484704138,-6.));
#6982=CARTESIAN_POINT('Ctrl Pts',(7.33224215690656,-9.5376902483694,-6.));
#6983=CARTESIAN_POINT('Ctrl Pts',(7.27906659461587,-9.50439707263073,-6.));
#6984=CARTESIAN_POINT('Ctrl Pts',(7.22662298369015,-9.46993299800603,-6.));
#6985=CARTESIAN_POINT('Ctrl Pts',(7.17516173509609,-9.43407975903385,-6.));
#6986=CARTESIAN_POINT('Ctrl Pts',(7.12370238424637,-9.39822784222704,-6.));
#6987=CARTESIAN_POINT('Ctrl Pts',(7.07322532327621,-9.3609868635277,-6.));
#6988=CARTESIAN_POINT('Ctrl Pts',(7.02367524453621,-9.32246155242151,-6.));
#6989=CARTESIAN_POINT('Ctrl Pts',(6.97412927731389,-9.28393943803067,-6.));
#6990=CARTESIAN_POINT('Ctrl Pts',(6.92551013849167,-9.24413320436426,-6.));
#6991=CARTESIAN_POINT('Ctrl Pts',(6.87957810198695,-9.20147841837227,-6.));
#6992=CARTESIAN_POINT('Ctrl Pts',(6.83366555500759,-9.15884173132813,-6.));
#6993=CARTESIAN_POINT('Ctrl Pts',(6.7904378304887,-9.1133589087968,-6.));
#6994=CARTESIAN_POINT('Ctrl Pts',(6.74721010596981,-9.06787608626546,-6.));
#6995=CARTESIAN_POINT('',(9.43578212400394,-10.3258771252999,-5.));
#6996=CARTESIAN_POINT('Ctrl Pts',(9.43578212400394,-10.3258771252999,-5.));
#6997=CARTESIAN_POINT('Ctrl Pts',(9.22211087473107,-10.2804711663645,-5.17765602549036));
#6998=CARTESIAN_POINT('Ctrl Pts',(9.02601034031232,-10.2395147090932,-5.3388927779446));
#6999=CARTESIAN_POINT('Ctrl Pts',(8.59141688049049,-10.1097925940203,-5.72079357534295));
#7000=CARTESIAN_POINT('Ctrl Pts',(8.43706745199298,-10.0583935319154,-5.85959659630927));
#7001=CARTESIAN_POINT('Ctrl Pts',(8.28570545912581,-10.0014632331833,-6.));
#7002=CARTESIAN_POINT('',(9.43578212400394,-10.3258771252999,-1.));
#7003=CARTESIAN_POINT('',(9.43578212400394,-10.3258771252999,0.));
#7004=CARTESIAN_POINT('Ctrl Pts',(8.28570545912581,-10.0014632331833,0.));
#7005=CARTESIAN_POINT('Ctrl Pts',(8.30654248714481,-10.0093004597376,-0.0193284298207805));
#7006=CARTESIAN_POINT('Ctrl Pts',(8.32754432247768,-10.01707472037,-0.0387249273322605));
#7007=CARTESIAN_POINT('Ctrl Pts',(8.34867192115224,-10.0247698042164,-0.0581559385503304));
#7008=CARTESIAN_POINT('Ctrl Pts',(8.39835604669569,-10.0428657325697,-0.103850331730822));
#7009=CARTESIAN_POINT('Ctrl Pts',(8.44873688255385,-10.060520364939,-0.149735590056191));
#7010=CARTESIAN_POINT('Ctrl Pts',(8.49929429117954,-10.0775805421247,-0.195375351821568));
#7011=CARTESIAN_POINT('Ctrl Pts',(8.55266200191994,-10.0955890323931,-0.243552061632555));
#7012=CARTESIAN_POINT('Ctrl Pts',(8.60622621870637,-10.112935291797,-0.291455223819364));
#7013=CARTESIAN_POINT('Ctrl Pts',(8.65935641971524,-10.1294946002895,-0.338571589591973));
#7014=CARTESIAN_POINT('Ctrl Pts',(8.67484560367258,-10.1343221780246,-0.352307544717226));
#7015=CARTESIAN_POINT('Ctrl Pts',(8.69029779892352,-10.139083203162,-0.365976629040858));
#7016=CARTESIAN_POINT('Ctrl Pts',(8.70569715961919,-10.1437753574131,-0.379566125431128));
#7017=CARTESIAN_POINT('Ctrl Pts',(8.75567050582079,-10.1590021355539,-0.423666177455205));
#7018=CARTESIAN_POINT('Ctrl Pts',(8.8050883596487,-10.173499450964,-0.466928085352662));
#7019=CARTESIAN_POINT('Ctrl Pts',(8.8534250584795,-10.1871214736661,-0.508917242452892));
#7020=CARTESIAN_POINT('Ctrl Pts',(8.89863411274915,-10.1998620781861,-0.548189475104242));
#7021=CARTESIAN_POINT('Ctrl Pts',(8.94148410353046,-10.211447342422,-0.585094101336689));
#7022=CARTESIAN_POINT('Ctrl Pts',(8.98265987327362,-10.2221625178917,-0.62030187538603));
#7023=CARTESIAN_POINT('Ctrl Pts',(9.01203667415101,-10.2298072462867,-0.645420817279167));
#7024=CARTESIAN_POINT('Ctrl Pts',(9.04056171479572,-10.2370081331448,-0.669676045971596));
#7025=CARTESIAN_POINT('Ctrl Pts',(9.06848909039143,-10.2438534260037,-0.693311147137296));
#7026=CARTESIAN_POINT('Ctrl Pts',(9.10294947245536,-10.2523000273124,-0.722475169853943));
#7027=CARTESIAN_POINT('Ctrl Pts',(9.13649930066422,-10.2602080718662,-0.750694999227505));
#7028=CARTESIAN_POINT('Ctrl Pts',(9.16960639304792,-10.26780709913,-0.778428272784246));
#7029=CARTESIAN_POINT('Ctrl Pts',(9.2119392794266,-10.2775237107254,-0.81388984412308));
#7030=CARTESIAN_POINT('Ctrl Pts',(9.25354851263487,-10.2867341874814,-0.848555904168537));
#7031=CARTESIAN_POINT('Ctrl Pts',(9.29543264111923,-10.2958320613504,-0.883383188996004));
#7032=CARTESIAN_POINT('Ctrl Pts',(9.34143914007135,-10.3058253771903,-0.92163828707017));
#7033=CARTESIAN_POINT('Ctrl Pts',(9.38777887457267,-10.3156762509199,-0.96008790825344));
#7034=CARTESIAN_POINT('Ctrl Pts',(9.43578212400394,-10.3258771252999,-1.));
#7035=CARTESIAN_POINT('Ctrl Pts',(9.06787608626547,-6.7472101059698,0.));
#7036=CARTESIAN_POINT('Ctrl Pts',(9.06787608626547,-6.7472101059698,-10.));
#7037=CARTESIAN_POINT('Ctrl Pts',(8.97935709478384,-6.69465677104896,0.));
#7038=CARTESIAN_POINT('Ctrl Pts',(8.97935709478384,-6.69465677104896,-10.));
#7039=CARTESIAN_POINT('Ctrl Pts',(8.84656553225952,-6.61581900591863,0.));
#7040=CARTESIAN_POINT('Ctrl Pts',(8.84656553225952,-6.61581900591863,-10.));
#7041=CARTESIAN_POINT('Ctrl Pts',(8.68056879400273,-6.49382972420831,0.));
#7042=CARTESIAN_POINT('Ctrl Pts',(8.68056879400273,-6.49382972420831,-10.));
#7043=CARTESIAN_POINT('Ctrl Pts',(8.56309357763395,-6.39364360280658,0.));
#7044=CARTESIAN_POINT('Ctrl Pts',(8.56309357763395,-6.39364360280658,-10.));
#7045=CARTESIAN_POINT('Ctrl Pts',(8.45001712605452,-6.28835433401832,0.));
#7046=CARTESIAN_POINT('Ctrl Pts',(8.45001712605452,-6.28835433401832,-10.));
#7047=CARTESIAN_POINT('Ctrl Pts',(8.34811342323992,-6.17220857651347,0.));
#7048=CARTESIAN_POINT('Ctrl Pts',(8.34811342323992,-6.17220857651347,-10.));
#7049=CARTESIAN_POINT('Ctrl Pts',(8.25341706917228,-6.05011414611585,0.));
#7050=CARTESIAN_POINT('Ctrl Pts',(8.25341706917228,-6.05011414611585,-10.));
#7051=CARTESIAN_POINT('Ctrl Pts',(8.17289363010116,-5.91807816229694,0.));
#7052=CARTESIAN_POINT('Ctrl Pts',(8.17289363010116,-5.91807816229694,-10.));
#7053=CARTESIAN_POINT('Ctrl Pts',(8.10652247104486,-5.77842952279724,0.));
#7054=CARTESIAN_POINT('Ctrl Pts',(8.10652247104486,-5.77842952279724,-10.));
#7055=CARTESIAN_POINT('Ctrl Pts',(8.05774937316904,-5.63162665479214,0.));
#7056=CARTESIAN_POINT('Ctrl Pts',(8.05774937316904,-5.63162665479214,-10.));
#7057=CARTESIAN_POINT('Ctrl Pts',(8.02868882089417,-5.47963063852586,0.));
#7058=CARTESIAN_POINT('Ctrl Pts',(8.02868882089417,-5.47963063852586,-10.));
#7059=CARTESIAN_POINT('Ctrl Pts',(8.02254747035607,-5.32494239013354,0.));
#7060=CARTESIAN_POINT('Ctrl Pts',(8.02254747035607,-5.32494239013354,-10.));
#7061=CARTESIAN_POINT('Ctrl Pts',(8.03967677684276,-5.17116401419703,0.));
#7062=CARTESIAN_POINT('Ctrl Pts',(8.03967677684276,-5.17116401419703,-10.));
#7063=CARTESIAN_POINT('Ctrl Pts',(8.08057522942067,-5.02170025670063,0.));
#7064=CARTESIAN_POINT('Ctrl Pts',(8.08057522942067,-5.02170025670063,-10.));
#7065=CARTESIAN_POINT('Ctrl Pts',(8.14756774451919,-4.88211960457615,0.));
#7066=CARTESIAN_POINT('Ctrl Pts',(8.14756774451919,-4.88211960457615,-10.));
#7067=CARTESIAN_POINT('Ctrl Pts',(8.22851501761537,-4.75073536045111,0.));
#7068=CARTESIAN_POINT('Ctrl Pts',(8.22851501761537,-4.75073536045111,-10.));
#7069=CARTESIAN_POINT('Ctrl Pts',(8.30182347413658,-4.61494084352022,0.));
#7070=CARTESIAN_POINT('Ctrl Pts',(8.30182347413658,-4.61494084352022,-10.));
#7071=CARTESIAN_POINT('Ctrl Pts',(8.38920760720393,-4.48713329751925,0.));
#7072=CARTESIAN_POINT('Ctrl Pts',(8.38920760720393,-4.48713329751925,-10.));
#7073=CARTESIAN_POINT('Ctrl Pts',(8.49819779185191,-4.37698231986309,0.));
#7074=CARTESIAN_POINT('Ctrl Pts',(8.49819779185191,-4.37698231986309,-10.));
#7075=CARTESIAN_POINT('Ctrl Pts',(8.62280911872232,-4.28525871732818,0.));
#7076=CARTESIAN_POINT('Ctrl Pts',(8.62280911872232,-4.28525871732818,-10.));
#7077=CARTESIAN_POINT('Ctrl Pts',(8.75984374676602,-4.21323315871155,0.));
#7078=CARTESIAN_POINT('Ctrl Pts',(8.75984374676602,-4.21323315871155,-10.));
#7079=CARTESIAN_POINT('Ctrl Pts',(8.9060064342641,-4.16240232709645,0.));
#7080=CARTESIAN_POINT('Ctrl Pts',(8.9060064342641,-4.16240232709645,-10.));
#7081=CARTESIAN_POINT('Ctrl Pts',(9.05752799624284,-4.13123963487562,0.));
#7082=CARTESIAN_POINT('Ctrl Pts',(9.05752799624284,-4.13123963487562,-10.));
#7083=CARTESIAN_POINT('Ctrl Pts',(9.21165284518166,-4.11889442494716,0.));
#7084=CARTESIAN_POINT('Ctrl Pts',(9.21165284518166,-4.11889442494716,-10.));
#7085=CARTESIAN_POINT('Ctrl Pts',(9.36626108091806,-4.12261177687336,0.));
#7086=CARTESIAN_POINT('Ctrl Pts',(9.36626108091806,-4.12261177687336,-10.));
#7087=CARTESIAN_POINT('Ctrl Pts',(9.51934613633682,-4.1435740099429,0.));
#7088=CARTESIAN_POINT('Ctrl Pts',(9.51934613633682,-4.1435740099429,-10.));
#7089=CARTESIAN_POINT('Ctrl Pts',(9.6708831642851,-4.17375232656762,0.));
#7090=CARTESIAN_POINT('Ctrl Pts',(9.6708831642851,-4.17375232656762,-10.));
#7091=CARTESIAN_POINT('Ctrl Pts',(9.81860457159134,-4.21903477181108,0.));
#7092=CARTESIAN_POINT('Ctrl Pts',(9.81860457159134,-4.21903477181108,-10.));
#7093=CARTESIAN_POINT('Ctrl Pts',(9.96410590601625,-4.27067823280065,0.));
#7094=CARTESIAN_POINT('Ctrl Pts',(9.96410590601625,-4.27067823280065,-10.));
#7095=CARTESIAN_POINT('Ctrl Pts',(10.1527500920952,-4.35344098422122,0.));
#7096=CARTESIAN_POINT('Ctrl Pts',(10.1527500920952,-4.35344098422122,-10.));
#7097=CARTESIAN_POINT('Ctrl Pts',(10.2874213807378,-4.42902296821035,0.));
#7098=CARTESIAN_POINT('Ctrl Pts',(10.2874213807378,-4.42902296821035,-10.));
#7099=CARTESIAN_POINT('Ctrl Pts',(10.3771933995737,-4.4794059960904,0.));
#7100=CARTESIAN_POINT('Ctrl Pts',(10.3771933995737,-4.4794059960904,-10.));
#7101=CARTESIAN_POINT('',(9.06787608626547,-6.7472101059698,-6.));
#7102=CARTESIAN_POINT('',(9.06787608626547,-6.7472101059698,0.));
#7103=CARTESIAN_POINT('',(10.3771933995737,-4.4794059960904,-6.));
#7104=CARTESIAN_POINT('Ctrl Pts',(10.3771933995737,-4.4794059960904,-6.));
#7105=CARTESIAN_POINT('Ctrl Pts',(10.2874213807378,-4.42902296821035,-6.));
#7106=CARTESIAN_POINT('Ctrl Pts',(10.197649361902,-4.3786399403303,-6.));
#7107=CARTESIAN_POINT('Ctrl Pts',(10.1048524313615,-4.33426100843516,-6.));
#7108=CARTESIAN_POINT('Ctrl Pts',(10.0584402588872,-4.31206498719453,-6.));
#7109=CARTESIAN_POINT('Ctrl Pts',(10.0112714116056,-4.29137087695711,-6.));
#7110=CARTESIAN_POINT('Ctrl Pts',(9.96343639261632,-4.27241651597144,-6.));
#7111=CARTESIAN_POINT('Ctrl Pts',(9.9156047625145,-4.25346349781364,-6.));
#7112=CARTESIAN_POINT('Ctrl Pts',(9.86710705509203,-4.23624998241012,-6.));
#7113=CARTESIAN_POINT('Ctrl Pts',(9.81823842481585,-4.22009623311005,-6.));
#7114=CARTESIAN_POINT('Ctrl Pts',(9.76936498193277,-4.20394089298076,-6.));
#7115=CARTESIAN_POINT('Ctrl Pts',(9.72012054313505,-4.18884552769779,-6.));
#7116=CARTESIAN_POINT('Ctrl Pts',(9.67023969387972,-4.17626782556476,-6.));
#7117=CARTESIAN_POINT('Ctrl Pts',(9.62036599581139,-4.1636919266388,-6.));
#7118=CARTESIAN_POINT('Ctrl Pts',(9.56985606975082,-4.15363296902307,-6.));
#7119=CARTESIAN_POINT('Ctrl Pts',(9.51908776203864,-4.14510989840996,-6.));
#7120=CARTESIAN_POINT('Ctrl Pts',(9.4683194469354,-4.13658682655604,-6.));
#7121=CARTESIAN_POINT('Ctrl Pts',(9.41729275010532,-4.12959964215195,-6.));
#7122=CARTESIAN_POINT('Ctrl Pts',(9.36601050886444,-4.12548633045003,-6.));
#7123=CARTESIAN_POINT('Ctrl Pts',(9.31472327036456,-4.12137261792157,-6.));
#7124=CARTESIAN_POINT('Ctrl Pts',(9.2631804376478,-4.12013333821846,-6.));
#7125=CARTESIAN_POINT('Ctrl Pts',(9.21171517160958,-4.12157214082106,-6.));
#7126=CARTESIAN_POINT('Ctrl Pts',(9.16026512288697,-4.12301051799666,-6.));
#7127=CARTESIAN_POINT('Ctrl Pts',(9.10889259497966,-4.12712539399452,-6.));
#7128=CARTESIAN_POINT('Ctrl Pts',(9.0579481359434,-4.13437780930987,-6.));
#7129=CARTESIAN_POINT('Ctrl Pts',(9.00701154000669,-4.14162910524021,-6.));
#7130=CARTESIAN_POINT('Ctrl Pts',(8.95650288080934,-4.15201697202629,-6.));
#7131=CARTESIAN_POINT('Ctrl Pts',(8.90688260766358,-4.16568505581628,-6.));
#7132=CARTESIAN_POINT('Ctrl Pts',(8.85727433236419,-4.17934983475607,-6.));
#7133=CARTESIAN_POINT('Ctrl Pts',(8.80855401355684,-4.19629324462299,-6.));
#7134=CARTESIAN_POINT('Ctrl Pts',(8.76135058663455,-4.21677184426123,-6.));
#7135=CARTESIAN_POINT('Ctrl Pts',(8.71415689876239,-4.23724621873784,-6.));
#7136=CARTESIAN_POINT('Ctrl Pts',(8.66847947690708,-4.26125432436971,-6.));
#7137=CARTESIAN_POINT('Ctrl Pts',(8.62486762916082,-4.28854938894538,-6.));
#7138=CARTESIAN_POINT('Ctrl Pts',(8.58126252565958,-4.31584023254413,-6.));
#7139=CARTESIAN_POINT('Ctrl Pts',(8.5397223574657,-4.34641701855822,-6.));
#7140=CARTESIAN_POINT('Ctrl Pts',(8.50078444001362,-4.38006781148294,-6.));
#7141=CARTESIAN_POINT('Ctrl Pts',(8.46186114773042,-4.41370596509457,-6.));
#7142=CARTESIAN_POINT('Ctrl Pts',(8.42553815173374,-4.45041581684277,-6.));
#7143=CARTESIAN_POINT('Ctrl Pts',(8.39282051767025,-4.4900596134092,-6.));
#7144=CARTESIAN_POINT('Ctrl Pts',(8.36009608432886,-4.5297116486273,-6.));
#7145=CARTESIAN_POINT('Ctrl Pts',(8.3309785115868,-4.57229884823709,-6.));
#7146=CARTESIAN_POINT('Ctrl Pts',(8.3042106089432,-4.61620462224652,-6.));
#7147=CARTESIAN_POINT('Ctrl Pts',(8.27740826484154,-4.66016688849946,-6.));
#7148=CARTESIAN_POINT('Ctrl Pts',(8.25296164122845,-4.70545112447528,-6.));
#7149=CARTESIAN_POINT('Ctrl Pts',(8.22724133595217,-4.75,-6.));
#7150=CARTESIAN_POINT('Ctrl Pts',(8.20152103067588,-4.79454887552471,-6.));
#7151=CARTESIAN_POINT('Ctrl Pts',(8.17452704373639,-4.83836239059831,-6.));
#7152=CARTESIAN_POINT('Ctrl Pts',(8.14985577640424,-4.88355503459779,-6.));
#7153=CARTESIAN_POINT('Ctrl Pts',(8.12521621206105,-4.92868960529789,-6.));
#7154=CARTESIAN_POINT('Ctrl Pts',(8.10289340169396,-4.97519976279395,-6.));
#7155=CARTESIAN_POINT('Ctrl Pts',(8.08491594855403,-5.02336597100109,-6.));
#7156=CARTESIAN_POINT('Ctrl Pts',(8.06694223065678,-5.07152217153501,-6.));
#7157=CARTESIAN_POINT('Ctrl Pts',(8.05331206447203,-5.12133373468381,-6.));
#7158=CARTESIAN_POINT('Ctrl Pts',(8.04364221504955,-5.1718613714058,-6.));
#7159=CARTESIAN_POINT('Ctrl Pts',(8.0339687322453,-5.22240799355212,-6.));
#7160=CARTESIAN_POINT('Ctrl Pts',(8.02825854288794,-5.27367122749253,-6.));
#7161=CARTESIAN_POINT('Ctrl Pts',(8.02642653079134,-5.32507977665863,-6.));
#7162=CARTESIAN_POINT('Ctrl Pts',(8.02459423534399,-5.37649627700071,-6.));
#7163=CARTESIAN_POINT('Ctrl Pts',(8.02664131689772,-5.42805813752272,-6.));
#7164=CARTESIAN_POINT('Ctrl Pts',(8.03250683241046,-5.47916625735659,-6.));
#7165=CARTESIAN_POINT('Ctrl Pts',(8.03837355835096,-5.5302849240361,-6.));
#7166=CARTESIAN_POINT('Ctrl Pts',(8.04806029438315,-5.5809496627372,-6.));
#7167=CARTESIAN_POINT('Ctrl Pts',(8.06103038633389,-5.6307440788543,-6.));
#7168=CARTESIAN_POINT('Ctrl Pts',(8.07400361512358,-5.68055053783625,-6.));
#7169=CARTESIAN_POINT('Ctrl Pts',(8.09026178819438,-5.72948625320528,-6.));
#7170=CARTESIAN_POINT('Ctrl Pts',(8.10945027967671,-5.77722428723395,-6.));
#7171=CARTESIAN_POINT('Ctrl Pts',(8.12864173329295,-5.82496969059908,-6.));
#7172=CARTESIAN_POINT('Ctrl Pts',(8.15076441009903,-5.87151704282236,-6.));
#7173=CARTESIAN_POINT('Ctrl Pts',(8.17524376328604,-5.91679328062988,-6.));
#7174=CARTESIAN_POINT('Ctrl Pts',(8.19973035670027,-5.96208290973281,-6.));
#7175=CARTESIAN_POINT('Ctrl Pts',(8.22657502076394,-6.00610067239698,-6.));
#7176=CARTESIAN_POINT('Ctrl Pts',(8.25578121956741,-6.04845986756361,-6.));
#7177=CARTESIAN_POINT('Ctrl Pts',(8.28498457261539,-6.09081493539025,-6.));
#7178=CARTESIAN_POINT('Ctrl Pts',(8.31654900022529,-6.13151175891427,-6.));
#7179=CARTESIAN_POINT('Ctrl Pts',(8.34931435452069,-6.17121687357404,-6.));
#7180=CARTESIAN_POINT('Ctrl Pts',(8.38207970404597,-6.21092198245338,-6.));
#7181=CARTESIAN_POINT('Ctrl Pts',(8.41604597990708,-6.24963538275724,-6.));
#7182=CARTESIAN_POINT('Ctrl Pts',(8.45187387688655,-6.2865393228021,-6.));
#7183=CARTESIAN_POINT('Ctrl Pts',(8.48770691108265,-6.32344855435305,-6.));
#7184=CARTESIAN_POINT('Ctrl Pts',(8.52540210029597,-6.3585478067055,-6.));
#7185=CARTESIAN_POINT('Ctrl Pts',(8.56382975669625,-6.392795779748,-6.));
#7186=CARTESIAN_POINT('Ctrl Pts',(8.60225362909456,-6.4270403803653,-6.));
#7187=CARTESIAN_POINT('Ctrl Pts',(8.64140982443368,-6.46043386931671,-6.));
#7188=CARTESIAN_POINT('Ctrl Pts',(8.68173943468764,-6.49238076701039,-6.));
#7189=CARTESIAN_POINT('Ctrl Pts',(8.72207190230837,-6.52432992815278,-6.));
#7190=CARTESIAN_POINT('Ctrl Pts',(8.76357795112352,-6.55483229304721,-6.));
#7191=CARTESIAN_POINT('Ctrl Pts',(8.80600635561799,-6.58392840283445,-6.));
#7192=CARTESIAN_POINT('Ctrl Pts',(8.89083810330221,-6.64210343612812,-6.));
#7193=CARTESIAN_POINT('Ctrl Pts',(8.97935709478384,-6.69465677104896,-6.));
#7194=CARTESIAN_POINT('Ctrl Pts',(9.06787608626547,-6.7472101059698,-6.));
#7195=CARTESIAN_POINT('',(10.3771933995737,-4.4794059960904,0.));
#7196=CARTESIAN_POINT('Ctrl Pts',(10.3258771252999,-9.43578212400393,0.));
#7197=CARTESIAN_POINT('Ctrl Pts',(10.3258771252999,-9.43578212400393,-10.));
#7198=CARTESIAN_POINT('Ctrl Pts',(10.2997963798904,-9.31305141675131,0.));
#7199=CARTESIAN_POINT('Ctrl Pts',(10.2997963798904,-9.31305141675131,-10.));
#7200=CARTESIAN_POINT('Ctrl Pts',(10.2476347468146,-9.06758933281516,0.));
#7201=CARTESIAN_POINT('Ctrl Pts',(10.2476347468146,-9.06758933281516,-10.));
#7202=CARTESIAN_POINT('Ctrl Pts',(10.1467038095209,-8.70479225506158,0.));
#7203=CARTESIAN_POINT('Ctrl Pts',(10.1467038095209,-8.70479225506158,-10.));
#7204=CARTESIAN_POINT('Ctrl Pts',(10.028206918369,-8.34743987509277,0.));
#7205=CARTESIAN_POINT('Ctrl Pts',(10.028206918369,-8.34743987509277,-10.));
#7206=CARTESIAN_POINT('Ctrl Pts',(9.88909822498232,-7.99750935303146,0.));
#7207=CARTESIAN_POINT('Ctrl Pts',(9.88909822498232,-7.99750935303146,-10.));
#7208=CARTESIAN_POINT('Ctrl Pts',(9.7280549194794,-7.65710116265852,0.));
#7209=CARTESIAN_POINT('Ctrl Pts',(9.7280549194794,-7.65710116265852,-10.));
#7210=CARTESIAN_POINT('Ctrl Pts',(9.57331305573635,-7.38393530337752,0.));
#7211=CARTESIAN_POINT('Ctrl Pts',(9.57331305573635,-7.38393530337752,-10.));
#7212=CARTESIAN_POINT('Ctrl Pts',(9.43547019431829,-7.17418130673546,0.));
#7213=CARTESIAN_POINT('Ctrl Pts',(9.43547019431829,-7.17418130673546,-10.));
#7214=CARTESIAN_POINT('Ctrl Pts',(9.32374897497365,-7.02275245074194,0.));
#7215=CARTESIAN_POINT('Ctrl Pts',(9.32374897497365,-7.02275245074194,-10.));
#7216=CARTESIAN_POINT('Ctrl Pts',(9.20434386097008,-6.8769116293652,0.));
#7217=CARTESIAN_POINT('Ctrl Pts',(9.20434386097008,-6.8769116293652,-10.));
#7218=CARTESIAN_POINT('Ctrl Pts',(9.1133589087968,-6.79043783048869,0.));
#7219=CARTESIAN_POINT('Ctrl Pts',(9.1133589087968,-6.79043783048869,-10.));
#7220=CARTESIAN_POINT('Ctrl Pts',(9.06787608626547,-6.7472101059698,0.));
#7221=CARTESIAN_POINT('Ctrl Pts',(9.06787608626547,-6.7472101059698,-10.));
#7222=CARTESIAN_POINT('',(10.3258771252999,-9.43578212400393,-1.));
#7223=CARTESIAN_POINT('Ctrl Pts',(10.3258771252999,-9.43578212400393,-1.));
#7224=CARTESIAN_POINT('Ctrl Pts',(10.3125017494613,-9.37284031345871,-0.947667306964858));
#7225=CARTESIAN_POINT('Ctrl Pts',(10.299727865168,-9.31275877413773,-0.897849139089553));
#7226=CARTESIAN_POINT('Ctrl Pts',(10.2864465252552,-9.25253832789249,-0.847687124417988));
#7227=CARTESIAN_POINT('Ctrl Pts',(10.2788137367329,-9.21792962621624,-0.818859005241017));
#7228=CARTESIAN_POINT('Ctrl Pts',(10.271015609266,-9.1832745081085,-0.789917320239602));
#7229=CARTESIAN_POINT('Ctrl Pts',(10.2628190337699,-9.14800907067613,-0.760319515680633));
#7230=CARTESIAN_POINT('Ctrl Pts',(10.2567532587545,-9.12191131687766,-0.738416023973313));
#7231=CARTESIAN_POINT('Ctrl Pts',(10.2504690282588,-9.09547937594691,-0.716153204570209));
#7232=CARTESIAN_POINT('Ctrl Pts',(10.2438534260037,-9.0684890903914,-0.693311168058427));
#7233=CARTESIAN_POINT('Ctrl Pts',(10.2342589249028,-9.02934551517513,-0.660183731431159));
#7234=CARTESIAN_POINT('Ctrl Pts',(10.2239678952899,-8.98902711645435,-0.625838013996954));
#7235=CARTESIAN_POINT('Ctrl Pts',(10.212730139868,-8.94683654451894,-0.58960326163253));
#7236=CARTESIAN_POINT('Ctrl Pts',(10.2047144324462,-8.91674269856007,-0.563757604510798));
#7237=CARTESIAN_POINT('Ctrl Pts',(10.1962159644464,-8.8856966344639,-0.536950856300594));
#7238=CARTESIAN_POINT('Ctrl Pts',(10.1871287269349,-8.85345079633499,-0.508939600400914));
#7239=CARTESIAN_POINT('Ctrl Pts',(10.1735045693902,-8.80510580939351,-0.466943365250477));
#7240=CARTESIAN_POINT('Ctrl Pts',(10.1590048118965,-8.75567928941212,-0.423673934343335));
#7241=CARTESIAN_POINT('Ctrl Pts',(10.1437753574131,-8.70569715961917,-0.379566131831078));
#7242=CARTESIAN_POINT('Ctrl Pts',(10.1275907907276,-8.65258041051976,-0.332692117276767));
#7243=CARTESIAN_POINT('Ctrl Pts',(10.1105831612939,-8.5988361928486,-0.284871277063044));
#7244=CARTESIAN_POINT('Ctrl Pts',(10.0928646145284,-8.54511000581791,-0.236625483008914));
#7245=CARTESIAN_POINT('Ctrl Pts',(10.0761312707285,-8.49437115174927,-0.191062296056149));
#7246=CARTESIAN_POINT('Ctrl Pts',(10.0587636865175,-8.44364862228838,-0.145120098789705));
#7247=CARTESIAN_POINT('Ctrl Pts',(10.0409014106548,-8.39347162200699,-0.0992384609115419));
#7248=CARTESIAN_POINT('Ctrl Pts',(10.0355664804257,-8.37848524526178,-0.0855349810886426));
#7249=CARTESIAN_POINT('Ctrl Pts',(10.0301877500089,-8.3635474165502,-0.0718369034001228));
#7250=CARTESIAN_POINT('Ctrl Pts',(10.0247698042164,-8.34867192115222,-0.0581559391055203));
#7251=CARTESIAN_POINT('Ctrl Pts',(10.0170747172531,-8.32754431392001,-0.0387249196711295));
#7252=CARTESIAN_POINT('Ctrl Pts',(10.0093004565964,-8.30654247879334,-0.0193284220739638));
#7253=CARTESIAN_POINT('Ctrl Pts',(10.0014632331833,-8.28570545912581,0.));
#7254=CARTESIAN_POINT('',(10.3258771252999,-9.43578212400393,-5.));
#7255=CARTESIAN_POINT('',(10.3258771252999,-9.43578212400393,0.));
#7256=CARTESIAN_POINT('',(10.0014632331833,-8.28570545912581,-6.));
#7257=CARTESIAN_POINT('Ctrl Pts',(10.0014632331833,-8.28570545912581,-6.));
#7258=CARTESIAN_POINT('Ctrl Pts',(10.0054408940812,-8.29628096450462,-5.99019035978357));
#7259=CARTESIAN_POINT('Ctrl Pts',(10.0094077006263,-8.30691307749386,-5.98034893524916));
#7260=CARTESIAN_POINT('Ctrl Pts',(10.0133632122939,-8.31760218010726,-5.97047624772808));
#7261=CARTESIAN_POINT('Ctrl Pts',(10.0171802336874,-8.32791703613135,-5.96094922249182));
#7262=CARTESIAN_POINT('Ctrl Pts',(10.0209831489908,-8.33827529214581,-5.95140230024992));
#7263=CARTESIAN_POINT('Ctrl Pts',(10.0247698042164,-8.34867192115222,-5.94183986300778));
#7264=CARTESIAN_POINT('Ctrl Pts',(10.0423724492126,-8.39700168941908,-5.89738791846939));
#7265=CARTESIAN_POINT('Ctrl Pts',(10.0596197348198,-8.44616216070185,-5.85260070283153));
#7266=CARTESIAN_POINT('Ctrl Pts',(10.0763456135315,-8.4956379692183,-5.80791840531708));
#7267=CARTESIAN_POINT('Ctrl Pts',(10.0939008505341,-8.54756705225036,-5.76102052113354));
#7268=CARTESIAN_POINT('Ctrl Pts',(10.1108818014547,-8.59984330615265,-5.71423821783666));
#7269=CARTESIAN_POINT('Ctrl Pts',(10.127151294774,-8.65185180172499,-5.66808046599173));
#7270=CARTESIAN_POINT('Ctrl Pts',(10.1327787593983,-8.66984105088316,-5.65211493402659));
#7271=CARTESIAN_POINT('Ctrl Pts',(10.1383215564392,-8.6877981213813,-5.63622412358418));
#7272=CARTESIAN_POINT('Ctrl Pts',(10.1437753574131,-8.70569715961917,-5.62042909711532));
#7273=CARTESIAN_POINT('Ctrl Pts',(10.1586598863543,-8.75454726506819,-5.57732126649785));
#7274=CARTESIAN_POINT('Ctrl Pts',(10.1728777631771,-8.80296596186116,-5.53492688740271));
#7275=CARTESIAN_POINT('Ctrl Pts',(10.1862800425907,-8.85044185271017,-5.49367412992681));
#7276=CARTESIAN_POINT('Ctrl Pts',(10.188111760314,-8.85693048259295,-5.48803602877444));
#7277=CARTESIAN_POINT('Ctrl Pts',(10.1899283213534,-8.86340148440546,-5.48241925227364));
#7278=CARTESIAN_POINT('Ctrl Pts',(10.1917294208816,-8.86985353656596,-5.47682489351453));
#7279=CARTESIAN_POINT('Ctrl Pts',(10.204090600252,-8.91413480632183,-5.43843008467534));
#7280=CARTESIAN_POINT('Ctrl Pts',(10.2153418706208,-8.9561402419609,-5.40231643222953));
#7281=CARTESIAN_POINT('Ctrl Pts',(10.2257626866854,-8.99655862197408,-5.36781305998717));
#7282=CARTESIAN_POINT('Ctrl Pts',(10.2320813681533,-9.02106638289897,-5.34689187517615));
#7283=CARTESIAN_POINT('Ctrl Pts',(10.2380938004255,-9.04499101220412,-5.32656273018578));
#7284=CARTESIAN_POINT('Ctrl Pts',(10.2438534260037,-9.06848909039141,-5.30667606463072));
#7285=CARTESIAN_POINT('Ctrl Pts',(10.2522602709406,-9.10278727470121,-5.27764915804377));
#7286=CARTESIAN_POINT('Ctrl Pts',(10.2601318354967,-9.1361759921186,-5.24956494528062));
#7287=CARTESIAN_POINT('Ctrl Pts',(10.2676982711411,-9.16913231934219,-5.22195834070034));
#7288=CARTESIAN_POINT('Ctrl Pts',(10.2774375104784,-9.21155249888099,-5.18642412856537));
#7289=CARTESIAN_POINT('Ctrl Pts',(10.2866703347746,-9.25325650816273,-5.15168121275931));
#7290=CARTESIAN_POINT('Ctrl Pts',(10.2957994869311,-9.29528268086482,-5.11673777063839));
#7291=CARTESIAN_POINT('Ctrl Pts',(10.3057896727379,-9.34127263336502,-5.07849857015905));
#7292=CARTESIAN_POINT('Ctrl Pts',(10.3156488672517,-9.38765001257444,-5.04001923349128));
#7293=CARTESIAN_POINT('Ctrl Pts',(10.3258771252999,-9.43578212400393,-5.));
#7294=CARTESIAN_POINT('Ctrl Pts',(9.06787608626547,-6.7472101059698,-6.));
#7295=CARTESIAN_POINT('Ctrl Pts',(9.1133589087968,-6.79043783048869,-6.));
#7296=CARTESIAN_POINT('Ctrl Pts',(9.15884173132814,-6.83366555500758,-6.));
#7297=CARTESIAN_POINT('Ctrl Pts',(9.20147841837228,-6.87957810198694,-6.));
#7298=CARTESIAN_POINT('Ctrl Pts',(9.24413320436426,-6.92551013849166,-6.));
#7299=CARTESIAN_POINT('Ctrl Pts',(9.28393943803066,-6.97412927731388,-6.));
#7300=CARTESIAN_POINT('Ctrl Pts',(9.32246155242149,-7.02367524453619,-6.));
#7301=CARTESIAN_POINT('Ctrl Pts',(9.3609868635277,-7.0732253232762,-6.));
#7302=CARTESIAN_POINT('Ctrl Pts',(9.39822784222704,-7.12370238424636,-6.));
#7303=CARTESIAN_POINT('Ctrl Pts',(9.43407975903385,-7.17516173509608,-6.));
#7304=CARTESIAN_POINT('Ctrl Pts',(9.46993299800603,-7.22662298369013,-6.));
#7305=CARTESIAN_POINT('Ctrl Pts',(9.50439707263071,-7.27906659461586,-6.));
#7306=CARTESIAN_POINT('Ctrl Pts',(9.53769024836939,-7.33224215690654,-6.));
#7307=CARTESIAN_POINT('Ctrl Pts',(9.60426484704136,-7.43857451001237,-6.));
#7308=CARTESIAN_POINT('Ctrl Pts',(9.66615750337682,-7.54783363512627,-6.));
#7309=CARTESIAN_POINT('Ctrl Pts',(9.72394277990684,-7.65919409400911,-6.));
#7310=CARTESIAN_POINT('Ctrl Pts',(9.78173250033175,-7.7705631169104,-6.));
#7311=CARTESIAN_POINT('Ctrl Pts',(9.83541420918247,-7.88403379679327,-6.));
#7312=CARTESIAN_POINT('Ctrl Pts',(9.88543904687956,-7.99908864891471,-6.));
#7313=CARTESIAN_POINT('Ctrl Pts',(9.92654159649007,-8.09362264412498,-6.));
#7314=CARTESIAN_POINT('Ctrl Pts',(9.96517540352705,-8.18922610918664,-6.));
#7315=CARTESIAN_POINT('Ctrl Pts',(10.0014632331732,-8.28570545909915,-6.));
#7316=CARTESIAN_POINT('Ctrl Pts',(10.3771933995737,-4.4794059960904,0.));
#7317=CARTESIAN_POINT('Ctrl Pts',(10.3771933995737,-4.4794059960904,-10.));
#7318=CARTESIAN_POINT('Ctrl Pts',(10.4373711184205,-4.49718141357891,0.));
#7319=CARTESIAN_POINT('Ctrl Pts',(10.4373711184205,-4.49718141357891,-10.));
#7320=CARTESIAN_POINT('Ctrl Pts',(10.557752101096,-4.53273979408482,0.));
#7321=CARTESIAN_POINT('Ctrl Pts',(10.557752101096,-4.53273979408482,-10.));
#7322=CARTESIAN_POINT('Ctrl Pts',(10.7437565143188,-4.56322724546533,0.));
#7323=CARTESIAN_POINT('Ctrl Pts',(10.7437565143188,-4.56322724546533,-10.));
#7324=CARTESIAN_POINT('Ctrl Pts',(10.9307583601475,-4.58426623156279,0.));
#7325=CARTESIAN_POINT('Ctrl Pts',(10.9307583601475,-4.58426623156279,-10.));
#7326=CARTESIAN_POINT('Ctrl Pts',(11.1813320804939,-4.59876465296017,0.));
#7327=CARTESIAN_POINT('Ctrl Pts',(11.1813320804939,-4.59876465296017,-10.));
#7328=CARTESIAN_POINT('Ctrl Pts',(11.4952715859493,-4.59619210835006,0.));
#7329=CARTESIAN_POINT('Ctrl Pts',(11.4952715859493,-4.59619210835006,-10.));
#7330=CARTESIAN_POINT('Ctrl Pts',(11.8705953792201,-4.56545560683856,0.));
#7331=CARTESIAN_POINT('Ctrl Pts',(11.8705953792201,-4.56545560683856,-10.));
#7332=CARTESIAN_POINT('Ctrl Pts',(12.243198447578,-4.51096200816799,0.));
#7333=CARTESIAN_POINT('Ctrl Pts',(12.243198447578,-4.51096200816799,-10.));
#7334=CARTESIAN_POINT('Ctrl Pts',(12.6119231323098,-4.43490713619063,0.));
#7335=CARTESIAN_POINT('Ctrl Pts',(12.6119231323098,-4.43490713619063,-10.));
#7336=CARTESIAN_POINT('Ctrl Pts',(12.97658008671,-4.340917353038,0.));
#7337=CARTESIAN_POINT('Ctrl Pts',(12.97658008671,-4.340917353038,-10.));
#7338=CARTESIAN_POINT('Ctrl Pts',(13.2152373036025,-4.26335961041639,0.));
#7339=CARTESIAN_POINT('Ctrl Pts',(13.2152373036025,-4.26335961041639,-10.));
#7340=CARTESIAN_POINT('Ctrl Pts',(13.3345655866125,-4.22458084486438,0.));
#7341=CARTESIAN_POINT('Ctrl Pts',(13.3345655866125,-4.22458084486438,-10.));
#7342=CARTESIAN_POINT('',(12.17636303247,-4.51866850538986,-6.));
#7343=CARTESIAN_POINT('Ctrl Pts',(12.1763630324477,-4.51866850539354,-6.));
#7344=CARTESIAN_POINT('Ctrl Pts',(12.0746655496579,-4.5354819980284,-6.));
#7345=CARTESIAN_POINT('Ctrl Pts',(11.9725536167042,-4.54982587222063,-6.));
#7346=CARTESIAN_POINT('Ctrl Pts',(11.8701335005237,-4.56149701770297,-6.));
#7347=CARTESIAN_POINT('Ctrl Pts',(11.7454806569093,-4.57570166349781,-6.));
#7348=CARTESIAN_POINT('Ctrl Pts',(11.6203713111207,-4.58594727985595,-6.));
#7349=CARTESIAN_POINT('Ctrl Pts',(11.495028047881,-4.59158442534103,-6.));
#7350=CARTESIAN_POINT('Ctrl Pts',(11.3696944232464,-4.59722113734275,-6.));
#7351=CARTESIAN_POINT('Ctrl Pts',(11.2441269171348,-4.59825008720551,-6.));
#7352=CARTESIAN_POINT('Ctrl Pts',(11.118753098765,-4.59376097006173,-6.));
#7353=CARTESIAN_POINT('Ctrl Pts',(11.0560551230914,-4.59151601524472,-6.));
#7354=CARTESIAN_POINT('Ctrl Pts',(10.9934055864512,-4.58789105656468,-6.));
#7355=CARTESIAN_POINT('Ctrl Pts',(10.9309122183722,-4.58257186510384,-6.));
#7356=CARTESIAN_POINT('Ctrl Pts',(10.8684211548707,-4.57725286979964,-6.));
#7357=CARTESIAN_POINT('Ctrl Pts',(10.8060862484125,-4.5702397666693,-6.));
#7358=CARTESIAN_POINT('Ctrl Pts',(10.743911965911,-4.56165090793264,-6.));
#7359=CARTESIAN_POINT('Ctrl Pts',(10.681742842446,-4.55306276187384,-6.));
#7360=CARTESIAN_POINT('Ctrl Pts',(10.6197343162826,-4.54289912170086,-6.));
#7361=CARTESIAN_POINT('Ctrl Pts',(10.558628612826,-4.52892501169117,-6.));
#7362=CARTESIAN_POINT('Ctrl Pts',(10.4975488372673,-4.51495683106742,-6.));
#7363=CARTESIAN_POINT('Ctrl Pts',(10.4373711184205,-4.49718141357891,-6.));
#7364=CARTESIAN_POINT('Ctrl Pts',(10.3771933995737,-4.4794059960904,-6.));
#7365=CARTESIAN_POINT('',(13.3345655866125,-4.22458084486438,-5.));
#7366=CARTESIAN_POINT('Ctrl Pts',(13.3345655866125,-4.22458084486438,-5.));
#7367=CARTESIAN_POINT('Ctrl Pts',(13.1268178772162,-4.29209375557953,-5.17765602549027));
#7368=CARTESIAN_POINT('Ctrl Pts',(12.9365116040782,-4.35467469034294,-5.33889277794452));
#7369=CARTESIAN_POINT('Ctrl Pts',(12.4952815700173,-4.45962877316808,-5.72079357534297));
#7370=CARTESIAN_POINT('Ctrl Pts',(12.3359115128264,-4.49229059390331,-5.85959659630928));
#7371=CARTESIAN_POINT('Ctrl Pts',(12.17636303247,-4.51866850538986,-6.));
#7372=CARTESIAN_POINT('',(13.3345655866125,-4.22458084486438,0.));
#7373=CARTESIAN_POINT('Ctrl Pts',(11.2266161020602,-1.30931731330821,0.));
#7374=CARTESIAN_POINT('Ctrl Pts',(11.2266161020602,-1.30931731330821,-10.));
#7375=CARTESIAN_POINT('Ctrl Pts',(11.1236797392593,-1.30806428595398,0.));
#7376=CARTESIAN_POINT('Ctrl Pts',(11.1236797392593,-1.30806428595398,-10.));
#7377=CARTESIAN_POINT('Ctrl Pts',(10.9692599901399,-1.30618455983568,0.));
#7378=CARTESIAN_POINT('Ctrl Pts',(10.9692599901399,-1.30618455983568,-10.));
#7379=CARTESIAN_POINT('Ctrl Pts',(10.764507957009,-1.28353711201353,0.));
#7380=CARTESIAN_POINT('Ctrl Pts',(10.764507957009,-1.28353711201353,-10.));
#7381=CARTESIAN_POINT('Ctrl Pts',(10.6126783746177,-1.25551099395739,0.));
#7382=CARTESIAN_POINT('Ctrl Pts',(10.6126783746177,-1.25551099395739,-10.));
#7383=CARTESIAN_POINT('Ctrl Pts',(10.4621066605859,-1.22086603823058,0.));
#7384=CARTESIAN_POINT('Ctrl Pts',(10.4621066605859,-1.22086603823058,-10.));
#7385=CARTESIAN_POINT('Ctrl Pts',(10.3157825864564,-1.1712327130969,0.));
#7386=CARTESIAN_POINT('Ctrl Pts',(10.3157825864564,-1.1712327130969,-10.));
#7387=CARTESIAN_POINT('Ctrl Pts',(10.1727259229892,-1.11284401174578,0.));
#7388=CARTESIAN_POINT('Ctrl Pts',(10.1727259229892,-1.11284401174578,-10.));
#7389=CARTESIAN_POINT('Ctrl Pts',(10.0369725872441,-1.0387592150805,0.));
#7390=CARTESIAN_POINT('Ctrl Pts',(10.0369725872441,-1.0387592150805,-10.));
#7391=CARTESIAN_POINT('Ctrl Pts',(9.90966915767287,-0.951005525197978,0.));
#7392=CARTESIAN_POINT('Ctrl Pts',(9.90966915767287,-0.951005525197978,-10.));
#7393=CARTESIAN_POINT('Ctrl Pts',(9.7940289818886,-0.848257061095054,0.));
#7394=CARTESIAN_POINT('Ctrl Pts',(9.7940289818886,-0.848257061095054,-10.));
#7395=CARTESIAN_POINT('Ctrl Pts',(9.69286379723741,-0.731154925871855,0.));
#7396=CARTESIAN_POINT('Ctrl Pts',(9.69286379723741,-0.731154925871855,-10.));
#7397=CARTESIAN_POINT('Ctrl Pts',(9.61020110746171,-0.600261648366242,0.));
#7398=CARTESIAN_POINT('Ctrl Pts',(9.61020110746171,-0.600261648366242,-10.));
#7399=CARTESIAN_POINT('Ctrl Pts',(9.54814633406014,-0.458521015009168,0.));
#7400=CARTESIAN_POINT('Ctrl Pts',(9.54814633406014,-0.458521015009168,-10.));
#7401=CARTESIAN_POINT('Ctrl Pts',(9.50883355421988,-0.308632377783251,0.));
#7402=CARTESIAN_POINT('Ctrl Pts',(9.50883355421988,-0.308632377783251,-10.));
#7403=CARTESIAN_POINT('Ctrl Pts',(9.49706044809638,-0.15425572961739,0.));
#7404=CARTESIAN_POINT('Ctrl Pts',(9.49706044809638,-0.15425572961739,-10.));
#7405=CARTESIAN_POINT('Ctrl Pts',(9.50147072090222,5.55111512312578E-16,
0.));
#7406=CARTESIAN_POINT('Ctrl Pts',(9.50147072090222,5.55111512312578E-16,
-10.));
#7407=CARTESIAN_POINT('Ctrl Pts',(9.49706044809637,0.154255729617391,0.));
#7408=CARTESIAN_POINT('Ctrl Pts',(9.49706044809637,0.154255729617391,-10.));
#7409=CARTESIAN_POINT('Ctrl Pts',(9.50883355421989,0.308632377783251,0.));
#7410=CARTESIAN_POINT('Ctrl Pts',(9.50883355421989,0.308632377783251,-10.));
#7411=CARTESIAN_POINT('Ctrl Pts',(9.54814633406013,0.458521015009173,0.));
#7412=CARTESIAN_POINT('Ctrl Pts',(9.54814633406013,0.458521015009173,-10.));
#7413=CARTESIAN_POINT('Ctrl Pts',(9.61020110746173,0.600261648366241,0.));
#7414=CARTESIAN_POINT('Ctrl Pts',(9.61020110746173,0.600261648366241,-10.));
#7415=CARTESIAN_POINT('Ctrl Pts',(9.69286379723741,0.731154925871856,0.));
#7416=CARTESIAN_POINT('Ctrl Pts',(9.69286379723741,0.731154925871856,-10.));
#7417=CARTESIAN_POINT('Ctrl Pts',(9.7940289818886,0.848257061095057,0.));
#7418=CARTESIAN_POINT('Ctrl Pts',(9.7940289818886,0.848257061095057,-10.));
#7419=CARTESIAN_POINT('Ctrl Pts',(9.90966915767287,0.951005525197982,0.));
#7420=CARTESIAN_POINT('Ctrl Pts',(9.90966915767287,0.951005525197982,-10.));
#7421=CARTESIAN_POINT('Ctrl Pts',(10.0369725872441,1.03875921508049,0.));
#7422=CARTESIAN_POINT('Ctrl Pts',(10.0369725872441,1.03875921508049,-10.));
#7423=CARTESIAN_POINT('Ctrl Pts',(10.1727259229892,1.1128440117458,0.));
#7424=CARTESIAN_POINT('Ctrl Pts',(10.1727259229892,1.1128440117458,-10.));
#7425=CARTESIAN_POINT('Ctrl Pts',(10.3157825864564,1.1712327130969,0.));
#7426=CARTESIAN_POINT('Ctrl Pts',(10.3157825864564,1.1712327130969,-10.));
#7427=CARTESIAN_POINT('Ctrl Pts',(10.4621066605859,1.22086603823059,0.));
#7428=CARTESIAN_POINT('Ctrl Pts',(10.4621066605859,1.22086603823059,-10.));
#7429=CARTESIAN_POINT('Ctrl Pts',(10.6126783746177,1.25551099395739,0.));
#7430=CARTESIAN_POINT('Ctrl Pts',(10.6126783746177,1.25551099395739,-10.));
#7431=CARTESIAN_POINT('Ctrl Pts',(10.764507957009,1.28353711201352,0.));
#7432=CARTESIAN_POINT('Ctrl Pts',(10.764507957009,1.28353711201352,-10.));
#7433=CARTESIAN_POINT('Ctrl Pts',(10.9692599901399,1.30618455983569,0.));
#7434=CARTESIAN_POINT('Ctrl Pts',(10.9692599901399,1.30618455983569,-10.));
#7435=CARTESIAN_POINT('Ctrl Pts',(11.1236797392593,1.30806428595399,0.));
#7436=CARTESIAN_POINT('Ctrl Pts',(11.1236797392593,1.30806428595399,-10.));
#7437=CARTESIAN_POINT('Ctrl Pts',(11.2266161020602,1.30931731330821,0.));
#7438=CARTESIAN_POINT('Ctrl Pts',(11.2266161020602,1.30931731330821,-10.));
#7439=CARTESIAN_POINT('',(11.2266161020602,-1.30931731330821,-6.));
#7440=CARTESIAN_POINT('',(11.2266161020602,-1.30931731330821,0.));
#7441=CARTESIAN_POINT('Ctrl Pts',(11.2266161020602,1.30931731330821,-6.));
#7442=CARTESIAN_POINT('Ctrl Pts',(11.1236797392593,1.30806428595399,-6.));
#7443=CARTESIAN_POINT('Ctrl Pts',(11.0207433764584,1.30681125859976,-6.));
#7444=CARTESIAN_POINT('Ctrl Pts',(10.9181894112696,1.29884607574355,-6.));
#7445=CARTESIAN_POINT('Ctrl Pts',(10.8668972802417,1.29486230776374,-6.));
#7446=CARTESIAN_POINT('Ctrl Pts',(10.8157008051099,1.28919950929723,-6.));
#7447=CARTESIAN_POINT('Ctrl Pts',(10.7647972829818,1.28169695792868,-6.));
#7448=CARTESIAN_POINT('Ctrl Pts',(10.7138973671303,1.27419493808082,-6.));
#7449=CARTESIAN_POINT('Ctrl Pts',(10.6632903627754,1.26485342599747,-6.));
#7450=CARTESIAN_POINT('Ctrl Pts',(10.6128920128581,1.2544086681196,-6.));
#7451=CARTESIAN_POINT('Ctrl Pts',(10.5624886996863,1.24396288163681,-6.));
#7452=CARTESIAN_POINT('Ctrl Pts',(10.5122940820508,1.23241363205241,-6.));
#7453=CARTESIAN_POINT('Ctrl Pts',(10.4628071483669,1.21836581699318,-6.));
#7454=CARTESIAN_POINT('Ctrl Pts',(10.413327309396,1.20432001590431,-6.));
#7455=CARTESIAN_POINT('Ctrl Pts',(10.3645549514764,1.18777636570485,-6.));
#7456=CARTESIAN_POINT('Ctrl Pts',(10.316326771984,1.16977340751796,-6.));
#7457=CARTESIAN_POINT('Ctrl Pts',(10.2680985854703,1.15177044671012,-6.));
#7458=CARTESIAN_POINT('Ctrl Pts',(10.2204145775422,1.13230817748995,-6.));
#7459=CARTESIAN_POINT('Ctrl Pts',(10.1739461980136,1.11022928929705,-6.));
#7460=CARTESIAN_POINT('Ctrl Pts',(10.1274732903186,1.08814824960062,-6.));
#7461=CARTESIAN_POINT('Ctrl Pts',(10.0822162479513,1.06345008094753,-6.));
#7462=CARTESIAN_POINT('Ctrl Pts',(10.038365421451,1.03647140832354,-6.));
#7463=CARTESIAN_POINT('Ctrl Pts',(9.99452756081903,1.00950071278793,-6.));
#7464=CARTESIAN_POINT('Ctrl Pts',(9.95209508459361,0.980250861686715,-6.));
#7465=CARTESIAN_POINT('Ctrl Pts',(9.91160209654382,0.948497856266699,-6.));
#7466=CARTESIAN_POINT('Ctrl Pts',(9.8711153584455,0.916749751812307,-6.));
#7467=CARTESIAN_POINT('Ctrl Pts',(9.83256750986254,0.882499265685762,-6.));
#7468=CARTESIAN_POINT('Ctrl Pts',(9.79642913467058,0.845852221329696,-6.));
#7469=CARTESIAN_POINT('Ctrl Pts',(9.76029949749327,0.809214037981039,-6.));
#7470=CARTESIAN_POINT('Ctrl Pts',(9.72657816865909,0.770180455205884,-6.));
#7471=CARTESIAN_POINT('Ctrl Pts',(9.69593810161783,0.728843754224085,-6.));
#7472=CARTESIAN_POINT('Ctrl Pts',(9.66530435626057,0.687515581864667,-6.));
#7473=CARTESIAN_POINT('Ctrl Pts',(9.63775060137043,0.643885241563077,-6.));
#7474=CARTESIAN_POINT('Ctrl Pts',(9.61362916560402,0.598441098369473,-6.));
#7475=CARTESIAN_POINT('Ctrl Pts',(9.58951146003667,0.553003982771631,-6.));
#7476=CARTESIAN_POINT('Ctrl Pts',(9.56882501211035,0.505753625220414,-6.));
#7477=CARTESIAN_POINT('Ctrl Pts',(9.55192918288874,0.457142224964076,-6.));
#7478=CARTESIAN_POINT('Ctrl Pts',(9.53503969977838,0.408549083258398,-6.));
#7479=CARTESIAN_POINT('Ctrl Pts',(9.52193798837779,0.358595921076956,-6.));
#7480=CARTESIAN_POINT('Ctrl Pts',(9.5134255844103,0.30790456911622,-6.));
#7481=CARTESIAN_POINT('Ctrl Pts',(9.50491141142125,0.257202682634897,-6.));
#7482=CARTESIAN_POINT('Ctrl Pts',(9.50098845353498,0.205762299525748,-6.));
#7483=CARTESIAN_POINT('Ctrl Pts',(9.49975965684431,0.154354832538962,-6.));
#7484=CARTESIAN_POINT('Ctrl Pts',(9.49852927909777,0.102881221105154,-6.));
#7485=CARTESIAN_POINT('Ctrl Pts',(9.5,0.0514406105525775,-6.));
#7486=CARTESIAN_POINT('Ctrl Pts',(9.5,9.6710833785707E-16,-6.));
#7487=CARTESIAN_POINT('Ctrl Pts',(9.5,-0.0514406105525761,-6.));
#7488=CARTESIAN_POINT('Ctrl Pts',(9.49852927909777,-0.102881221105153,-6.));
#7489=CARTESIAN_POINT('Ctrl Pts',(9.49975965684431,-0.154354832538962,-6.));
#7490=CARTESIAN_POINT('Ctrl Pts',(9.50098845353498,-0.205762299525748,-6.));
#7491=CARTESIAN_POINT('Ctrl Pts',(9.50491141142125,-0.257202682634896,-6.));
#7492=CARTESIAN_POINT('Ctrl Pts',(9.5134255844103,-0.307904569116219,-6.));
#7493=CARTESIAN_POINT('Ctrl Pts',(9.52193798837778,-0.358595921076954,-6.));
#7494=CARTESIAN_POINT('Ctrl Pts',(9.53503969977839,-0.408549083258395,-6.));
#7495=CARTESIAN_POINT('Ctrl Pts',(9.55192918288875,-0.457142224964074,-6.));
#7496=CARTESIAN_POINT('Ctrl Pts',(9.56882501211035,-0.505753625220411,-6.));
#7497=CARTESIAN_POINT('Ctrl Pts',(9.58951146003666,-0.553003982771629,-6.));
#7498=CARTESIAN_POINT('Ctrl Pts',(9.61362916560401,-0.59844109836947,-6.));
#7499=CARTESIAN_POINT('Ctrl Pts',(9.63775060137042,-0.643885241563076,-6.));
#7500=CARTESIAN_POINT('Ctrl Pts',(9.66530435626057,-0.687515581864667,-6.));
#7501=CARTESIAN_POINT('Ctrl Pts',(9.69593810161783,-0.728843754224084,-6.));
#7502=CARTESIAN_POINT('Ctrl Pts',(9.72657816865909,-0.770180455205883,-6.));
#7503=CARTESIAN_POINT('Ctrl Pts',(9.76029949749327,-0.809214037981037,-6.));
#7504=CARTESIAN_POINT('Ctrl Pts',(9.79642913467059,-0.845852221329694,-6.));
#7505=CARTESIAN_POINT('Ctrl Pts',(9.83256750986254,-0.882499265685759,-6.));
#7506=CARTESIAN_POINT('Ctrl Pts',(9.8711153584455,-0.916749751812305,-6.));
#7507=CARTESIAN_POINT('Ctrl Pts',(9.91160209654382,-0.948497856266698,-6.));
#7508=CARTESIAN_POINT('Ctrl Pts',(9.95209508459361,-0.980250861686714,-6.));
#7509=CARTESIAN_POINT('Ctrl Pts',(9.99452756081903,-1.00950071278794,-6.));
#7510=CARTESIAN_POINT('Ctrl Pts',(10.0383654214509,-1.03647140832353,-6.));
#7511=CARTESIAN_POINT('Ctrl Pts',(10.0822162479513,-1.06345008094753,-6.));
#7512=CARTESIAN_POINT('Ctrl Pts',(10.1274732903186,-1.08814824960062,-6.));
#7513=CARTESIAN_POINT('Ctrl Pts',(10.1739461980137,-1.11022928929704,-6.));
#7514=CARTESIAN_POINT('Ctrl Pts',(10.2204145775422,-1.13230817748994,-6.));
#7515=CARTESIAN_POINT('Ctrl Pts',(10.2680985854703,-1.15177044671012,-6.));
#7516=CARTESIAN_POINT('Ctrl Pts',(10.316326771984,-1.16977340751795,-6.));
#7517=CARTESIAN_POINT('Ctrl Pts',(10.3645549514765,-1.18777636570485,-6.));
#7518=CARTESIAN_POINT('Ctrl Pts',(10.413327309396,-1.20432001590431,-6.));
#7519=CARTESIAN_POINT('Ctrl Pts',(10.4628071483669,-1.21836581699317,-6.));
#7520=CARTESIAN_POINT('Ctrl Pts',(10.5122940820508,-1.23241363205241,-6.));
#7521=CARTESIAN_POINT('Ctrl Pts',(10.5624886996863,-1.24396288163681,-6.));
#7522=CARTESIAN_POINT('Ctrl Pts',(10.6128920128581,-1.2544086681196,-6.));
#7523=CARTESIAN_POINT('Ctrl Pts',(10.6632903627754,-1.26485342599747,-6.));
#7524=CARTESIAN_POINT('Ctrl Pts',(10.7138973671304,-1.27419493808083,-6.));
#7525=CARTESIAN_POINT('Ctrl Pts',(10.7647972829818,-1.28169695792868,-6.));
#7526=CARTESIAN_POINT('Ctrl Pts',(10.8157008051099,-1.28919950929723,-6.));
#7527=CARTESIAN_POINT('Ctrl Pts',(10.8668972802418,-1.29486230776374,-6.));
#7528=CARTESIAN_POINT('Ctrl Pts',(10.9181894112696,-1.29884607574355,-6.));
#7529=CARTESIAN_POINT('Ctrl Pts',(11.0207433764584,-1.30681125859976,-6.));
#7530=CARTESIAN_POINT('Ctrl Pts',(11.1236797392593,-1.30806428595398,-6.));
#7531=CARTESIAN_POINT('Ctrl Pts',(11.2266161020602,-1.30931731330821,-6.));
#7532=CARTESIAN_POINT('Ctrl Pts',(13.6603629688683,-3.00868846131254,0.));
#7533=CARTESIAN_POINT('Ctrl Pts',(13.6603629688683,-3.00868846131254,-10.));
#7534=CARTESIAN_POINT('Ctrl Pts',(13.5764110271677,-2.91544092371211,0.));
#7535=CARTESIAN_POINT('Ctrl Pts',(13.5764110271677,-2.91544092371211,-10.));
#7536=CARTESIAN_POINT('Ctrl Pts',(13.4085066858532,-2.72894533989541,0.));
#7537=CARTESIAN_POINT('Ctrl Pts',(13.4085066858532,-2.72894533989541,-10.));
#7538=CARTESIAN_POINT('Ctrl Pts',(13.1396993912522,-2.46521932278891,0.));
#7539=CARTESIAN_POINT('Ctrl Pts',(13.1396993912522,-2.46521932278891,-10.));
#7540=CARTESIAN_POINT('Ctrl Pts',(12.8584018832608,-2.21499152920906,0.));
#7541=CARTESIAN_POINT('Ctrl Pts',(12.8584018832608,-2.21499152920906,-10.));
#7542=CARTESIAN_POINT('Ctrl Pts',(12.56296495987,-1.98149715423774,0.));
#7543=CARTESIAN_POINT('Ctrl Pts',(12.56296495987,-1.98149715423774,-10.));
#7544=CARTESIAN_POINT('Ctrl Pts',(12.2532932710086,-1.76721666646994,0.));
#7545=CARTESIAN_POINT('Ctrl Pts',(12.2532932710086,-1.76721666646994,-10.));
#7546=CARTESIAN_POINT('Ctrl Pts',(11.9826999563377,-1.60801902475751,0.));
#7547=CARTESIAN_POINT('Ctrl Pts',(11.9826999563377,-1.60801902475751,-10.));
#7548=CARTESIAN_POINT('Ctrl Pts',(11.7584475382983,-1.4952881658292,0.));
#7549=CARTESIAN_POINT('Ctrl Pts',(11.7584475382983,-1.4952881658292,-10.));
#7550=CARTESIAN_POINT('Ctrl Pts',(11.5859796962073,-1.42000753934513,0.));
#7551=CARTESIAN_POINT('Ctrl Pts',(11.5859796962073,-1.42000753934513,-10.));
#7552=CARTESIAN_POINT('Ctrl Pts',(11.40965142345,-1.35340824012586,0.));
#7553=CARTESIAN_POINT('Ctrl Pts',(11.40965142345,-1.35340824012586,-10.));
#7554=CARTESIAN_POINT('Ctrl Pts',(11.2876192440676,-1.3240122096237,0.));
#7555=CARTESIAN_POINT('Ctrl Pts',(11.2876192440676,-1.3240122096237,-10.));
#7556=CARTESIAN_POINT('Ctrl Pts',(11.2266161020602,-1.30931731330821,0.));
#7557=CARTESIAN_POINT('Ctrl Pts',(11.2266161020602,-1.30931731330821,-10.));
#7558=CARTESIAN_POINT('',(13.6603629688683,-3.00868846131254,-5.));
#7559=CARTESIAN_POINT('',(13.6603629688683,-3.00868846131254,0.));
#7560=CARTESIAN_POINT('',(12.8043739645157,-2.17489979928672,-6.));
#7561=CARTESIAN_POINT('Ctrl Pts',(12.8043739645157,-2.17489979928672,-6.));
#7562=CARTESIAN_POINT('Ctrl Pts',(12.8131064725903,-2.18206962515367,-5.99019035978357));
#7563=CARTESIAN_POINT('Ctrl Pts',(12.8218578843249,-2.1892939018257,-5.98034893524916));
#7564=CARTESIAN_POINT('Ctrl Pts',(12.8306280092207,-2.19657318039878,-5.97047624772808));
#7565=CARTESIAN_POINT('Ctrl Pts',(12.8390910747263,-2.20359759705528,-5.96094922249182));
#7566=CARTESIAN_POINT('Ctrl Pts',(12.8475636239947,-2.21066665225098,-5.95140230024992));
#7567=CARTESIAN_POINT('Ctrl Pts',(12.8560412781186,-2.21777706947148,-5.94183986300778));
#7568=CARTESIAN_POINT('Ctrl Pts',(12.8954504999926,-2.25083055405151,-5.89738791846936));
#7569=CARTESIAN_POINT('Ctrl Pts',(12.9349673231162,-2.28478112824083,-5.85260070283148));
#7570=CARTESIAN_POINT('Ctrl Pts',(12.9741902632394,-2.31926549593302,-5.807918405317));
#7571=CARTESIAN_POINT('Ctrl Pts',(13.0153580859692,-2.3554597825327,-5.76102052113344));
#7572=CARTESIAN_POINT('Ctrl Pts',(13.056202147798,-2.39224187096648,-5.71423821783653));
#7573=CARTESIAN_POINT('Ctrl Pts',(13.0962961901053,-2.42914780268515,-5.66808046599159));
#7574=CARTESIAN_POINT('Ctrl Pts',(13.1101643420079,-2.44191321713894,-5.65211493402649));
#7575=CARTESIAN_POINT('Ctrl Pts',(13.1239430803025,-2.45469309784735,-5.63622412358413));
#7576=CARTESIAN_POINT('Ctrl Pts',(13.1376157296119,-2.46746721917768,-5.62042909711531));
#7577=CARTESIAN_POINT('Ctrl Pts',(13.1749311625229,-2.50233038700351,-5.57732126649782));
#7578=CARTESIAN_POINT('Ctrl Pts',(13.2114535534359,-2.53715327003296,-5.53492688740266));
#7579=CARTESIAN_POINT('Ctrl Pts',(13.2467982133011,-2.57156745786876,-5.49367412992672));
#7580=CARTESIAN_POINT('Ctrl Pts',(13.2516288423235,-2.57627091732131,-5.48803602877438));
#7581=CARTESIAN_POINT('Ctrl Pts',(13.2564375312373,-2.58096668875916,-5.48241925227361));
#7582=CARTESIAN_POINT('Ctrl Pts',(13.2612233552637,-2.58565378007259,-5.47682489351453));
#7583=CARTESIAN_POINT('Ctrl Pts',(13.2940690854972,-2.61782189490785,-5.43843008467526));
#7584=CARTESIAN_POINT('Ctrl Pts',(13.3248156892811,-2.64857403408396,-5.40231643222938));
#7585=CARTESIAN_POINT('Ctrl Pts',(13.3540495707278,-2.67836696992297,-5.36781305998696));
#7586=CARTESIAN_POINT('Ctrl Pts',(13.3717755898598,-2.69643197273977,-5.34689187517601));
#7587=CARTESIAN_POINT('Ctrl Pts',(13.3889448235986,-2.714145093358,-5.32656273018571));
#7588=CARTESIAN_POINT('Ctrl Pts',(13.4056818447591,-2.73161521321915,-5.30667606463071));
#7589=CARTESIAN_POINT('Ctrl Pts',(13.4301114781951,-2.75711488966668,-5.27764915804376));
#7590=CARTESIAN_POINT('Ctrl Pts',(13.4536228117769,-2.78209458487187,-5.24956494528062));
#7591=CARTESIAN_POINT('Ctrl Pts',(13.4766537008729,-2.80685238364069,-5.22195834070034));
#7592=CARTESIAN_POINT('Ctrl Pts',(13.5062982193217,-2.83871971708561,-5.18642412856555));
#7593=CARTESIAN_POINT('Ctrl Pts',(13.5351460843517,-2.87022003641499,-5.15168121275966));
#7594=CARTESIAN_POINT('Ctrl Pts',(13.564065248385,-2.90205119352042,-5.11673777063894));
#7595=CARTESIAN_POINT('Ctrl Pts',(13.5957119793325,-2.93688456780121,-5.0784985701594));
#7596=CARTESIAN_POINT('Ctrl Pts',(13.6274389818472,-2.97211895910075,-5.04001923349144));
#7597=CARTESIAN_POINT('Ctrl Pts',(13.6603629688683,-3.00868846131254,-5.));
#7598=CARTESIAN_POINT('Ctrl Pts',(11.2266161020602,-1.30931731330821,-6.));
#7599=CARTESIAN_POINT('Ctrl Pts',(11.2876192440676,-1.3240122096237,-6.));
#7600=CARTESIAN_POINT('Ctrl Pts',(11.348622386075,-1.33870710593918,-6.));
#7601=CARTESIAN_POINT('Ctrl Pts',(11.4085031136781,-1.35715019445369,-6.));
#7602=CARTESIAN_POINT('Ctrl Pts',(11.4684092601925,-1.37560111191834,-6.));
#7603=CARTESIAN_POINT('Ctrl Pts',(11.5271920391877,-1.3978034044153,-6.));
#7604=CARTESIAN_POINT('Ctrl Pts',(11.5853261524688,-1.42145041348948,-6.));
#7605=CARTESIAN_POINT('Ctrl Pts',(11.6434650899455,-1.44509938488474,-6.));
#7606=CARTESIAN_POINT('Ctrl Pts',(11.700955254046,-1.4701933126436,-6.));
#7607=CARTESIAN_POINT('Ctrl Pts',(11.7577336001999,-1.49683245933832,-6.));
#7608=CARTESIAN_POINT('Ctrl Pts',(11.8145140402548,-1.52347258844514,-6.));
#7609=CARTESIAN_POINT('Ctrl Pts',(11.8705826098606,-1.55165805046066,-6.));
#7610=CARTESIAN_POINT('Ctrl Pts',(11.9260031269683,-1.58106285039558,-6.));
#7611=CARTESIAN_POINT('Ctrl Pts',(12.0368245972179,-1.63986207009342,-6.));
#7612=CARTESIAN_POINT('Ctrl Pts',(12.145054772469,-1.70353691986958,-6.));
#7613=CARTESIAN_POINT('Ctrl Pts',(12.2507785193501,-1.77108526797421,-6.));
#7614=CARTESIAN_POINT('Ctrl Pts',(12.3565103967664,-1.83863881078893,-6.));
#7615=CARTESIAN_POINT('Ctrl Pts',(12.4597354602911,-1.91006644772682,-6.));
#7616=CARTESIAN_POINT('Ctrl Pts',(12.5605856666177,-1.98469445364411,-6.));
#7617=CARTESIAN_POINT('Ctrl Pts',(12.6434485163366,-2.04601202020538,-6.));
#7618=CARTESIAN_POINT('Ctrl Pts',(12.7247081071976,-2.10949014611283,-6.));
#7619=CARTESIAN_POINT('Ctrl Pts',(12.8043739644671,-2.17489979924689,-6.));
#7620=CARTESIAN_POINT('Ctrl Pts',(6.7472101059698,9.06787608626546,0.));
#7621=CARTESIAN_POINT('Ctrl Pts',(6.7472101059698,9.06787608626546,-10.));
#7622=CARTESIAN_POINT('Ctrl Pts',(6.69465677104896,8.97935709478384,0.));
#7623=CARTESIAN_POINT('Ctrl Pts',(6.69465677104896,8.97935709478384,-10.));
#7624=CARTESIAN_POINT('Ctrl Pts',(6.61581900591863,8.84656553225952,0.));
#7625=CARTESIAN_POINT('Ctrl Pts',(6.61581900591863,8.84656553225952,-10.));
#7626=CARTESIAN_POINT('Ctrl Pts',(6.49382972420831,8.68056879400273,0.));
#7627=CARTESIAN_POINT('Ctrl Pts',(6.49382972420831,8.68056879400273,-10.));
#7628=CARTESIAN_POINT('Ctrl Pts',(6.39364360280658,8.56309357763395,0.));
#7629=CARTESIAN_POINT('Ctrl Pts',(6.39364360280658,8.56309357763395,-10.));
#7630=CARTESIAN_POINT('Ctrl Pts',(6.28835433401832,8.45001712605452,0.));
#7631=CARTESIAN_POINT('Ctrl Pts',(6.28835433401832,8.45001712605452,-10.));
#7632=CARTESIAN_POINT('Ctrl Pts',(6.17220857651348,8.34811342323992,0.));
#7633=CARTESIAN_POINT('Ctrl Pts',(6.17220857651348,8.34811342323992,-10.));
#7634=CARTESIAN_POINT('Ctrl Pts',(6.05011414611585,8.25341706917228,0.));
#7635=CARTESIAN_POINT('Ctrl Pts',(6.05011414611585,8.25341706917228,-10.));
#7636=CARTESIAN_POINT('Ctrl Pts',(5.91807816229695,8.17289363010116,0.));
#7637=CARTESIAN_POINT('Ctrl Pts',(5.91807816229695,8.17289363010116,-10.));
#7638=CARTESIAN_POINT('Ctrl Pts',(5.77842952279725,8.10652247104486,0.));
#7639=CARTESIAN_POINT('Ctrl Pts',(5.77842952279725,8.10652247104486,-10.));
#7640=CARTESIAN_POINT('Ctrl Pts',(5.63162665479215,8.05774937316904,0.));
#7641=CARTESIAN_POINT('Ctrl Pts',(5.63162665479215,8.05774937316904,-10.));
#7642=CARTESIAN_POINT('Ctrl Pts',(5.47963063852586,8.02868882089417,0.));
#7643=CARTESIAN_POINT('Ctrl Pts',(5.47963063852586,8.02868882089417,-10.));
#7644=CARTESIAN_POINT('Ctrl Pts',(5.32494239013354,8.02254747035607,0.));
#7645=CARTESIAN_POINT('Ctrl Pts',(5.32494239013354,8.02254747035607,-10.));
#7646=CARTESIAN_POINT('Ctrl Pts',(5.17116401419703,8.03967677684275,0.));
#7647=CARTESIAN_POINT('Ctrl Pts',(5.17116401419703,8.03967677684275,-10.));
#7648=CARTESIAN_POINT('Ctrl Pts',(5.02170025670063,8.08057522942067,0.));
#7649=CARTESIAN_POINT('Ctrl Pts',(5.02170025670063,8.08057522942067,-10.));
#7650=CARTESIAN_POINT('Ctrl Pts',(4.88211960457615,8.14756774451919,0.));
#7651=CARTESIAN_POINT('Ctrl Pts',(4.88211960457615,8.14756774451919,-10.));
#7652=CARTESIAN_POINT('Ctrl Pts',(4.75073536045111,8.22851501761537,0.));
#7653=CARTESIAN_POINT('Ctrl Pts',(4.75073536045111,8.22851501761537,-10.));
#7654=CARTESIAN_POINT('Ctrl Pts',(4.61494084352022,8.30182347413658,0.));
#7655=CARTESIAN_POINT('Ctrl Pts',(4.61494084352022,8.30182347413658,-10.));
#7656=CARTESIAN_POINT('Ctrl Pts',(4.48713329751925,8.38920760720393,0.));
#7657=CARTESIAN_POINT('Ctrl Pts',(4.48713329751925,8.38920760720393,-10.));
#7658=CARTESIAN_POINT('Ctrl Pts',(4.37698231986309,8.49819779185191,0.));
#7659=CARTESIAN_POINT('Ctrl Pts',(4.37698231986309,8.49819779185191,-10.));
#7660=CARTESIAN_POINT('Ctrl Pts',(4.28525871732818,8.62280911872232,0.));
#7661=CARTESIAN_POINT('Ctrl Pts',(4.28525871732818,8.62280911872232,-10.));
#7662=CARTESIAN_POINT('Ctrl Pts',(4.21323315871155,8.75984374676602,0.));
#7663=CARTESIAN_POINT('Ctrl Pts',(4.21323315871155,8.75984374676602,-10.));
#7664=CARTESIAN_POINT('Ctrl Pts',(4.16240232709645,8.9060064342641,0.));
#7665=CARTESIAN_POINT('Ctrl Pts',(4.16240232709645,8.9060064342641,-10.));
#7666=CARTESIAN_POINT('Ctrl Pts',(4.13123963487562,9.05752799624284,0.));
#7667=CARTESIAN_POINT('Ctrl Pts',(4.13123963487562,9.05752799624284,-10.));
#7668=CARTESIAN_POINT('Ctrl Pts',(4.11889442494716,9.21165284518166,0.));
#7669=CARTESIAN_POINT('Ctrl Pts',(4.11889442494716,9.21165284518166,-10.));
#7670=CARTESIAN_POINT('Ctrl Pts',(4.12261177687336,9.36626108091806,0.));
#7671=CARTESIAN_POINT('Ctrl Pts',(4.12261177687336,9.36626108091806,-10.));
#7672=CARTESIAN_POINT('Ctrl Pts',(4.14357400994291,9.51934613633681,0.));
#7673=CARTESIAN_POINT('Ctrl Pts',(4.14357400994291,9.51934613633681,-10.));
#7674=CARTESIAN_POINT('Ctrl Pts',(4.17375232656762,9.6708831642851,0.));
#7675=CARTESIAN_POINT('Ctrl Pts',(4.17375232656762,9.6708831642851,-10.));
#7676=CARTESIAN_POINT('Ctrl Pts',(4.21903477181108,9.81860457159134,0.));
#7677=CARTESIAN_POINT('Ctrl Pts',(4.21903477181108,9.81860457159134,-10.));
#7678=CARTESIAN_POINT('Ctrl Pts',(4.27067823280065,9.96410590601625,0.));
#7679=CARTESIAN_POINT('Ctrl Pts',(4.27067823280065,9.96410590601625,-10.));
#7680=CARTESIAN_POINT('Ctrl Pts',(4.35344098422122,10.1527500920952,0.));
#7681=CARTESIAN_POINT('Ctrl Pts',(4.35344098422122,10.1527500920952,-10.));
#7682=CARTESIAN_POINT('Ctrl Pts',(4.42902296821035,10.2874213807378,0.));
#7683=CARTESIAN_POINT('Ctrl Pts',(4.42902296821035,10.2874213807378,-10.));
#7684=CARTESIAN_POINT('Ctrl Pts',(4.4794059960904,10.3771933995737,0.));
#7685=CARTESIAN_POINT('Ctrl Pts',(4.4794059960904,10.3771933995737,-10.));
#7686=CARTESIAN_POINT('',(4.4794059960904,10.3771933995737,-6.));
#7687=CARTESIAN_POINT('',(6.7472101059698,9.06787608626546,-6.));
#7688=CARTESIAN_POINT('Ctrl Pts',(4.4794059960904,10.3771933995737,-6.));
#7689=CARTESIAN_POINT('Ctrl Pts',(4.42902296821035,10.2874213807378,-6.));
#7690=CARTESIAN_POINT('Ctrl Pts',(4.3786399403303,10.197649361902,-6.));
#7691=CARTESIAN_POINT('Ctrl Pts',(4.33426100843516,10.1048524313615,-6.));
#7692=CARTESIAN_POINT('Ctrl Pts',(4.31206498719453,10.0584402588872,-6.));
#7693=CARTESIAN_POINT('Ctrl Pts',(4.29137087695711,10.0112714116056,-6.));
#7694=CARTESIAN_POINT('Ctrl Pts',(4.27241651597144,9.96343639261632,-6.));
#7695=CARTESIAN_POINT('Ctrl Pts',(4.25346349781364,9.9156047625145,-6.));
#7696=CARTESIAN_POINT('Ctrl Pts',(4.23624998241012,9.86710705509203,-6.));
#7697=CARTESIAN_POINT('Ctrl Pts',(4.22009623311005,9.81823842481585,-6.));
#7698=CARTESIAN_POINT('Ctrl Pts',(4.20394089298076,9.76936498193277,-6.));
#7699=CARTESIAN_POINT('Ctrl Pts',(4.18884552769779,9.72012054313505,-6.));
#7700=CARTESIAN_POINT('Ctrl Pts',(4.17626782556476,9.67023969387972,-6.));
#7701=CARTESIAN_POINT('Ctrl Pts',(4.1636919266388,9.62036599581139,-6.));
#7702=CARTESIAN_POINT('Ctrl Pts',(4.15363296902307,9.56985606975082,-6.));
#7703=CARTESIAN_POINT('Ctrl Pts',(4.14510989840996,9.51908776203864,-6.));
#7704=CARTESIAN_POINT('Ctrl Pts',(4.13658682655604,9.4683194469354,-6.));
#7705=CARTESIAN_POINT('Ctrl Pts',(4.12959964215195,9.41729275010532,-6.));
#7706=CARTESIAN_POINT('Ctrl Pts',(4.12548633045003,9.36601050886444,-6.));
#7707=CARTESIAN_POINT('Ctrl Pts',(4.12137261792157,9.31472327036456,-6.));
#7708=CARTESIAN_POINT('Ctrl Pts',(4.12013333821846,9.2631804376478,-6.));
#7709=CARTESIAN_POINT('Ctrl Pts',(4.12157214082106,9.21171517160958,-6.));
#7710=CARTESIAN_POINT('Ctrl Pts',(4.12301051799667,9.16026512288697,-6.));
#7711=CARTESIAN_POINT('Ctrl Pts',(4.12712539399452,9.10889259497966,-6.));
#7712=CARTESIAN_POINT('Ctrl Pts',(4.13437780930987,9.0579481359434,-6.));
#7713=CARTESIAN_POINT('Ctrl Pts',(4.14162910524021,9.00701154000669,-6.));
#7714=CARTESIAN_POINT('Ctrl Pts',(4.15201697202629,8.95650288080934,-6.));
#7715=CARTESIAN_POINT('Ctrl Pts',(4.16568505581628,8.90688260766358,-6.));
#7716=CARTESIAN_POINT('Ctrl Pts',(4.17934983475607,8.85727433236418,-6.));
#7717=CARTESIAN_POINT('Ctrl Pts',(4.19629324462299,8.80855401355684,-6.));
#7718=CARTESIAN_POINT('Ctrl Pts',(4.21677184426123,8.76135058663455,-6.));
#7719=CARTESIAN_POINT('Ctrl Pts',(4.23724621873784,8.71415689876239,-6.));
#7720=CARTESIAN_POINT('Ctrl Pts',(4.26125432436971,8.66847947690708,-6.));
#7721=CARTESIAN_POINT('Ctrl Pts',(4.28854938894538,8.62486762916081,-6.));
#7722=CARTESIAN_POINT('Ctrl Pts',(4.31584023254413,8.58126252565957,-6.));
#7723=CARTESIAN_POINT('Ctrl Pts',(4.34641701855822,8.5397223574657,-6.));
#7724=CARTESIAN_POINT('Ctrl Pts',(4.38006781148294,8.50078444001362,-6.));
#7725=CARTESIAN_POINT('Ctrl Pts',(4.41370596509457,8.46186114773042,-6.));
#7726=CARTESIAN_POINT('Ctrl Pts',(4.45041581684277,8.42553815173374,-6.));
#7727=CARTESIAN_POINT('Ctrl Pts',(4.4900596134092,8.39282051767025,-6.));
#7728=CARTESIAN_POINT('Ctrl Pts',(4.5297116486273,8.36009608432886,-6.));
#7729=CARTESIAN_POINT('Ctrl Pts',(4.57229884823709,8.3309785115868,-6.));
#7730=CARTESIAN_POINT('Ctrl Pts',(4.61620462224652,8.3042106089432,-6.));
#7731=CARTESIAN_POINT('Ctrl Pts',(4.66016688849946,8.27740826484154,-6.));
#7732=CARTESIAN_POINT('Ctrl Pts',(4.70545112447528,8.25296164122845,-6.));
#7733=CARTESIAN_POINT('Ctrl Pts',(4.75,8.22724133595217,-6.));
#7734=CARTESIAN_POINT('Ctrl Pts',(4.79454887552471,8.20152103067588,-6.));
#7735=CARTESIAN_POINT('Ctrl Pts',(4.83836239059831,8.17452704373639,-6.));
#7736=CARTESIAN_POINT('Ctrl Pts',(4.88355503459779,8.14985577640424,-6.));
#7737=CARTESIAN_POINT('Ctrl Pts',(4.92868960529789,8.12521621206105,-6.));
#7738=CARTESIAN_POINT('Ctrl Pts',(4.97519976279395,8.10289340169396,-6.));
#7739=CARTESIAN_POINT('Ctrl Pts',(5.0233659710011,8.08491594855403,-6.));
#7740=CARTESIAN_POINT('Ctrl Pts',(5.07152217153501,8.06694223065678,-6.));
#7741=CARTESIAN_POINT('Ctrl Pts',(5.12133373468381,8.05331206447203,-6.));
#7742=CARTESIAN_POINT('Ctrl Pts',(5.1718613714058,8.04364221504955,-6.));
#7743=CARTESIAN_POINT('Ctrl Pts',(5.22240799355212,8.03396873224529,-6.));
#7744=CARTESIAN_POINT('Ctrl Pts',(5.27367122749253,8.02825854288794,-6.));
#7745=CARTESIAN_POINT('Ctrl Pts',(5.32507977665863,8.02642653079134,-6.));
#7746=CARTESIAN_POINT('Ctrl Pts',(5.37649627700071,8.02459423534399,-6.));
#7747=CARTESIAN_POINT('Ctrl Pts',(5.42805813752273,8.02664131689772,-6.));
#7748=CARTESIAN_POINT('Ctrl Pts',(5.47916625735659,8.03250683241046,-6.));
#7749=CARTESIAN_POINT('Ctrl Pts',(5.53028492403611,8.03837355835095,-6.));
#7750=CARTESIAN_POINT('Ctrl Pts',(5.5809496627372,8.04806029438315,-6.));
#7751=CARTESIAN_POINT('Ctrl Pts',(5.63074407885431,8.06103038633389,-6.));
#7752=CARTESIAN_POINT('Ctrl Pts',(5.68055053783625,8.07400361512358,-6.));
#7753=CARTESIAN_POINT('Ctrl Pts',(5.72948625320528,8.09026178819438,-6.));
#7754=CARTESIAN_POINT('Ctrl Pts',(5.77722428723395,8.1094502796767,-6.));
#7755=CARTESIAN_POINT('Ctrl Pts',(5.82496969059908,8.12864173329295,-6.));
#7756=CARTESIAN_POINT('Ctrl Pts',(5.87151704282237,8.15076441009903,-6.));
#7757=CARTESIAN_POINT('Ctrl Pts',(5.91679328062989,8.17524376328604,-6.));
#7758=CARTESIAN_POINT('Ctrl Pts',(5.96208290973281,8.19973035670027,-6.));
#7759=CARTESIAN_POINT('Ctrl Pts',(6.00610067239699,8.22657502076394,-6.));
#7760=CARTESIAN_POINT('Ctrl Pts',(6.04845986756361,8.25578121956741,-6.));
#7761=CARTESIAN_POINT('Ctrl Pts',(6.09081493539025,8.28498457261539,-6.));
#7762=CARTESIAN_POINT('Ctrl Pts',(6.13151175891427,8.31654900022529,-6.));
#7763=CARTESIAN_POINT('Ctrl Pts',(6.17121687357404,8.34931435452069,-6.));
#7764=CARTESIAN_POINT('Ctrl Pts',(6.21092198245338,8.38207970404597,-6.));
#7765=CARTESIAN_POINT('Ctrl Pts',(6.24963538275724,8.41604597990708,-6.));
#7766=CARTESIAN_POINT('Ctrl Pts',(6.28653932280211,8.45187387688654,-6.));
#7767=CARTESIAN_POINT('Ctrl Pts',(6.32344855435305,8.48770691108264,-6.));
#7768=CARTESIAN_POINT('Ctrl Pts',(6.3585478067055,8.52540210029596,-6.));
#7769=CARTESIAN_POINT('Ctrl Pts',(6.39279577974801,8.56382975669624,-6.));
#7770=CARTESIAN_POINT('Ctrl Pts',(6.4270403803653,8.60225362909456,-6.));
#7771=CARTESIAN_POINT('Ctrl Pts',(6.46043386931671,8.64140982443368,-6.));
#7772=CARTESIAN_POINT('Ctrl Pts',(6.4923807670104,8.68173943468764,-6.));
#7773=CARTESIAN_POINT('Ctrl Pts',(6.52432992815278,8.72207190230836,-6.));
#7774=CARTESIAN_POINT('Ctrl Pts',(6.55483229304722,8.76357795112352,-6.));
#7775=CARTESIAN_POINT('Ctrl Pts',(6.58392840283445,8.80600635561799,-6.));
#7776=CARTESIAN_POINT('Ctrl Pts',(6.64210343612812,8.89083810330221,-6.));
#7777=CARTESIAN_POINT('Ctrl Pts',(6.69465677104896,8.97935709478384,-6.));
#7778=CARTESIAN_POINT('Ctrl Pts',(6.7472101059698,9.06787608626546,-6.));
#7779=CARTESIAN_POINT('',(4.4794059960904,10.3771933995737,0.));
#7780=CARTESIAN_POINT('',(6.7472101059698,9.06787608626546,0.));
#7781=CARTESIAN_POINT('Ctrl Pts',(9.43578212400393,10.3258771252999,0.));
#7782=CARTESIAN_POINT('Ctrl Pts',(9.43578212400393,10.3258771252999,-10.));
#7783=CARTESIAN_POINT('Ctrl Pts',(9.31305141675131,10.2997963798904,0.));
#7784=CARTESIAN_POINT('Ctrl Pts',(9.31305141675131,10.2997963798904,-10.));
#7785=CARTESIAN_POINT('Ctrl Pts',(9.06758933281516,10.2476347468146,0.));
#7786=CARTESIAN_POINT('Ctrl Pts',(9.06758933281516,10.2476347468146,-10.));
#7787=CARTESIAN_POINT('Ctrl Pts',(8.70479225506158,10.1467038095209,0.));
#7788=CARTESIAN_POINT('Ctrl Pts',(8.70479225506158,10.1467038095209,-10.));
#7789=CARTESIAN_POINT('Ctrl Pts',(8.34743987509277,10.028206918369,0.));
#7790=CARTESIAN_POINT('Ctrl Pts',(8.34743987509277,10.028206918369,-10.));
#7791=CARTESIAN_POINT('Ctrl Pts',(7.99750935303146,9.88909822498232,0.));
#7792=CARTESIAN_POINT('Ctrl Pts',(7.99750935303146,9.88909822498232,-10.));
#7793=CARTESIAN_POINT('Ctrl Pts',(7.65710116265852,9.7280549194794,0.));
#7794=CARTESIAN_POINT('Ctrl Pts',(7.65710116265852,9.7280549194794,-10.));
#7795=CARTESIAN_POINT('Ctrl Pts',(7.38393530337752,9.57331305573635,0.));
#7796=CARTESIAN_POINT('Ctrl Pts',(7.38393530337752,9.57331305573635,-10.));
#7797=CARTESIAN_POINT('Ctrl Pts',(7.17418130673546,9.43547019431829,0.));
#7798=CARTESIAN_POINT('Ctrl Pts',(7.17418130673546,9.43547019431829,-10.));
#7799=CARTESIAN_POINT('Ctrl Pts',(7.02275245074195,9.32374897497365,0.));
#7800=CARTESIAN_POINT('Ctrl Pts',(7.02275245074195,9.32374897497365,-10.));
#7801=CARTESIAN_POINT('Ctrl Pts',(6.8769116293652,9.20434386097008,0.));
#7802=CARTESIAN_POINT('Ctrl Pts',(6.8769116293652,9.20434386097008,-10.));
#7803=CARTESIAN_POINT('Ctrl Pts',(6.79043783048869,9.1133589087968,0.));
#7804=CARTESIAN_POINT('Ctrl Pts',(6.79043783048869,9.1133589087968,-10.));
#7805=CARTESIAN_POINT('Ctrl Pts',(6.7472101059698,9.06787608626546,0.));
#7806=CARTESIAN_POINT('Ctrl Pts',(6.7472101059698,9.06787608626546,-10.));
#7807=CARTESIAN_POINT('',(8.28570545912581,10.0014632331833,-6.));
#7808=CARTESIAN_POINT('Ctrl Pts',(6.7472101059698,9.06787608626546,-6.));
#7809=CARTESIAN_POINT('Ctrl Pts',(6.79043783048869,9.1133589087968,-6.));
#7810=CARTESIAN_POINT('Ctrl Pts',(6.83366555500758,9.15884173132813,-6.));
#7811=CARTESIAN_POINT('Ctrl Pts',(6.87957810198694,9.20147841837228,-6.));
#7812=CARTESIAN_POINT('Ctrl Pts',(6.92551013849166,9.24413320436426,-6.));
#7813=CARTESIAN_POINT('Ctrl Pts',(6.97412927731388,9.28393943803066,-6.));
#7814=CARTESIAN_POINT('Ctrl Pts',(7.0236752445362,9.32246155242149,-6.));
#7815=CARTESIAN_POINT('Ctrl Pts',(7.0732253232762,9.3609868635277,-6.));
#7816=CARTESIAN_POINT('Ctrl Pts',(7.12370238424636,9.39822784222704,-6.));
#7817=CARTESIAN_POINT('Ctrl Pts',(7.17516173509608,9.43407975903385,-6.));
#7818=CARTESIAN_POINT('Ctrl Pts',(7.22662298369013,9.46993299800603,-6.));
#7819=CARTESIAN_POINT('Ctrl Pts',(7.27906659461586,9.50439707263071,-6.));
#7820=CARTESIAN_POINT('Ctrl Pts',(7.33224215690654,9.53769024836939,-6.));
#7821=CARTESIAN_POINT('Ctrl Pts',(7.43857451001237,9.60426484704136,-6.));
#7822=CARTESIAN_POINT('Ctrl Pts',(7.54783363512627,9.66615750337682,-6.));
#7823=CARTESIAN_POINT('Ctrl Pts',(7.65919409400911,9.72394277990683,-6.));
#7824=CARTESIAN_POINT('Ctrl Pts',(7.77056311691041,9.78173250033174,-6.));
#7825=CARTESIAN_POINT('Ctrl Pts',(7.88403379679327,9.83541420918246,-6.));
#7826=CARTESIAN_POINT('Ctrl Pts',(7.99908864891472,9.88543904687956,-6.));
#7827=CARTESIAN_POINT('Ctrl Pts',(8.09362264412499,9.92654159649007,-6.));
#7828=CARTESIAN_POINT('Ctrl Pts',(8.18922610918664,9.96517540352705,-6.));
#7829=CARTESIAN_POINT('Ctrl Pts',(8.28570545909915,10.0014632331732,-6.));
#7830=CARTESIAN_POINT('',(9.43578212400393,10.3258771252999,-0.999999999999999));
#7831=CARTESIAN_POINT('Ctrl Pts',(9.43578212400393,10.3258771252999,-1.));
#7832=CARTESIAN_POINT('Ctrl Pts',(9.37284031345868,10.3125017494613,-0.947667306964836));
#7833=CARTESIAN_POINT('Ctrl Pts',(9.31275877413772,10.299727865168,-0.897849139089538));
#7834=CARTESIAN_POINT('Ctrl Pts',(9.25253832789249,10.2864465252552,-0.847687124417983));
#7835=CARTESIAN_POINT('Ctrl Pts',(9.21792962621633,10.2788137367329,-0.818859005241086));
#7836=CARTESIAN_POINT('Ctrl Pts',(9.18327450810868,10.271015609266,-0.789917320239747));
#7837=CARTESIAN_POINT('Ctrl Pts',(9.1480090706764,10.26281903377,-0.760319515680854));
#7838=CARTESIAN_POINT('Ctrl Pts',(9.12191131687785,10.2567532587545,-0.738416023973465));
#7839=CARTESIAN_POINT('Ctrl Pts',(9.09547937594701,10.2504690282589,-0.716153204570288));
#7840=CARTESIAN_POINT('Ctrl Pts',(9.06848909039141,10.2438534260037,-0.693311168058424));
#7841=CARTESIAN_POINT('Ctrl Pts',(9.02934551517527,10.2342589249028,-0.660183731431274));
#7842=CARTESIAN_POINT('Ctrl Pts',(8.98902711645463,10.22396789529,-0.625838013997186));
#7843=CARTESIAN_POINT('Ctrl Pts',(8.94683654451935,10.2127301398681,-0.58960326163288));
#7844=CARTESIAN_POINT('Ctrl Pts',(8.91674269856036,10.2047144324463,-0.563757604511047));
#7845=CARTESIAN_POINT('Ctrl Pts',(8.88569663446405,10.1962159644464,-0.536950856300727));
#7846=CARTESIAN_POINT('Ctrl Pts',(8.85345079633499,10.1871287269349,-0.508939600400914));
#7847=CARTESIAN_POINT('Ctrl Pts',(8.8051058093934,10.1735045693902,-0.466943365250385));
#7848=CARTESIAN_POINT('Ctrl Pts',(8.75567928941203,10.1590048118965,-0.423673934343257));
#7849=CARTESIAN_POINT('Ctrl Pts',(8.70569715961918,10.1437753574131,-0.379566131831084));
#7850=CARTESIAN_POINT('Ctrl Pts',(8.65258041051883,10.1275907907273,-0.332692117275948));
#7851=CARTESIAN_POINT('Ctrl Pts',(8.59883619284679,10.1105831612933,-0.284871277061442));
#7852=CARTESIAN_POINT('Ctrl Pts',(8.54511000581529,10.0928646145275,-0.236625483006558));
#7853=CARTESIAN_POINT('Ctrl Pts',(8.49437115174581,10.0761312707273,-0.191062296053034));
#7854=CARTESIAN_POINT('Ctrl Pts',(8.44364862228414,10.058763686516,-0.145120098785855));
#7855=CARTESIAN_POINT('Ctrl Pts',(8.39347162200199,10.040901410653,-0.0992384609069737));
#7856=CARTESIAN_POINT('Ctrl Pts',(8.37848524525846,10.0355664804245,-0.0855349810855989));
#7857=CARTESIAN_POINT('Ctrl Pts',(8.36354741654855,10.0301877500082,-0.0718369033986038));
#7858=CARTESIAN_POINT('Ctrl Pts',(8.34867192115222,10.0247698042164,-0.0581559391055213));
#7859=CARTESIAN_POINT('Ctrl Pts',(8.32754431392001,10.0170747172531,-0.0387249196711325));
#7860=CARTESIAN_POINT('Ctrl Pts',(8.30654247879335,10.0093004565964,-0.0193284220739672));
#7861=CARTESIAN_POINT('Ctrl Pts',(8.28570545912581,10.0014632331833,0.));
#7862=CARTESIAN_POINT('',(9.43578212400393,10.3258771252999,-5.));
#7863=CARTESIAN_POINT('',(9.43578212400393,10.3258771252999,0.));
#7864=CARTESIAN_POINT('Ctrl Pts',(8.28570545912581,10.0014632331833,-6.));
#7865=CARTESIAN_POINT('Ctrl Pts',(8.29628096450462,10.0054408940812,-5.99019035978357));
#7866=CARTESIAN_POINT('Ctrl Pts',(8.30691307749386,10.0094077006263,-5.98034893524916));
#7867=CARTESIAN_POINT('Ctrl Pts',(8.31760218010726,10.0133632122939,-5.97047624772808));
#7868=CARTESIAN_POINT('Ctrl Pts',(8.32791703613135,10.0171802336874,-5.96094922249182));
#7869=CARTESIAN_POINT('Ctrl Pts',(8.33827529214581,10.0209831489908,-5.95140230024992));
#7870=CARTESIAN_POINT('Ctrl Pts',(8.34867192115222,10.0247698042164,-5.94183986300778));
#7871=CARTESIAN_POINT('Ctrl Pts',(8.39700168941908,10.0423724492126,-5.89738791846939));
#7872=CARTESIAN_POINT('Ctrl Pts',(8.44616216070185,10.0596197348198,-5.85260070283153));
#7873=CARTESIAN_POINT('Ctrl Pts',(8.49563796921832,10.0763456135315,-5.80791840531706));
#7874=CARTESIAN_POINT('Ctrl Pts',(8.54756705225038,10.0939008505341,-5.76102052113353));
#7875=CARTESIAN_POINT('Ctrl Pts',(8.59984330615267,10.1108818014547,-5.71423821783663));
#7876=CARTESIAN_POINT('Ctrl Pts',(8.65185180172504,10.127151294774,-5.6680804659917));
#7877=CARTESIAN_POINT('Ctrl Pts',(8.66984105088319,10.1327787593983,-5.65211493402657));
#7878=CARTESIAN_POINT('Ctrl Pts',(8.68779812138131,10.1383215564392,-5.63622412358417));
#7879=CARTESIAN_POINT('Ctrl Pts',(8.70569715961918,10.1437753574131,-5.62042909711532));
#7880=CARTESIAN_POINT('Ctrl Pts',(8.75454726506825,10.1586598863543,-5.5773212664978));
#7881=CARTESIAN_POINT('Ctrl Pts',(8.80296596186128,10.1728777631772,-5.53492688740261));
#7882=CARTESIAN_POINT('Ctrl Pts',(8.85044185271036,10.1862800425907,-5.49367412992664));
#7883=CARTESIAN_POINT('Ctrl Pts',(8.85693048259308,10.188111760314,-5.48803602877433));
#7884=CARTESIAN_POINT('Ctrl Pts',(8.86340148440552,10.1899283213534,-5.48241925227358));
#7885=CARTESIAN_POINT('Ctrl Pts',(8.86985353656596,10.1917294208816,-5.47682489351453));
#7886=CARTESIAN_POINT('Ctrl Pts',(8.9141348063219,10.204090600252,-5.43843008467528));
#7887=CARTESIAN_POINT('Ctrl Pts',(8.95614024196103,10.2153418706209,-5.40231643222942));
#7888=CARTESIAN_POINT('Ctrl Pts',(8.99655862197428,10.2257626866854,-5.367813059987));
#7889=CARTESIAN_POINT('Ctrl Pts',(9.02106638289909,10.2320813681533,-5.34689187517604));
#7890=CARTESIAN_POINT('Ctrl Pts',(9.04499101220419,10.2380938004255,-5.32656273018573));
#7891=CARTESIAN_POINT('Ctrl Pts',(9.06848909039141,10.2438534260037,-5.30667606463071));
#7892=CARTESIAN_POINT('Ctrl Pts',(9.10278727470122,10.2522602709406,-5.27764915804376));
#7893=CARTESIAN_POINT('Ctrl Pts',(9.13617599211861,10.2601318354967,-5.24956494528061));
#7894=CARTESIAN_POINT('Ctrl Pts',(9.1691323193422,10.2676982711411,-5.22195834070033));
#7895=CARTESIAN_POINT('Ctrl Pts',(9.21155249888085,10.2774375104784,-5.18642412856549));
#7896=CARTESIAN_POINT('Ctrl Pts',(9.25325650816242,10.2866703347745,-5.15168121275957));
#7897=CARTESIAN_POINT('Ctrl Pts',(9.29528268086432,10.295799486931,-5.1167377706388));
#7898=CARTESIAN_POINT('Ctrl Pts',(9.3412726333647,10.3057896727378,-5.07849857015931));
#7899=CARTESIAN_POINT('Ctrl Pts',(9.38765001257429,10.3156488672517,-5.0400192334914));
#7900=CARTESIAN_POINT('Ctrl Pts',(9.43578212400393,10.3258771252999,-5.));
#7901=CARTESIAN_POINT('Ctrl Pts',(4.4794059960904,10.3771933995737,0.));
#7902=CARTESIAN_POINT('Ctrl Pts',(4.4794059960904,10.3771933995737,-10.));
#7903=CARTESIAN_POINT('Ctrl Pts',(4.49718141357891,10.4373711184205,0.));
#7904=CARTESIAN_POINT('Ctrl Pts',(4.49718141357891,10.4373711184205,-10.));
#7905=CARTESIAN_POINT('Ctrl Pts',(4.53273979408483,10.557752101096,0.));
#7906=CARTESIAN_POINT('Ctrl Pts',(4.53273979408483,10.557752101096,-10.));
#7907=CARTESIAN_POINT('Ctrl Pts',(4.56322724546534,10.7437565143188,0.));
#7908=CARTESIAN_POINT('Ctrl Pts',(4.56322724546534,10.7437565143188,-10.));
#7909=CARTESIAN_POINT('Ctrl Pts',(4.5842662315628,10.9307583601475,0.));
#7910=CARTESIAN_POINT('Ctrl Pts',(4.5842662315628,10.9307583601475,-10.));
#7911=CARTESIAN_POINT('Ctrl Pts',(4.59876465296017,11.1813320804939,0.));
#7912=CARTESIAN_POINT('Ctrl Pts',(4.59876465296017,11.1813320804939,-10.));
#7913=CARTESIAN_POINT('Ctrl Pts',(4.59619210835007,11.4952715859493,0.));
#7914=CARTESIAN_POINT('Ctrl Pts',(4.59619210835007,11.4952715859493,-10.));
#7915=CARTESIAN_POINT('Ctrl Pts',(4.56545560683857,11.8705953792201,0.));
#7916=CARTESIAN_POINT('Ctrl Pts',(4.56545560683857,11.8705953792201,-10.));
#7917=CARTESIAN_POINT('Ctrl Pts',(4.51096200816799,12.243198447578,0.));
#7918=CARTESIAN_POINT('Ctrl Pts',(4.51096200816799,12.243198447578,-10.));
#7919=CARTESIAN_POINT('Ctrl Pts',(4.43490713619063,12.6119231323098,0.));
#7920=CARTESIAN_POINT('Ctrl Pts',(4.43490713619063,12.6119231323098,-10.));
#7921=CARTESIAN_POINT('Ctrl Pts',(4.340917353038,12.97658008671,0.));
#7922=CARTESIAN_POINT('Ctrl Pts',(4.340917353038,12.97658008671,-10.));
#7923=CARTESIAN_POINT('Ctrl Pts',(4.26335961041639,13.2152373036025,0.));
#7924=CARTESIAN_POINT('Ctrl Pts',(4.26335961041639,13.2152373036025,-10.));
#7925=CARTESIAN_POINT('Ctrl Pts',(4.22458084486439,13.3345655866125,0.));
#7926=CARTESIAN_POINT('Ctrl Pts',(4.22458084486439,13.3345655866125,-10.));
#7927=CARTESIAN_POINT('',(4.51866850538986,12.17636303247,-6.));
#7928=CARTESIAN_POINT('Ctrl Pts',(4.51866850539483,12.1763630324399,-6.));
#7929=CARTESIAN_POINT('Ctrl Pts',(4.53548199802914,12.0746655496526,-6.));
#7930=CARTESIAN_POINT('Ctrl Pts',(4.54982587222093,11.9725536167016,-6.));
#7931=CARTESIAN_POINT('Ctrl Pts',(4.56149701770297,11.8701335005237,-6.));
#7932=CARTESIAN_POINT('Ctrl Pts',(4.57570166349781,11.7454806569093,-6.));
#7933=CARTESIAN_POINT('Ctrl Pts',(4.58594727985596,11.6203713111207,-6.));
#7934=CARTESIAN_POINT('Ctrl Pts',(4.59158442534103,11.495028047881,-6.));
#7935=CARTESIAN_POINT('Ctrl Pts',(4.59722113734275,11.3696944232464,-6.));
#7936=CARTESIAN_POINT('Ctrl Pts',(4.59825008720551,11.2441269171348,-6.));
#7937=CARTESIAN_POINT('Ctrl Pts',(4.59376097006174,11.118753098765,-6.));
#7938=CARTESIAN_POINT('Ctrl Pts',(4.59151601524473,11.0560551230914,-6.));
#7939=CARTESIAN_POINT('Ctrl Pts',(4.58789105656468,10.9934055864512,-6.));
#7940=CARTESIAN_POINT('Ctrl Pts',(4.58257186510384,10.9309122183722,-6.));
#7941=CARTESIAN_POINT('Ctrl Pts',(4.57725286979964,10.8684211548707,-6.));
#7942=CARTESIAN_POINT('Ctrl Pts',(4.5702397666693,10.8060862484125,-6.));
#7943=CARTESIAN_POINT('Ctrl Pts',(4.56165090793264,10.743911965911,-6.));
#7944=CARTESIAN_POINT('Ctrl Pts',(4.55306276187384,10.681742842446,-6.));
#7945=CARTESIAN_POINT('Ctrl Pts',(4.54289912170086,10.6197343162826,-6.));
#7946=CARTESIAN_POINT('Ctrl Pts',(4.52892501169117,10.558628612826,-6.));
#7947=CARTESIAN_POINT('Ctrl Pts',(4.51495683106742,10.4975488372673,-6.));
#7948=CARTESIAN_POINT('Ctrl Pts',(4.49718141357891,10.4373711184205,-6.));
#7949=CARTESIAN_POINT('Ctrl Pts',(4.4794059960904,10.3771933995737,-6.));
#7950=CARTESIAN_POINT('',(4.22458084486439,13.3345655866125,-5.));
#7951=CARTESIAN_POINT('Ctrl Pts',(4.22458084486439,13.3345655866125,-5.));
#7952=CARTESIAN_POINT('Ctrl Pts',(4.29209375557953,13.1268178772162,-5.17765602549028));
#7953=CARTESIAN_POINT('Ctrl Pts',(4.35467469034295,12.9365116040781,-5.33889277794455));
#7954=CARTESIAN_POINT('Ctrl Pts',(4.45962877316807,12.4952815700174,-5.72079357534293));
#7955=CARTESIAN_POINT('Ctrl Pts',(4.4922905939033,12.3359115128265,-5.85959659630925));
#7956=CARTESIAN_POINT('Ctrl Pts',(4.51866850538986,12.17636303247,-6.));
#7957=CARTESIAN_POINT('',(4.22458084486439,13.3345655866125,-1.));
#7958=CARTESIAN_POINT('',(4.22458084486439,13.3345655866125,0.));
#7959=CARTESIAN_POINT('Ctrl Pts',(4.51866850538986,12.17636303247,0.));
#7960=CARTESIAN_POINT('Ctrl Pts',(4.5150372286716,12.198327041351,-0.0193284298207815));
#7961=CARTESIAN_POINT('Ctrl Pts',(4.51126901820845,12.2204022945915,-0.0387249273322619));
#7962=CARTESIAN_POINT('Ctrl Pts',(4.50736935696641,12.2425468736878,-0.0581559385503318));
#7963=CARTESIAN_POINT('Ctrl Pts',(4.49819882785367,12.2946225527501,-0.103850331730973));
#7964=CARTESIAN_POINT('Ctrl Pts',(4.48829777005086,12.347080952652,-0.149735590056492));
#7965=CARTESIAN_POINT('Ctrl Pts',(4.47779361257391,12.3993950414644,-0.19537535182202));
#7966=CARTESIAN_POINT('Ctrl Pts',(4.46670556725989,12.4546170798418,-0.243552061633142));
#7967=CARTESIAN_POINT('Ctrl Pts',(4.45494576017101,12.5096781820147,-0.291455223820087));
#7968=CARTESIAN_POINT('Ctrl Pts',(4.4427214414902,12.563969940043,-0.338571589592838));
#7969=CARTESIAN_POINT('Ctrl Pts',(4.43915765446888,12.5797977557012,-0.352307544717799));
#7970=CARTESIAN_POINT('Ctrl Pts',(4.43555472556054,12.5955602619011,-0.365976629041143));
#7971=CARTESIAN_POINT('Ctrl Pts',(4.43191856999273,12.6112425765908,-0.379566125431129));
#7972=CARTESIAN_POINT('Ctrl Pts',(4.42011867357965,12.6621341529839,-0.423666177455188));
#7973=CARTESIAN_POINT('Ctrl Pts',(4.40796479009752,12.7121799275044,-0.466928085352643));
#7974=CARTESIAN_POINT('Ctrl Pts',(4.3955934583931,12.760851747978,-0.508917242452891));
#7975=CARTESIAN_POINT('Ctrl Pts',(4.38402261843213,12.8063742397166,-0.548189475104221));
#7976=CARTESIAN_POINT('Ctrl Pts',(4.37263075617929,12.849276052403,-0.585094101336648));
#7977=CARTESIAN_POINT('Ctrl Pts',(4.36132248547056,12.8902929027559,-0.620301875385967));
#7978=CARTESIAN_POINT('Ctrl Pts',(4.35325461402697,12.9195563227951,-0.645420817279128));
#7979=CARTESIAN_POINT('Ctrl Pts',(4.34522824465349,12.9478601760665,-0.669676045971578));
#7980=CARTESIAN_POINT('Ctrl Pts',(4.33719275436774,12.9754686392229,-0.693311147137296));
#7981=CARTESIAN_POINT('Ctrl Pts',(4.32727753464477,13.0095355061687,-0.722475169853918));
#7982=CARTESIAN_POINT('Ctrl Pts',(4.31735118801821,13.042544531967,-0.750694999227454));
#7983=CARTESIAN_POINT('Ctrl Pts',(4.30737859248085,13.0750156286486,-0.778428272784165));
#7984=CARTESIAN_POINT('Ctrl Pts',(4.29462698177188,13.1165352894657,-0.81388984412291));
#7985=CARTESIAN_POINT('Ctrl Pts',(4.28179887201944,13.1571751808339,-0.848555904168275));
#7986=CARTESIAN_POINT('Ctrl Pts',(4.26873579766832,13.1979968370511,-0.883383188995641));
#7987=CARTESIAN_POINT('Ctrl Pts',(4.2543870135776,13.2428362918029,-0.921638287069931));
#7988=CARTESIAN_POINT('Ctrl Pts',(4.2397482532262,13.2878931159506,-0.960087908253317));
#7989=CARTESIAN_POINT('Ctrl Pts',(4.22458084486439,13.3345655866125,-1.));
#7990=CARTESIAN_POINT('Origin',(-8.32667268468867E-16,11.7424154586382,
-6.));
#7991=CARTESIAN_POINT('',(-2.17489979928381,12.8043739645139,-6.));
#7992=CARTESIAN_POINT('Origin',(0.,0.,-6.));
#7993=CARTESIAN_POINT('',(-1.30931731330821,11.2266161020602,-6.));
#7994=CARTESIAN_POINT('Ctrl Pts',(-2.17489979927035,12.8043739644957,-6.));
#7995=CARTESIAN_POINT('Ctrl Pts',(-2.10949014612801,12.724708107217,-6.));
#7996=CARTESIAN_POINT('Ctrl Pts',(-2.04601202021271,12.6434485163466,-6.));
#7997=CARTESIAN_POINT('Ctrl Pts',(-1.98469445364411,12.5605856666177,-6.));
#7998=CARTESIAN_POINT('Ctrl Pts',(-1.91006644772683,12.4597354602911,-6.));
#7999=CARTESIAN_POINT('Ctrl Pts',(-1.83863881078894,12.3565103967664,-6.));
#8000=CARTESIAN_POINT('Ctrl Pts',(-1.77108526797421,12.2507785193501,-6.));
#8001=CARTESIAN_POINT('Ctrl Pts',(-1.70353691986959,12.145054772469,-6.));
#8002=CARTESIAN_POINT('Ctrl Pts',(-1.63986207009341,12.0368245972179,-6.));
#8003=CARTESIAN_POINT('Ctrl Pts',(-1.58106285039558,11.9260031269683,-6.));
#8004=CARTESIAN_POINT('Ctrl Pts',(-1.55165805046066,11.8705826098606,-6.));
#8005=CARTESIAN_POINT('Ctrl Pts',(-1.52347258844514,11.8145140402548,-6.));
#8006=CARTESIAN_POINT('Ctrl Pts',(-1.49683245933832,11.7577336001999,-6.));
#8007=CARTESIAN_POINT('Ctrl Pts',(-1.47019331264361,11.700955254046,-6.));
#8008=CARTESIAN_POINT('Ctrl Pts',(-1.44509938488474,11.6434650899455,-6.));
#8009=CARTESIAN_POINT('Ctrl Pts',(-1.42145041348948,11.5853261524688,-6.));
#8010=CARTESIAN_POINT('Ctrl Pts',(-1.3978034044153,11.5271920391877,-6.));
#8011=CARTESIAN_POINT('Ctrl Pts',(-1.37560111191834,11.4684092601925,-6.));
#8012=CARTESIAN_POINT('Ctrl Pts',(-1.35715019445369,11.4085031136781,-6.));
#8013=CARTESIAN_POINT('Ctrl Pts',(-1.33870710593919,11.348622386075,-6.));
#8014=CARTESIAN_POINT('Ctrl Pts',(-1.3240122096237,11.2876192440676,-6.));
#8015=CARTESIAN_POINT('Ctrl Pts',(-1.30931731330821,11.2266161020602,-6.));
#8016=CARTESIAN_POINT('',(1.30931731330821,11.2266161020602,-6.));
#8017=CARTESIAN_POINT('Ctrl Pts',(-1.30931731330821,11.2266161020602,-6.));
#8018=CARTESIAN_POINT('Ctrl Pts',(-1.30806428595399,11.1236797392593,-6.));
#8019=CARTESIAN_POINT('Ctrl Pts',(-1.30681125859976,11.0207433764584,-6.));
#8020=CARTESIAN_POINT('Ctrl Pts',(-1.29884607574355,10.9181894112696,-6.));
#8021=CARTESIAN_POINT('Ctrl Pts',(-1.29486230776374,10.8668972802417,-6.));
#8022=CARTESIAN_POINT('Ctrl Pts',(-1.28919950929723,10.8157008051099,-6.));
#8023=CARTESIAN_POINT('Ctrl Pts',(-1.28169695792868,10.7647972829818,-6.));
#8024=CARTESIAN_POINT('Ctrl Pts',(-1.27419493808082,10.7138973671303,-6.));
#8025=CARTESIAN_POINT('Ctrl Pts',(-1.26485342599747,10.6632903627754,-6.));
#8026=CARTESIAN_POINT('Ctrl Pts',(-1.2544086681196,10.6128920128581,-6.));
#8027=CARTESIAN_POINT('Ctrl Pts',(-1.2439628816368,10.5624886996863,-6.));
#8028=CARTESIAN_POINT('Ctrl Pts',(-1.23241363205241,10.5122940820508,-6.));
#8029=CARTESIAN_POINT('Ctrl Pts',(-1.21836581699318,10.4628071483669,-6.));
#8030=CARTESIAN_POINT('Ctrl Pts',(-1.20432001590431,10.413327309396,-6.));
#8031=CARTESIAN_POINT('Ctrl Pts',(-1.18777636570485,10.3645549514764,-6.));
#8032=CARTESIAN_POINT('Ctrl Pts',(-1.16977340751796,10.316326771984,-6.));
#8033=CARTESIAN_POINT('Ctrl Pts',(-1.15177044671012,10.2680985854703,-6.));
#8034=CARTESIAN_POINT('Ctrl Pts',(-1.13230817748995,10.2204145775422,-6.));
#8035=CARTESIAN_POINT('Ctrl Pts',(-1.11022928929705,10.1739461980136,-6.));
#8036=CARTESIAN_POINT('Ctrl Pts',(-1.08814824960062,10.1274732903186,-6.));
#8037=CARTESIAN_POINT('Ctrl Pts',(-1.06345008094753,10.0822162479513,-6.));
#8038=CARTESIAN_POINT('Ctrl Pts',(-1.03647140832354,10.038365421451,-6.));
#8039=CARTESIAN_POINT('Ctrl Pts',(-1.00950071278793,9.99452756081903,-6.));
#8040=CARTESIAN_POINT('Ctrl Pts',(-0.980250861686714,9.95209508459361,-6.));
#8041=CARTESIAN_POINT('Ctrl Pts',(-0.948497856266699,9.91160209654382,-6.));
#8042=CARTESIAN_POINT('Ctrl Pts',(-0.916749751812307,9.87111535844549,-6.));
#8043=CARTESIAN_POINT('Ctrl Pts',(-0.882499265685761,9.83256750986254,-6.));
#8044=CARTESIAN_POINT('Ctrl Pts',(-0.845852221329696,9.79642913467058,-6.));
#8045=CARTESIAN_POINT('Ctrl Pts',(-0.809214037981039,9.76029949749327,-6.));
#8046=CARTESIAN_POINT('Ctrl Pts',(-0.770180455205884,9.72657816865909,-6.));
#8047=CARTESIAN_POINT('Ctrl Pts',(-0.728843754224084,9.69593810161783,-6.));
#8048=CARTESIAN_POINT('Ctrl Pts',(-0.687515581864667,9.66530435626057,-6.));
#8049=CARTESIAN_POINT('Ctrl Pts',(-0.643885241563077,9.63775060137043,-6.));
#8050=CARTESIAN_POINT('Ctrl Pts',(-0.598441098369472,9.61362916560402,-6.));
#8051=CARTESIAN_POINT('Ctrl Pts',(-0.55300398277163,9.58951146003667,-6.));
#8052=CARTESIAN_POINT('Ctrl Pts',(-0.505753625220413,9.56882501211034,-6.));
#8053=CARTESIAN_POINT('Ctrl Pts',(-0.457142224964075,9.55192918288874,-6.));
#8054=CARTESIAN_POINT('Ctrl Pts',(-0.408549083258398,9.53503969977838,-6.));
#8055=CARTESIAN_POINT('Ctrl Pts',(-0.358595921076955,9.52193798837779,-6.));
#8056=CARTESIAN_POINT('Ctrl Pts',(-0.30790456911622,9.5134255844103,-6.));
#8057=CARTESIAN_POINT('Ctrl Pts',(-0.257202682634897,9.50491141142125,-6.));
#8058=CARTESIAN_POINT('Ctrl Pts',(-0.205762299525748,9.50098845353498,-6.));
#8059=CARTESIAN_POINT('Ctrl Pts',(-0.154354832538961,9.49975965684431,-6.));
#8060=CARTESIAN_POINT('Ctrl Pts',(-0.102881221105154,9.49852927909777,-6.));
#8061=CARTESIAN_POINT('Ctrl Pts',(-0.051440610552577,9.5,-6.));
#8062=CARTESIAN_POINT('Ctrl Pts',(-4.20670442924376E-16,9.5,-6.));
#8063=CARTESIAN_POINT('Ctrl Pts',(0.0514406105525766,9.5,-6.));
#8064=CARTESIAN_POINT('Ctrl Pts',(0.102881221105154,9.49852927909777,-6.));
#8065=CARTESIAN_POINT('Ctrl Pts',(0.154354832538962,9.49975965684431,-6.));
#8066=CARTESIAN_POINT('Ctrl Pts',(0.205762299525749,9.50098845353498,-6.));
#8067=CARTESIAN_POINT('Ctrl Pts',(0.257202682634897,9.50491141142125,-6.));
#8068=CARTESIAN_POINT('Ctrl Pts',(0.30790456911622,9.5134255844103,-6.));
#8069=CARTESIAN_POINT('Ctrl Pts',(0.358595921076955,9.52193798837778,-6.));
#8070=CARTESIAN_POINT('Ctrl Pts',(0.408549083258396,9.53503969977838,-6.));
#8071=CARTESIAN_POINT('Ctrl Pts',(0.457142224964074,9.55192918288874,-6.));
#8072=CARTESIAN_POINT('Ctrl Pts',(0.505753625220411,9.56882501211035,-6.));
#8073=CARTESIAN_POINT('Ctrl Pts',(0.553003982771629,9.58951146003666,-6.));
#8074=CARTESIAN_POINT('Ctrl Pts',(0.598441098369471,9.61362916560401,-6.));
#8075=CARTESIAN_POINT('Ctrl Pts',(0.643885241563076,9.63775060137042,-6.));
#8076=CARTESIAN_POINT('Ctrl Pts',(0.687515581864667,9.66530435626057,-6.));
#8077=CARTESIAN_POINT('Ctrl Pts',(0.728843754224084,9.69593810161783,-6.));
#8078=CARTESIAN_POINT('Ctrl Pts',(0.770180455205884,9.72657816865909,-6.));
#8079=CARTESIAN_POINT('Ctrl Pts',(0.809214037981038,9.76029949749327,-6.));
#8080=CARTESIAN_POINT('Ctrl Pts',(0.845852221329696,9.79642913467059,-6.));
#8081=CARTESIAN_POINT('Ctrl Pts',(0.88249926568576,9.83256750986254,-6.));
#8082=CARTESIAN_POINT('Ctrl Pts',(0.916749751812305,9.8711153584455,-6.));
#8083=CARTESIAN_POINT('Ctrl Pts',(0.948497856266699,9.91160209654382,-6.));
#8084=CARTESIAN_POINT('Ctrl Pts',(0.980250861686715,9.9520950845936,-6.));
#8085=CARTESIAN_POINT('Ctrl Pts',(1.00950071278794,9.99452756081903,-6.));
#8086=CARTESIAN_POINT('Ctrl Pts',(1.03647140832353,10.0383654214509,-6.));
#8087=CARTESIAN_POINT('Ctrl Pts',(1.06345008094753,10.0822162479513,-6.));
#8088=CARTESIAN_POINT('Ctrl Pts',(1.08814824960062,10.1274732903186,-6.));
#8089=CARTESIAN_POINT('Ctrl Pts',(1.11022928929704,10.1739461980137,-6.));
#8090=CARTESIAN_POINT('Ctrl Pts',(1.13230817748994,10.2204145775422,-6.));
#8091=CARTESIAN_POINT('Ctrl Pts',(1.15177044671012,10.2680985854703,-6.));
#8092=CARTESIAN_POINT('Ctrl Pts',(1.16977340751796,10.316326771984,-6.));
#8093=CARTESIAN_POINT('Ctrl Pts',(1.18777636570485,10.3645549514765,-6.));
#8094=CARTESIAN_POINT('Ctrl Pts',(1.20432001590431,10.413327309396,-6.));
#8095=CARTESIAN_POINT('Ctrl Pts',(1.21836581699318,10.4628071483669,-6.));
#8096=CARTESIAN_POINT('Ctrl Pts',(1.23241363205241,10.5122940820508,-6.));
#8097=CARTESIAN_POINT('Ctrl Pts',(1.24396288163681,10.5624886996863,-6.));
#8098=CARTESIAN_POINT('Ctrl Pts',(1.2544086681196,10.6128920128581,-6.));
#8099=CARTESIAN_POINT('Ctrl Pts',(1.26485342599747,10.6632903627754,-6.));
#8100=CARTESIAN_POINT('Ctrl Pts',(1.27419493808083,10.7138973671304,-6.));
#8101=CARTESIAN_POINT('Ctrl Pts',(1.28169695792868,10.7647972829818,-6.));
#8102=CARTESIAN_POINT('Ctrl Pts',(1.28919950929723,10.8157008051099,-6.));
#8103=CARTESIAN_POINT('Ctrl Pts',(1.29486230776374,10.8668972802418,-6.));
#8104=CARTESIAN_POINT('Ctrl Pts',(1.29884607574355,10.9181894112696,-6.));
#8105=CARTESIAN_POINT('Ctrl Pts',(1.30681125859976,11.0207433764584,-6.));
#8106=CARTESIAN_POINT('Ctrl Pts',(1.30806428595399,11.1236797392593,-6.));
#8107=CARTESIAN_POINT('Ctrl Pts',(1.30931731330821,11.2266161020602,-6.));
#8108=CARTESIAN_POINT('',(2.17489979926346,12.8043739645014,-6.));
#8109=CARTESIAN_POINT('Ctrl Pts',(1.30931731330821,11.2266161020602,-6.));
#8110=CARTESIAN_POINT('Ctrl Pts',(1.3240122096237,11.2876192440676,-6.));
#8111=CARTESIAN_POINT('Ctrl Pts',(1.33870710593918,11.348622386075,-6.));
#8112=CARTESIAN_POINT('Ctrl Pts',(1.35715019445369,11.4085031136781,-6.));
#8113=CARTESIAN_POINT('Ctrl Pts',(1.37560111191834,11.4684092601925,-6.));
#8114=CARTESIAN_POINT('Ctrl Pts',(1.3978034044153,11.5271920391877,-6.));
#8115=CARTESIAN_POINT('Ctrl Pts',(1.42145041348948,11.5853261524688,-6.));
#8116=CARTESIAN_POINT('Ctrl Pts',(1.44509938488474,11.6434650899455,-6.));
#8117=CARTESIAN_POINT('Ctrl Pts',(1.4701933126436,11.700955254046,-6.));
#8118=CARTESIAN_POINT('Ctrl Pts',(1.49683245933832,11.7577336001999,-6.));
#8119=CARTESIAN_POINT('Ctrl Pts',(1.52347258844514,11.8145140402548,-6.));
#8120=CARTESIAN_POINT('Ctrl Pts',(1.55165805046066,11.8705826098606,-6.));
#8121=CARTESIAN_POINT('Ctrl Pts',(1.58106285039558,11.9260031269683,-6.));
#8122=CARTESIAN_POINT('Ctrl Pts',(1.63986207009342,12.0368245972179,-6.));
#8123=CARTESIAN_POINT('Ctrl Pts',(1.70353691986959,12.145054772469,-6.));
#8124=CARTESIAN_POINT('Ctrl Pts',(1.77108526797421,12.2507785193501,-6.));
#8125=CARTESIAN_POINT('Ctrl Pts',(1.83863881078893,12.3565103967664,-6.));
#8126=CARTESIAN_POINT('Ctrl Pts',(1.91006644772682,12.4597354602911,-6.));
#8127=CARTESIAN_POINT('Ctrl Pts',(1.98469445364411,12.5605856666177,-6.));
#8128=CARTESIAN_POINT('Ctrl Pts',(2.04601202020707,12.6434485163389,-6.));
#8129=CARTESIAN_POINT('Ctrl Pts',(2.10949014611631,12.724708107202,-6.));
#8130=CARTESIAN_POINT('Ctrl Pts',(2.17489979925228,12.8043739644737,-6.));
#8131=CARTESIAN_POINT('Origin',(0.,0.,-6.));
#8132=CARTESIAN_POINT('Origin',(0.,0.,-6.));
#8133=CARTESIAN_POINT('Origin',(0.,0.,-6.));
#8134=CARTESIAN_POINT('Origin',(0.,0.,-6.));
#8135=CARTESIAN_POINT('Origin',(0.,0.,-6.));
#8136=CARTESIAN_POINT('Origin',(0.,0.,-6.));
#8137=CARTESIAN_POINT('Origin',(0.,0.,-6.));
#8138=CARTESIAN_POINT('Origin',(0.,0.,-6.));
#8139=CARTESIAN_POINT('Origin',(0.,0.,-6.));
#8140=CARTESIAN_POINT('Origin',(0.,0.,-6.));
#8141=CARTESIAN_POINT('Origin',(0.,0.,-6.));
#8142=CARTESIAN_POINT('Origin',(0.,0.,-5.5));
#8143=CARTESIAN_POINT('',(-3.00868846131254,13.6603629688683,-5.));
#8144=CARTESIAN_POINT('Origin',(0.,0.,-5.));
#8145=CARTESIAN_POINT('Ctrl Pts',(-3.00868846131254,13.6603629688683,-5.));
#8146=CARTESIAN_POINT('Ctrl Pts',(-2.96087607213319,13.6173168680034,-5.05232270199553));
#8147=CARTESIAN_POINT('Ctrl Pts',(-2.91523266917805,13.5762152700386,-5.1021390619333));
#8148=CARTESIAN_POINT('Ctrl Pts',(-2.86971949895285,13.5346018739047,-5.15230277387219));
#8149=CARTESIAN_POINT('Ctrl Pts',(-2.84355862434357,13.5106825812485,-5.18113677008637));
#8150=CARTESIAN_POINT('Ctrl Pts',(-2.81743918625358,13.4865958786307,-5.21008552883978));
#8151=CARTESIAN_POINT('Ctrl Pts',(-2.79098999972155,13.4618583655266,-5.23969099227816));
#8152=CARTESIAN_POINT('Ctrl Pts',(-2.77142442769029,13.4435589900836,-5.26159139464861));
#8153=CARTESIAN_POINT('Ctrl Pts',(-2.75167858418323,13.4249032964176,-5.28385115771456));
#8154=CARTESIAN_POINT('Ctrl Pts',(-2.73161521321916,13.4056818447592,-5.30668965975102));
#8155=CARTESIAN_POINT('Ctrl Pts',(-2.70249497432965,13.3777835785556,-5.33983776015606));
#8156=CARTESIAN_POINT('Ctrl Pts',(-2.6727052189063,13.3486936581713,-5.37420503202207));
#8157=CARTESIAN_POINT('Ctrl Pts',(-2.64176722886751,13.3178467469708,-5.41046223465713));
#8158=CARTESIAN_POINT('Ctrl Pts',(-2.61949829075501,13.2956433667375,-5.43655990294781));
#8159=CARTESIAN_POINT('Ctrl Pts',(-2.59663524982974,13.2725288862868,-5.46363674715168));
#8160=CARTESIAN_POINT('Ctrl Pts',(-2.57301235444112,13.2482817344191,-5.49194291061032));
#8161=CARTESIAN_POINT('Ctrl Pts',(-2.53819759611746,13.2125469644672,-5.53365973759832));
#8162=CARTESIAN_POINT('Ctrl Pts',(-2.50289085743384,13.1755310562803,-5.57663223546987));
#8163=CARTESIAN_POINT('Ctrl Pts',(-2.46746721917769,13.1376157296119,-5.62043411935264));
#8164=CARTESIAN_POINT('Ctrl Pts',(-2.42956476346641,13.0970472261896,-5.6673010998681));
#8165=CARTESIAN_POINT('Ctrl Pts',(-2.39152801903506,13.0554498744598,-5.71511760247958));
#8166=CARTESIAN_POINT('Ctrl Pts',(-2.35386040840074,13.0132437783257,-5.76336144449229));
#8167=CARTESIAN_POINT('Ctrl Pts',(-2.31829053994922,12.9733881766016,-5.80891854474605));
#8168=CARTESIAN_POINT('Ctrl Pts',(-2.28305013811344,12.9329897082617,-5.85485671197282));
#8169=CARTESIAN_POINT('Ctrl Pts',(-2.24852802652651,12.8924339258427,-5.90073623749677));
#8170=CARTESIAN_POINT('Ctrl Pts',(-2.23821058983495,12.8803132385977,-5.91444800303696));
#8171=CARTESIAN_POINT('Ctrl Pts',(-2.22795704661413,12.868178726953,-5.92815453069776));
#8172=CARTESIAN_POINT('Ctrl Pts',(-2.21777706947149,12.8560412781186,-5.94184408263291));
#8173=CARTESIAN_POINT('Ctrl Pts',(-2.2033278002015,12.8388136101189,-5.96127477676165));
#8174=CARTESIAN_POINT('Ctrl Pts',(-2.18902680038121,12.8215799822652,-5.98067127085852));
#8175=CARTESIAN_POINT('Ctrl Pts',(-2.17489979928672,12.8043739645157,-6.));
#8176=CARTESIAN_POINT('Origin',(0.,0.,-5.5));
#8177=CARTESIAN_POINT('',(3.00868846131254,13.6603629688683,-5.));
#8178=CARTESIAN_POINT('Ctrl Pts',(2.17489979928672,12.8043739645157,-6.));
#8179=CARTESIAN_POINT('Ctrl Pts',(2.18902678727731,12.8215799663053,-5.98067128878743));
#8180=CARTESIAN_POINT('Ctrl Pts',(2.20332778667411,12.8388135939904,-5.9612747944799));
#8181=CARTESIAN_POINT('Ctrl Pts',(2.21777706947148,12.8560412781186,-5.94184408137721));
#8182=CARTESIAN_POINT('Ctrl Pts',(2.25175596834579,12.8965538589187,-5.89615086290881));
#8183=CARTESIAN_POINT('Ctrl Pts',(2.28655765438944,12.9370312054617,-5.85026841411601));
#8184=CARTESIAN_POINT('Ctrl Pts',(2.32180799906261,12.9770805185424,-5.8046332172827));
#8185=CARTESIAN_POINT('Ctrl Pts',(2.35902068813542,13.0193593288368,-5.75645756378826));
#8186=CARTESIAN_POINT('Ctrl Pts',(2.39673309440686,13.0611611303158,-5.70855745693086));
#8187=CARTESIAN_POINT('Ctrl Pts',(2.43446112242859,13.1020624481113,-5.6614464076269));
#8188=CARTESIAN_POINT('Ctrl Pts',(2.44546627736794,13.1139932423554,-5.64770425294425));
#8189=CARTESIAN_POINT('Ctrl Pts',(2.45647250799107,13.1258476536382,-5.63402923694065));
#8190=CARTESIAN_POINT('Ctrl Pts',(2.46746721917768,13.1376157296119,-5.62043410479234));
#8191=CARTESIAN_POINT('Ctrl Pts',(2.50290524537641,13.1755464562665,-5.57661443176324));
#8192=CARTESIAN_POINT('Ctrl Pts',(2.53822640365159,13.2125771643573,-5.5336246676204));
#8193=CARTESIAN_POINT('Ctrl Pts',(2.57305518322691,13.2483256946062,-5.49189159126807));
#8194=CARTESIAN_POINT('Ctrl Pts',(2.60587199493017,13.2820091253824,-5.45256932602791));
#8195=CARTESIAN_POINT('Ctrl Pts',(2.63722075037743,13.3135079381435,-5.41561949324243));
#8196=CARTESIAN_POINT('Ctrl Pts',(2.66755157030436,13.3434117651728,-5.38037133394512));
#8197=CARTESIAN_POINT('Ctrl Pts',(2.6893720028198,13.3649250127942,-5.35501329604529));
#8198=CARTESIAN_POINT('Ctrl Pts',(2.71066645031396,13.3856121548647,-5.3305359716198));
#8199=CARTESIAN_POINT('Ctrl Pts',(2.73161521321916,13.4056818447591,-5.30668961147247));
#8200=CARTESIAN_POINT('Ctrl Pts',(2.757242398913,13.4302336367705,-5.27751771705639));
#8201=CARTESIAN_POINT('Ctrl Pts',(2.78235036122981,13.4538635735835,-5.24929007883155));
#8202=CARTESIAN_POINT('Ctrl Pts',(2.80722904587618,13.4770040685415,-5.22154946997303));
#8203=CARTESIAN_POINT('Ctrl Pts',(2.83902964281392,13.5065828651523,-5.1860906853284));
#8204=CARTESIAN_POINT('Ctrl Pts',(2.8704562646315,13.535361310445,-5.15142764008519));
#8205=CARTESIAN_POINT('Ctrl Pts',(2.90217533552072,13.5641780323742,-5.1166054400039));
#8206=CARTESIAN_POINT('Ctrl Pts',(2.93702075791648,13.5958350393272,-5.07835103227485));
#8207=CARTESIAN_POINT('Ctrl Pts',(2.97222375690022,13.6275333326363,-5.03990454974263));
#8208=CARTESIAN_POINT('Ctrl Pts',(3.00868846131254,13.6603629688683,-5.));
#8209=CARTESIAN_POINT('Origin',(0.,0.,-5.));
#8210=CARTESIAN_POINT('Origin',(0.,0.,-5.5));
#8211=CARTESIAN_POINT('Origin',(0.,0.,-5.));
#8212=CARTESIAN_POINT('Origin',(0.,0.,-5.5));
#8213=CARTESIAN_POINT('Origin',(0.,0.,-5.5));
#8214=CARTESIAN_POINT('Origin',(0.,0.,-5.));
#8215=CARTESIAN_POINT('Origin',(0.,0.,-5.5));
#8216=CARTESIAN_POINT('Origin',(0.,0.,-5.));
#8217=CARTESIAN_POINT('Origin',(0.,0.,-5.5));
#8218=CARTESIAN_POINT('Origin',(0.,0.,-5.));
#8219=CARTESIAN_POINT('Origin',(0.,0.,-5.5));
#8220=CARTESIAN_POINT('Origin',(0.,0.,-5.));
#8221=CARTESIAN_POINT('Origin',(0.,0.,-5.5));
#8222=CARTESIAN_POINT('Origin',(0.,0.,-5.));
#8223=CARTESIAN_POINT('Origin',(0.,0.,-5.5));
#8224=CARTESIAN_POINT('Origin',(0.,0.,-5.));
#8225=CARTESIAN_POINT('Origin',(0.,0.,-5.5));
#8226=CARTESIAN_POINT('Origin',(0.,0.,-5.));
#8227=CARTESIAN_POINT('Origin',(0.,0.,0.));
#8228=CARTESIAN_POINT('',(3.00868846131254,13.6603629688683,-1.));
#8229=CARTESIAN_POINT('',(3.00868846131254,13.6603629688683,0.));
#8230=CARTESIAN_POINT('Origin',(0.,0.,-1.));
#8231=CARTESIAN_POINT('Origin',(0.,0.,0.));
#8232=CARTESIAN_POINT('Origin',(0.,0.,-1.));
#8233=CARTESIAN_POINT('Origin',(0.,0.,0.));
#8234=CARTESIAN_POINT('Origin',(0.,0.,0.));
#8235=CARTESIAN_POINT('Origin',(0.,0.,-1.));
#8236=CARTESIAN_POINT('Origin',(0.,0.,0.));
#8237=CARTESIAN_POINT('Origin',(0.,0.,-1.));
#8238=CARTESIAN_POINT('Origin',(0.,0.,0.));
#8239=CARTESIAN_POINT('Origin',(0.,0.,-1.));
#8240=CARTESIAN_POINT('Origin',(0.,0.,0.));
#8241=CARTESIAN_POINT('Origin',(0.,0.,-1.));
#8242=CARTESIAN_POINT('Origin',(0.,0.,0.));
#8243=CARTESIAN_POINT('Origin',(0.,0.,0.));
#8244=CARTESIAN_POINT('Origin',(0.,0.,0.));
#8245=CARTESIAN_POINT('',(-3.00868846131254,13.6603629688683,-1.));
#8246=CARTESIAN_POINT('Origin',(0.,0.,-1.));
#8247=CARTESIAN_POINT('',(-3.00868846131254,13.6603629688683,0.));
#8248=CARTESIAN_POINT('Origin',(0.,0.,-0.5));
#8249=CARTESIAN_POINT('Ctrl Pts',(3.00868846131254,13.6603629688683,-1.));
#8250=CARTESIAN_POINT('Ctrl Pts',(2.96087607213317,13.6173168680034,-0.947677298004447));
#8251=CARTESIAN_POINT('Ctrl Pts',(2.91523266917801,13.5762152700386,-0.897860938066646));
#8252=CARTESIAN_POINT('Ctrl Pts',(2.86971949895281,13.5346018739046,-0.847697226127752));
#8253=CARTESIAN_POINT('Ctrl Pts',(2.84355862434347,13.5106825812484,-0.818863229913494));
#8254=CARTESIAN_POINT('Ctrl Pts',(2.81743918625341,13.4865958786305,-0.789914471160016));
#8255=CARTESIAN_POINT('Ctrl Pts',(2.79098999972133,13.4618583655264,-0.76030900772157));
#8256=CARTESIAN_POINT('Ctrl Pts',(2.77142442769014,13.4435589900834,-0.738408605351194));
#8257=CARTESIAN_POINT('Ctrl Pts',(2.75167858418315,13.4249032964175,-0.71614884228533));
#8258=CARTESIAN_POINT('Ctrl Pts',(2.73161521321916,13.4056818447591,-0.693310340248953));
#8259=CARTESIAN_POINT('Ctrl Pts',(2.70249497432965,13.3777835785556,-0.660162239843918));
#8260=CARTESIAN_POINT('Ctrl Pts',(2.6727052189063,13.3486936581713,-0.625794967977914));
#8261=CARTESIAN_POINT('Ctrl Pts',(2.64176722886753,13.3178467469708,-0.589537765342873));
#8262=CARTESIAN_POINT('Ctrl Pts',(2.61949829075502,13.2956433667375,-0.563440097052187));
#8263=CARTESIAN_POINT('Ctrl Pts',(2.59663524982975,13.2725288862868,-0.536363252848321));
#8264=CARTESIAN_POINT('Ctrl Pts',(2.57301235444113,13.2482817344191,-0.508057089389681));
#8265=CARTESIAN_POINT('Ctrl Pts',(2.53819759611747,13.2125469644672,-0.466340262401697));
#8266=CARTESIAN_POINT('Ctrl Pts',(2.50289085743385,13.1755310562803,-0.423367764530142));
#8267=CARTESIAN_POINT('Ctrl Pts',(2.46746721917768,13.1376157296119,-0.379565880647348));
#8268=CARTESIAN_POINT('Ctrl Pts',(2.42956476346645,13.0970472261896,-0.332698900131951));
#8269=CARTESIAN_POINT('Ctrl Pts',(2.39152801903513,13.0554498744598,-0.284882397520513));
#8270=CARTESIAN_POINT('Ctrl Pts',(2.35386040840083,13.0132437783258,-0.236638555507833));
#8271=CARTESIAN_POINT('Ctrl Pts',(2.31829053994933,12.9733881766018,-0.1910814552541));
#8272=CARTESIAN_POINT('Ctrl Pts',(2.28305013811357,12.9329897082618,-0.145143288027357));
#8273=CARTESIAN_POINT('Ctrl Pts',(2.24852802652665,12.8924339258429,-0.0992637625034128));
#8274=CARTESIAN_POINT('Ctrl Pts',(2.23821058983504,12.8803132385978,-0.0855519969631608));
#8275=CARTESIAN_POINT('Ctrl Pts',(2.22795704661418,12.868178726953,-0.0718454693022993));
#8276=CARTESIAN_POINT('Ctrl Pts',(2.21777706947148,12.8560412781186,-0.0581559173670846));
#8277=CARTESIAN_POINT('Ctrl Pts',(2.2033278002015,12.8388136101189,-0.0387252232383431));
#8278=CARTESIAN_POINT('Ctrl Pts',(2.18902680038121,12.8215799822652,-0.0193287291414855));
#8279=CARTESIAN_POINT('Ctrl Pts',(2.17489979928672,12.8043739645157,0.));
#8280=CARTESIAN_POINT('Origin',(0.,0.,-0.5));
#8281=CARTESIAN_POINT('Origin',(0.,0.,-0.5));
#8282=CARTESIAN_POINT('Origin',(0.,0.,-0.5));
#8283=CARTESIAN_POINT('Origin',(0.,0.,-0.5));
#8284=CARTESIAN_POINT('Origin',(0.,0.,-0.5));
#8285=CARTESIAN_POINT('Origin',(0.,0.,-0.5));
#8286=CARTESIAN_POINT('Origin',(0.,0.,-1.));
#8287=CARTESIAN_POINT('Origin',(0.,0.,-5.5));
#8288=CARTESIAN_POINT('Origin',(0.,0.,-5.));
#8289=CARTESIAN_POINT('Ctrl Pts',(-1.30931731330821,11.2266161020602,0.));
#8290=CARTESIAN_POINT('Ctrl Pts',(-1.30931731330821,11.2266161020602,-10.));
#8291=CARTESIAN_POINT('Ctrl Pts',(-1.3240122096237,11.2876192440676,0.));
#8292=CARTESIAN_POINT('Ctrl Pts',(-1.3240122096237,11.2876192440676,-10.));
#8293=CARTESIAN_POINT('Ctrl Pts',(-1.35340824012587,11.40965142345,0.));
#8294=CARTESIAN_POINT('Ctrl Pts',(-1.35340824012587,11.40965142345,-10.));
#8295=CARTESIAN_POINT('Ctrl Pts',(-1.42000753934512,11.5859796962073,0.));
#8296=CARTESIAN_POINT('Ctrl Pts',(-1.42000753934512,11.5859796962073,-10.));
#8297=CARTESIAN_POINT('Ctrl Pts',(-1.49528816582921,11.7584475382983,0.));
#8298=CARTESIAN_POINT('Ctrl Pts',(-1.49528816582921,11.7584475382983,-10.));
#8299=CARTESIAN_POINT('Ctrl Pts',(-1.6080190247575,11.9826999563377,0.));
#8300=CARTESIAN_POINT('Ctrl Pts',(-1.6080190247575,11.9826999563377,-10.));
#8301=CARTESIAN_POINT('Ctrl Pts',(-1.76721666646996,12.2532932710086,0.));
#8302=CARTESIAN_POINT('Ctrl Pts',(-1.76721666646996,12.2532932710086,-10.));
#8303=CARTESIAN_POINT('Ctrl Pts',(-1.98149715423773,12.56296495987,0.));
#8304=CARTESIAN_POINT('Ctrl Pts',(-1.98149715423773,12.56296495987,-10.));
#8305=CARTESIAN_POINT('Ctrl Pts',(-2.21499152920907,12.8584018832608,0.));
#8306=CARTESIAN_POINT('Ctrl Pts',(-2.21499152920907,12.8584018832608,-10.));
#8307=CARTESIAN_POINT('Ctrl Pts',(-2.46521932278893,13.1396993912522,0.));
#8308=CARTESIAN_POINT('Ctrl Pts',(-2.46521932278893,13.1396993912522,-10.));
#8309=CARTESIAN_POINT('Ctrl Pts',(-2.7289453398954,13.4085066858532,0.));
#8310=CARTESIAN_POINT('Ctrl Pts',(-2.7289453398954,13.4085066858532,-10.));
#8311=CARTESIAN_POINT('Ctrl Pts',(-2.91544092371212,13.5764110271677,0.));
#8312=CARTESIAN_POINT('Ctrl Pts',(-2.91544092371212,13.5764110271677,-10.));
#8313=CARTESIAN_POINT('Ctrl Pts',(-3.00868846131254,13.6603629688683,0.));
#8314=CARTESIAN_POINT('Ctrl Pts',(-3.00868846131254,13.6603629688683,-10.));
#8315=CARTESIAN_POINT('Ctrl Pts',(-2.17489979928672,12.8043739645157,0.));
#8316=CARTESIAN_POINT('Ctrl Pts',(-2.18902678727731,12.8215799663053,-0.0193287112125742));
#8317=CARTESIAN_POINT('Ctrl Pts',(-2.20332778667411,12.8388135939904,-0.0387252055201022));
#8318=CARTESIAN_POINT('Ctrl Pts',(-2.21777706947149,12.8560412781186,-0.0581559186227983));
#8319=CARTESIAN_POINT('Ctrl Pts',(-2.25175596834562,12.8965538589185,-0.103849137090956));
#8320=CARTESIAN_POINT('Ctrl Pts',(-2.28655765438909,12.9370312054613,-0.149731585883523));
#8321=CARTESIAN_POINT('Ctrl Pts',(-2.32180799906207,12.9770805185418,-0.195366782716592));
#8322=CARTESIAN_POINT('Ctrl Pts',(-2.35902068813469,13.019359328836,-0.243542436210807));
#8323=CARTESIAN_POINT('Ctrl Pts',(-2.39673309440595,13.0611611303148,-0.291442543067976));
#8324=CARTESIAN_POINT('Ctrl Pts',(-2.43446112242749,13.1020624481101,-0.338553592371719));
#8325=CARTESIAN_POINT('Ctrl Pts',(-2.44546627736721,13.1139932423546,-0.352295747054828));
#8326=CARTESIAN_POINT('Ctrl Pts',(-2.45647250799071,13.1258476536378,-0.3659707630589));
#8327=CARTESIAN_POINT('Ctrl Pts',(-2.46746721917769,13.1376157296119,-0.379565895207662));
#8328=CARTESIAN_POINT('Ctrl Pts',(-2.50290524537643,13.1755464562666,-0.423385568236785));
#8329=CARTESIAN_POINT('Ctrl Pts',(-2.53822640365161,13.2125771643574,-0.466375332379623));
#8330=CARTESIAN_POINT('Ctrl Pts',(-2.57305518322691,13.2483256946062,-0.508108408731931));
#8331=CARTESIAN_POINT('Ctrl Pts',(-2.6058719949302,13.2820091253825,-0.54743067397213));
#8332=CARTESIAN_POINT('Ctrl Pts',(-2.63722075037748,13.3135079381435,-0.584380506757642));
#8333=CARTESIAN_POINT('Ctrl Pts',(-2.66755157030442,13.3434117651729,-0.619628666054966));
#8334=CARTESIAN_POINT('Ctrl Pts',(-2.68937200281984,13.3649250127942,-0.644986703954783));
#8335=CARTESIAN_POINT('Ctrl Pts',(-2.71066645031399,13.3856121548648,-0.669464028380252));
#8336=CARTESIAN_POINT('Ctrl Pts',(-2.73161521321916,13.4056818447592,-0.693310388527554));
#8337=CARTESIAN_POINT('Ctrl Pts',(-2.75724239891298,13.4302336367705,-0.722482282943599));
#8338=CARTESIAN_POINT('Ctrl Pts',(-2.78235036122975,13.4538635735834,-0.750709921168406));
#8339=CARTESIAN_POINT('Ctrl Pts',(-2.80722904587608,13.4770040685414,-0.778450530026881));
#8340=CARTESIAN_POINT('Ctrl Pts',(-2.83902964281372,13.5065828651521,-0.813909314671388));
#8341=CARTESIAN_POINT('Ctrl Pts',(-2.87045626463119,13.5353613104447,-0.848572359914478));
#8342=CARTESIAN_POINT('Ctrl Pts',(-2.90217533552029,13.5641780323738,-0.883394559995642));
#8343=CARTESIAN_POINT('Ctrl Pts',(-2.93702075791619,13.595835039327,-0.921648967724843));
#8344=CARTESIAN_POINT('Ctrl Pts',(-2.97222375690007,13.6275333326362,-0.960095450257213));
#8345=CARTESIAN_POINT('Ctrl Pts',(-3.00868846131254,13.6603629688683,-1.));
#8346=CARTESIAN_POINT('',(-1.30931731330821,11.2266161020602,0.));
#8347=CARTESIAN_POINT('Origin',(0.,0.,-0.5));
#8348=CARTESIAN_POINT('Origin',(0.,0.,0.));
#8349=CARTESIAN_POINT('Ctrl Pts',(3.00868846131254,13.6603629688683,0.));
#8350=CARTESIAN_POINT('Ctrl Pts',(3.00868846131254,13.6603629688683,-10.));
#8351=CARTESIAN_POINT('Ctrl Pts',(2.91544092371212,13.5764110271677,0.));
#8352=CARTESIAN_POINT('Ctrl Pts',(2.91544092371212,13.5764110271677,-10.));
#8353=CARTESIAN_POINT('Ctrl Pts',(2.72894533989541,13.4085066858532,0.));
#8354=CARTESIAN_POINT('Ctrl Pts',(2.72894533989541,13.4085066858532,-10.));
#8355=CARTESIAN_POINT('Ctrl Pts',(2.46521932278891,13.1396993912522,0.));
#8356=CARTESIAN_POINT('Ctrl Pts',(2.46521932278891,13.1396993912522,-10.));
#8357=CARTESIAN_POINT('Ctrl Pts',(2.21499152920906,12.8584018832608,0.));
#8358=CARTESIAN_POINT('Ctrl Pts',(2.21499152920906,12.8584018832608,-10.));
#8359=CARTESIAN_POINT('Ctrl Pts',(1.98149715423774,12.56296495987,0.));
#8360=CARTESIAN_POINT('Ctrl Pts',(1.98149715423774,12.56296495987,-10.));
#8361=CARTESIAN_POINT('Ctrl Pts',(1.76721666646994,12.2532932710086,0.));
#8362=CARTESIAN_POINT('Ctrl Pts',(1.76721666646994,12.2532932710086,-10.));
#8363=CARTESIAN_POINT('Ctrl Pts',(1.60801902475751,11.9826999563377,0.));
#8364=CARTESIAN_POINT('Ctrl Pts',(1.60801902475751,11.9826999563377,-10.));
#8365=CARTESIAN_POINT('Ctrl Pts',(1.4952881658292,11.7584475382983,0.));
#8366=CARTESIAN_POINT('Ctrl Pts',(1.4952881658292,11.7584475382983,-10.));
#8367=CARTESIAN_POINT('Ctrl Pts',(1.42000753934513,11.5859796962073,0.));
#8368=CARTESIAN_POINT('Ctrl Pts',(1.42000753934513,11.5859796962073,-10.));
#8369=CARTESIAN_POINT('Ctrl Pts',(1.35340824012586,11.40965142345,0.));
#8370=CARTESIAN_POINT('Ctrl Pts',(1.35340824012586,11.40965142345,-10.));
#8371=CARTESIAN_POINT('Ctrl Pts',(1.3240122096237,11.2876192440676,0.));
#8372=CARTESIAN_POINT('Ctrl Pts',(1.3240122096237,11.2876192440676,-10.));
#8373=CARTESIAN_POINT('Ctrl Pts',(1.30931731330821,11.2266161020602,0.));
#8374=CARTESIAN_POINT('Ctrl Pts',(1.30931731330821,11.2266161020602,-10.));
#8375=CARTESIAN_POINT('',(1.30931731330821,11.2266161020602,0.));
#8376=CARTESIAN_POINT('Ctrl Pts',(1.30931731330821,11.2266161020602,0.));
#8377=CARTESIAN_POINT('Ctrl Pts',(1.30931731330821,11.2266161020602,-10.));
#8378=CARTESIAN_POINT('Ctrl Pts',(1.30806428595399,11.1236797392593,0.));
#8379=CARTESIAN_POINT('Ctrl Pts',(1.30806428595399,11.1236797392593,-10.));
#8380=CARTESIAN_POINT('Ctrl Pts',(1.30618455983569,10.9692599901399,0.));
#8381=CARTESIAN_POINT('Ctrl Pts',(1.30618455983569,10.9692599901399,-10.));
#8382=CARTESIAN_POINT('Ctrl Pts',(1.28353711201353,10.764507957009,0.));
#8383=CARTESIAN_POINT('Ctrl Pts',(1.28353711201353,10.764507957009,-10.));
#8384=CARTESIAN_POINT('Ctrl Pts',(1.25551099395739,10.6126783746177,0.));
#8385=CARTESIAN_POINT('Ctrl Pts',(1.25551099395739,10.6126783746177,-10.));
#8386=CARTESIAN_POINT('Ctrl Pts',(1.22086603823058,10.4621066605859,0.));
#8387=CARTESIAN_POINT('Ctrl Pts',(1.22086603823058,10.4621066605859,-10.));
#8388=CARTESIAN_POINT('Ctrl Pts',(1.1712327130969,10.3157825864564,0.));
#8389=CARTESIAN_POINT('Ctrl Pts',(1.1712327130969,10.3157825864564,-10.));
#8390=CARTESIAN_POINT('Ctrl Pts',(1.11284401174578,10.1727259229892,0.));
#8391=CARTESIAN_POINT('Ctrl Pts',(1.11284401174578,10.1727259229892,-10.));
#8392=CARTESIAN_POINT('Ctrl Pts',(1.0387592150805,10.0369725872441,0.));
#8393=CARTESIAN_POINT('Ctrl Pts',(1.0387592150805,10.0369725872441,-10.));
#8394=CARTESIAN_POINT('Ctrl Pts',(0.951005525197979,9.90966915767287,0.));
#8395=CARTESIAN_POINT('Ctrl Pts',(0.951005525197979,9.90966915767287,-10.));
#8396=CARTESIAN_POINT('Ctrl Pts',(0.848257061095055,9.7940289818886,0.));
#8397=CARTESIAN_POINT('Ctrl Pts',(0.848257061095055,9.7940289818886,-10.));
#8398=CARTESIAN_POINT('Ctrl Pts',(0.731154925871856,9.69286379723741,0.));
#8399=CARTESIAN_POINT('Ctrl Pts',(0.731154925871856,9.69286379723741,-10.));
#8400=CARTESIAN_POINT('Ctrl Pts',(0.600261648366242,9.61020110746171,0.));
#8401=CARTESIAN_POINT('Ctrl Pts',(0.600261648366242,9.61020110746171,-10.));
#8402=CARTESIAN_POINT('Ctrl Pts',(0.458521015009168,9.54814633406014,0.));
#8403=CARTESIAN_POINT('Ctrl Pts',(0.458521015009168,9.54814633406014,-10.));
#8404=CARTESIAN_POINT('Ctrl Pts',(0.308632377783252,9.50883355421988,0.));
#8405=CARTESIAN_POINT('Ctrl Pts',(0.308632377783252,9.50883355421988,-10.));
#8406=CARTESIAN_POINT('Ctrl Pts',(0.15425572961739,9.49706044809638,0.));
#8407=CARTESIAN_POINT('Ctrl Pts',(0.15425572961739,9.49706044809638,-10.));
#8408=CARTESIAN_POINT('Ctrl Pts',(1.73472347597681E-17,9.50147072090222,
0.));
#8409=CARTESIAN_POINT('Ctrl Pts',(1.73472347597681E-17,9.50147072090222,
-10.));
#8410=CARTESIAN_POINT('Ctrl Pts',(-0.15425572961739,9.49706044809637,0.));
#8411=CARTESIAN_POINT('Ctrl Pts',(-0.15425572961739,9.49706044809637,-10.));
#8412=CARTESIAN_POINT('Ctrl Pts',(-0.308632377783251,9.50883355421989,0.));
#8413=CARTESIAN_POINT('Ctrl Pts',(-0.308632377783251,9.50883355421989,-10.));
#8414=CARTESIAN_POINT('Ctrl Pts',(-0.458521015009173,9.54814633406013,0.));
#8415=CARTESIAN_POINT('Ctrl Pts',(-0.458521015009173,9.54814633406013,-10.));
#8416=CARTESIAN_POINT('Ctrl Pts',(-0.600261648366241,9.61020110746173,0.));
#8417=CARTESIAN_POINT('Ctrl Pts',(-0.600261648366241,9.61020110746173,-10.));
#8418=CARTESIAN_POINT('Ctrl Pts',(-0.731154925871856,9.69286379723741,0.));
#8419=CARTESIAN_POINT('Ctrl Pts',(-0.731154925871856,9.69286379723741,-10.));
#8420=CARTESIAN_POINT('Ctrl Pts',(-0.848257061095057,9.7940289818886,0.));
#8421=CARTESIAN_POINT('Ctrl Pts',(-0.848257061095057,9.7940289818886,-10.));
#8422=CARTESIAN_POINT('Ctrl Pts',(-0.951005525197981,9.90966915767287,0.));
#8423=CARTESIAN_POINT('Ctrl Pts',(-0.951005525197981,9.90966915767287,-10.));
#8424=CARTESIAN_POINT('Ctrl Pts',(-1.03875921508049,10.0369725872441,0.));
#8425=CARTESIAN_POINT('Ctrl Pts',(-1.03875921508049,10.0369725872441,-10.));
#8426=CARTESIAN_POINT('Ctrl Pts',(-1.1128440117458,10.1727259229892,0.));
#8427=CARTESIAN_POINT('Ctrl Pts',(-1.1128440117458,10.1727259229892,-10.));
#8428=CARTESIAN_POINT('Ctrl Pts',(-1.1712327130969,10.3157825864564,0.));
#8429=CARTESIAN_POINT('Ctrl Pts',(-1.1712327130969,10.3157825864564,-10.));
#8430=CARTESIAN_POINT('Ctrl Pts',(-1.22086603823059,10.4621066605859,0.));
#8431=CARTESIAN_POINT('Ctrl Pts',(-1.22086603823059,10.4621066605859,-10.));
#8432=CARTESIAN_POINT('Ctrl Pts',(-1.25551099395739,10.6126783746177,0.));
#8433=CARTESIAN_POINT('Ctrl Pts',(-1.25551099395739,10.6126783746177,-10.));
#8434=CARTESIAN_POINT('Ctrl Pts',(-1.28353711201352,10.764507957009,0.));
#8435=CARTESIAN_POINT('Ctrl Pts',(-1.28353711201352,10.764507957009,-10.));
#8436=CARTESIAN_POINT('Ctrl Pts',(-1.30618455983569,10.9692599901399,0.));
#8437=CARTESIAN_POINT('Ctrl Pts',(-1.30618455983569,10.9692599901399,-10.));
#8438=CARTESIAN_POINT('Ctrl Pts',(-1.30806428595399,11.1236797392593,0.));
#8439=CARTESIAN_POINT('Ctrl Pts',(-1.30806428595399,11.1236797392593,-10.));
#8440=CARTESIAN_POINT('Ctrl Pts',(-1.30931731330821,11.2266161020602,0.));
#8441=CARTESIAN_POINT('Ctrl Pts',(-1.30931731330821,11.2266161020602,-10.));
#8442=UNCERTAINTY_MEASURE_WITH_UNIT(LENGTH_MEASURE(0.01),#8446,
'DISTANCE_ACCURACY_VALUE',
'Maximum model space distance between geometric entities at asserted c
onnectivities');
#8443=UNCERTAINTY_MEASURE_WITH_UNIT(LENGTH_MEASURE(0.01),#8446,
'DISTANCE_ACCURACY_VALUE',
'Maximum model space distance between geometric entities at asserted c
onnectivities');
#8444=(
GEOMETRIC_REPRESENTATION_CONTEXT(3)
GLOBAL_UNCERTAINTY_ASSIGNED_CONTEXT((#8442))
GLOBAL_UNIT_ASSIGNED_CONTEXT((#8446,#8448,#8449))
REPRESENTATION_CONTEXT('','3D')
);
#8445=(
GEOMETRIC_REPRESENTATION_CONTEXT(3)
GLOBAL_UNCERTAINTY_ASSIGNED_CONTEXT((#8443))
GLOBAL_UNIT_ASSIGNED_CONTEXT((#8446,#8448,#8449))
REPRESENTATION_CONTEXT('','3D')
);
#8446=(
LENGTH_UNIT()
NAMED_UNIT(*)
SI_UNIT(.MILLI.,.METRE.)
);
#8447=(
LENGTH_UNIT()
NAMED_UNIT(*)
SI_UNIT(.CENTI.,.METRE.)
);
#8448=(
NAMED_UNIT(*)
PLANE_ANGLE_UNIT()
SI_UNIT($,.RADIAN.)
);
#8449=(
NAMED_UNIT(*)
SI_UNIT($,.STERADIAN.)
SOLID_ANGLE_UNIT()
);
#8450=SHAPE_DEFINITION_REPRESENTATION(#8451,#8452);
#8451=PRODUCT_DEFINITION_SHAPE('',$,#8454);
#8452=SHAPE_REPRESENTATION('',(#2059),#8444);
#8453=PRODUCT_DEFINITION_CONTEXT('part definition',#8458,'design');
#8454=PRODUCT_DEFINITION('\X2\044804350441044204350440043D044F\X0\12-c
hina','\X2\044804350441044204350440043D044F\X0\12-china',#8455,#8453);
#8455=PRODUCT_DEFINITION_FORMATION('',$,#8460);
#8456=PRODUCT_RELATED_PRODUCT_CATEGORY('\X2\044804350441044204350440043D044F\X0\1
2-china','\X2\044804350441044204350440043D044F\X0\12-china',(#8460));
#8457=APPLICATION_PROTOCOL_DEFINITION('international standard',
'automotive_design',2009,#8458);
#8458=APPLICATION_CONTEXT(
'Core Data for Automotive Mechanical Design Process');
#8459=PRODUCT_CONTEXT('part definition',#8458,'mechanical');
#8460=PRODUCT('\X2\044804350441044204350440043D044F\X0\12-china',
'\X2\044804350441044204350440043D044F\X0\12-china',$,(#8459));
#8461=PRESENTATION_STYLE_ASSIGNMENT((#8462));
#8462=SURFACE_STYLE_USAGE(.BOTH.,#8465);
#8463=SURFACE_STYLE_RENDERING_WITH_PROPERTIES($,#8469,(#8464));
#8464=SURFACE_STYLE_TRANSPARENT(0.);
#8465=SURFACE_SIDE_STYLE('',(#8466,#8463));
#8466=SURFACE_STYLE_FILL_AREA(#8467);
#8467=FILL_AREA_STYLE('',(#8468));
#8468=FILL_AREA_STYLE_COLOUR('',#8469);
#8469=COLOUR_RGB('',0.0509803921568627,0.615686274509804,0.0509803921568627);
ENDSEC;
END-ISO-10303-21;
