ISO-10303-21;
HEADER;
/* Generated by software containing ST-Developer
 * from STEP Tools, Inc. (www.steptools.com) 
 */

FILE_DESCRIPTION(
/* description */ (''),
/* implementation_level */ '2;1');

FILE_NAME(
/* name */ 'myMotorHolder_MIR.stp',
/* time_stamp */ '2026-07-21T16:01:39+03:00',
/* author */ ('ejenie'),
/* organization */ (''),
/* preprocessor_version */ 'ST-DEVELOPER v19.2',
/* originating_system */ 'Autodesk Inventor 2024',
/* authorisation */ '');

FILE_SCHEMA (('AUTOMOTIVE_DESIGN { 1 0 10303 214 3 1 1 }'));
ENDSEC;

DATA;
#10=MECHANICAL_DESIGN_GEOMETRIC_PRESENTATION_REPRESENTATION('',(#13),#2623);
#11=SHAPE_REPRESENTATION_RELATIONSHIP('SRR','None',#2630,#12);
#12=ADVANCED_BREP_SHAPE_REPRESENTATION('',(#14),#2622);
#13=STYLED_ITEM('',(#2639),#14);
#14=MANIFOLD_SOLID_BREP('\X2\04220432043504400434043E0435\X0\ \X2\04420435043B043E\X0\1',
#1475);
#15=(
BOUNDED_SURFACE()
B_SPLINE_SURFACE(2,2,((#2208,#2209,#2210),(#2211,#2212,#2213),(#2214,#2215,
#2216)),.UNSPECIFIED.,.F.,.F.,.F.)
B_SPLINE_SURFACE_WITH_KNOTS((3,3),(3,3),(-5.55111512312578E-16,1.5707963267949),
(-1.5707963267949,0.),.UNSPECIFIED.)
GEOMETRIC_REPRESENTATION_ITEM()
RATIONAL_B_SPLINE_SURFACE(((1.,0.707106781186548,1.),(0.707106781186548,
0.500000000000001,0.707106781186548),(1.,0.707106781186548,1.)))
REPRESENTATION_ITEM('')
SURFACE()
);
#16=TOROIDAL_SURFACE('',#1516,17.,2.);
#17=TOROIDAL_SURFACE('',#1541,17.,2.);
#18=FACE_BOUND('',#167,.T.);
#19=FACE_BOUND('',#168,.T.);
#20=FACE_BOUND('',#169,.T.);
#21=FACE_BOUND('',#170,.T.);
#22=FACE_BOUND('',#177,.T.);
#23=FACE_BOUND('',#178,.T.);
#24=FACE_BOUND('',#179,.T.);
#25=FACE_BOUND('',#180,.T.);
#26=FACE_BOUND('',#194,.T.);
#27=FACE_BOUND('',#195,.T.);
#28=FACE_BOUND('',#196,.T.);
#29=FACE_BOUND('',#197,.T.);
#30=FACE_BOUND('',#214,.T.);
#31=FACE_BOUND('',#217,.T.);
#32=FACE_BOUND('',#219,.T.);
#33=FACE_BOUND('',#231,.T.);
#34=FACE_BOUND('',#238,.T.);
#35=FACE_BOUND('',#239,.T.);
#36=FACE_BOUND('',#240,.T.);
#37=FACE_BOUND('',#241,.T.);
#38=FACE_BOUND('',#255,.T.);
#39=FACE_BOUND('',#256,.T.);
#40=FACE_BOUND('',#257,.T.);
#41=FACE_BOUND('',#263,.T.);
#42=FACE_BOUND('',#264,.T.);
#43=FACE_BOUND('',#265,.T.);
#44=(
BOUNDED_CURVE()
B_SPLINE_CURVE(2,(#2139,#2140,#2141),.UNSPECIFIED.,.F.,.F.)
B_SPLINE_CURVE_WITH_KNOTS((3,3),(0.,0.267275871142373),.UNSPECIFIED.)
CURVE()
GEOMETRIC_REPRESENTATION_ITEM()
RATIONAL_B_SPLINE_CURVE((1.,1.00612969530387,1.0065790825278))
REPRESENTATION_ITEM('')
);
#45=(
BOUNDED_CURVE()
B_SPLINE_CURVE(2,(#2144,#2145,#2146),.UNSPECIFIED.,.F.,.F.)
B_SPLINE_CURVE_WITH_KNOTS((3,3),(0.309565958252349,0.576841829394722),
 .UNSPECIFIED.)
CURVE()
GEOMETRIC_REPRESENTATION_ITEM()
RATIONAL_B_SPLINE_CURVE((1.00657908252779,1.00612969530386,1.))
REPRESENTATION_ITEM('')
);
#46=CONICAL_SURFACE('',#1506,8.9099255856655,0.349065850398866);
#47=CONICAL_SURFACE('',#1636,2.375,0.785398163397448);
#48=CONICAL_SURFACE('',#1645,2.375,0.785398163397448);
#49=PLANE('',#1500);
#50=PLANE('',#1508);
#51=PLANE('',#1515);
#52=PLANE('',#1527);
#53=PLANE('',#1535);
#54=PLANE('',#1546);
#55=PLANE('',#1552);
#56=PLANE('',#1555);
#57=PLANE('',#1559);
#58=PLANE('',#1560);
#59=PLANE('',#1566);
#60=PLANE('',#1572);
#61=PLANE('',#1575);
#62=PLANE('',#1576);
#63=PLANE('',#1577);
#64=PLANE('',#1578);
#65=PLANE('',#1580);
#66=PLANE('',#1582);
#67=PLANE('',#1586);
#68=PLANE('',#1590);
#69=PLANE('',#1592);
#70=PLANE('',#1598);
#71=PLANE('',#1603);
#72=PLANE('',#1606);
#73=PLANE('',#1609);
#74=PLANE('',#1610);
#75=PLANE('',#1621);
#76=PLANE('',#1622);
#77=PLANE('',#1623);
#78=PLANE('',#1625);
#79=PLANE('',#1627);
#80=PLANE('',#1632);
#81=PLANE('',#1635);
#82=PLANE('',#1640);
#83=PLANE('',#1652);
#84=FACE_OUTER_BOUND('',#162,.T.);
#85=FACE_OUTER_BOUND('',#163,.T.);
#86=FACE_OUTER_BOUND('',#164,.T.);
#87=FACE_OUTER_BOUND('',#165,.T.);
#88=FACE_OUTER_BOUND('',#166,.T.);
#89=FACE_OUTER_BOUND('',#171,.T.);
#90=FACE_OUTER_BOUND('',#172,.T.);
#91=FACE_OUTER_BOUND('',#173,.T.);
#92=FACE_OUTER_BOUND('',#174,.T.);
#93=FACE_OUTER_BOUND('',#175,.T.);
#94=FACE_OUTER_BOUND('',#176,.T.);
#95=FACE_OUTER_BOUND('',#181,.T.);
#96=FACE_OUTER_BOUND('',#182,.T.);
#97=FACE_OUTER_BOUND('',#183,.T.);
#98=FACE_OUTER_BOUND('',#184,.T.);
#99=FACE_OUTER_BOUND('',#185,.T.);
#100=FACE_OUTER_BOUND('',#186,.T.);
#101=FACE_OUTER_BOUND('',#187,.T.);
#102=FACE_OUTER_BOUND('',#188,.T.);
#103=FACE_OUTER_BOUND('',#189,.T.);
#104=FACE_OUTER_BOUND('',#190,.T.);
#105=FACE_OUTER_BOUND('',#191,.T.);
#106=FACE_OUTER_BOUND('',#192,.T.);
#107=FACE_OUTER_BOUND('',#193,.T.);
#108=FACE_OUTER_BOUND('',#198,.T.);
#109=FACE_OUTER_BOUND('',#199,.T.);
#110=FACE_OUTER_BOUND('',#200,.T.);
#111=FACE_OUTER_BOUND('',#201,.T.);
#112=FACE_OUTER_BOUND('',#202,.T.);
#113=FACE_OUTER_BOUND('',#203,.T.);
#114=FACE_OUTER_BOUND('',#204,.T.);
#115=FACE_OUTER_BOUND('',#205,.T.);
#116=FACE_OUTER_BOUND('',#206,.T.);
#117=FACE_OUTER_BOUND('',#207,.T.);
#118=FACE_OUTER_BOUND('',#208,.T.);
#119=FACE_OUTER_BOUND('',#209,.T.);
#120=FACE_OUTER_BOUND('',#210,.T.);
#121=FACE_OUTER_BOUND('',#211,.T.);
#122=FACE_OUTER_BOUND('',#212,.T.);
#123=FACE_OUTER_BOUND('',#213,.T.);
#124=FACE_OUTER_BOUND('',#215,.T.);
#125=FACE_OUTER_BOUND('',#216,.T.);
#126=FACE_OUTER_BOUND('',#218,.T.);
#127=FACE_OUTER_BOUND('',#220,.T.);
#128=FACE_OUTER_BOUND('',#221,.T.);
#129=FACE_OUTER_BOUND('',#222,.T.);
#130=FACE_OUTER_BOUND('',#223,.T.);
#131=FACE_OUTER_BOUND('',#224,.T.);
#132=FACE_OUTER_BOUND('',#225,.T.);
#133=FACE_OUTER_BOUND('',#226,.T.);
#134=FACE_OUTER_BOUND('',#227,.T.);
#135=FACE_OUTER_BOUND('',#228,.T.);
#136=FACE_OUTER_BOUND('',#229,.T.);
#137=FACE_OUTER_BOUND('',#230,.T.);
#138=FACE_OUTER_BOUND('',#232,.T.);
#139=FACE_OUTER_BOUND('',#233,.T.);
#140=FACE_OUTER_BOUND('',#234,.T.);
#141=FACE_OUTER_BOUND('',#235,.T.);
#142=FACE_OUTER_BOUND('',#236,.T.);
#143=FACE_OUTER_BOUND('',#237,.T.);
#144=FACE_OUTER_BOUND('',#242,.T.);
#145=FACE_OUTER_BOUND('',#243,.T.);
#146=FACE_OUTER_BOUND('',#244,.T.);
#147=FACE_OUTER_BOUND('',#245,.T.);
#148=FACE_OUTER_BOUND('',#246,.T.);
#149=FACE_OUTER_BOUND('',#247,.T.);
#150=FACE_OUTER_BOUND('',#248,.T.);
#151=FACE_OUTER_BOUND('',#249,.T.);
#152=FACE_OUTER_BOUND('',#250,.T.);
#153=FACE_OUTER_BOUND('',#251,.T.);
#154=FACE_OUTER_BOUND('',#252,.T.);
#155=FACE_OUTER_BOUND('',#253,.T.);
#156=FACE_OUTER_BOUND('',#254,.T.);
#157=FACE_OUTER_BOUND('',#258,.T.);
#158=FACE_OUTER_BOUND('',#259,.T.);
#159=FACE_OUTER_BOUND('',#260,.T.);
#160=FACE_OUTER_BOUND('',#261,.T.);
#161=FACE_OUTER_BOUND('',#262,.T.);
#162=EDGE_LOOP('',(#940,#941,#942,#943));
#163=EDGE_LOOP('',(#944,#945,#946,#947,#948,#949,#950,#951));
#164=EDGE_LOOP('',(#952,#953,#954,#955));
#165=EDGE_LOOP('',(#956,#957,#958,#959,#960,#961));
#166=EDGE_LOOP('',(#962,#963,#964,#965,#966,#967,#968,#969,#970,#971,#972,
#973));
#167=EDGE_LOOP('',(#974));
#168=EDGE_LOOP('',(#975));
#169=EDGE_LOOP('',(#976));
#170=EDGE_LOOP('',(#977));
#171=EDGE_LOOP('',(#978,#979,#980,#981,#982,#983,#984,#985,#986));
#172=EDGE_LOOP('',(#987,#988,#989,#990));
#173=EDGE_LOOP('',(#991,#992,#993,#994));
#174=EDGE_LOOP('',(#995,#996,#997,#998));
#175=EDGE_LOOP('',(#999,#1000,#1001,#1002));
#176=EDGE_LOOP('',(#1003,#1004,#1005,#1006,#1007,#1008));
#177=EDGE_LOOP('',(#1009));
#178=EDGE_LOOP('',(#1010));
#179=EDGE_LOOP('',(#1011));
#180=EDGE_LOOP('',(#1012));
#181=EDGE_LOOP('',(#1013,#1014,#1015,#1016));
#182=EDGE_LOOP('',(#1017,#1018,#1019,#1020,#1021,#1022,#1023,#1024,#1025,
#1026));
#183=EDGE_LOOP('',(#1027,#1028,#1029,#1030,#1031,#1032,#1033,#1034,#1035,
#1036));
#184=EDGE_LOOP('',(#1037,#1038,#1039,#1040));
#185=EDGE_LOOP('',(#1041,#1042,#1043,#1044));
#186=EDGE_LOOP('',(#1045,#1046,#1047,#1048,#1049,#1050,#1051,#1052,#1053,
#1054,#1055,#1056,#1057));
#187=EDGE_LOOP('',(#1058,#1059,#1060,#1061));
#188=EDGE_LOOP('',(#1062,#1063,#1064,#1065,#1066));
#189=EDGE_LOOP('',(#1067,#1068,#1069,#1070,#1071));
#190=EDGE_LOOP('',(#1072,#1073,#1074,#1075));
#191=EDGE_LOOP('',(#1076,#1077,#1078,#1079,#1080));
#192=EDGE_LOOP('',(#1081,#1082,#1083,#1084));
#193=EDGE_LOOP('',(#1085,#1086,#1087,#1088,#1089,#1090));
#194=EDGE_LOOP('',(#1091));
#195=EDGE_LOOP('',(#1092));
#196=EDGE_LOOP('',(#1093));
#197=EDGE_LOOP('',(#1094));
#198=EDGE_LOOP('',(#1095,#1096,#1097,#1098));
#199=EDGE_LOOP('',(#1099,#1100,#1101,#1102));
#200=EDGE_LOOP('',(#1103,#1104,#1105,#1106));
#201=EDGE_LOOP('',(#1107,#1108,#1109,#1110));
#202=EDGE_LOOP('',(#1111,#1112,#1113,#1114));
#203=EDGE_LOOP('',(#1115,#1116,#1117,#1118));
#204=EDGE_LOOP('',(#1119,#1120,#1121,#1122));
#205=EDGE_LOOP('',(#1123,#1124,#1125,#1126));
#206=EDGE_LOOP('',(#1127,#1128,#1129,#1130,#1131,#1132));
#207=EDGE_LOOP('',(#1133,#1134,#1135,#1136,#1137));
#208=EDGE_LOOP('',(#1138,#1139,#1140,#1141));
#209=EDGE_LOOP('',(#1142,#1143,#1144,#1145,#1146,#1147,#1148,#1149));
#210=EDGE_LOOP('',(#1150,#1151,#1152,#1153,#1154,#1155));
#211=EDGE_LOOP('',(#1156,#1157,#1158,#1159,#1160));
#212=EDGE_LOOP('',(#1161,#1162,#1163,#1164));
#213=EDGE_LOOP('',(#1165,#1166));
#214=EDGE_LOOP('',(#1167));
#215=EDGE_LOOP('',(#1168,#1169,#1170,#1171));
#216=EDGE_LOOP('',(#1172));
#217=EDGE_LOOP('',(#1173));
#218=EDGE_LOOP('',(#1174));
#219=EDGE_LOOP('',(#1175));
#220=EDGE_LOOP('',(#1176,#1177,#1178,#1179));
#221=EDGE_LOOP('',(#1180,#1181,#1182,#1183));
#222=EDGE_LOOP('',(#1184,#1185,#1186,#1187,#1188));
#223=EDGE_LOOP('',(#1189,#1190,#1191,#1192));
#224=EDGE_LOOP('',(#1193,#1194,#1195,#1196));
#225=EDGE_LOOP('',(#1197,#1198,#1199,#1200));
#226=EDGE_LOOP('',(#1201,#1202,#1203,#1204));
#227=EDGE_LOOP('',(#1205,#1206,#1207,#1208,#1209,#1210,#1211,#1212,#1213,
#1214,#1215,#1216));
#228=EDGE_LOOP('',(#1217,#1218,#1219,#1220));
#229=EDGE_LOOP('',(#1221,#1222,#1223,#1224,#1225));
#230=EDGE_LOOP('',(#1226,#1227,#1228,#1229,#1230,#1231,#1232,#1233,#1234,
#1235,#1236,#1237));
#231=EDGE_LOOP('',(#1238));
#232=EDGE_LOOP('',(#1239,#1240,#1241,#1242));
#233=EDGE_LOOP('',(#1243,#1244,#1245,#1246));
#234=EDGE_LOOP('',(#1247,#1248,#1249,#1250));
#235=EDGE_LOOP('',(#1251,#1252,#1253,#1254));
#236=EDGE_LOOP('',(#1255,#1256,#1257,#1258));
#237=EDGE_LOOP('',(#1259,#1260,#1261,#1262,#1263,#1264));
#238=EDGE_LOOP('',(#1265));
#239=EDGE_LOOP('',(#1266));
#240=EDGE_LOOP('',(#1267));
#241=EDGE_LOOP('',(#1268));
#242=EDGE_LOOP('',(#1269,#1270,#1271,#1272,#1273));
#243=EDGE_LOOP('',(#1274,#1275,#1276,#1277,#1278,#1279));
#244=EDGE_LOOP('',(#1280,#1281,#1282,#1283));
#245=EDGE_LOOP('',(#1284,#1285,#1286,#1287));
#246=EDGE_LOOP('',(#1288,#1289,#1290,#1291));
#247=EDGE_LOOP('',(#1292,#1293,#1294,#1295,#1296,#1297,#1298,#1299,#1300,
#1301,#1302));
#248=EDGE_LOOP('',(#1303,#1304,#1305,#1306));
#249=EDGE_LOOP('',(#1307,#1308,#1309,#1310));
#250=EDGE_LOOP('',(#1311,#1312,#1313,#1314));
#251=EDGE_LOOP('',(#1315,#1316,#1317,#1318));
#252=EDGE_LOOP('',(#1319,#1320,#1321,#1322));
#253=EDGE_LOOP('',(#1323,#1324,#1325,#1326,#1327));
#254=EDGE_LOOP('',(#1328,#1329,#1330,#1331,#1332,#1333));
#255=EDGE_LOOP('',(#1334));
#256=EDGE_LOOP('',(#1335));
#257=EDGE_LOOP('',(#1336));
#258=EDGE_LOOP('',(#1337,#1338,#1339,#1340,#1341));
#259=EDGE_LOOP('',(#1342,#1343,#1344,#1345,#1346));
#260=EDGE_LOOP('',(#1347,#1348,#1349,#1350,#1351));
#261=EDGE_LOOP('',(#1352,#1353,#1354,#1355));
#262=EDGE_LOOP('',(#1356));
#263=EDGE_LOOP('',(#1357));
#264=EDGE_LOOP('',(#1358));
#265=EDGE_LOOP('',(#1359));
#266=CIRCLE('',#1499,3.);
#267=CIRCLE('',#1501,2.99999999999999);
#268=CIRCLE('',#1502,2.99999999999999);
#269=CIRCLE('',#1503,9.81985117133101);
#270=CIRCLE('',#1505,3.);
#271=CIRCLE('',#1507,8.);
#272=CIRCLE('',#1509,3.);
#273=CIRCLE('',#1510,3.);
#274=CIRCLE('',#1511,2.55000000000005);
#275=CIRCLE('',#1512,2.55000000000005);
#276=CIRCLE('',#1513,2.55000000000005);
#277=CIRCLE('',#1514,2.55000000000005);
#278=CIRCLE('',#1517,2.);
#279=CIRCLE('',#1518,15.);
#280=CIRCLE('',#1519,17.);
#281=CIRCLE('',#1521,2.);
#282=CIRCLE('',#1522,2.);
#283=CIRCLE('',#1523,3.);
#284=CIRCLE('',#1524,1.);
#285=CIRCLE('',#1526,2.);
#286=CIRCLE('',#1528,3.);
#287=CIRCLE('',#1529,2.55);
#288=CIRCLE('',#1530,2.55);
#289=CIRCLE('',#1531,2.55);
#290=CIRCLE('',#1532,2.55);
#291=CIRCLE('',#1534,3.);
#292=CIRCLE('',#1536,5.);
#293=CIRCLE('',#1538,15.);
#294=CIRCLE('',#1539,15.);
#295=CIRCLE('',#1540,15.);
#296=CIRCLE('',#1542,2.);
#297=CIRCLE('',#1543,17.);
#298=CIRCLE('',#1545,2.);
#299=CIRCLE('',#1547,2.99999999999999);
#300=CIRCLE('',#1548,4.);
#301=CIRCLE('',#1550,2.);
#302=CIRCLE('',#1551,2.);
#303=CIRCLE('',#1554,4.);
#304=CIRCLE('',#1557,4.);
#305=CIRCLE('',#1558,4.);
#306=CIRCLE('',#1561,3.);
#307=CIRCLE('',#1562,2.55000000000005);
#308=CIRCLE('',#1563,2.55000000000005);
#309=CIRCLE('',#1564,2.55000000000005);
#310=CIRCLE('',#1565,2.55000000000005);
#311=CIRCLE('',#1574,3.);
#312=CIRCLE('',#1579,3.);
#313=CIRCLE('',#1581,5.);
#314=CIRCLE('',#1584,6.6);
#315=CIRCLE('',#1585,6.6);
#316=CIRCLE('',#1588,2.5);
#317=CIRCLE('',#1589,2.5);
#318=CIRCLE('',#1591,18.65);
#319=CIRCLE('',#1594,18.65);
#320=CIRCLE('',#1596,13.);
#321=CIRCLE('',#1597,13.);
#322=CIRCLE('',#1600,2.99999999999999);
#323=CIRCLE('',#1602,2.99999999999999);
#324=CIRCLE('',#1605,2.99999999999999);
#325=CIRCLE('',#1608,3.);
#326=CIRCLE('',#1612,2.55);
#327=CIRCLE('',#1614,2.55);
#328=CIRCLE('',#1616,2.55);
#329=CIRCLE('',#1618,2.55);
#330=CIRCLE('',#1620,3.);
#331=CIRCLE('',#1624,13.);
#332=CIRCLE('',#1629,13.);
#333=CIRCLE('',#1630,13.);
#334=CIRCLE('',#1637,3.2);
#335=CIRCLE('',#1638,1.55);
#336=CIRCLE('',#1639,1.55);
#337=CIRCLE('',#1641,3.2);
#338=CIRCLE('',#1642,3.6);
#339=CIRCLE('',#1644,1.55);
#340=CIRCLE('',#1646,1.55);
#341=CIRCLE('',#1647,1.55);
#342=CIRCLE('',#1649,1.55);
#343=CIRCLE('',#1651,3.6);
#344=LINE('',#2102,#464);
#345=LINE('',#2105,#465);
#346=LINE('',#2108,#466);
#347=LINE('',#2112,#467);
#348=LINE('',#2116,#468);
#349=LINE('',#2118,#469);
#350=LINE('',#2136,#470);
#351=LINE('',#2149,#471);
#352=LINE('',#2150,#472);
#353=LINE('',#2152,#473);
#354=LINE('',#2156,#474);
#355=LINE('',#2160,#475);
#356=LINE('',#2161,#476);
#357=LINE('',#2172,#477);
#358=LINE('',#2174,#478);
#359=LINE('',#2176,#479);
#360=LINE('',#2178,#480);
#361=LINE('',#2180,#481);
#362=LINE('',#2181,#482);
#363=LINE('',#2206,#483);
#364=LINE('',#2207,#484);
#365=LINE('',#2226,#485);
#366=LINE('',#2227,#486);
#367=LINE('',#2230,#487);
#368=LINE('',#2232,#488);
#369=LINE('',#2236,#489);
#370=LINE('',#2237,#490);
#371=LINE('',#2249,#491);
#372=LINE('',#2252,#492);
#373=LINE('',#2254,#493);
#374=LINE('',#2256,#494);
#375=LINE('',#2258,#495);
#376=LINE('',#2260,#496);
#377=LINE('',#2264,#497);
#378=LINE('',#2265,#498);
#379=LINE('',#2292,#499);
#380=LINE('',#2296,#500);
#381=LINE('',#2299,#501);
#382=LINE('',#2321,#502);
#383=LINE('',#2322,#503);
#384=LINE('',#2324,#504);
#385=LINE('',#2326,#505);
#386=LINE('',#2328,#506);
#387=LINE('',#2330,#507);
#388=LINE('',#2332,#508);
#389=LINE('',#2333,#509);
#390=LINE('',#2337,#510);
#391=LINE('',#2344,#511);
#392=LINE('',#2347,#512);
#393=LINE('',#2349,#513);
#394=LINE('',#2350,#514);
#395=LINE('',#2353,#515);
#396=LINE('',#2357,#516);
#397=LINE('',#2359,#517);
#398=LINE('',#2361,#518);
#399=LINE('',#2362,#519);
#400=LINE('',#2367,#520);
#401=LINE('',#2371,#521);
#402=LINE('',#2373,#522);
#403=LINE('',#2375,#523);
#404=LINE('',#2376,#524);
#405=LINE('',#2379,#525);
#406=LINE('',#2381,#526);
#407=LINE('',#2383,#527);
#408=LINE('',#2386,#528);
#409=LINE('',#2396,#529);
#410=LINE('',#2397,#530);
#411=LINE('',#2399,#531);
#412=LINE('',#2401,#532);
#413=LINE('',#2403,#533);
#414=LINE('',#2405,#534);
#415=LINE('',#2407,#535);
#416=LINE('',#2408,#536);
#417=LINE('',#2412,#537);
#418=LINE('',#2416,#538);
#419=LINE('',#2417,#539);
#420=LINE('',#2419,#540);
#421=LINE('',#2423,#541);
#422=LINE('',#2426,#542);
#423=LINE('',#2429,#543);
#424=LINE('',#2433,#544);
#425=LINE('',#2434,#545);
#426=LINE('',#2436,#546);
#427=LINE('',#2441,#547);
#428=LINE('',#2448,#548);
#429=LINE('',#2457,#549);
#430=LINE('',#2463,#550);
#431=LINE('',#2464,#551);
#432=LINE('',#2469,#552);
#433=LINE('',#2473,#553);
#434=LINE('',#2474,#554);
#435=LINE('',#2477,#555);
#436=LINE('',#2480,#556);
#437=LINE('',#2482,#557);
#438=LINE('',#2483,#558);
#439=LINE('',#2486,#559);
#440=LINE('',#2489,#560);
#441=LINE('',#2493,#561);
#442=LINE('',#2497,#562);
#443=LINE('',#2501,#563);
#444=LINE('',#2505,#564);
#445=LINE('',#2510,#565);
#446=LINE('',#2512,#566);
#447=LINE('',#2513,#567);
#448=LINE('',#2517,#568);
#449=LINE('',#2520,#569);
#450=LINE('',#2524,#570);
#451=LINE('',#2537,#571);
#452=LINE('',#2538,#572);
#453=LINE('',#2565,#573);
#454=LINE('',#2568,#574);
#455=LINE('',#2580,#575);
#456=LINE('',#2582,#576);
#457=LINE('',#2584,#577);
#458=LINE('',#2586,#578);
#459=LINE('',#2592,#579);
#460=LINE('',#2603,#580);
#461=LINE('',#2607,#581);
#462=LINE('',#2613,#582);
#463=LINE('',#2617,#583);
#464=VECTOR('',#1657,10.);
#465=VECTOR('',#1660,10.);
#466=VECTOR('',#1663,10.);
#467=VECTOR('',#1666,10.);
#468=VECTOR('',#1669,10.);
#469=VECTOR('',#1670,10.);
#470=VECTOR('',#1677,10.);
#471=VECTOR('',#1684,10.);
#472=VECTOR('',#1685,10.);
#473=VECTOR('',#1686,10.);
#474=VECTOR('',#1689,10.);
#475=VECTOR('',#1692,10.);
#476=VECTOR('',#1693,10.);
#477=VECTOR('',#1704,10.);
#478=VECTOR('',#1705,10.);
#479=VECTOR('',#1706,10.);
#480=VECTOR('',#1707,10.);
#481=VECTOR('',#1708,10.);
#482=VECTOR('',#1709,10.);
#483=VECTOR('',#1722,10.);
#484=VECTOR('',#1723,10.);
#485=VECTOR('',#1734,10.);
#486=VECTOR('',#1735,10.);
#487=VECTOR('',#1738,10.);
#488=VECTOR('',#1739,10.);
#489=VECTOR('',#1742,10.);
#490=VECTOR('',#1743,10.);
#491=VECTOR('',#1756,10.);
#492=VECTOR('',#1759,10.);
#493=VECTOR('',#1760,10.);
#494=VECTOR('',#1761,10.);
#495=VECTOR('',#1762,10.);
#496=VECTOR('',#1763,10.);
#497=VECTOR('',#1766,10.);
#498=VECTOR('',#1767,10.);
#499=VECTOR('',#1772,10.);
#500=VECTOR('',#1775,4.);
#501=VECTOR('',#1778,4.);
#502=VECTOR('',#1789,10.);
#503=VECTOR('',#1790,10.);
#504=VECTOR('',#1793,10.);
#505=VECTOR('',#1794,10.);
#506=VECTOR('',#1795,10.);
#507=VECTOR('',#1796,10.);
#508=VECTOR('',#1797,10.);
#509=VECTOR('',#1798,10.);
#510=VECTOR('',#1801,10.);
#511=VECTOR('',#1810,10.);
#512=VECTOR('',#1813,10.);
#513=VECTOR('',#1814,10.);
#514=VECTOR('',#1815,10.);
#515=VECTOR('',#1818,10.);
#516=VECTOR('',#1823,10.);
#517=VECTOR('',#1824,10.);
#518=VECTOR('',#1825,10.);
#519=VECTOR('',#1826,10.);
#520=VECTOR('',#1831,10.);
#521=VECTOR('',#1836,10.);
#522=VECTOR('',#1837,10.);
#523=VECTOR('',#1838,10.);
#524=VECTOR('',#1839,10.);
#525=VECTOR('',#1842,10.);
#526=VECTOR('',#1843,10.);
#527=VECTOR('',#1844,10.);
#528=VECTOR('',#1847,10.);
#529=VECTOR('',#1858,10.);
#530=VECTOR('',#1859,10.);
#531=VECTOR('',#1862,2.55000000000005);
#532=VECTOR('',#1865,2.55000000000005);
#533=VECTOR('',#1868,2.55000000000005);
#534=VECTOR('',#1871,2.55000000000005);
#535=VECTOR('',#1874,10.);
#536=VECTOR('',#1875,10.);
#537=VECTOR('',#1880,10.);
#538=VECTOR('',#1885,10.);
#539=VECTOR('',#1886,10.);
#540=VECTOR('',#1889,10.);
#541=VECTOR('',#1894,10.);
#542=VECTOR('',#1897,10.);
#543=VECTOR('',#1900,10.);
#544=VECTOR('',#1903,10.);
#545=VECTOR('',#1904,10.);
#546=VECTOR('',#1907,10.);
#547=VECTOR('',#1912,6.6);
#548=VECTOR('',#1921,2.5);
#549=VECTOR('',#1934,18.65);
#550=VECTOR('',#1943,10.);
#551=VECTOR('',#1944,10.);
#552=VECTOR('',#1951,10.);
#553=VECTOR('',#1956,10.);
#554=VECTOR('',#1957,10.);
#555=VECTOR('',#1960,10.);
#556=VECTOR('',#1965,10.);
#557=VECTOR('',#1966,10.);
#558=VECTOR('',#1967,10.);
#559=VECTOR('',#1970,10.);
#560=VECTOR('',#1975,10.);
#561=VECTOR('',#1980,2.55);
#562=VECTOR('',#1985,2.55);
#563=VECTOR('',#1990,2.55);
#564=VECTOR('',#1995,2.55);
#565=VECTOR('',#2002,10.);
#566=VECTOR('',#2005,10.);
#567=VECTOR('',#2006,10.);
#568=VECTOR('',#2011,10.);
#569=VECTOR('',#2014,10.);
#570=VECTOR('',#2019,10.);
#571=VECTOR('',#2022,10.);
#572=VECTOR('',#2023,10.);
#573=VECTOR('',#2028,13.);
#574=VECTOR('',#2031,10.);
#575=VECTOR('',#2034,10.);
#576=VECTOR('',#2037,10.);
#577=VECTOR('',#2040,10.);
#578=VECTOR('',#2043,10.);
#579=VECTOR('',#2050,2.375);
#580=VECTOR('',#2063,1.55);
#581=VECTOR('',#2068,2.375);
#582=VECTOR('',#2075,1.55);
#583=VECTOR('',#2080,3.6);
#584=B_SPLINE_CURVE_WITH_KNOTS('',3,(#2089,#2090,#2091,#2092,#2093,#2094,
#2095,#2096,#2097,#2098,#2099,#2100),.UNSPECIFIED.,.F.,.F.,(4,2,2,2,2,4),
(0.459417570646866,0.510729898361347,0.665910389804941,0.821090881248535,
0.972147430661057,1.03154099890071),.UNSPECIFIED.);
#585=B_SPLINE_CURVE_WITH_KNOTS('',3,(#2122,#2123,#2124,#2125,#2126,#2127,
#2128,#2129,#2130,#2131,#2132,#2133),.UNSPECIFIED.,.F.,.F.,(4,2,2,2,2,4),
(-1.03154099890071,-0.972147430661057,-0.821090881248535,-0.665910389804941,
-0.510729898361347,-0.459417570646865),.UNSPECIFIED.);
#586=B_SPLINE_CURVE_WITH_KNOTS('',3,(#2189,#2190,#2191,#2192,#2193,#2194,
#2195,#2196,#2197,#2198,#2199,#2200),.UNSPECIFIED.,.F.,.F.,(4,2,2,2,2,4),
(1.08731461791778,1.13044194843355,1.22972111148964,1.36633998470305,1.49852899268604,
1.49940861809824),.UNSPECIFIED.);
#587=B_SPLINE_CURVE_WITH_KNOTS('',3,(#2268,#2269,#2270,#2271,#2272,#2273,
#2274,#2275,#2276,#2277),.UNSPECIFIED.,.F.,.F.,(4,2,2,2,4),(0.,0.188484157078222,
0.376968314156444,0.569965566928748,0.762962819701052),.UNSPECIFIED.);
#588=B_SPLINE_CURVE_WITH_KNOTS('',3,(#2281,#2282,#2283,#2284,#2285,#2286,
#2287,#2288,#2289,#2290),.UNSPECIFIED.,.F.,.F.,(4,2,2,2,4),(2.38910170106153,
2.58209895383383,2.77509620660614,2.96358036368436,3.15206452076258),
 .UNSPECIFIED.);
#589=B_SPLINE_CURVE_WITH_KNOTS('',3,(#2305,#2306,#2307,#2308,#2309,#2310,
#2311,#2312,#2313,#2314,#2315,#2316),.UNSPECIFIED.,.F.,.F.,(4,2,2,2,2,4),
(-0.00100170416810981,0.,0.120957164534914,0.235415075457979,0.352387094486406,
0.438432483300441),.UNSPECIFIED.);
#590=B_SPLINE_CURVE_WITH_KNOTS('',3,(#2525,#2526,#2527,#2528,#2529,#2530,
#2531,#2532,#2533,#2534),.UNSPECIFIED.,.F.,.F.,(4,2,2,2,4),(2.45504371793103,
2.64971475297256,2.84438578801409,3.03291704313114,3.22144829824819),
 .UNSPECIFIED.);
#591=B_SPLINE_CURVE_WITH_KNOTS('',3,(#2541,#2542,#2543,#2544,#2545,#2546,
#2547,#2548,#2549,#2550),.UNSPECIFIED.,.F.,.F.,(4,2,2,2,4),(1.61072414912409,
1.79925540424115,1.9877866593582,2.18245769439972,2.37712872944125),
 .UNSPECIFIED.);
#592=B_SPLINE_CURVE_WITH_KNOTS('',3,(#2554,#2555,#2556,#2557,#2558,#2559,
#2560,#2561,#2562,#2563),.UNSPECIFIED.,.F.,.F.,(4,2,2,2,4),(0.84431956880694,
1.03899060384847,1.23366163888999,1.42219289400704,1.61072414912409),
 .UNSPECIFIED.);
#593=B_SPLINE_CURVE_WITH_KNOTS('',3,(#2569,#2570,#2571,#2572,#2573,#2574,
#2575,#2576,#2577,#2578),.UNSPECIFIED.,.F.,.F.,(4,2,2,2,4),(3.22144829824819,
3.40997955336524,3.59851080848229,3.79318184352382,3.98785287856534),
 .UNSPECIFIED.);
#594=VERTEX_POINT('',#2087);
#595=VERTEX_POINT('',#2088);
#596=VERTEX_POINT('',#2101);
#597=VERTEX_POINT('',#2103);
#598=VERTEX_POINT('',#2107);
#599=VERTEX_POINT('',#2109);
#600=VERTEX_POINT('',#2111);
#601=VERTEX_POINT('',#2113);
#602=VERTEX_POINT('',#2115);
#603=VERTEX_POINT('',#2117);
#604=VERTEX_POINT('',#2121);
#605=VERTEX_POINT('',#2134);
#606=VERTEX_POINT('',#2138);
#607=VERTEX_POINT('',#2142);
#608=VERTEX_POINT('',#2148);
#609=VERTEX_POINT('',#2151);
#610=VERTEX_POINT('',#2153);
#611=VERTEX_POINT('',#2155);
#612=VERTEX_POINT('',#2157);
#613=VERTEX_POINT('',#2159);
#614=VERTEX_POINT('',#2162);
#615=VERTEX_POINT('',#2164);
#616=VERTEX_POINT('',#2166);
#617=VERTEX_POINT('',#2168);
#618=VERTEX_POINT('',#2171);
#619=VERTEX_POINT('',#2173);
#620=VERTEX_POINT('',#2175);
#621=VERTEX_POINT('',#2177);
#622=VERTEX_POINT('',#2179);
#623=VERTEX_POINT('',#2183);
#624=VERTEX_POINT('',#2184);
#625=VERTEX_POINT('',#2186);
#626=VERTEX_POINT('',#2188);
#627=VERTEX_POINT('',#2203);
#628=VERTEX_POINT('',#2204);
#629=VERTEX_POINT('',#2217);
#630=VERTEX_POINT('',#2218);
#631=VERTEX_POINT('',#2223);
#632=VERTEX_POINT('',#2224);
#633=VERTEX_POINT('',#2229);
#634=VERTEX_POINT('',#2231);
#635=VERTEX_POINT('',#2233);
#636=VERTEX_POINT('',#2235);
#637=VERTEX_POINT('',#2238);
#638=VERTEX_POINT('',#2240);
#639=VERTEX_POINT('',#2242);
#640=VERTEX_POINT('',#2244);
#641=VERTEX_POINT('',#2247);
#642=VERTEX_POINT('',#2251);
#643=VERTEX_POINT('',#2253);
#644=VERTEX_POINT('',#2255);
#645=VERTEX_POINT('',#2257);
#646=VERTEX_POINT('',#2259);
#647=VERTEX_POINT('',#2261);
#648=VERTEX_POINT('',#2263);
#649=VERTEX_POINT('',#2267);
#650=VERTEX_POINT('',#2278);
#651=VERTEX_POINT('',#2280);
#652=VERTEX_POINT('',#2291);
#653=VERTEX_POINT('',#2293);
#654=VERTEX_POINT('',#2295);
#655=VERTEX_POINT('',#2297);
#656=VERTEX_POINT('',#2301);
#657=VERTEX_POINT('',#2303);
#658=VERTEX_POINT('',#2318);
#659=VERTEX_POINT('',#2319);
#660=VERTEX_POINT('',#2325);
#661=VERTEX_POINT('',#2327);
#662=VERTEX_POINT('',#2329);
#663=VERTEX_POINT('',#2331);
#664=VERTEX_POINT('',#2334);
#665=VERTEX_POINT('',#2336);
#666=VERTEX_POINT('',#2340);
#667=VERTEX_POINT('',#2342);
#668=VERTEX_POINT('',#2346);
#669=VERTEX_POINT('',#2348);
#670=VERTEX_POINT('',#2352);
#671=VERTEX_POINT('',#2356);
#672=VERTEX_POINT('',#2358);
#673=VERTEX_POINT('',#2360);
#674=VERTEX_POINT('',#2364);
#675=VERTEX_POINT('',#2366);
#676=VERTEX_POINT('',#2370);
#677=VERTEX_POINT('',#2372);
#678=VERTEX_POINT('',#2374);
#679=VERTEX_POINT('',#2378);
#680=VERTEX_POINT('',#2380);
#681=VERTEX_POINT('',#2382);
#682=VERTEX_POINT('',#2384);
#683=VERTEX_POINT('',#2387);
#684=VERTEX_POINT('',#2389);
#685=VERTEX_POINT('',#2391);
#686=VERTEX_POINT('',#2393);
#687=VERTEX_POINT('',#2411);
#688=VERTEX_POINT('',#2415);
#689=VERTEX_POINT('',#2422);
#690=VERTEX_POINT('',#2424);
#691=VERTEX_POINT('',#2428);
#692=VERTEX_POINT('',#2430);
#693=VERTEX_POINT('',#2432);
#694=VERTEX_POINT('',#2438);
#695=VERTEX_POINT('',#2440);
#696=VERTEX_POINT('',#2445);
#697=VERTEX_POINT('',#2447);
#698=VERTEX_POINT('',#2451);
#699=VERTEX_POINT('',#2455);
#700=VERTEX_POINT('',#2462);
#701=VERTEX_POINT('',#2468);
#702=VERTEX_POINT('',#2472);
#703=VERTEX_POINT('',#2476);
#704=VERTEX_POINT('',#2481);
#705=VERTEX_POINT('',#2485);
#706=VERTEX_POINT('',#2492);
#707=VERTEX_POINT('',#2496);
#708=VERTEX_POINT('',#2500);
#709=VERTEX_POINT('',#2504);
#710=VERTEX_POINT('',#2508);
#711=VERTEX_POINT('',#2516);
#712=VERTEX_POINT('',#2518);
#713=VERTEX_POINT('',#2523);
#714=VERTEX_POINT('',#2536);
#715=VERTEX_POINT('',#2540);
#716=VERTEX_POINT('',#2551);
#717=VERTEX_POINT('',#2553);
#718=VERTEX_POINT('',#2564);
#719=VERTEX_POINT('',#2567);
#720=VERTEX_POINT('',#2589);
#721=VERTEX_POINT('',#2591);
#722=VERTEX_POINT('',#2593);
#723=VERTEX_POINT('',#2597);
#724=VERTEX_POINT('',#2599);
#725=VERTEX_POINT('',#2602);
#726=VERTEX_POINT('',#2606);
#727=VERTEX_POINT('',#2608);
#728=VERTEX_POINT('',#2612);
#729=VERTEX_POINT('',#2616);
#730=EDGE_CURVE('',#594,#595,#584,.T.);
#731=EDGE_CURVE('',#596,#595,#344,.T.);
#732=EDGE_CURVE('',#596,#597,#266,.F.);
#733=EDGE_CURVE('',#594,#597,#345,.T.);
#734=EDGE_CURVE('',#598,#597,#346,.T.);
#735=EDGE_CURVE('',#599,#598,#267,.T.);
#736=EDGE_CURVE('',#600,#599,#347,.T.);
#737=EDGE_CURVE('',#601,#600,#268,.T.);
#738=EDGE_CURVE('',#602,#601,#348,.T.);
#739=EDGE_CURVE('',#602,#603,#349,.T.);
#740=EDGE_CURVE('',#603,#594,#269,.T.);
#741=EDGE_CURVE('',#604,#603,#585,.T.);
#742=EDGE_CURVE('',#605,#602,#270,.T.);
#743=EDGE_CURVE('',#604,#605,#350,.T.);
#744=EDGE_CURVE('',#606,#604,#44,.T.);
#745=EDGE_CURVE('',#606,#607,#271,.T.);
#746=EDGE_CURVE('',#595,#607,#45,.T.);
#747=EDGE_CURVE('',#596,#608,#351,.T.);
#748=EDGE_CURVE('',#607,#606,#352,.T.);
#749=EDGE_CURVE('',#605,#609,#353,.T.);
#750=EDGE_CURVE('',#609,#610,#272,.T.);
#751=EDGE_CURVE('',#610,#611,#354,.T.);
#752=EDGE_CURVE('',#611,#612,#273,.T.);
#753=EDGE_CURVE('',#612,#613,#355,.T.);
#754=EDGE_CURVE('',#613,#608,#356,.T.);
#755=EDGE_CURVE('',#614,#614,#274,.T.);
#756=EDGE_CURVE('',#615,#615,#275,.T.);
#757=EDGE_CURVE('',#616,#616,#276,.T.);
#758=EDGE_CURVE('',#617,#617,#277,.T.);
#759=EDGE_CURVE('',#618,#609,#357,.T.);
#760=EDGE_CURVE('',#601,#619,#358,.T.);
#761=EDGE_CURVE('',#619,#620,#359,.T.);
#762=EDGE_CURVE('',#621,#620,#360,.T.);
#763=EDGE_CURVE('',#621,#622,#361,.T.);
#764=EDGE_CURVE('',#622,#618,#362,.T.);
#765=EDGE_CURVE('',#623,#624,#278,.T.);
#766=EDGE_CURVE('',#625,#623,#279,.T.);
#767=EDGE_CURVE('',#626,#625,#586,.T.);
#768=EDGE_CURVE('',#624,#626,#280,.T.);
#769=EDGE_CURVE('',#627,#628,#281,.T.);
#770=EDGE_CURVE('',#623,#627,#363,.T.);
#771=EDGE_CURVE('',#628,#624,#364,.T.);
#772=EDGE_CURVE('',#629,#630,#282,.T.);
#773=EDGE_CURVE('',#627,#629,#283,.T.);
#774=EDGE_CURVE('',#630,#628,#284,.T.);
#775=EDGE_CURVE('',#631,#632,#285,.T.);
#776=EDGE_CURVE('',#629,#631,#365,.T.);
#777=EDGE_CURVE('',#632,#630,#366,.T.);
#778=EDGE_CURVE('',#631,#633,#367,.T.);
#779=EDGE_CURVE('',#633,#634,#368,.T.);
#780=EDGE_CURVE('',#634,#635,#286,.T.);
#781=EDGE_CURVE('',#636,#635,#369,.T.);
#782=EDGE_CURVE('',#636,#629,#370,.T.);
#783=EDGE_CURVE('',#637,#637,#287,.T.);
#784=EDGE_CURVE('',#638,#638,#288,.T.);
#785=EDGE_CURVE('',#639,#639,#289,.T.);
#786=EDGE_CURVE('',#640,#640,#290,.T.);
#787=EDGE_CURVE('',#641,#636,#291,.T.);
#788=EDGE_CURVE('',#627,#641,#371,.T.);
#789=EDGE_CURVE('',#642,#641,#372,.T.);
#790=EDGE_CURVE('',#643,#642,#373,.T.);
#791=EDGE_CURVE('',#644,#643,#374,.T.);
#792=EDGE_CURVE('',#645,#644,#375,.T.);
#793=EDGE_CURVE('',#645,#646,#376,.T.);
#794=EDGE_CURVE('',#646,#647,#292,.T.);
#795=EDGE_CURVE('',#648,#647,#377,.T.);
#796=EDGE_CURVE('',#623,#648,#378,.T.);
#797=EDGE_CURVE('',#648,#649,#587,.T.);
#798=EDGE_CURVE('',#650,#649,#293,.T.);
#799=EDGE_CURVE('',#651,#650,#588,.F.);
#800=EDGE_CURVE('',#652,#651,#379,.T.);
#801=EDGE_CURVE('',#652,#653,#294,.T.);
#802=EDGE_CURVE('',#653,#654,#380,.T.);
#803=EDGE_CURVE('',#655,#654,#295,.T.);
#804=EDGE_CURVE('',#655,#625,#381,.T.);
#805=EDGE_CURVE('',#656,#652,#296,.T.);
#806=EDGE_CURVE('',#657,#656,#297,.T.);
#807=EDGE_CURVE('',#653,#657,#589,.T.);
#808=EDGE_CURVE('',#658,#659,#298,.T.);
#809=EDGE_CURVE('',#656,#658,#382,.T.);
#810=EDGE_CURVE('',#659,#652,#383,.T.);
#811=EDGE_CURVE('',#658,#644,#384,.T.);
#812=EDGE_CURVE('',#643,#660,#385,.T.);
#813=EDGE_CURVE('',#661,#660,#386,.T.);
#814=EDGE_CURVE('',#662,#661,#387,.T.);
#815=EDGE_CURVE('',#663,#662,#388,.T.);
#816=EDGE_CURVE('',#622,#663,#389,.T.);
#817=EDGE_CURVE('',#664,#621,#299,.T.);
#818=EDGE_CURVE('',#665,#664,#390,.T.);
#819=EDGE_CURVE('',#657,#665,#300,.F.);
#820=EDGE_CURVE('',#633,#666,#301,.T.);
#821=EDGE_CURVE('',#631,#667,#302,.T.);
#822=EDGE_CURVE('',#666,#667,#391,.T.);
#823=EDGE_CURVE('',#668,#666,#392,.T.);
#824=EDGE_CURVE('',#669,#668,#393,.T.);
#825=EDGE_CURVE('',#669,#634,#394,.T.);
#826=EDGE_CURVE('',#665,#670,#395,.T.);
#827=EDGE_CURVE('',#670,#654,#303,.F.);
#828=EDGE_CURVE('',#670,#671,#396,.T.);
#829=EDGE_CURVE('',#670,#672,#397,.T.);
#830=EDGE_CURVE('',#672,#673,#398,.T.);
#831=EDGE_CURVE('',#671,#673,#399,.T.);
#832=EDGE_CURVE('',#674,#655,#304,.T.);
#833=EDGE_CURVE('',#674,#675,#400,.T.);
#834=EDGE_CURVE('',#626,#675,#305,.T.);
#835=EDGE_CURVE('',#674,#676,#401,.T.);
#836=EDGE_CURVE('',#676,#677,#402,.T.);
#837=EDGE_CURVE('',#677,#678,#403,.T.);
#838=EDGE_CURVE('',#678,#674,#404,.T.);
#839=EDGE_CURVE('',#662,#679,#405,.T.);
#840=EDGE_CURVE('',#661,#680,#406,.T.);
#841=EDGE_CURVE('',#680,#681,#407,.T.);
#842=EDGE_CURVE('',#681,#682,#306,.T.);
#843=EDGE_CURVE('',#682,#679,#408,.T.);
#844=EDGE_CURVE('',#683,#683,#307,.T.);
#845=EDGE_CURVE('',#684,#684,#308,.T.);
#846=EDGE_CURVE('',#685,#685,#309,.T.);
#847=EDGE_CURVE('',#686,#686,#310,.T.);
#848=EDGE_CURVE('',#608,#661,#409,.T.);
#849=EDGE_CURVE('',#680,#613,#410,.T.);
#850=EDGE_CURVE('',#615,#686,#411,.T.);
#851=EDGE_CURVE('',#616,#685,#412,.T.);
#852=EDGE_CURVE('',#614,#684,#413,.T.);
#853=EDGE_CURVE('',#617,#683,#414,.T.);
#854=EDGE_CURVE('',#681,#612,#415,.T.);
#855=EDGE_CURVE('',#682,#611,#416,.T.);
#856=EDGE_CURVE('',#610,#687,#417,.T.);
#857=EDGE_CURVE('',#687,#618,#311,.T.);
#858=EDGE_CURVE('',#688,#687,#418,.T.);
#859=EDGE_CURVE('',#679,#688,#419,.T.);
#860=EDGE_CURVE('',#663,#688,#420,.T.);
#861=EDGE_CURVE('',#689,#675,#421,.T.);
#862=EDGE_CURVE('',#690,#689,#312,.T.);
#863=EDGE_CURVE('',#632,#690,#422,.T.);
#864=EDGE_CURVE('',#651,#691,#423,.T.);
#865=EDGE_CURVE('',#691,#692,#313,.T.);
#866=EDGE_CURVE('',#692,#693,#424,.T.);
#867=EDGE_CURVE('',#659,#693,#425,.T.);
#868=EDGE_CURVE('',#693,#645,#426,.T.);
#869=EDGE_CURVE('',#694,#694,#314,.T.);
#870=EDGE_CURVE('',#694,#695,#427,.T.);
#871=EDGE_CURVE('',#695,#695,#315,.T.);
#872=EDGE_CURVE('',#696,#696,#316,.T.);
#873=EDGE_CURVE('',#696,#697,#428,.T.);
#874=EDGE_CURVE('',#697,#697,#317,.T.);
#875=EDGE_CURVE('',#698,#698,#318,.T.);
#876=EDGE_CURVE('',#699,#699,#319,.T.);
#877=EDGE_CURVE('',#699,#698,#429,.T.);
#878=EDGE_CURVE('',#676,#671,#320,.T.);
#879=EDGE_CURVE('',#673,#677,#321,.T.);
#880=EDGE_CURVE('',#664,#700,#430,.T.);
#881=EDGE_CURVE('',#700,#672,#431,.T.);
#882=EDGE_CURVE('',#620,#700,#322,.T.);
#883=EDGE_CURVE('',#600,#701,#432,.T.);
#884=EDGE_CURVE('',#701,#619,#323,.T.);
#885=EDGE_CURVE('',#599,#702,#433,.T.);
#886=EDGE_CURVE('',#702,#701,#434,.T.);
#887=EDGE_CURVE('',#598,#703,#435,.T.);
#888=EDGE_CURVE('',#703,#702,#324,.T.);
#889=EDGE_CURVE('',#660,#667,#436,.T.);
#890=EDGE_CURVE('',#690,#704,#437,.T.);
#891=EDGE_CURVE('',#704,#703,#438,.T.);
#892=EDGE_CURVE('',#689,#705,#439,.T.);
#893=EDGE_CURVE('',#705,#704,#325,.T.);
#894=EDGE_CURVE('',#678,#705,#440,.T.);
#895=EDGE_CURVE('',#637,#706,#441,.T.);
#896=EDGE_CURVE('',#706,#706,#326,.T.);
#897=EDGE_CURVE('',#638,#707,#442,.T.);
#898=EDGE_CURVE('',#707,#707,#327,.T.);
#899=EDGE_CURVE('',#639,#708,#443,.T.);
#900=EDGE_CURVE('',#708,#708,#328,.T.);
#901=EDGE_CURVE('',#640,#709,#444,.T.);
#902=EDGE_CURVE('',#709,#709,#329,.T.);
#903=EDGE_CURVE('',#710,#669,#330,.T.);
#904=EDGE_CURVE('',#635,#710,#445,.T.);
#905=EDGE_CURVE('',#660,#668,#446,.T.);
#906=EDGE_CURVE('',#710,#642,#447,.T.);
#907=EDGE_CURVE('',#692,#711,#448,.T.);
#908=EDGE_CURVE('',#712,#711,#331,.T.);
#909=EDGE_CURVE('',#712,#646,#449,.T.);
#910=EDGE_CURVE('',#713,#691,#450,.T.);
#911=EDGE_CURVE('',#711,#713,#590,.T.);
#912=EDGE_CURVE('',#651,#714,#451,.T.);
#913=EDGE_CURVE('',#714,#713,#452,.T.);
#914=EDGE_CURVE('',#714,#715,#591,.T.);
#915=EDGE_CURVE('',#716,#715,#332,.T.);
#916=EDGE_CURVE('',#716,#717,#592,.T.);
#917=EDGE_CURVE('',#717,#718,#453,.T.);
#918=EDGE_CURVE('',#718,#718,#333,.T.);
#919=EDGE_CURVE('',#719,#717,#454,.T.);
#920=EDGE_CURVE('',#719,#712,#593,.T.);
#921=EDGE_CURVE('',#647,#719,#455,.T.);
#922=EDGE_CURVE('',#717,#648,#456,.T.);
#923=EDGE_CURVE('',#649,#716,#457,.T.);
#924=EDGE_CURVE('',#715,#650,#458,.T.);
#925=EDGE_CURVE('',#720,#720,#334,.T.);
#926=EDGE_CURVE('',#720,#721,#459,.T.);
#927=EDGE_CURVE('',#722,#721,#335,.T.);
#928=EDGE_CURVE('',#721,#722,#336,.T.);
#929=EDGE_CURVE('',#723,#723,#337,.T.);
#930=EDGE_CURVE('',#724,#724,#338,.T.);
#931=EDGE_CURVE('',#722,#725,#460,.T.);
#932=EDGE_CURVE('',#725,#725,#339,.T.);
#933=EDGE_CURVE('',#723,#726,#461,.T.);
#934=EDGE_CURVE('',#727,#726,#340,.T.);
#935=EDGE_CURVE('',#726,#727,#341,.T.);
#936=EDGE_CURVE('',#727,#728,#462,.T.);
#937=EDGE_CURVE('',#728,#728,#342,.T.);
#938=EDGE_CURVE('',#724,#729,#463,.T.);
#939=EDGE_CURVE('',#729,#729,#343,.T.);
#940=ORIENTED_EDGE('',*,*,#730,.T.);
#941=ORIENTED_EDGE('',*,*,#731,.F.);
#942=ORIENTED_EDGE('',*,*,#732,.T.);
#943=ORIENTED_EDGE('',*,*,#733,.F.);
#944=ORIENTED_EDGE('',*,*,#733,.T.);
#945=ORIENTED_EDGE('',*,*,#734,.F.);
#946=ORIENTED_EDGE('',*,*,#735,.F.);
#947=ORIENTED_EDGE('',*,*,#736,.F.);
#948=ORIENTED_EDGE('',*,*,#737,.F.);
#949=ORIENTED_EDGE('',*,*,#738,.F.);
#950=ORIENTED_EDGE('',*,*,#739,.T.);
#951=ORIENTED_EDGE('',*,*,#740,.T.);
#952=ORIENTED_EDGE('',*,*,#741,.T.);
#953=ORIENTED_EDGE('',*,*,#739,.F.);
#954=ORIENTED_EDGE('',*,*,#742,.F.);
#955=ORIENTED_EDGE('',*,*,#743,.F.);
#956=ORIENTED_EDGE('',*,*,#730,.F.);
#957=ORIENTED_EDGE('',*,*,#740,.F.);
#958=ORIENTED_EDGE('',*,*,#741,.F.);
#959=ORIENTED_EDGE('',*,*,#744,.F.);
#960=ORIENTED_EDGE('',*,*,#745,.T.);
#961=ORIENTED_EDGE('',*,*,#746,.F.);
#962=ORIENTED_EDGE('',*,*,#747,.F.);
#963=ORIENTED_EDGE('',*,*,#731,.T.);
#964=ORIENTED_EDGE('',*,*,#746,.T.);
#965=ORIENTED_EDGE('',*,*,#748,.T.);
#966=ORIENTED_EDGE('',*,*,#744,.T.);
#967=ORIENTED_EDGE('',*,*,#743,.T.);
#968=ORIENTED_EDGE('',*,*,#749,.T.);
#969=ORIENTED_EDGE('',*,*,#750,.T.);
#970=ORIENTED_EDGE('',*,*,#751,.T.);
#971=ORIENTED_EDGE('',*,*,#752,.T.);
#972=ORIENTED_EDGE('',*,*,#753,.T.);
#973=ORIENTED_EDGE('',*,*,#754,.T.);
#974=ORIENTED_EDGE('',*,*,#755,.F.);
#975=ORIENTED_EDGE('',*,*,#756,.F.);
#976=ORIENTED_EDGE('',*,*,#757,.F.);
#977=ORIENTED_EDGE('',*,*,#758,.F.);
#978=ORIENTED_EDGE('',*,*,#759,.T.);
#979=ORIENTED_EDGE('',*,*,#749,.F.);
#980=ORIENTED_EDGE('',*,*,#742,.T.);
#981=ORIENTED_EDGE('',*,*,#738,.T.);
#982=ORIENTED_EDGE('',*,*,#760,.T.);
#983=ORIENTED_EDGE('',*,*,#761,.T.);
#984=ORIENTED_EDGE('',*,*,#762,.F.);
#985=ORIENTED_EDGE('',*,*,#763,.T.);
#986=ORIENTED_EDGE('',*,*,#764,.T.);
#987=ORIENTED_EDGE('',*,*,#765,.F.);
#988=ORIENTED_EDGE('',*,*,#766,.F.);
#989=ORIENTED_EDGE('',*,*,#767,.F.);
#990=ORIENTED_EDGE('',*,*,#768,.F.);
#991=ORIENTED_EDGE('',*,*,#769,.F.);
#992=ORIENTED_EDGE('',*,*,#770,.F.);
#993=ORIENTED_EDGE('',*,*,#765,.T.);
#994=ORIENTED_EDGE('',*,*,#771,.F.);
#995=ORIENTED_EDGE('',*,*,#772,.F.);
#996=ORIENTED_EDGE('',*,*,#773,.F.);
#997=ORIENTED_EDGE('',*,*,#769,.T.);
#998=ORIENTED_EDGE('',*,*,#774,.F.);
#999=ORIENTED_EDGE('',*,*,#775,.F.);
#1000=ORIENTED_EDGE('',*,*,#776,.F.);
#1001=ORIENTED_EDGE('',*,*,#772,.T.);
#1002=ORIENTED_EDGE('',*,*,#777,.F.);
#1003=ORIENTED_EDGE('',*,*,#776,.T.);
#1004=ORIENTED_EDGE('',*,*,#778,.T.);
#1005=ORIENTED_EDGE('',*,*,#779,.T.);
#1006=ORIENTED_EDGE('',*,*,#780,.T.);
#1007=ORIENTED_EDGE('',*,*,#781,.F.);
#1008=ORIENTED_EDGE('',*,*,#782,.T.);
#1009=ORIENTED_EDGE('',*,*,#783,.F.);
#1010=ORIENTED_EDGE('',*,*,#784,.F.);
#1011=ORIENTED_EDGE('',*,*,#785,.F.);
#1012=ORIENTED_EDGE('',*,*,#786,.F.);
#1013=ORIENTED_EDGE('',*,*,#773,.T.);
#1014=ORIENTED_EDGE('',*,*,#782,.F.);
#1015=ORIENTED_EDGE('',*,*,#787,.F.);
#1016=ORIENTED_EDGE('',*,*,#788,.F.);
#1017=ORIENTED_EDGE('',*,*,#770,.T.);
#1018=ORIENTED_EDGE('',*,*,#788,.T.);
#1019=ORIENTED_EDGE('',*,*,#789,.F.);
#1020=ORIENTED_EDGE('',*,*,#790,.F.);
#1021=ORIENTED_EDGE('',*,*,#791,.F.);
#1022=ORIENTED_EDGE('',*,*,#792,.F.);
#1023=ORIENTED_EDGE('',*,*,#793,.T.);
#1024=ORIENTED_EDGE('',*,*,#794,.T.);
#1025=ORIENTED_EDGE('',*,*,#795,.F.);
#1026=ORIENTED_EDGE('',*,*,#796,.F.);
#1027=ORIENTED_EDGE('',*,*,#766,.T.);
#1028=ORIENTED_EDGE('',*,*,#796,.T.);
#1029=ORIENTED_EDGE('',*,*,#797,.T.);
#1030=ORIENTED_EDGE('',*,*,#798,.F.);
#1031=ORIENTED_EDGE('',*,*,#799,.F.);
#1032=ORIENTED_EDGE('',*,*,#800,.F.);
#1033=ORIENTED_EDGE('',*,*,#801,.T.);
#1034=ORIENTED_EDGE('',*,*,#802,.T.);
#1035=ORIENTED_EDGE('',*,*,#803,.F.);
#1036=ORIENTED_EDGE('',*,*,#804,.T.);
#1037=ORIENTED_EDGE('',*,*,#805,.F.);
#1038=ORIENTED_EDGE('',*,*,#806,.F.);
#1039=ORIENTED_EDGE('',*,*,#807,.F.);
#1040=ORIENTED_EDGE('',*,*,#801,.F.);
#1041=ORIENTED_EDGE('',*,*,#808,.F.);
#1042=ORIENTED_EDGE('',*,*,#809,.F.);
#1043=ORIENTED_EDGE('',*,*,#805,.T.);
#1044=ORIENTED_EDGE('',*,*,#810,.F.);
#1045=ORIENTED_EDGE('',*,*,#811,.T.);
#1046=ORIENTED_EDGE('',*,*,#791,.T.);
#1047=ORIENTED_EDGE('',*,*,#812,.T.);
#1048=ORIENTED_EDGE('',*,*,#813,.F.);
#1049=ORIENTED_EDGE('',*,*,#814,.F.);
#1050=ORIENTED_EDGE('',*,*,#815,.F.);
#1051=ORIENTED_EDGE('',*,*,#816,.F.);
#1052=ORIENTED_EDGE('',*,*,#763,.F.);
#1053=ORIENTED_EDGE('',*,*,#817,.F.);
#1054=ORIENTED_EDGE('',*,*,#818,.F.);
#1055=ORIENTED_EDGE('',*,*,#819,.F.);
#1056=ORIENTED_EDGE('',*,*,#806,.T.);
#1057=ORIENTED_EDGE('',*,*,#809,.T.);
#1058=ORIENTED_EDGE('',*,*,#820,.F.);
#1059=ORIENTED_EDGE('',*,*,#778,.F.);
#1060=ORIENTED_EDGE('',*,*,#821,.T.);
#1061=ORIENTED_EDGE('',*,*,#822,.F.);
#1062=ORIENTED_EDGE('',*,*,#820,.T.);
#1063=ORIENTED_EDGE('',*,*,#823,.F.);
#1064=ORIENTED_EDGE('',*,*,#824,.F.);
#1065=ORIENTED_EDGE('',*,*,#825,.T.);
#1066=ORIENTED_EDGE('',*,*,#779,.F.);
#1067=ORIENTED_EDGE('',*,*,#802,.F.);
#1068=ORIENTED_EDGE('',*,*,#807,.T.);
#1069=ORIENTED_EDGE('',*,*,#819,.T.);
#1070=ORIENTED_EDGE('',*,*,#826,.T.);
#1071=ORIENTED_EDGE('',*,*,#827,.T.);
#1072=ORIENTED_EDGE('',*,*,#828,.F.);
#1073=ORIENTED_EDGE('',*,*,#829,.T.);
#1074=ORIENTED_EDGE('',*,*,#830,.T.);
#1075=ORIENTED_EDGE('',*,*,#831,.F.);
#1076=ORIENTED_EDGE('',*,*,#832,.F.);
#1077=ORIENTED_EDGE('',*,*,#833,.T.);
#1078=ORIENTED_EDGE('',*,*,#834,.F.);
#1079=ORIENTED_EDGE('',*,*,#767,.T.);
#1080=ORIENTED_EDGE('',*,*,#804,.F.);
#1081=ORIENTED_EDGE('',*,*,#835,.T.);
#1082=ORIENTED_EDGE('',*,*,#836,.T.);
#1083=ORIENTED_EDGE('',*,*,#837,.T.);
#1084=ORIENTED_EDGE('',*,*,#838,.T.);
#1085=ORIENTED_EDGE('',*,*,#839,.F.);
#1086=ORIENTED_EDGE('',*,*,#814,.T.);
#1087=ORIENTED_EDGE('',*,*,#840,.T.);
#1088=ORIENTED_EDGE('',*,*,#841,.T.);
#1089=ORIENTED_EDGE('',*,*,#842,.T.);
#1090=ORIENTED_EDGE('',*,*,#843,.T.);
#1091=ORIENTED_EDGE('',*,*,#844,.T.);
#1092=ORIENTED_EDGE('',*,*,#845,.T.);
#1093=ORIENTED_EDGE('',*,*,#846,.T.);
#1094=ORIENTED_EDGE('',*,*,#847,.T.);
#1095=ORIENTED_EDGE('',*,*,#848,.F.);
#1096=ORIENTED_EDGE('',*,*,#754,.F.);
#1097=ORIENTED_EDGE('',*,*,#849,.F.);
#1098=ORIENTED_EDGE('',*,*,#840,.F.);
#1099=ORIENTED_EDGE('',*,*,#756,.T.);
#1100=ORIENTED_EDGE('',*,*,#850,.T.);
#1101=ORIENTED_EDGE('',*,*,#847,.F.);
#1102=ORIENTED_EDGE('',*,*,#850,.F.);
#1103=ORIENTED_EDGE('',*,*,#757,.T.);
#1104=ORIENTED_EDGE('',*,*,#851,.T.);
#1105=ORIENTED_EDGE('',*,*,#846,.F.);
#1106=ORIENTED_EDGE('',*,*,#851,.F.);
#1107=ORIENTED_EDGE('',*,*,#755,.T.);
#1108=ORIENTED_EDGE('',*,*,#852,.T.);
#1109=ORIENTED_EDGE('',*,*,#845,.F.);
#1110=ORIENTED_EDGE('',*,*,#852,.F.);
#1111=ORIENTED_EDGE('',*,*,#758,.T.);
#1112=ORIENTED_EDGE('',*,*,#853,.T.);
#1113=ORIENTED_EDGE('',*,*,#844,.F.);
#1114=ORIENTED_EDGE('',*,*,#853,.F.);
#1115=ORIENTED_EDGE('',*,*,#842,.F.);
#1116=ORIENTED_EDGE('',*,*,#854,.T.);
#1117=ORIENTED_EDGE('',*,*,#752,.F.);
#1118=ORIENTED_EDGE('',*,*,#855,.F.);
#1119=ORIENTED_EDGE('',*,*,#841,.F.);
#1120=ORIENTED_EDGE('',*,*,#849,.T.);
#1121=ORIENTED_EDGE('',*,*,#753,.F.);
#1122=ORIENTED_EDGE('',*,*,#854,.F.);
#1123=ORIENTED_EDGE('',*,*,#856,.F.);
#1124=ORIENTED_EDGE('',*,*,#750,.F.);
#1125=ORIENTED_EDGE('',*,*,#759,.F.);
#1126=ORIENTED_EDGE('',*,*,#857,.F.);
#1127=ORIENTED_EDGE('',*,*,#856,.T.);
#1128=ORIENTED_EDGE('',*,*,#858,.F.);
#1129=ORIENTED_EDGE('',*,*,#859,.F.);
#1130=ORIENTED_EDGE('',*,*,#843,.F.);
#1131=ORIENTED_EDGE('',*,*,#855,.T.);
#1132=ORIENTED_EDGE('',*,*,#751,.F.);
#1133=ORIENTED_EDGE('',*,*,#857,.T.);
#1134=ORIENTED_EDGE('',*,*,#764,.F.);
#1135=ORIENTED_EDGE('',*,*,#816,.T.);
#1136=ORIENTED_EDGE('',*,*,#860,.T.);
#1137=ORIENTED_EDGE('',*,*,#858,.T.);
#1138=ORIENTED_EDGE('',*,*,#815,.T.);
#1139=ORIENTED_EDGE('',*,*,#839,.T.);
#1140=ORIENTED_EDGE('',*,*,#859,.T.);
#1141=ORIENTED_EDGE('',*,*,#860,.F.);
#1142=ORIENTED_EDGE('',*,*,#777,.T.);
#1143=ORIENTED_EDGE('',*,*,#774,.T.);
#1144=ORIENTED_EDGE('',*,*,#771,.T.);
#1145=ORIENTED_EDGE('',*,*,#768,.T.);
#1146=ORIENTED_EDGE('',*,*,#834,.T.);
#1147=ORIENTED_EDGE('',*,*,#861,.F.);
#1148=ORIENTED_EDGE('',*,*,#862,.F.);
#1149=ORIENTED_EDGE('',*,*,#863,.F.);
#1150=ORIENTED_EDGE('',*,*,#810,.T.);
#1151=ORIENTED_EDGE('',*,*,#800,.T.);
#1152=ORIENTED_EDGE('',*,*,#864,.T.);
#1153=ORIENTED_EDGE('',*,*,#865,.T.);
#1154=ORIENTED_EDGE('',*,*,#866,.T.);
#1155=ORIENTED_EDGE('',*,*,#867,.F.);
#1156=ORIENTED_EDGE('',*,*,#811,.F.);
#1157=ORIENTED_EDGE('',*,*,#808,.T.);
#1158=ORIENTED_EDGE('',*,*,#867,.T.);
#1159=ORIENTED_EDGE('',*,*,#868,.T.);
#1160=ORIENTED_EDGE('',*,*,#792,.T.);
#1161=ORIENTED_EDGE('',*,*,#869,.T.);
#1162=ORIENTED_EDGE('',*,*,#870,.T.);
#1163=ORIENTED_EDGE('',*,*,#871,.T.);
#1164=ORIENTED_EDGE('',*,*,#870,.F.);
#1165=ORIENTED_EDGE('',*,*,#748,.F.);
#1166=ORIENTED_EDGE('',*,*,#745,.F.);
#1167=ORIENTED_EDGE('',*,*,#869,.F.);
#1168=ORIENTED_EDGE('',*,*,#872,.T.);
#1169=ORIENTED_EDGE('',*,*,#873,.T.);
#1170=ORIENTED_EDGE('',*,*,#874,.T.);
#1171=ORIENTED_EDGE('',*,*,#873,.F.);
#1172=ORIENTED_EDGE('',*,*,#875,.T.);
#1173=ORIENTED_EDGE('',*,*,#874,.F.);
#1174=ORIENTED_EDGE('',*,*,#871,.F.);
#1175=ORIENTED_EDGE('',*,*,#872,.F.);
#1176=ORIENTED_EDGE('',*,*,#876,.T.);
#1177=ORIENTED_EDGE('',*,*,#877,.T.);
#1178=ORIENTED_EDGE('',*,*,#875,.F.);
#1179=ORIENTED_EDGE('',*,*,#877,.F.);
#1180=ORIENTED_EDGE('',*,*,#878,.T.);
#1181=ORIENTED_EDGE('',*,*,#831,.T.);
#1182=ORIENTED_EDGE('',*,*,#879,.T.);
#1183=ORIENTED_EDGE('',*,*,#836,.F.);
#1184=ORIENTED_EDGE('',*,*,#826,.F.);
#1185=ORIENTED_EDGE('',*,*,#818,.T.);
#1186=ORIENTED_EDGE('',*,*,#880,.T.);
#1187=ORIENTED_EDGE('',*,*,#881,.T.);
#1188=ORIENTED_EDGE('',*,*,#829,.F.);
#1189=ORIENTED_EDGE('',*,*,#880,.F.);
#1190=ORIENTED_EDGE('',*,*,#817,.T.);
#1191=ORIENTED_EDGE('',*,*,#762,.T.);
#1192=ORIENTED_EDGE('',*,*,#882,.T.);
#1193=ORIENTED_EDGE('',*,*,#760,.F.);
#1194=ORIENTED_EDGE('',*,*,#737,.T.);
#1195=ORIENTED_EDGE('',*,*,#883,.T.);
#1196=ORIENTED_EDGE('',*,*,#884,.T.);
#1197=ORIENTED_EDGE('',*,*,#883,.F.);
#1198=ORIENTED_EDGE('',*,*,#736,.T.);
#1199=ORIENTED_EDGE('',*,*,#885,.T.);
#1200=ORIENTED_EDGE('',*,*,#886,.T.);
#1201=ORIENTED_EDGE('',*,*,#885,.F.);
#1202=ORIENTED_EDGE('',*,*,#735,.T.);
#1203=ORIENTED_EDGE('',*,*,#887,.T.);
#1204=ORIENTED_EDGE('',*,*,#888,.T.);
#1205=ORIENTED_EDGE('',*,*,#734,.T.);
#1206=ORIENTED_EDGE('',*,*,#732,.F.);
#1207=ORIENTED_EDGE('',*,*,#747,.T.);
#1208=ORIENTED_EDGE('',*,*,#848,.T.);
#1209=ORIENTED_EDGE('',*,*,#813,.T.);
#1210=ORIENTED_EDGE('',*,*,#889,.T.);
#1211=ORIENTED_EDGE('',*,*,#821,.F.);
#1212=ORIENTED_EDGE('',*,*,#775,.T.);
#1213=ORIENTED_EDGE('',*,*,#863,.T.);
#1214=ORIENTED_EDGE('',*,*,#890,.T.);
#1215=ORIENTED_EDGE('',*,*,#891,.T.);
#1216=ORIENTED_EDGE('',*,*,#887,.F.);
#1217=ORIENTED_EDGE('',*,*,#890,.F.);
#1218=ORIENTED_EDGE('',*,*,#862,.T.);
#1219=ORIENTED_EDGE('',*,*,#892,.T.);
#1220=ORIENTED_EDGE('',*,*,#893,.T.);
#1221=ORIENTED_EDGE('',*,*,#892,.F.);
#1222=ORIENTED_EDGE('',*,*,#861,.T.);
#1223=ORIENTED_EDGE('',*,*,#833,.F.);
#1224=ORIENTED_EDGE('',*,*,#838,.F.);
#1225=ORIENTED_EDGE('',*,*,#894,.T.);
#1226=ORIENTED_EDGE('',*,*,#894,.F.);
#1227=ORIENTED_EDGE('',*,*,#837,.F.);
#1228=ORIENTED_EDGE('',*,*,#879,.F.);
#1229=ORIENTED_EDGE('',*,*,#830,.F.);
#1230=ORIENTED_EDGE('',*,*,#881,.F.);
#1231=ORIENTED_EDGE('',*,*,#882,.F.);
#1232=ORIENTED_EDGE('',*,*,#761,.F.);
#1233=ORIENTED_EDGE('',*,*,#884,.F.);
#1234=ORIENTED_EDGE('',*,*,#886,.F.);
#1235=ORIENTED_EDGE('',*,*,#888,.F.);
#1236=ORIENTED_EDGE('',*,*,#891,.F.);
#1237=ORIENTED_EDGE('',*,*,#893,.F.);
#1238=ORIENTED_EDGE('',*,*,#876,.F.);
#1239=ORIENTED_EDGE('',*,*,#783,.T.);
#1240=ORIENTED_EDGE('',*,*,#895,.T.);
#1241=ORIENTED_EDGE('',*,*,#896,.T.);
#1242=ORIENTED_EDGE('',*,*,#895,.F.);
#1243=ORIENTED_EDGE('',*,*,#784,.T.);
#1244=ORIENTED_EDGE('',*,*,#897,.T.);
#1245=ORIENTED_EDGE('',*,*,#898,.T.);
#1246=ORIENTED_EDGE('',*,*,#897,.F.);
#1247=ORIENTED_EDGE('',*,*,#785,.T.);
#1248=ORIENTED_EDGE('',*,*,#899,.T.);
#1249=ORIENTED_EDGE('',*,*,#900,.T.);
#1250=ORIENTED_EDGE('',*,*,#899,.F.);
#1251=ORIENTED_EDGE('',*,*,#786,.T.);
#1252=ORIENTED_EDGE('',*,*,#901,.T.);
#1253=ORIENTED_EDGE('',*,*,#902,.T.);
#1254=ORIENTED_EDGE('',*,*,#901,.F.);
#1255=ORIENTED_EDGE('',*,*,#903,.F.);
#1256=ORIENTED_EDGE('',*,*,#904,.F.);
#1257=ORIENTED_EDGE('',*,*,#780,.F.);
#1258=ORIENTED_EDGE('',*,*,#825,.F.);
#1259=ORIENTED_EDGE('',*,*,#903,.T.);
#1260=ORIENTED_EDGE('',*,*,#824,.T.);
#1261=ORIENTED_EDGE('',*,*,#905,.F.);
#1262=ORIENTED_EDGE('',*,*,#812,.F.);
#1263=ORIENTED_EDGE('',*,*,#790,.T.);
#1264=ORIENTED_EDGE('',*,*,#906,.F.);
#1265=ORIENTED_EDGE('',*,*,#896,.F.);
#1266=ORIENTED_EDGE('',*,*,#898,.F.);
#1267=ORIENTED_EDGE('',*,*,#900,.F.);
#1268=ORIENTED_EDGE('',*,*,#902,.F.);
#1269=ORIENTED_EDGE('',*,*,#904,.T.);
#1270=ORIENTED_EDGE('',*,*,#906,.T.);
#1271=ORIENTED_EDGE('',*,*,#789,.T.);
#1272=ORIENTED_EDGE('',*,*,#787,.T.);
#1273=ORIENTED_EDGE('',*,*,#781,.T.);
#1274=ORIENTED_EDGE('',*,*,#868,.F.);
#1275=ORIENTED_EDGE('',*,*,#866,.F.);
#1276=ORIENTED_EDGE('',*,*,#907,.T.);
#1277=ORIENTED_EDGE('',*,*,#908,.F.);
#1278=ORIENTED_EDGE('',*,*,#909,.T.);
#1279=ORIENTED_EDGE('',*,*,#793,.F.);
#1280=ORIENTED_EDGE('',*,*,#822,.T.);
#1281=ORIENTED_EDGE('',*,*,#889,.F.);
#1282=ORIENTED_EDGE('',*,*,#905,.T.);
#1283=ORIENTED_EDGE('',*,*,#823,.T.);
#1284=ORIENTED_EDGE('',*,*,#865,.F.);
#1285=ORIENTED_EDGE('',*,*,#910,.F.);
#1286=ORIENTED_EDGE('',*,*,#911,.F.);
#1287=ORIENTED_EDGE('',*,*,#907,.F.);
#1288=ORIENTED_EDGE('',*,*,#910,.T.);
#1289=ORIENTED_EDGE('',*,*,#864,.F.);
#1290=ORIENTED_EDGE('',*,*,#912,.T.);
#1291=ORIENTED_EDGE('',*,*,#913,.T.);
#1292=ORIENTED_EDGE('',*,*,#911,.T.);
#1293=ORIENTED_EDGE('',*,*,#913,.F.);
#1294=ORIENTED_EDGE('',*,*,#914,.T.);
#1295=ORIENTED_EDGE('',*,*,#915,.F.);
#1296=ORIENTED_EDGE('',*,*,#916,.T.);
#1297=ORIENTED_EDGE('',*,*,#917,.T.);
#1298=ORIENTED_EDGE('',*,*,#918,.F.);
#1299=ORIENTED_EDGE('',*,*,#917,.F.);
#1300=ORIENTED_EDGE('',*,*,#919,.F.);
#1301=ORIENTED_EDGE('',*,*,#920,.T.);
#1302=ORIENTED_EDGE('',*,*,#908,.T.);
#1303=ORIENTED_EDGE('',*,*,#794,.F.);
#1304=ORIENTED_EDGE('',*,*,#909,.F.);
#1305=ORIENTED_EDGE('',*,*,#920,.F.);
#1306=ORIENTED_EDGE('',*,*,#921,.F.);
#1307=ORIENTED_EDGE('',*,*,#921,.T.);
#1308=ORIENTED_EDGE('',*,*,#919,.T.);
#1309=ORIENTED_EDGE('',*,*,#922,.T.);
#1310=ORIENTED_EDGE('',*,*,#795,.T.);
#1311=ORIENTED_EDGE('',*,*,#797,.F.);
#1312=ORIENTED_EDGE('',*,*,#922,.F.);
#1313=ORIENTED_EDGE('',*,*,#916,.F.);
#1314=ORIENTED_EDGE('',*,*,#923,.F.);
#1315=ORIENTED_EDGE('',*,*,#799,.T.);
#1316=ORIENTED_EDGE('',*,*,#924,.F.);
#1317=ORIENTED_EDGE('',*,*,#914,.F.);
#1318=ORIENTED_EDGE('',*,*,#912,.F.);
#1319=ORIENTED_EDGE('',*,*,#923,.T.);
#1320=ORIENTED_EDGE('',*,*,#915,.T.);
#1321=ORIENTED_EDGE('',*,*,#924,.T.);
#1322=ORIENTED_EDGE('',*,*,#798,.T.);
#1323=ORIENTED_EDGE('',*,*,#925,.F.);
#1324=ORIENTED_EDGE('',*,*,#926,.T.);
#1325=ORIENTED_EDGE('',*,*,#927,.F.);
#1326=ORIENTED_EDGE('',*,*,#928,.F.);
#1327=ORIENTED_EDGE('',*,*,#926,.F.);
#1328=ORIENTED_EDGE('',*,*,#828,.T.);
#1329=ORIENTED_EDGE('',*,*,#878,.F.);
#1330=ORIENTED_EDGE('',*,*,#835,.F.);
#1331=ORIENTED_EDGE('',*,*,#832,.T.);
#1332=ORIENTED_EDGE('',*,*,#803,.T.);
#1333=ORIENTED_EDGE('',*,*,#827,.F.);
#1334=ORIENTED_EDGE('',*,*,#929,.T.);
#1335=ORIENTED_EDGE('',*,*,#930,.F.);
#1336=ORIENTED_EDGE('',*,*,#925,.T.);
#1337=ORIENTED_EDGE('',*,*,#928,.T.);
#1338=ORIENTED_EDGE('',*,*,#931,.T.);
#1339=ORIENTED_EDGE('',*,*,#932,.T.);
#1340=ORIENTED_EDGE('',*,*,#931,.F.);
#1341=ORIENTED_EDGE('',*,*,#927,.T.);
#1342=ORIENTED_EDGE('',*,*,#929,.F.);
#1343=ORIENTED_EDGE('',*,*,#933,.T.);
#1344=ORIENTED_EDGE('',*,*,#934,.F.);
#1345=ORIENTED_EDGE('',*,*,#935,.F.);
#1346=ORIENTED_EDGE('',*,*,#933,.F.);
#1347=ORIENTED_EDGE('',*,*,#935,.T.);
#1348=ORIENTED_EDGE('',*,*,#936,.T.);
#1349=ORIENTED_EDGE('',*,*,#937,.T.);
#1350=ORIENTED_EDGE('',*,*,#936,.F.);
#1351=ORIENTED_EDGE('',*,*,#934,.T.);
#1352=ORIENTED_EDGE('',*,*,#930,.T.);
#1353=ORIENTED_EDGE('',*,*,#938,.T.);
#1354=ORIENTED_EDGE('',*,*,#939,.T.);
#1355=ORIENTED_EDGE('',*,*,#938,.F.);
#1356=ORIENTED_EDGE('',*,*,#918,.T.);
#1357=ORIENTED_EDGE('',*,*,#932,.F.);
#1358=ORIENTED_EDGE('',*,*,#939,.F.);
#1359=ORIENTED_EDGE('',*,*,#937,.F.);
#1360=CYLINDRICAL_SURFACE('',#1498,3.);
#1361=CYLINDRICAL_SURFACE('',#1504,3.);
#1362=CYLINDRICAL_SURFACE('',#1520,2.);
#1363=CYLINDRICAL_SURFACE('',#1525,2.);
#1364=CYLINDRICAL_SURFACE('',#1533,3.);
#1365=CYLINDRICAL_SURFACE('',#1537,15.);
#1366=CYLINDRICAL_SURFACE('',#1544,2.);
#1367=CYLINDRICAL_SURFACE('',#1549,2.);
#1368=CYLINDRICAL_SURFACE('',#1553,4.);
#1369=CYLINDRICAL_SURFACE('',#1556,4.);
#1370=CYLINDRICAL_SURFACE('',#1567,2.55000000000005);
#1371=CYLINDRICAL_SURFACE('',#1568,2.55000000000005);
#1372=CYLINDRICAL_SURFACE('',#1569,2.55000000000005);
#1373=CYLINDRICAL_SURFACE('',#1570,2.55000000000005);
#1374=CYLINDRICAL_SURFACE('',#1571,3.);
#1375=CYLINDRICAL_SURFACE('',#1573,3.);
#1376=CYLINDRICAL_SURFACE('',#1583,6.6);
#1377=CYLINDRICAL_SURFACE('',#1587,2.5);
#1378=CYLINDRICAL_SURFACE('',#1593,18.65);
#1379=CYLINDRICAL_SURFACE('',#1595,13.);
#1380=CYLINDRICAL_SURFACE('',#1599,2.99999999999999);
#1381=CYLINDRICAL_SURFACE('',#1601,2.99999999999999);
#1382=CYLINDRICAL_SURFACE('',#1604,2.99999999999999);
#1383=CYLINDRICAL_SURFACE('',#1607,3.);
#1384=CYLINDRICAL_SURFACE('',#1611,2.55);
#1385=CYLINDRICAL_SURFACE('',#1613,2.55);
#1386=CYLINDRICAL_SURFACE('',#1615,2.55);
#1387=CYLINDRICAL_SURFACE('',#1617,2.55);
#1388=CYLINDRICAL_SURFACE('',#1619,3.);
#1389=CYLINDRICAL_SURFACE('',#1626,5.);
#1390=CYLINDRICAL_SURFACE('',#1628,13.);
#1391=CYLINDRICAL_SURFACE('',#1631,5.);
#1392=CYLINDRICAL_SURFACE('',#1633,5.);
#1393=CYLINDRICAL_SURFACE('',#1634,5.);
#1394=CYLINDRICAL_SURFACE('',#1643,1.55);
#1395=CYLINDRICAL_SURFACE('',#1648,1.55);
#1396=CYLINDRICAL_SURFACE('',#1650,3.6);
#1397=ADVANCED_FACE('',(#84),#1360,.F.);
#1398=ADVANCED_FACE('',(#85),#49,.F.);
#1399=ADVANCED_FACE('',(#86),#1361,.F.);
#1400=ADVANCED_FACE('',(#87),#46,.T.);
#1401=ADVANCED_FACE('',(#88,#18,#19,#20,#21),#50,.F.);
#1402=ADVANCED_FACE('',(#89),#51,.F.);
#1403=ADVANCED_FACE('',(#90),#16,.F.);
#1404=ADVANCED_FACE('',(#91),#1362,.F.);
#1405=ADVANCED_FACE('',(#92),#15,.F.);
#1406=ADVANCED_FACE('',(#93),#1363,.F.);
#1407=ADVANCED_FACE('',(#94,#22,#23,#24,#25),#52,.F.);
#1408=ADVANCED_FACE('',(#95),#1364,.F.);
#1409=ADVANCED_FACE('',(#96),#53,.F.);
#1410=ADVANCED_FACE('',(#97),#1365,.T.);
#1411=ADVANCED_FACE('',(#98),#17,.F.);
#1412=ADVANCED_FACE('',(#99),#1366,.F.);
#1413=ADVANCED_FACE('',(#100),#54,.F.);
#1414=ADVANCED_FACE('',(#101),#1367,.T.);
#1415=ADVANCED_FACE('',(#102),#55,.F.);
#1416=ADVANCED_FACE('',(#103),#1368,.F.);
#1417=ADVANCED_FACE('',(#104),#56,.F.);
#1418=ADVANCED_FACE('',(#105),#1369,.F.);
#1419=ADVANCED_FACE('',(#106),#57,.F.);
#1420=ADVANCED_FACE('',(#107,#26,#27,#28,#29),#58,.T.);
#1421=ADVANCED_FACE('',(#108),#59,.F.);
#1422=ADVANCED_FACE('',(#109),#1370,.F.);
#1423=ADVANCED_FACE('',(#110),#1371,.F.);
#1424=ADVANCED_FACE('',(#111),#1372,.F.);
#1425=ADVANCED_FACE('',(#112),#1373,.F.);
#1426=ADVANCED_FACE('',(#113),#1374,.T.);
#1427=ADVANCED_FACE('',(#114),#60,.F.);
#1428=ADVANCED_FACE('',(#115),#1375,.T.);
#1429=ADVANCED_FACE('',(#116),#61,.F.);
#1430=ADVANCED_FACE('',(#117),#62,.F.);
#1431=ADVANCED_FACE('',(#118),#63,.F.);
#1432=ADVANCED_FACE('',(#119),#64,.F.);
#1433=ADVANCED_FACE('',(#120),#65,.F.);
#1434=ADVANCED_FACE('',(#121),#66,.T.);
#1435=ADVANCED_FACE('',(#122),#1376,.F.);
#1436=ADVANCED_FACE('',(#123,#30),#67,.F.);
#1437=ADVANCED_FACE('',(#124),#1377,.F.);
#1438=ADVANCED_FACE('',(#125,#31),#68,.T.);
#1439=ADVANCED_FACE('',(#126,#32),#69,.F.);
#1440=ADVANCED_FACE('',(#127),#1378,.F.);
#1441=ADVANCED_FACE('',(#128),#1379,.F.);
#1442=ADVANCED_FACE('',(#129),#70,.F.);
#1443=ADVANCED_FACE('',(#130),#1380,.T.);
#1444=ADVANCED_FACE('',(#131),#1381,.T.);
#1445=ADVANCED_FACE('',(#132),#71,.F.);
#1446=ADVANCED_FACE('',(#133),#1382,.T.);
#1447=ADVANCED_FACE('',(#134),#72,.F.);
#1448=ADVANCED_FACE('',(#135),#1383,.T.);
#1449=ADVANCED_FACE('',(#136),#73,.F.);
#1450=ADVANCED_FACE('',(#137,#33),#74,.F.);
#1451=ADVANCED_FACE('',(#138),#1384,.F.);
#1452=ADVANCED_FACE('',(#139),#1385,.F.);
#1453=ADVANCED_FACE('',(#140),#1386,.F.);
#1454=ADVANCED_FACE('',(#141),#1387,.F.);
#1455=ADVANCED_FACE('',(#142),#1388,.T.);
#1456=ADVANCED_FACE('',(#143,#34,#35,#36,#37),#75,.F.);
#1457=ADVANCED_FACE('',(#144),#76,.T.);
#1458=ADVANCED_FACE('',(#145),#77,.F.);
#1459=ADVANCED_FACE('',(#146),#78,.F.);
#1460=ADVANCED_FACE('',(#147),#1389,.T.);
#1461=ADVANCED_FACE('',(#148),#79,.T.);
#1462=ADVANCED_FACE('',(#149),#1390,.F.);
#1463=ADVANCED_FACE('',(#150),#1391,.T.);
#1464=ADVANCED_FACE('',(#151),#80,.T.);
#1465=ADVANCED_FACE('',(#152),#1392,.F.);
#1466=ADVANCED_FACE('',(#153),#1393,.F.);
#1467=ADVANCED_FACE('',(#154),#81,.F.);
#1468=ADVANCED_FACE('',(#155),#47,.F.);
#1469=ADVANCED_FACE('',(#156,#38,#39,#40),#82,.T.);
#1470=ADVANCED_FACE('',(#157),#1394,.F.);
#1471=ADVANCED_FACE('',(#158),#48,.F.);
#1472=ADVANCED_FACE('',(#159),#1395,.F.);
#1473=ADVANCED_FACE('',(#160),#1396,.F.);
#1474=ADVANCED_FACE('',(#161,#41,#42,#43),#83,.F.);
#1475=CLOSED_SHELL('',(#1397,#1398,#1399,#1400,#1401,#1402,#1403,#1404,
#1405,#1406,#1407,#1408,#1409,#1410,#1411,#1412,#1413,#1414,#1415,#1416,
#1417,#1418,#1419,#1420,#1421,#1422,#1423,#1424,#1425,#1426,#1427,#1428,
#1429,#1430,#1431,#1432,#1433,#1434,#1435,#1436,#1437,#1438,#1439,#1440,
#1441,#1442,#1443,#1444,#1445,#1446,#1447,#1448,#1449,#1450,#1451,#1452,
#1453,#1454,#1455,#1456,#1457,#1458,#1459,#1460,#1461,#1462,#1463,#1464,
#1465,#1466,#1467,#1468,#1469,#1470,#1471,#1472,#1473,#1474));
#1476=DERIVED_UNIT_ELEMENT(#1479,1.);
#1477=DERIVED_UNIT_ELEMENT(#2625,-3.);
#1478=DIMENSIONAL_EXPONENTS(0.,1.,0.,0.,0.,0.,0.);
#1479=(
CONVERSION_BASED_UNIT('gram',#1481)
MASS_UNIT()
NAMED_UNIT(#1478)
);
#1480=(
MASS_UNIT()
NAMED_UNIT(*)
SI_UNIT(.KILO.,.GRAM.)
);
#1481=MASS_MEASURE_WITH_UNIT(MASS_MEASURE(0.001),#1480);
#1482=DERIVED_UNIT((#1476,#1477));
#1483=MEASURE_REPRESENTATION_ITEM('density measure',
POSITIVE_RATIO_MEASURE(1.),#1482);
#1484=PROPERTY_DEFINITION_REPRESENTATION(#1489,#1486);
#1485=PROPERTY_DEFINITION_REPRESENTATION(#1490,#1487);
#1486=REPRESENTATION('material name',(#1488),#2622);
#1487=REPRESENTATION('density',(#1483),#2622);
#1488=DESCRIPTIVE_REPRESENTATION_ITEM('\X2\04220438043F043E0432044B0435\X0\',
'\X2\04220438043F043E0432044B0435\X0\');
#1489=PROPERTY_DEFINITION('material property','material name',#2632);
#1490=PROPERTY_DEFINITION('material property','density of part',#2632);
#1491=DATE_TIME_ROLE('creation_date');
#1492=APPLIED_DATE_AND_TIME_ASSIGNMENT(#1493,#1491,(#2632));
#1493=DATE_AND_TIME(#1494,#1495);
#1494=CALENDAR_DATE(2025,13,8);
#1495=LOCAL_TIME(0,0,0.,#1496);
#1496=COORDINATED_UNIVERSAL_TIME_OFFSET(0,0,.BEHIND.);
#1497=AXIS2_PLACEMENT_3D('',#2085,#1653,#1654);
#1498=AXIS2_PLACEMENT_3D('',#2086,#1655,#1656);
#1499=AXIS2_PLACEMENT_3D('',#2104,#1658,#1659);
#1500=AXIS2_PLACEMENT_3D('',#2106,#1661,#1662);
#1501=AXIS2_PLACEMENT_3D('',#2110,#1664,#1665);
#1502=AXIS2_PLACEMENT_3D('',#2114,#1667,#1668);
#1503=AXIS2_PLACEMENT_3D('',#2119,#1671,#1672);
#1504=AXIS2_PLACEMENT_3D('',#2120,#1673,#1674);
#1505=AXIS2_PLACEMENT_3D('',#2135,#1675,#1676);
#1506=AXIS2_PLACEMENT_3D('',#2137,#1678,#1679);
#1507=AXIS2_PLACEMENT_3D('',#2143,#1680,#1681);
#1508=AXIS2_PLACEMENT_3D('',#2147,#1682,#1683);
#1509=AXIS2_PLACEMENT_3D('',#2154,#1687,#1688);
#1510=AXIS2_PLACEMENT_3D('',#2158,#1690,#1691);
#1511=AXIS2_PLACEMENT_3D('',#2163,#1694,#1695);
#1512=AXIS2_PLACEMENT_3D('',#2165,#1696,#1697);
#1513=AXIS2_PLACEMENT_3D('',#2167,#1698,#1699);
#1514=AXIS2_PLACEMENT_3D('',#2169,#1700,#1701);
#1515=AXIS2_PLACEMENT_3D('',#2170,#1702,#1703);
#1516=AXIS2_PLACEMENT_3D('',#2182,#1710,#1711);
#1517=AXIS2_PLACEMENT_3D('',#2185,#1712,#1713);
#1518=AXIS2_PLACEMENT_3D('',#2187,#1714,#1715);
#1519=AXIS2_PLACEMENT_3D('',#2201,#1716,#1717);
#1520=AXIS2_PLACEMENT_3D('',#2202,#1718,#1719);
#1521=AXIS2_PLACEMENT_3D('',#2205,#1720,#1721);
#1522=AXIS2_PLACEMENT_3D('',#2219,#1724,#1725);
#1523=AXIS2_PLACEMENT_3D('',#2220,#1726,#1727);
#1524=AXIS2_PLACEMENT_3D('',#2221,#1728,#1729);
#1525=AXIS2_PLACEMENT_3D('',#2222,#1730,#1731);
#1526=AXIS2_PLACEMENT_3D('',#2225,#1732,#1733);
#1527=AXIS2_PLACEMENT_3D('',#2228,#1736,#1737);
#1528=AXIS2_PLACEMENT_3D('',#2234,#1740,#1741);
#1529=AXIS2_PLACEMENT_3D('',#2239,#1744,#1745);
#1530=AXIS2_PLACEMENT_3D('',#2241,#1746,#1747);
#1531=AXIS2_PLACEMENT_3D('',#2243,#1748,#1749);
#1532=AXIS2_PLACEMENT_3D('',#2245,#1750,#1751);
#1533=AXIS2_PLACEMENT_3D('',#2246,#1752,#1753);
#1534=AXIS2_PLACEMENT_3D('',#2248,#1754,#1755);
#1535=AXIS2_PLACEMENT_3D('',#2250,#1757,#1758);
#1536=AXIS2_PLACEMENT_3D('',#2262,#1764,#1765);
#1537=AXIS2_PLACEMENT_3D('',#2266,#1768,#1769);
#1538=AXIS2_PLACEMENT_3D('',#2279,#1770,#1771);
#1539=AXIS2_PLACEMENT_3D('',#2294,#1773,#1774);
#1540=AXIS2_PLACEMENT_3D('',#2298,#1776,#1777);
#1541=AXIS2_PLACEMENT_3D('',#2300,#1779,#1780);
#1542=AXIS2_PLACEMENT_3D('',#2302,#1781,#1782);
#1543=AXIS2_PLACEMENT_3D('',#2304,#1783,#1784);
#1544=AXIS2_PLACEMENT_3D('',#2317,#1785,#1786);
#1545=AXIS2_PLACEMENT_3D('',#2320,#1787,#1788);
#1546=AXIS2_PLACEMENT_3D('',#2323,#1791,#1792);
#1547=AXIS2_PLACEMENT_3D('',#2335,#1799,#1800);
#1548=AXIS2_PLACEMENT_3D('',#2338,#1802,#1803);
#1549=AXIS2_PLACEMENT_3D('',#2339,#1804,#1805);
#1550=AXIS2_PLACEMENT_3D('',#2341,#1806,#1807);
#1551=AXIS2_PLACEMENT_3D('',#2343,#1808,#1809);
#1552=AXIS2_PLACEMENT_3D('',#2345,#1811,#1812);
#1553=AXIS2_PLACEMENT_3D('',#2351,#1816,#1817);
#1554=AXIS2_PLACEMENT_3D('',#2354,#1819,#1820);
#1555=AXIS2_PLACEMENT_3D('',#2355,#1821,#1822);
#1556=AXIS2_PLACEMENT_3D('',#2363,#1827,#1828);
#1557=AXIS2_PLACEMENT_3D('',#2365,#1829,#1830);
#1558=AXIS2_PLACEMENT_3D('',#2368,#1832,#1833);
#1559=AXIS2_PLACEMENT_3D('',#2369,#1834,#1835);
#1560=AXIS2_PLACEMENT_3D('',#2377,#1840,#1841);
#1561=AXIS2_PLACEMENT_3D('',#2385,#1845,#1846);
#1562=AXIS2_PLACEMENT_3D('',#2388,#1848,#1849);
#1563=AXIS2_PLACEMENT_3D('',#2390,#1850,#1851);
#1564=AXIS2_PLACEMENT_3D('',#2392,#1852,#1853);
#1565=AXIS2_PLACEMENT_3D('',#2394,#1854,#1855);
#1566=AXIS2_PLACEMENT_3D('',#2395,#1856,#1857);
#1567=AXIS2_PLACEMENT_3D('',#2398,#1860,#1861);
#1568=AXIS2_PLACEMENT_3D('',#2400,#1863,#1864);
#1569=AXIS2_PLACEMENT_3D('',#2402,#1866,#1867);
#1570=AXIS2_PLACEMENT_3D('',#2404,#1869,#1870);
#1571=AXIS2_PLACEMENT_3D('',#2406,#1872,#1873);
#1572=AXIS2_PLACEMENT_3D('',#2409,#1876,#1877);
#1573=AXIS2_PLACEMENT_3D('',#2410,#1878,#1879);
#1574=AXIS2_PLACEMENT_3D('',#2413,#1881,#1882);
#1575=AXIS2_PLACEMENT_3D('',#2414,#1883,#1884);
#1576=AXIS2_PLACEMENT_3D('',#2418,#1887,#1888);
#1577=AXIS2_PLACEMENT_3D('',#2420,#1890,#1891);
#1578=AXIS2_PLACEMENT_3D('',#2421,#1892,#1893);
#1579=AXIS2_PLACEMENT_3D('',#2425,#1895,#1896);
#1580=AXIS2_PLACEMENT_3D('',#2427,#1898,#1899);
#1581=AXIS2_PLACEMENT_3D('',#2431,#1901,#1902);
#1582=AXIS2_PLACEMENT_3D('',#2435,#1905,#1906);
#1583=AXIS2_PLACEMENT_3D('',#2437,#1908,#1909);
#1584=AXIS2_PLACEMENT_3D('',#2439,#1910,#1911);
#1585=AXIS2_PLACEMENT_3D('',#2442,#1913,#1914);
#1586=AXIS2_PLACEMENT_3D('',#2443,#1915,#1916);
#1587=AXIS2_PLACEMENT_3D('',#2444,#1917,#1918);
#1588=AXIS2_PLACEMENT_3D('',#2446,#1919,#1920);
#1589=AXIS2_PLACEMENT_3D('',#2449,#1922,#1923);
#1590=AXIS2_PLACEMENT_3D('',#2450,#1924,#1925);
#1591=AXIS2_PLACEMENT_3D('',#2452,#1926,#1927);
#1592=AXIS2_PLACEMENT_3D('',#2453,#1928,#1929);
#1593=AXIS2_PLACEMENT_3D('',#2454,#1930,#1931);
#1594=AXIS2_PLACEMENT_3D('',#2456,#1932,#1933);
#1595=AXIS2_PLACEMENT_3D('',#2458,#1935,#1936);
#1596=AXIS2_PLACEMENT_3D('',#2459,#1937,#1938);
#1597=AXIS2_PLACEMENT_3D('',#2460,#1939,#1940);
#1598=AXIS2_PLACEMENT_3D('',#2461,#1941,#1942);
#1599=AXIS2_PLACEMENT_3D('',#2465,#1945,#1946);
#1600=AXIS2_PLACEMENT_3D('',#2466,#1947,#1948);
#1601=AXIS2_PLACEMENT_3D('',#2467,#1949,#1950);
#1602=AXIS2_PLACEMENT_3D('',#2470,#1952,#1953);
#1603=AXIS2_PLACEMENT_3D('',#2471,#1954,#1955);
#1604=AXIS2_PLACEMENT_3D('',#2475,#1958,#1959);
#1605=AXIS2_PLACEMENT_3D('',#2478,#1961,#1962);
#1606=AXIS2_PLACEMENT_3D('',#2479,#1963,#1964);
#1607=AXIS2_PLACEMENT_3D('',#2484,#1968,#1969);
#1608=AXIS2_PLACEMENT_3D('',#2487,#1971,#1972);
#1609=AXIS2_PLACEMENT_3D('',#2488,#1973,#1974);
#1610=AXIS2_PLACEMENT_3D('',#2490,#1976,#1977);
#1611=AXIS2_PLACEMENT_3D('',#2491,#1978,#1979);
#1612=AXIS2_PLACEMENT_3D('',#2494,#1981,#1982);
#1613=AXIS2_PLACEMENT_3D('',#2495,#1983,#1984);
#1614=AXIS2_PLACEMENT_3D('',#2498,#1986,#1987);
#1615=AXIS2_PLACEMENT_3D('',#2499,#1988,#1989);
#1616=AXIS2_PLACEMENT_3D('',#2502,#1991,#1992);
#1617=AXIS2_PLACEMENT_3D('',#2503,#1993,#1994);
#1618=AXIS2_PLACEMENT_3D('',#2506,#1996,#1997);
#1619=AXIS2_PLACEMENT_3D('',#2507,#1998,#1999);
#1620=AXIS2_PLACEMENT_3D('',#2509,#2000,#2001);
#1621=AXIS2_PLACEMENT_3D('',#2511,#2003,#2004);
#1622=AXIS2_PLACEMENT_3D('',#2514,#2007,#2008);
#1623=AXIS2_PLACEMENT_3D('',#2515,#2009,#2010);
#1624=AXIS2_PLACEMENT_3D('',#2519,#2012,#2013);
#1625=AXIS2_PLACEMENT_3D('',#2521,#2015,#2016);
#1626=AXIS2_PLACEMENT_3D('',#2522,#2017,#2018);
#1627=AXIS2_PLACEMENT_3D('',#2535,#2020,#2021);
#1628=AXIS2_PLACEMENT_3D('',#2539,#2024,#2025);
#1629=AXIS2_PLACEMENT_3D('',#2552,#2026,#2027);
#1630=AXIS2_PLACEMENT_3D('',#2566,#2029,#2030);
#1631=AXIS2_PLACEMENT_3D('',#2579,#2032,#2033);
#1632=AXIS2_PLACEMENT_3D('',#2581,#2035,#2036);
#1633=AXIS2_PLACEMENT_3D('',#2583,#2038,#2039);
#1634=AXIS2_PLACEMENT_3D('',#2585,#2041,#2042);
#1635=AXIS2_PLACEMENT_3D('',#2587,#2044,#2045);
#1636=AXIS2_PLACEMENT_3D('',#2588,#2046,#2047);
#1637=AXIS2_PLACEMENT_3D('',#2590,#2048,#2049);
#1638=AXIS2_PLACEMENT_3D('',#2594,#2051,#2052);
#1639=AXIS2_PLACEMENT_3D('',#2595,#2053,#2054);
#1640=AXIS2_PLACEMENT_3D('',#2596,#2055,#2056);
#1641=AXIS2_PLACEMENT_3D('',#2598,#2057,#2058);
#1642=AXIS2_PLACEMENT_3D('',#2600,#2059,#2060);
#1643=AXIS2_PLACEMENT_3D('',#2601,#2061,#2062);
#1644=AXIS2_PLACEMENT_3D('',#2604,#2064,#2065);
#1645=AXIS2_PLACEMENT_3D('',#2605,#2066,#2067);
#1646=AXIS2_PLACEMENT_3D('',#2609,#2069,#2070);
#1647=AXIS2_PLACEMENT_3D('',#2610,#2071,#2072);
#1648=AXIS2_PLACEMENT_3D('',#2611,#2073,#2074);
#1649=AXIS2_PLACEMENT_3D('',#2614,#2076,#2077);
#1650=AXIS2_PLACEMENT_3D('',#2615,#2078,#2079);
#1651=AXIS2_PLACEMENT_3D('',#2618,#2081,#2082);
#1652=AXIS2_PLACEMENT_3D('',#2619,#2083,#2084);
#1653=DIRECTION('axis',(0.,0.,1.));
#1654=DIRECTION('refdir',(1.,0.,0.));
#1655=DIRECTION('center_axis',(0.,0.,1.));
#1656=DIRECTION('ref_axis',(-0.707106781186549,0.707106781186546,0.));
#1657=DIRECTION('',(0.,0.,-1.));
#1658=DIRECTION('center_axis',(0.,-1.06880676257536E-16,-1.));
#1659=DIRECTION('ref_axis',(-0.707106781186549,0.707106781186546,0.));
#1660=DIRECTION('',(0.,0.,1.));
#1661=DIRECTION('center_axis',(-1.,0.,0.));
#1662=DIRECTION('ref_axis',(0.,0.,1.));
#1663=DIRECTION('',(0.,1.,-3.25340080476236E-16));
#1664=DIRECTION('center_axis',(-1.,0.,0.));
#1665=DIRECTION('ref_axis',(0.,-1.,-2.96059473233376E-15));
#1666=DIRECTION('',(0.,0.,1.));
#1667=DIRECTION('center_axis',(-1.,0.,0.));
#1668=DIRECTION('ref_axis',(0.,2.96059473233376E-15,-1.));
#1669=DIRECTION('',(0.,-1.,-9.34924652315921E-16));
#1670=DIRECTION('',(0.,0.,1.));
#1671=DIRECTION('center_axis',(-1.,0.,0.));
#1672=DIRECTION('ref_axis',(0.,0.,-1.));
#1673=DIRECTION('center_axis',(0.,0.,1.));
#1674=DIRECTION('ref_axis',(-0.707106781186549,0.707106781186546,0.));
#1675=DIRECTION('center_axis',(0.,-1.06880676257536E-16,1.));
#1676=DIRECTION('ref_axis',(-0.707106781186549,0.707106781186546,0.));
#1677=DIRECTION('',(0.,0.,-1.));
#1678=DIRECTION('center_axis',(-1.,0.,0.));
#1679=DIRECTION('ref_axis',(0.,-1.,1.83697019872103E-16));
#1680=DIRECTION('center_axis',(-1.,0.,0.));
#1681=DIRECTION('ref_axis',(0.,0.,1.));
#1682=DIRECTION('center_axis',(0.,1.,0.));
#1683=DIRECTION('ref_axis',(0.,0.,1.));
#1684=DIRECTION('',(-1.,0.,0.));
#1685=DIRECTION('',(0.,0.,-1.));
#1686=DIRECTION('',(1.,0.,0.));
#1687=DIRECTION('center_axis',(0.,-1.,0.));
#1688=DIRECTION('ref_axis',(0.707106781186547,0.,-0.707106781186547));
#1689=DIRECTION('',(0.,0.,1.));
#1690=DIRECTION('center_axis',(0.,-1.,0.));
#1691=DIRECTION('ref_axis',(0.,0.,1.));
#1692=DIRECTION('',(-1.,0.,0.));
#1693=DIRECTION('',(0.,0.,-1.));
#1694=DIRECTION('center_axis',(0.,-1.,0.));
#1695=DIRECTION('ref_axis',(1.,0.,0.));
#1696=DIRECTION('center_axis',(0.,-1.,0.));
#1697=DIRECTION('ref_axis',(1.,0.,0.));
#1698=DIRECTION('center_axis',(0.,-1.,0.));
#1699=DIRECTION('ref_axis',(1.,0.,0.));
#1700=DIRECTION('center_axis',(0.,-1.,0.));
#1701=DIRECTION('ref_axis',(1.,0.,0.));
#1702=DIRECTION('center_axis',(0.,-1.06880676257536E-16,1.));
#1703=DIRECTION('ref_axis',(0.,1.,1.06880676257536E-16));
#1704=DIRECTION('',(0.,-1.,-1.06880676257536E-16));
#1705=DIRECTION('',(-1.,0.,0.));
#1706=DIRECTION('',(0.,1.,1.06880676257536E-16));
#1707=DIRECTION('',(-1.,0.,0.));
#1708=DIRECTION('',(0.,-1.,-9.34924652315921E-16));
#1709=DIRECTION('',(1.,0.,0.));
#1710=DIRECTION('center_axis',(1.,0.,0.));
#1711=DIRECTION('ref_axis',(0.,0.,1.));
#1712=DIRECTION('center_axis',(0.,1.,-4.07751851145269E-15));
#1713=DIRECTION('ref_axis',(0.,-4.07751851145269E-15,-1.));
#1714=DIRECTION('center_axis',(1.,0.,0.));
#1715=DIRECTION('ref_axis',(0.,0.504809068280913,0.8632310261925));
#1716=DIRECTION('center_axis',(-1.,0.,0.));
#1717=DIRECTION('ref_axis',(0.,0.504809068280913,0.8632310261925));
#1718=DIRECTION('center_axis',(0.,-1.,-1.48029736616688E-16));
#1719=DIRECTION('ref_axis',(-0.707106781186547,0.,-0.707106781186548));
#1720=DIRECTION('center_axis',(0.,1.,0.));
#1721=DIRECTION('ref_axis',(0.,0.,-1.));
#1722=DIRECTION('',(0.,-1.,-1.48029736616688E-16));
#1723=DIRECTION('',(0.,1.,1.48029736616688E-16));
#1724=DIRECTION('center_axis',(0.,0.,-1.));
#1725=DIRECTION('ref_axis',(0.,-1.,0.));
#1726=DIRECTION('center_axis',(-1.,0.,0.));
#1727=DIRECTION('ref_axis',(0.,-0.707106781186547,-0.707106781186548));
#1728=DIRECTION('center_axis',(1.,0.,0.));
#1729=DIRECTION('ref_axis',(0.,-0.707106781186547,-0.707106781186548));
#1730=DIRECTION('center_axis',(0.,1.50030138462859E-16,-1.));
#1731=DIRECTION('ref_axis',(-0.707106781186548,-0.707106781186547,0.));
#1732=DIRECTION('center_axis',(0.,-1.06880676257536E-16,-1.));
#1733=DIRECTION('ref_axis',(-0.707106781186548,-0.707106781186547,0.));
#1734=DIRECTION('',(0.,-1.50030138462859E-16,1.));
#1735=DIRECTION('',(0.,1.50030138462859E-16,-1.));
#1736=DIRECTION('center_axis',(-2.22044604925031E-16,-1.,-1.50030138462859E-16));
#1737=DIRECTION('ref_axis',(1.,-2.22044604925031E-16,-3.28692043842088E-32));
#1738=DIRECTION('',(0.,-1.50030138462859E-16,1.));
#1739=DIRECTION('',(1.,-2.22044604925031E-16,-3.28692043842088E-32));
#1740=DIRECTION('center_axis',(2.22044604925031E-16,1.,1.50030138462859E-16));
#1741=DIRECTION('ref_axis',(0.707106781186546,0.,0.707106781186549));
#1742=DIRECTION('',(0.,-1.50030138462859E-16,1.));
#1743=DIRECTION('',(-1.,2.22044604925031E-16,3.28692043842088E-32));
#1744=DIRECTION('center_axis',(2.22044604925031E-16,1.,1.50030138462859E-16));
#1745=DIRECTION('ref_axis',(1.,-1.93082265152201E-16,1.29792400604546E-33));
#1746=DIRECTION('center_axis',(2.22044604925031E-16,1.,1.50030138462859E-16));
#1747=DIRECTION('ref_axis',(1.,-1.93082265152201E-16,6.89003817349119E-33));
#1748=DIRECTION('center_axis',(2.22044604925031E-16,1.,1.50030138462859E-16));
#1749=DIRECTION('ref_axis',(1.,-1.93082265152201E-16,1.29792400604546E-33));
#1750=DIRECTION('center_axis',(2.22044604925031E-16,1.,1.50030138462859E-16));
#1751=DIRECTION('ref_axis',(1.,-1.93082265152201E-16,6.89003817349119E-33));
#1752=DIRECTION('center_axis',(1.,-2.22044604925031E-16,-3.28692043842088E-32));
#1753=DIRECTION('ref_axis',(-1.96261557335472E-16,-0.707106781186547,-0.707106781186548));
#1754=DIRECTION('center_axis',(-1.,0.,0.));
#1755=DIRECTION('ref_axis',(-1.96261557335472E-16,-0.707106781186547,-0.707106781186548));
#1756=DIRECTION('',(1.,-2.22044604925031E-16,-3.28692043842088E-32));
#1757=DIRECTION('center_axis',(0.,1.48029736616688E-16,-1.));
#1758=DIRECTION('ref_axis',(0.,1.,1.48029736616688E-16));
#1759=DIRECTION('',(0.,1.,0.));
#1760=DIRECTION('',(1.,-1.20274161001059E-16,-1.78041523747798E-32));
#1761=DIRECTION('',(0.,1.,1.48029736616688E-16));
#1762=DIRECTION('',(-1.,0.,0.));
#1763=DIRECTION('',(0.,1.,1.48029736616688E-16));
#1764=DIRECTION('center_axis',(0.,-1.48029736616688E-16,1.));
#1765=DIRECTION('ref_axis',(0.707106781186547,0.707106781186547,0.));
#1766=DIRECTION('',(1.,0.,0.));
#1767=DIRECTION('',(1.,0.,0.));
#1768=DIRECTION('center_axis',(-1.,0.,0.));
#1769=DIRECTION('ref_axis',(0.,1.,0.));
#1770=DIRECTION('center_axis',(1.,0.,0.));
#1771=DIRECTION('ref_axis',(0.,1.,0.));
#1772=DIRECTION('',(1.,0.,0.));
#1773=DIRECTION('center_axis',(1.,0.,0.));
#1774=DIRECTION('ref_axis',(0.,0.504809068280913,-0.8632310261925));
#1775=DIRECTION('',(-1.,0.,0.));
#1776=DIRECTION('center_axis',(-1.,0.,0.));
#1777=DIRECTION('ref_axis',(0.,1.,0.));
#1778=DIRECTION('',(1.,0.,0.));
#1779=DIRECTION('center_axis',(1.,0.,0.));
#1780=DIRECTION('ref_axis',(0.,0.,1.));
#1781=DIRECTION('center_axis',(0.,1.,1.11022302462516E-15));
#1782=DIRECTION('ref_axis',(-1.,0.,0.));
#1783=DIRECTION('center_axis',(-1.,0.,0.));
#1784=DIRECTION('ref_axis',(0.,0.504809068280913,-0.8632310261925));
#1785=DIRECTION('center_axis',(0.,1.,-2.96059473233375E-16));
#1786=DIRECTION('ref_axis',(-0.707106781186547,0.,0.707106781186548));
#1787=DIRECTION('center_axis',(0.,1.,0.));
#1788=DIRECTION('ref_axis',(-0.707106781186547,0.,0.707106781186548));
#1789=DIRECTION('',(0.,-1.,2.96059473233375E-16));
#1790=DIRECTION('',(0.,1.,-2.96059473233375E-16));
#1791=DIRECTION('center_axis',(-1.,0.,0.));
#1792=DIRECTION('ref_axis',(0.,0.,1.));
#1793=DIRECTION('',(0.,0.,1.));
#1794=DIRECTION('',(0.,-1.50030138462859E-16,1.));
#1795=DIRECTION('',(0.,1.,-3.25340080476236E-16));
#1796=DIRECTION('',(0.,2.14018896313283E-16,1.));
#1797=DIRECTION('',(0.,-1.,-2.66453525910038E-15));
#1798=DIRECTION('',(0.,1.07009448156642E-16,1.));
#1799=DIRECTION('center_axis',(-1.,0.,0.));
#1800=DIRECTION('ref_axis',(0.,1.,1.48029736616688E-15));
#1801=DIRECTION('',(0.,0.,-1.));
#1802=DIRECTION('center_axis',(-1.,0.,0.));
#1803=DIRECTION('ref_axis',(0.,-0.871533700086825,0.490335609162712));
#1804=DIRECTION('center_axis',(0.,1.50030138462859E-16,-1.));
#1805=DIRECTION('ref_axis',(-0.707106781186548,0.707106781186547,0.));
#1806=DIRECTION('center_axis',(0.,-1.50030138462859E-16,1.));
#1807=DIRECTION('ref_axis',(-0.707106781186548,0.707106781186547,0.));
#1808=DIRECTION('center_axis',(0.,1.06880676257536E-16,1.));
#1809=DIRECTION('ref_axis',(-0.707106781186548,0.707106781186547,0.));
#1810=DIRECTION('',(0.,1.50030138462859E-16,-1.));
#1811=DIRECTION('center_axis',(0.,1.50030138462859E-16,-1.));
#1812=DIRECTION('ref_axis',(-1.,0.,0.));
#1813=DIRECTION('',(0.,1.,1.48029736616688E-16));
#1814=DIRECTION('',(-1.,1.20274161001059E-16,1.78041523747798E-32));
#1815=DIRECTION('',(0.,1.,1.50030138462859E-16));
#1816=DIRECTION('center_axis',(-1.,0.,0.));
#1817=DIRECTION('ref_axis',(0.,-0.871533700086825,0.490335609162712));
#1818=DIRECTION('',(-1.,0.,0.));
#1819=DIRECTION('center_axis',(1.,0.,0.));
#1820=DIRECTION('ref_axis',(0.,-0.871533700086825,0.490335609162712));
#1821=DIRECTION('center_axis',(0.,1.48029736616687E-16,-1.));
#1822=DIRECTION('ref_axis',(0.,-1.,-1.48029736616687E-16));
#1823=DIRECTION('',(0.,-1.,-1.48029736616687E-16));
#1824=DIRECTION('',(-1.,0.,0.));
#1825=DIRECTION('',(0.,-1.,-1.48029736616687E-16));
#1826=DIRECTION('',(-1.,0.,0.));
#1827=DIRECTION('center_axis',(1.,0.,0.));
#1828=DIRECTION('ref_axis',(0.,-0.871533700086825,-0.490335609162713));
#1829=DIRECTION('center_axis',(1.,0.,0.));
#1830=DIRECTION('ref_axis',(0.,-0.871533700086825,-0.490335609162713));
#1831=DIRECTION('',(1.,0.,0.));
#1832=DIRECTION('center_axis',(-1.,0.,0.));
#1833=DIRECTION('ref_axis',(0.,-0.871533700086825,-0.490335609162713));
#1834=DIRECTION('center_axis',(0.,1.48029736616688E-16,1.));
#1835=DIRECTION('ref_axis',(0.,1.,-1.48029736616688E-16));
#1836=DIRECTION('',(0.,-1.,1.48029736616688E-16));
#1837=DIRECTION('',(-1.,0.,0.));
#1838=DIRECTION('',(0.,1.,-1.48029736616688E-16));
#1839=DIRECTION('',(1.,0.,0.));
#1840=DIRECTION('center_axis',(0.,1.,-2.14018896313283E-16));
#1841=DIRECTION('ref_axis',(0.,2.14018896313283E-16,1.));
#1842=DIRECTION('',(1.,0.,0.));
#1843=DIRECTION('',(0.,2.14018896313283E-16,1.));
#1844=DIRECTION('',(1.,0.,0.));
#1845=DIRECTION('center_axis',(0.,1.,-2.14018896313283E-16));
#1846=DIRECTION('ref_axis',(0.,2.14018896313283E-16,1.));
#1847=DIRECTION('',(0.,-2.14018896313283E-16,-1.));
#1848=DIRECTION('center_axis',(0.,-1.,2.14018896313283E-16));
#1849=DIRECTION('ref_axis',(-1.,0.,0.));
#1850=DIRECTION('center_axis',(0.,-1.,2.14018896313283E-16));
#1851=DIRECTION('ref_axis',(-1.,0.,0.));
#1852=DIRECTION('center_axis',(0.,-1.,2.14018896313283E-16));
#1853=DIRECTION('ref_axis',(-1.,0.,0.));
#1854=DIRECTION('center_axis',(0.,-1.,2.14018896313283E-16));
#1855=DIRECTION('ref_axis',(-1.,0.,0.));
#1856=DIRECTION('center_axis',(1.,0.,0.));
#1857=DIRECTION('ref_axis',(0.,2.14018896313283E-16,1.));
#1858=DIRECTION('',(0.,1.,-3.25340080476236E-16));
#1859=DIRECTION('',(0.,-1.,0.));
#1860=DIRECTION('center_axis',(0.,1.,0.));
#1861=DIRECTION('ref_axis',(-1.,0.,0.));
#1862=DIRECTION('',(0.,1.,0.));
#1863=DIRECTION('center_axis',(0.,1.,0.));
#1864=DIRECTION('ref_axis',(-1.,0.,0.));
#1865=DIRECTION('',(0.,1.,0.));
#1866=DIRECTION('center_axis',(0.,1.,0.));
#1867=DIRECTION('ref_axis',(-1.,0.,0.));
#1868=DIRECTION('',(0.,1.,0.));
#1869=DIRECTION('center_axis',(0.,1.,0.));
#1870=DIRECTION('ref_axis',(-1.,0.,0.));
#1871=DIRECTION('',(0.,1.,0.));
#1872=DIRECTION('center_axis',(0.,1.,0.));
#1873=DIRECTION('ref_axis',(0.,0.,1.));
#1874=DIRECTION('',(0.,-1.,0.));
#1875=DIRECTION('',(0.,-1.,0.));
#1876=DIRECTION('center_axis',(0.,0.,-1.));
#1877=DIRECTION('ref_axis',(1.,0.,0.));
#1878=DIRECTION('center_axis',(0.,1.,1.06880676257536E-16));
#1879=DIRECTION('ref_axis',(0.707106781186547,0.,-0.707106781186547));
#1880=DIRECTION('',(0.,1.,1.06880676257536E-16));
#1881=DIRECTION('center_axis',(0.,1.,-1.07009448156642E-16));
#1882=DIRECTION('ref_axis',(0.707106781186547,0.,-0.707106781186547));
#1883=DIRECTION('center_axis',(-1.,0.,0.));
#1884=DIRECTION('ref_axis',(0.,0.,1.));
#1885=DIRECTION('',(0.,-1.07009448156642E-16,-1.));
#1886=DIRECTION('',(0.,1.,2.66453525910038E-15));
#1887=DIRECTION('center_axis',(0.,-1.,1.07009448156642E-16));
#1888=DIRECTION('ref_axis',(0.,-1.07009448156642E-16,-1.));
#1889=DIRECTION('',(1.,0.,0.));
#1890=DIRECTION('center_axis',(0.,2.66453525910038E-15,-1.));
#1891=DIRECTION('ref_axis',(0.,1.,2.66453525910038E-15));
#1892=DIRECTION('center_axis',(-1.,0.,0.));
#1893=DIRECTION('ref_axis',(0.,0.,1.));
#1894=DIRECTION('',(0.,0.,-1.));
#1895=DIRECTION('center_axis',(-1.,0.,0.));
#1896=DIRECTION('ref_axis',(0.,-7.40148683083438E-16,1.));
#1897=DIRECTION('',(0.,1.,3.11641550771974E-16));
#1898=DIRECTION('center_axis',(0.,2.96059473233375E-16,1.));
#1899=DIRECTION('ref_axis',(0.,-1.,2.96059473233375E-16));
#1900=DIRECTION('',(1.,0.,0.));
#1901=DIRECTION('center_axis',(0.,-2.96059473233375E-16,-1.));
#1902=DIRECTION('ref_axis',(0.707106781186547,0.707106781186547,0.));
#1903=DIRECTION('',(0.,-1.,2.96059473233375E-16));
#1904=DIRECTION('',(1.,0.,0.));
#1905=DIRECTION('center_axis',(0.,-1.,0.));
#1906=DIRECTION('ref_axis',(0.,0.,-1.));
#1907=DIRECTION('',(0.,0.,1.));
#1908=DIRECTION('center_axis',(-1.,0.,0.));
#1909=DIRECTION('ref_axis',(0.,0.,-1.));
#1910=DIRECTION('center_axis',(1.,0.,0.));
#1911=DIRECTION('ref_axis',(0.,0.,-1.));
#1912=DIRECTION('',(-1.,0.,0.));
#1913=DIRECTION('center_axis',(-1.,0.,0.));
#1914=DIRECTION('ref_axis',(0.,0.,-1.));
#1915=DIRECTION('center_axis',(-1.,0.,0.));
#1916=DIRECTION('ref_axis',(0.,0.,1.));
#1917=DIRECTION('center_axis',(1.,0.,0.));
#1918=DIRECTION('ref_axis',(0.,0.,1.));
#1919=DIRECTION('center_axis',(1.,0.,0.));
#1920=DIRECTION('ref_axis',(0.,0.,1.));
#1921=DIRECTION('',(-1.,0.,0.));
#1922=DIRECTION('center_axis',(-1.,0.,0.));
#1923=DIRECTION('ref_axis',(0.,0.,1.));
#1924=DIRECTION('center_axis',(-1.,0.,0.));
#1925=DIRECTION('ref_axis',(0.,0.,1.));
#1926=DIRECTION('center_axis',(-1.,0.,0.));
#1927=DIRECTION('ref_axis',(0.,0.,1.));
#1928=DIRECTION('center_axis',(-1.,0.,0.));
#1929=DIRECTION('ref_axis',(0.,0.,1.));
#1930=DIRECTION('center_axis',(1.,0.,0.));
#1931=DIRECTION('ref_axis',(0.,0.,1.));
#1932=DIRECTION('center_axis',(-1.,0.,0.));
#1933=DIRECTION('ref_axis',(0.,0.,1.));
#1934=DIRECTION('',(1.,0.,0.));
#1935=DIRECTION('center_axis',(1.,0.,0.));
#1936=DIRECTION('ref_axis',(0.,0.,-1.));
#1937=DIRECTION('center_axis',(1.,0.,0.));
#1938=DIRECTION('ref_axis',(0.,0.,-1.));
#1939=DIRECTION('center_axis',(-1.,0.,0.));
#1940=DIRECTION('ref_axis',(0.,0.,-1.));
#1941=DIRECTION('center_axis',(0.,-1.,0.));
#1942=DIRECTION('ref_axis',(0.,0.,1.));
#1943=DIRECTION('',(-1.,0.,0.));
#1944=DIRECTION('',(0.,0.,1.));
#1945=DIRECTION('center_axis',(1.,0.,0.));
#1946=DIRECTION('ref_axis',(0.,-1.48029736616688E-15,-1.));
#1947=DIRECTION('center_axis',(1.,0.,0.));
#1948=DIRECTION('ref_axis',(0.,-1.48029736616688E-15,-1.));
#1949=DIRECTION('center_axis',(1.,0.,0.));
#1950=DIRECTION('ref_axis',(0.,-1.,2.96059473233376E-15));
#1951=DIRECTION('',(-1.,0.,0.));
#1952=DIRECTION('center_axis',(1.,0.,0.));
#1953=DIRECTION('ref_axis',(0.,-1.,2.96059473233376E-15));
#1954=DIRECTION('center_axis',(0.,1.,0.));
#1955=DIRECTION('ref_axis',(0.,0.,-1.));
#1956=DIRECTION('',(-1.,0.,0.));
#1957=DIRECTION('',(0.,0.,-1.));
#1958=DIRECTION('center_axis',(1.,0.,0.));
#1959=DIRECTION('ref_axis',(0.,8.88178419700128E-15,1.));
#1960=DIRECTION('',(-1.,0.,0.));
#1961=DIRECTION('center_axis',(1.,0.,0.));
#1962=DIRECTION('ref_axis',(0.,8.88178419700128E-15,1.));
#1963=DIRECTION('center_axis',(0.,-1.06880676257536E-16,-1.));
#1964=DIRECTION('ref_axis',(0.,-1.,1.06880676257536E-16));
#1965=DIRECTION('',(0.,1.,3.11641550771974E-16));
#1966=DIRECTION('',(-1.,0.,0.));
#1967=DIRECTION('',(0.,-1.,1.06880676257536E-16));
#1968=DIRECTION('center_axis',(1.,0.,0.));
#1969=DIRECTION('ref_axis',(0.,1.,0.));
#1970=DIRECTION('',(-1.,0.,0.));
#1971=DIRECTION('center_axis',(1.,0.,0.));
#1972=DIRECTION('ref_axis',(0.,1.,0.));
#1973=DIRECTION('center_axis',(0.,-1.,0.));
#1974=DIRECTION('ref_axis',(0.,0.,1.));
#1975=DIRECTION('',(0.,0.,1.));
#1976=DIRECTION('center_axis',(1.,0.,0.));
#1977=DIRECTION('ref_axis',(0.,0.,-1.));
#1978=DIRECTION('center_axis',(1.93082265152201E-16,1.,0.));
#1979=DIRECTION('ref_axis',(1.,-1.93082265152201E-16,1.29792400604546E-33));
#1980=DIRECTION('',(-1.93082265152201E-16,-1.,0.));
#1981=DIRECTION('center_axis',(-1.20274161001059E-16,-1.,-1.50030138462859E-16));
#1982=DIRECTION('ref_axis',(1.,-1.93082265152201E-16,1.29792400604546E-33));
#1983=DIRECTION('center_axis',(1.93082265152201E-16,1.,1.93082265152201E-16));
#1984=DIRECTION('ref_axis',(1.,-1.93082265152201E-16,6.89003817349119E-33));
#1985=DIRECTION('',(-1.93082265152201E-16,-1.,-1.93082265152201E-16));
#1986=DIRECTION('center_axis',(-1.20274161001059E-16,-1.,-1.50030138462859E-16));
#1987=DIRECTION('ref_axis',(1.,-1.93082265152201E-16,6.89003817349119E-33));
#1988=DIRECTION('center_axis',(1.93082265152201E-16,1.,0.));
#1989=DIRECTION('ref_axis',(1.,-1.93082265152201E-16,1.29792400604546E-33));
#1990=DIRECTION('',(-1.93082265152201E-16,-1.,0.));
#1991=DIRECTION('center_axis',(-1.20274161001059E-16,-1.,-1.50030138462859E-16));
#1992=DIRECTION('ref_axis',(1.,-1.93082265152201E-16,1.29792400604546E-33));
#1993=DIRECTION('center_axis',(1.93082265152201E-16,1.,1.93082265152201E-16));
#1994=DIRECTION('ref_axis',(1.,-1.93082265152201E-16,6.89003817349119E-33));
#1995=DIRECTION('',(-1.93082265152201E-16,-1.,-1.93082265152201E-16));
#1996=DIRECTION('center_axis',(-1.20274161001059E-16,-1.,-1.50030138462859E-16));
#1997=DIRECTION('ref_axis',(1.,-1.93082265152201E-16,6.89003817349119E-33));
#1998=DIRECTION('center_axis',(0.,1.,1.50030138462859E-16));
#1999=DIRECTION('ref_axis',(0.707106781186546,0.,0.707106781186549));
#2000=DIRECTION('center_axis',(-1.20274161001059E-16,-1.,-1.50030138462859E-16));
#2001=DIRECTION('ref_axis',(0.707106781186546,0.,0.707106781186549));
#2002=DIRECTION('',(0.,-1.,-1.50030138462859E-16));
#2003=DIRECTION('center_axis',(1.20274161001059E-16,1.,1.50030138462859E-16));
#2004=DIRECTION('ref_axis',(-1.,1.20274161001059E-16,1.78041523747798E-32));
#2005=DIRECTION('',(0.,-1.50030138462859E-16,1.));
#2006=DIRECTION('',(0.,1.50030138462859E-16,-1.));
#2007=DIRECTION('center_axis',(1.,0.,0.));
#2008=DIRECTION('ref_axis',(0.,0.,-1.));
#2009=DIRECTION('center_axis',(-1.,0.,0.));
#2010=DIRECTION('ref_axis',(0.,0.,1.));
#2011=DIRECTION('',(0.,0.,1.));
#2012=DIRECTION('center_axis',(1.,0.,0.));
#2013=DIRECTION('ref_axis',(0.,-6.12323399573677E-17,-1.));
#2014=DIRECTION('',(0.,0.,1.));
#2015=DIRECTION('center_axis',(1.,0.,0.));
#2016=DIRECTION('ref_axis',(0.,1.,1.48029736616688E-16));
#2017=DIRECTION('center_axis',(0.,0.,1.));
#2018=DIRECTION('ref_axis',(0.707106781186547,0.707106781186547,0.));
#2019=DIRECTION('',(0.,0.,-1.));
#2020=DIRECTION('center_axis',(0.,1.,0.));
#2021=DIRECTION('ref_axis',(0.,0.,-1.));
#2022=DIRECTION('',(0.,0.,1.));
#2023=DIRECTION('',(1.,0.,0.));
#2024=DIRECTION('center_axis',(1.,0.,0.));
#2025=DIRECTION('ref_axis',(0.,-6.12323399573677E-17,-1.));
#2026=DIRECTION('center_axis',(-1.,0.,0.));
#2027=DIRECTION('ref_axis',(0.,-6.12323399573677E-17,-1.));
#2028=DIRECTION('',(-1.,0.,0.));
#2029=DIRECTION('center_axis',(1.,0.,0.));
#2030=DIRECTION('ref_axis',(0.,-6.12323399573677E-17,-1.));
#2031=DIRECTION('',(-1.,0.,0.));
#2032=DIRECTION('center_axis',(0.,0.,1.));
#2033=DIRECTION('ref_axis',(0.707106781186547,0.707106781186547,0.));
#2034=DIRECTION('',(0.,0.,-1.));
#2035=DIRECTION('center_axis',(0.,1.,0.));
#2036=DIRECTION('ref_axis',(0.,0.,-1.));
#2037=DIRECTION('',(0.,0.,1.));
#2038=DIRECTION('center_axis',(0.,0.,1.));
#2039=DIRECTION('ref_axis',(-0.707106781186547,-0.707106781186547,0.));
#2040=DIRECTION('',(0.,0.,-1.));
#2041=DIRECTION('center_axis',(0.,0.,1.));
#2042=DIRECTION('ref_axis',(-0.707106781186547,-0.707106781186547,0.));
#2043=DIRECTION('',(0.,0.,-1.));
#2044=DIRECTION('center_axis',(-1.,0.,0.));
#2045=DIRECTION('ref_axis',(0.,0.,1.));
#2046=DIRECTION('center_axis',(-1.,0.,0.));
#2047=DIRECTION('ref_axis',(0.,-6.12323399573677E-17,-1.));
#2048=DIRECTION('center_axis',(1.,0.,0.));
#2049=DIRECTION('ref_axis',(0.,-6.12323399573677E-17,-1.));
#2050=DIRECTION('',(0.707106781186547,4.32978028117747E-17,-0.707106781186547));
#2051=DIRECTION('center_axis',(-1.,0.,0.));
#2052=DIRECTION('ref_axis',(0.,-6.12323399573677E-17,-1.));
#2053=DIRECTION('center_axis',(-1.,0.,0.));
#2054=DIRECTION('ref_axis',(0.,-6.12323399573677E-17,-1.));
#2055=DIRECTION('center_axis',(-1.,0.,0.));
#2056=DIRECTION('ref_axis',(0.,0.,1.));
#2057=DIRECTION('center_axis',(1.,0.,0.));
#2058=DIRECTION('ref_axis',(0.,-6.12323399573677E-17,-1.));
#2059=DIRECTION('center_axis',(-1.,0.,0.));
#2060=DIRECTION('ref_axis',(0.,6.12323399573677E-17,1.));
#2061=DIRECTION('center_axis',(-1.,0.,0.));
#2062=DIRECTION('ref_axis',(0.,6.12323399573677E-17,1.));
#2063=DIRECTION('',(1.,0.,0.));
#2064=DIRECTION('center_axis',(1.,0.,0.));
#2065=DIRECTION('ref_axis',(0.,6.12323399573677E-17,1.));
#2066=DIRECTION('center_axis',(-1.,0.,0.));
#2067=DIRECTION('ref_axis',(0.,-6.12323399573677E-17,-1.));
#2068=DIRECTION('',(0.707106781186547,4.32978028117747E-17,-0.707106781186547));
#2069=DIRECTION('center_axis',(-1.,0.,0.));
#2070=DIRECTION('ref_axis',(0.,-6.12323399573677E-17,-1.));
#2071=DIRECTION('center_axis',(-1.,0.,0.));
#2072=DIRECTION('ref_axis',(0.,-6.12323399573677E-17,-1.));
#2073=DIRECTION('center_axis',(-1.,0.,0.));
#2074=DIRECTION('ref_axis',(0.,6.12323399573677E-17,1.));
#2075=DIRECTION('',(1.,0.,0.));
#2076=DIRECTION('center_axis',(1.,0.,0.));
#2077=DIRECTION('ref_axis',(0.,6.12323399573677E-17,1.));
#2078=DIRECTION('center_axis',(-1.,0.,0.));
#2079=DIRECTION('ref_axis',(0.,6.12323399573677E-17,1.));
#2080=DIRECTION('',(1.,0.,0.));
#2081=DIRECTION('center_axis',(1.,0.,0.));
#2082=DIRECTION('ref_axis',(0.,6.12323399573677E-17,1.));
#2083=DIRECTION('center_axis',(-1.,0.,0.));
#2084=DIRECTION('ref_axis',(0.,0.,1.));
#2085=CARTESIAN_POINT('',(0.,0.,0.));
#2086=CARTESIAN_POINT('Origin',(5.,-44.6,-11.75));
#2087=CARTESIAN_POINT('',(2.,-44.6,9.05480408551676));
#2088=CARTESIAN_POINT('',(5.,-41.6,5.47146642338648));
#2089=CARTESIAN_POINT('Ctrl Pts',(2.,-44.6,9.05480408551676));
#2090=CARTESIAN_POINT('Ctrl Pts',(2.,-44.4369264575764,8.98636754560301));
#2091=CARTESIAN_POINT('Ctrl Pts',(2.01342661580323,-44.2790455654408,8.90953902389401));
#2092=CARTESIAN_POINT('Ctrl Pts',(2.10818114046165,-43.6810991484834,8.58204629302884));
#2093=CARTESIAN_POINT('Ctrl Pts',(2.28181305457407,-43.2609858506961,8.26167092928124));
#2094=CARTESIAN_POINT('Ctrl Pts',(2.76206501016804,-42.5571721419275,7.56038869249696));
#2095=CARTESIAN_POINT('Ctrl Pts',(3.06859892798732,-42.2729503940549,7.17994623549659));
#2096=CARTESIAN_POINT('Ctrl Pts',(3.70377554263396,-41.8691314394985,6.49038592465802));
#2097=CARTESIAN_POINT('Ctrl Pts',(4.08152839425295,-41.7133169136653,6.12314246034678));
#2098=CARTESIAN_POINT('Ctrl Pts',(4.65855258778206,-41.6149196624158,5.68655194829152));
#2099=CARTESIAN_POINT('Ctrl Pts',(4.82697194547976,-41.6,5.57192578865655));
#2100=CARTESIAN_POINT('Ctrl Pts',(5.,-41.6,5.47146642338648));
#2101=CARTESIAN_POINT('',(5.,-41.6,23.5));
#2102=CARTESIAN_POINT('',(5.,-41.6,-11.75));
#2103=CARTESIAN_POINT('',(2.,-44.6,23.5));
#2104=CARTESIAN_POINT('Origin',(5.,-44.6,23.5));
#2105=CARTESIAN_POINT('',(2.,-44.6,-11.75));
#2106=CARTESIAN_POINT('Origin',(2.,-45.3,-1.33226762955019E-14));
#2107=CARTESIAN_POINT('',(2.,-71.1,23.5));
#2108=CARTESIAN_POINT('',(2.,-71.1,23.5));
#2109=CARTESIAN_POINT('',(2.,-74.1,20.5));
#2110=CARTESIAN_POINT('Origin',(2.,-71.1,20.5));
#2111=CARTESIAN_POINT('',(2.,-74.1,-20.5));
#2112=CARTESIAN_POINT('',(2.,-74.1,-20.5));
#2113=CARTESIAN_POINT('',(2.,-71.1,-23.5));
#2114=CARTESIAN_POINT('Origin',(2.,-71.1,-20.5));
#2115=CARTESIAN_POINT('',(2.,-44.6,-23.5));
#2116=CARTESIAN_POINT('',(2.,12.,-23.5));
#2117=CARTESIAN_POINT('',(2.,-44.6,-9.05480408551676));
#2118=CARTESIAN_POINT('',(2.,-44.6,-11.75));
#2119=CARTESIAN_POINT('Origin',(2.,-48.4,-7.51694689475267E-16));
#2120=CARTESIAN_POINT('Origin',(5.,-44.6,-11.75));
#2121=CARTESIAN_POINT('',(5.,-41.6,-5.47146642338649));
#2122=CARTESIAN_POINT('Ctrl Pts',(5.,-41.6,-5.47146642338648));
#2123=CARTESIAN_POINT('Ctrl Pts',(4.82697194547975,-41.6,-5.57192578865655));
#2124=CARTESIAN_POINT('Ctrl Pts',(4.65855258778205,-41.6149196624158,-5.68655194829152));
#2125=CARTESIAN_POINT('Ctrl Pts',(4.08152839425295,-41.7133169136653,-6.12314246034678));
#2126=CARTESIAN_POINT('Ctrl Pts',(3.70377554263396,-41.8691314394985,-6.49038592465803));
#2127=CARTESIAN_POINT('Ctrl Pts',(3.06859892798732,-42.2729503940549,-7.17994623549659));
#2128=CARTESIAN_POINT('Ctrl Pts',(2.76206501016804,-42.5571721419275,-7.56038869249696));
#2129=CARTESIAN_POINT('Ctrl Pts',(2.28181305457407,-43.260985850696,-8.26167092928124));
#2130=CARTESIAN_POINT('Ctrl Pts',(2.10818114046165,-43.6810991484834,-8.58204629302884));
#2131=CARTESIAN_POINT('Ctrl Pts',(2.01342661580323,-44.2790455654408,-8.90953902389402));
#2132=CARTESIAN_POINT('Ctrl Pts',(2.,-44.4369264575764,-8.98636754560301));
#2133=CARTESIAN_POINT('Ctrl Pts',(2.,-44.6,-9.05480408551676));
#2134=CARTESIAN_POINT('',(5.,-41.6,-23.5));
#2135=CARTESIAN_POINT('Origin',(5.,-44.6,-23.5));
#2136=CARTESIAN_POINT('',(5.,-41.6,-11.75));
#2137=CARTESIAN_POINT('Origin',(4.5,-48.4,-7.51694689475267E-16));
#2138=CARTESIAN_POINT('',(7.,-41.6,-4.2142615011411));
#2139=CARTESIAN_POINT('Ctrl Pts',(7.,-41.6,-4.2142615011411));
#2140=CARTESIAN_POINT('Ctrl Pts',(6.12979973545009,-41.6,-4.81550941907117));
#2141=CARTESIAN_POINT('Ctrl Pts',(5.,-41.6,-5.47146642338649));
#2142=CARTESIAN_POINT('',(7.,-41.6,4.2142615011411));
#2143=CARTESIAN_POINT('Origin',(7.,-48.4,-7.51694689475267E-16));
#2144=CARTESIAN_POINT('Ctrl Pts',(5.,-41.6,5.47146642338648));
#2145=CARTESIAN_POINT('Ctrl Pts',(6.1297997354501,-41.6,4.81550941907115));
#2146=CARTESIAN_POINT('Ctrl Pts',(7.,-41.6,4.21426150114109));
#2147=CARTESIAN_POINT('Origin',(2.,-41.6,-23.5));
#2148=CARTESIAN_POINT('',(2.,-41.6,23.5));
#2149=CARTESIAN_POINT('',(1.,-41.6,23.5));
#2150=CARTESIAN_POINT('',(7.,-41.6,-11.75));
#2151=CARTESIAN_POINT('',(37.5,-41.6,-23.5));
#2152=CARTESIAN_POINT('',(2.,-41.6,-23.5));
#2153=CARTESIAN_POINT('',(40.5,-41.6,-20.5));
#2154=CARTESIAN_POINT('Origin',(37.5,-41.6,-20.5));
#2155=CARTESIAN_POINT('',(40.5,-41.6,49.));
#2156=CARTESIAN_POINT('',(40.5,-41.6,41.25));
#2157=CARTESIAN_POINT('',(37.5,-41.6,52.));
#2158=CARTESIAN_POINT('Origin',(37.5,-41.6,49.));
#2159=CARTESIAN_POINT('',(2.,-41.6,52.));
#2160=CARTESIAN_POINT('',(11.625,-41.6,52.));
#2161=CARTESIAN_POINT('',(2.,-41.6,24.25));
#2162=CARTESIAN_POINT('',(14.5499995157448,-41.6,46.4999999999997));
#2163=CARTESIAN_POINT('Origin',(11.9999995157448,-41.6,46.4999999999997));
#2164=CARTESIAN_POINT('',(34.5499995157449,-41.6,26.4999999999993));
#2165=CARTESIAN_POINT('Origin',(31.9999995157448,-41.6,26.4999999999993));
#2166=CARTESIAN_POINT('',(14.5499995157448,-41.6,26.4999999999993));
#2167=CARTESIAN_POINT('Origin',(11.9999995157448,-41.6,26.4999999999993));
#2168=CARTESIAN_POINT('',(34.5499995157449,-41.6,46.4999999999997));
#2169=CARTESIAN_POINT('Origin',(31.9999995157448,-41.6,46.4999999999997));
#2170=CARTESIAN_POINT('Origin',(0.,-71.1,-23.5));
#2171=CARTESIAN_POINT('',(37.5,-34.5,-23.5));
#2172=CARTESIAN_POINT('',(37.5,-53.425,-23.5));
#2173=CARTESIAN_POINT('',(-9.,-71.1,-23.5));
#2174=CARTESIAN_POINT('',(0.,-71.1,-23.5));
#2175=CARTESIAN_POINT('',(-9.,12.,-23.5));
#2176=CARTESIAN_POINT('',(-9.,-71.1,-23.5));
#2177=CARTESIAN_POINT('',(2.,12.,-23.5));
#2178=CARTESIAN_POINT('',(0.,12.,-23.5));
#2179=CARTESIAN_POINT('',(2.,-34.5,-23.5));
#2180=CARTESIAN_POINT('',(2.,12.,-23.5));
#2181=CARTESIAN_POINT('',(2.,-34.5,-23.5));
#2182=CARTESIAN_POINT('Origin',(4.,0.,0.));
#2183=CARTESIAN_POINT('',(4.,1.83697019872103E-15,15.));
#2184=CARTESIAN_POINT('',(2.,9.99200722162641E-15,17.));
#2185=CARTESIAN_POINT('Origin',(4.,9.99200722162641E-15,17.));
#2186=CARTESIAN_POINT('',(4.,13.0730055013024,7.35503413744068));
#2187=CARTESIAN_POINT('Origin',(4.,0.,0.));
#2188=CARTESIAN_POINT('',(2.,12.9416419238994,11.0233345369525));
#2189=CARTESIAN_POINT('Ctrl Pts',(2.,12.9416419238994,11.0233345369525));
#2190=CARTESIAN_POINT('Ctrl Pts',(2.,12.8814705647982,10.8958154072073));
#2191=CARTESIAN_POINT('Ctrl Pts',(2.01236920205206,12.828018628662,10.7650005245434));
#2192=CARTESIAN_POINT('Ctrl Pts',(2.08815882488588,12.6752527679458,10.326444646586));
#2193=CARTESIAN_POINT('Ctrl Pts',(2.19513579769549,12.6098122125788,10.0182424493938));
#2194=CARTESIAN_POINT('Ctrl Pts',(2.51896196651879,12.5379434631068,9.30980660337425));
#2195=CARTESIAN_POINT('Ctrl Pts',(2.77458641054929,12.5593664221572,8.89225607884243));
#2196=CARTESIAN_POINT('Ctrl Pts',(3.36414247177646,12.7330545449477,8.08034401223132));
#2197=CARTESIAN_POINT('Ctrl Pts',(3.68130318037464,12.8773212930388,7.70443239320187));
#2198=CARTESIAN_POINT('Ctrl Pts',(3.99584159174459,13.0704455831697,7.35958941468943));
#2199=CARTESIAN_POINT('Ctrl Pts',(3.9979207965527,13.0717244272136,7.35731114775733));
#2200=CARTESIAN_POINT('Ctrl Pts',(4.,13.0730055013024,7.35503413744069));
#2201=CARTESIAN_POINT('Origin',(2.,0.,0.));
#2202=CARTESIAN_POINT('Origin',(4.,-7.875,17.));
#2203=CARTESIAN_POINT('',(4.,-6.49999999999998,15.));
#2204=CARTESIAN_POINT('',(2.,-6.49999999999998,17.));
#2205=CARTESIAN_POINT('Origin',(4.,-6.49999999999998,17.));
#2206=CARTESIAN_POINT('',(4.,-7.875,15.));
#2207=CARTESIAN_POINT('',(2.,-7.875,17.));
#2208=CARTESIAN_POINT('Ctrl Pts',(4.,-9.49999999999999,18.));
#2209=CARTESIAN_POINT('Ctrl Pts',(4.,-9.49999999999998,15.));
#2210=CARTESIAN_POINT('Ctrl Pts',(4.,-6.49999999999998,15.));
#2211=CARTESIAN_POINT('Ctrl Pts',(2.,-9.49999999999999,18.));
#2212=CARTESIAN_POINT('Ctrl Pts',(2.,-9.49999999999998,15.));
#2213=CARTESIAN_POINT('Ctrl Pts',(2.,-6.49999999999998,15.));
#2214=CARTESIAN_POINT('Ctrl Pts',(2.,-7.49999999999998,18.));
#2215=CARTESIAN_POINT('Ctrl Pts',(2.,-7.49999999999998,17.));
#2216=CARTESIAN_POINT('Ctrl Pts',(2.,-6.49999999999998,17.));
#2217=CARTESIAN_POINT('',(4.,-9.49999999999999,18.));
#2218=CARTESIAN_POINT('',(2.,-7.49999999999999,18.));
#2219=CARTESIAN_POINT('Origin',(4.,-7.49999999999999,18.));
#2220=CARTESIAN_POINT('Origin',(4.,-6.49999999999998,18.));
#2221=CARTESIAN_POINT('Origin',(2.,-6.49999999999998,18.));
#2222=CARTESIAN_POINT('Origin',(4.,-7.49999999999998,7.49999999999999));
#2223=CARTESIAN_POINT('',(3.99999999999999,-9.49999999999999,23.5));
#2224=CARTESIAN_POINT('',(2.,-7.49999999999999,23.5));
#2225=CARTESIAN_POINT('Origin',(4.,-7.49999999999999,23.5));
#2226=CARTESIAN_POINT('',(4.,-9.49999999999998,7.49999999999999));
#2227=CARTESIAN_POINT('',(2.,-7.49999999999998,7.49999999999999));
#2228=CARTESIAN_POINT('Origin',(1.99999999999999,-9.49999999999998,15.));
#2229=CARTESIAN_POINT('',(3.99999999999999,-9.49999999999999,52.));
#2230=CARTESIAN_POINT('',(3.99999999999999,-9.49999999999998,15.));
#2231=CARTESIAN_POINT('',(37.5,-9.5,52.));
#2232=CARTESIAN_POINT('',(1.99999999999999,-9.49999999999999,52.));
#2233=CARTESIAN_POINT('',(40.5,-9.5,49.));
#2234=CARTESIAN_POINT('Origin',(37.5,-9.49999999999999,49.));
#2235=CARTESIAN_POINT('',(40.5,-9.49999999999999,18.));
#2236=CARTESIAN_POINT('',(40.5,-9.49999999999999,24.25));
#2237=CARTESIAN_POINT('',(0.999999999999996,-9.49999999999998,18.));
#2238=CARTESIAN_POINT('',(9.45000039775221,-9.49999999999999,46.5000000000001));
#2239=CARTESIAN_POINT('Origin',(12.0000003977522,-9.49999999999999,46.5000000000001));
#2240=CARTESIAN_POINT('',(9.45000039775221,-9.49999999999999,26.5000000000001));
#2241=CARTESIAN_POINT('Origin',(12.0000003977522,-9.49999999999999,26.5000000000001));
#2242=CARTESIAN_POINT('',(29.4500003977522,-9.49999999999999,46.5000000000001));
#2243=CARTESIAN_POINT('Origin',(32.0000003977522,-9.49999999999999,46.5000000000001));
#2244=CARTESIAN_POINT('',(29.4500003977522,-9.49999999999999,26.5000000000001));
#2245=CARTESIAN_POINT('Origin',(32.0000003977522,-9.49999999999999,26.5000000000001));
#2246=CARTESIAN_POINT('Origin',(0.999999999999997,-6.49999999999998,18.));
#2247=CARTESIAN_POINT('',(40.5,-6.49999999999999,15.));
#2248=CARTESIAN_POINT('Origin',(40.5,-6.49999999999999,18.));
#2249=CARTESIAN_POINT('',(0.999999999999997,-6.49999999999998,15.));
#2250=CARTESIAN_POINT('Origin',(0.,-15.,15.));
#2251=CARTESIAN_POINT('',(40.5,-12.,15.));
#2252=CARTESIAN_POINT('',(40.5,-9.5,15.));
#2253=CARTESIAN_POINT('',(1.99999999999999,-12.,15.));
#2254=CARTESIAN_POINT('',(31.,-12.,15.));
#2255=CARTESIAN_POINT('',(2.,-14.5,15.));
#2256=CARTESIAN_POINT('',(2.,-7.875,15.));
#2257=CARTESIAN_POINT('',(60.,-14.5,15.));
#2258=CARTESIAN_POINT('',(15.,-14.5,15.));
#2259=CARTESIAN_POINT('',(60.,-5.,15.));
#2260=CARTESIAN_POINT('',(60.,-15.,15.));
#2261=CARTESIAN_POINT('',(55.,1.83697019872103E-15,15.));
#2262=CARTESIAN_POINT('Origin',(55.,-5.,15.));
#2263=CARTESIAN_POINT('',(30.,1.83697019872103E-15,15.));
#2264=CARTESIAN_POINT('',(0.,1.83697019872103E-15,15.));
#2265=CARTESIAN_POINT('',(0.,1.83697019872103E-15,15.));
#2266=CARTESIAN_POINT('Origin',(0.,0.,0.));
#2267=CARTESIAN_POINT('',(25.,5.,14.142135623731));
#2268=CARTESIAN_POINT('Ctrl Pts',(30.,5.20417042793042E-16,15.));
#2269=CARTESIAN_POINT('Ctrl Pts',(29.3717194764059,4.85540467632158E-16,
15.));
#2270=CARTESIAN_POINT('Ctrl Pts',(28.7016519801111,0.125683569827402,15.0016475963469));
#2271=CARTESIAN_POINT('Ctrl Pts',(27.469608026881,0.636310689432772,14.9886735881428));
#2272=CARTESIAN_POINT('Ctrl Pts',(26.9076625109522,1.02126967718233,14.9718175783322));
#2273=CARTESIAN_POINT('Ctrl Pts',(26.0106577091969,1.91827447893763,14.8838216520014));
#2274=CARTESIAN_POINT('Ctrl Pts',(25.6229652481319,2.49231823359713,14.8050230365801));
#2275=CARTESIAN_POINT('Ctrl Pts',(25.1179212090823,3.73027307765848,14.5425383165049));
#2276=CARTESIAN_POINT('Ctrl Pts',(25.,4.39346815028591,14.3565770157002));
#2277=CARTESIAN_POINT('Ctrl Pts',(25.,5.,14.142135623731));
#2278=CARTESIAN_POINT('',(25.,5.,-14.142135623731));
#2279=CARTESIAN_POINT('Origin',(25.,0.,0.));
#2280=CARTESIAN_POINT('',(30.,0.,-15.));
#2281=CARTESIAN_POINT('Ctrl Pts',(25.,5.,-14.142135623731));
#2282=CARTESIAN_POINT('Ctrl Pts',(25.,4.39346815028591,-14.3565770157002));
#2283=CARTESIAN_POINT('Ctrl Pts',(25.1179212090823,3.73027307765848,-14.5425383165049));
#2284=CARTESIAN_POINT('Ctrl Pts',(25.6229652481319,2.49231823359713,-14.8050230365801));
#2285=CARTESIAN_POINT('Ctrl Pts',(26.0106577091969,1.91827447893763,-14.8838216520014));
#2286=CARTESIAN_POINT('Ctrl Pts',(26.9076625109522,1.02126967718233,-14.9718175783322));
#2287=CARTESIAN_POINT('Ctrl Pts',(27.469608026881,0.636310689432768,-14.9886735881428));
#2288=CARTESIAN_POINT('Ctrl Pts',(28.7016519801111,0.1256835698274,-15.0016475963469));
#2289=CARTESIAN_POINT('Ctrl Pts',(29.3717194764059,5.55111512312578E-16,
-15.));
#2290=CARTESIAN_POINT('Ctrl Pts',(30.,5.55111512312578E-16,-15.));
#2291=CARTESIAN_POINT('',(4.,0.,-15.));
#2292=CARTESIAN_POINT('',(0.,0.,-15.));
#2293=CARTESIAN_POINT('',(4.,13.0730055013024,-7.35503413744069));
#2294=CARTESIAN_POINT('Origin',(4.,0.,0.));
#2295=CARTESIAN_POINT('',(0.,13.0730055013024,-7.35503413744069));
#2296=CARTESIAN_POINT('',(0.,13.0730055013024,-7.35503413744068));
#2297=CARTESIAN_POINT('',(0.,13.0730055013024,7.35503413744069));
#2298=CARTESIAN_POINT('Origin',(0.,0.,0.));
#2299=CARTESIAN_POINT('',(0.,13.0730055013024,7.35503413744069));
#2300=CARTESIAN_POINT('Origin',(4.,0.,0.));
#2301=CARTESIAN_POINT('',(2.,2.22044604925031E-15,-17.));
#2302=CARTESIAN_POINT('Origin',(4.,2.22044604925031E-15,-17.));
#2303=CARTESIAN_POINT('',(2.,12.9416419238994,-11.0233345369525));
#2304=CARTESIAN_POINT('Origin',(2.,0.,0.));
#2305=CARTESIAN_POINT('Ctrl Pts',(4.,13.0730055013024,-7.35503413744068));
#2306=CARTESIAN_POINT('Ctrl Pts',(3.99792079655233,13.0717244272134,-7.35731114775773));
#2307=CARTESIAN_POINT('Ctrl Pts',(3.99584159174445,13.0704455831696,-7.35958941468955));
#2308=CARTESIAN_POINT('Ctrl Pts',(3.74269640969154,12.9150162879963,-7.63712416217974));
#2309=CARTESIAN_POINT('Ctrl Pts',(3.4892435349732,12.7919313405909,-7.93328902719401));
#2310=CARTESIAN_POINT('Ctrl Pts',(3.02259808583288,12.6232064681914,-8.54032224494398));
#2311=CARTESIAN_POINT('Ctrl Pts',(2.80340541481501,12.5722416727786,-8.85532857322065));
#2312=CARTESIAN_POINT('Ctrl Pts',(2.41558617089281,12.5502035898969,-9.51922062965685));
#2313=CARTESIAN_POINT('Ctrl Pts',(2.24438651083342,12.5810209060257,-9.87481080067257));
#2314=CARTESIAN_POINT('Ctrl Pts',(2.04975419149542,12.7287727972852,-10.5006783934315));
#2315=CARTESIAN_POINT('Ctrl Pts',(2.,12.8204911298597,-10.7665837496236));
#2316=CARTESIAN_POINT('Ctrl Pts',(2.,12.9416419238994,-11.0233345369524));
#2317=CARTESIAN_POINT('Origin',(4.,-22.65,-17.));
#2318=CARTESIAN_POINT('',(2.,-14.5,-17.));
#2319=CARTESIAN_POINT('',(4.,-14.5,-15.));
#2320=CARTESIAN_POINT('Origin',(4.,-14.5,-17.));
#2321=CARTESIAN_POINT('',(2.,-22.65,-17.));
#2322=CARTESIAN_POINT('',(4.,-22.65,-15.));
#2323=CARTESIAN_POINT('Origin',(2.,-45.3,-1.33226762955019E-14));
#2324=CARTESIAN_POINT('',(2.,-14.5,-6.66133814775094E-15));
#2325=CARTESIAN_POINT('',(2.,-12.,23.5));
#2326=CARTESIAN_POINT('',(1.99999999999999,-12.,15.));
#2327=CARTESIAN_POINT('',(2.,-37.,23.5));
#2328=CARTESIAN_POINT('',(2.,-71.1,23.5));
#2329=CARTESIAN_POINT('',(2.,-37.,18.));
#2330=CARTESIAN_POINT('',(2.,-37.,17.5));
#2331=CARTESIAN_POINT('',(2.,-34.5,18.));
#2332=CARTESIAN_POINT('',(2.,-41.15,18.));
#2333=CARTESIAN_POINT('',(2.,-34.5,8.99999999999999));
#2334=CARTESIAN_POINT('',(2.,15.,-20.5));
#2335=CARTESIAN_POINT('Origin',(2.,12.,-20.5));
#2336=CARTESIAN_POINT('',(2.,15.,-13.));
#2337=CARTESIAN_POINT('',(2.,15.,-13.));
#2338=CARTESIAN_POINT('Origin',(2.,16.5591403016497,-9.31637657409153));
#2339=CARTESIAN_POINT('Origin',(3.99999999999999,-11.5,15.));
#2340=CARTESIAN_POINT('',(1.99999999999999,-11.5,52.));
#2341=CARTESIAN_POINT('Origin',(3.99999999999999,-11.5,52.));
#2342=CARTESIAN_POINT('',(1.99999999999999,-11.5,23.5));
#2343=CARTESIAN_POINT('Origin',(3.99999999999999,-11.5,23.5));
#2344=CARTESIAN_POINT('',(1.99999999999999,-11.5,15.));
#2345=CARTESIAN_POINT('Origin',(32.,-10.75,52.));
#2346=CARTESIAN_POINT('',(1.99999999999999,-12.,52.));
#2347=CARTESIAN_POINT('',(1.99999999999999,-12.,52.));
#2348=CARTESIAN_POINT('',(37.5,-12.,52.));
#2349=CARTESIAN_POINT('',(62.,-12.,52.));
#2350=CARTESIAN_POINT('',(37.5,-10.75,52.));
#2351=CARTESIAN_POINT('Origin',(0.,16.5591403016497,-9.31637657409153));
#2352=CARTESIAN_POINT('',(0.,15.,-13.));
#2353=CARTESIAN_POINT('',(0.,15.,-13.));
#2354=CARTESIAN_POINT('Origin',(0.,16.5591403016497,-9.31637657409153));
#2355=CARTESIAN_POINT('Origin',(0.,15.,-13.));
#2356=CARTESIAN_POINT('',(0.,0.,-13.));
#2357=CARTESIAN_POINT('',(0.,7.50000000000001,-13.));
#2358=CARTESIAN_POINT('',(-9.,15.,-13.));
#2359=CARTESIAN_POINT('',(0.,15.,-13.));
#2360=CARTESIAN_POINT('',(-9.,0.,-13.));
#2361=CARTESIAN_POINT('',(-9.,15.,-13.));
#2362=CARTESIAN_POINT('',(0.,0.,-13.));
#2363=CARTESIAN_POINT('Origin',(0.,16.5591403016497,9.31637657409154));
#2364=CARTESIAN_POINT('',(0.,15.,13.));
#2365=CARTESIAN_POINT('Origin',(0.,16.5591403016497,9.31637657409154));
#2366=CARTESIAN_POINT('',(2.,15.,13.));
#2367=CARTESIAN_POINT('',(0.,15.,13.));
#2368=CARTESIAN_POINT('Origin',(2.,16.5591403016497,9.31637657409154));
#2369=CARTESIAN_POINT('Origin',(0.,0.,13.));
#2370=CARTESIAN_POINT('',(0.,0.,13.));
#2371=CARTESIAN_POINT('',(0.,9.62193288008469E-16,13.));
#2372=CARTESIAN_POINT('',(-9.,0.,13.));
#2373=CARTESIAN_POINT('',(0.,0.,13.));
#2374=CARTESIAN_POINT('',(-9.,15.,13.));
#2375=CARTESIAN_POINT('',(-9.,0.,13.));
#2376=CARTESIAN_POINT('',(0.,15.,13.));
#2377=CARTESIAN_POINT('Origin',(21.25,-37.,35.));
#2378=CARTESIAN_POINT('',(40.5,-37.,18.));
#2379=CARTESIAN_POINT('',(2.,-37.,18.));
#2380=CARTESIAN_POINT('',(2.,-37.,52.));
#2381=CARTESIAN_POINT('',(2.,-37.,18.));
#2382=CARTESIAN_POINT('',(37.5,-37.,52.));
#2383=CARTESIAN_POINT('',(2.,-37.,52.));
#2384=CARTESIAN_POINT('',(40.5,-37.,49.));
#2385=CARTESIAN_POINT('Origin',(37.5,-37.,49.));
#2386=CARTESIAN_POINT('',(40.5,-37.,18.));
#2387=CARTESIAN_POINT('',(34.5499995157449,-37.,46.4999999999997));
#2388=CARTESIAN_POINT('Origin',(31.9999995157448,-37.,46.4999999999997));
#2389=CARTESIAN_POINT('',(14.5499995157448,-37.,46.4999999999997));
#2390=CARTESIAN_POINT('Origin',(11.9999995157448,-37.,46.4999999999997));
#2391=CARTESIAN_POINT('',(14.5499995157448,-37.,26.4999999999993));
#2392=CARTESIAN_POINT('Origin',(11.9999995157448,-37.,26.4999999999993));
#2393=CARTESIAN_POINT('',(34.5499995157449,-37.,26.4999999999993));
#2394=CARTESIAN_POINT('Origin',(31.9999995157448,-37.,26.4999999999993));
#2395=CARTESIAN_POINT('Origin',(2.,-37.,-23.5));
#2396=CARTESIAN_POINT('',(2.,-71.1,23.5));
#2397=CARTESIAN_POINT('',(2.,-37.,52.));
#2398=CARTESIAN_POINT('Origin',(31.9999995157448,-37.,26.4999999999993));
#2399=CARTESIAN_POINT('',(34.5499995157449,-37.,26.4999999999993));
#2400=CARTESIAN_POINT('Origin',(11.9999995157448,-37.,26.4999999999993));
#2401=CARTESIAN_POINT('',(14.5499995157448,-37.,26.4999999999993));
#2402=CARTESIAN_POINT('Origin',(11.9999995157448,-37.,46.4999999999997));
#2403=CARTESIAN_POINT('',(14.5499995157448,-37.,46.4999999999997));
#2404=CARTESIAN_POINT('Origin',(31.9999995157448,-37.,46.4999999999997));
#2405=CARTESIAN_POINT('',(34.5499995157449,-37.,46.4999999999997));
#2406=CARTESIAN_POINT('Origin',(37.5,-37.,49.));
#2407=CARTESIAN_POINT('',(37.5,-37.,52.));
#2408=CARTESIAN_POINT('',(40.5,-37.,49.));
#2409=CARTESIAN_POINT('Origin',(2.,-37.,52.));
#2410=CARTESIAN_POINT('Origin',(37.5,-53.425,-20.5));
#2411=CARTESIAN_POINT('',(40.5,-34.5,-20.5));
#2412=CARTESIAN_POINT('',(40.5,-53.425,-20.5));
#2413=CARTESIAN_POINT('Origin',(37.5,-34.5,-20.5));
#2414=CARTESIAN_POINT('Origin',(40.5,-35.75,-2.75));
#2415=CARTESIAN_POINT('',(40.5,-34.5,18.));
#2416=CARTESIAN_POINT('',(40.5,-34.5,18.));
#2417=CARTESIAN_POINT('',(40.5,-37.,18.));
#2418=CARTESIAN_POINT('Origin',(2.,-34.5,18.));
#2419=CARTESIAN_POINT('',(2.,-34.5,18.));
#2420=CARTESIAN_POINT('Origin',(2.,-37.,18.));
#2421=CARTESIAN_POINT('Origin',(2.,-0.749999999999997,-1.77635683940025E-14));
#2422=CARTESIAN_POINT('',(2.,15.,20.5));
#2423=CARTESIAN_POINT('',(2.,15.,20.5));
#2424=CARTESIAN_POINT('',(2.,12.,23.5));
#2425=CARTESIAN_POINT('Origin',(2.,12.,20.5));
#2426=CARTESIAN_POINT('',(2.,-16.5,23.5));
#2427=CARTESIAN_POINT('Origin',(0.,0.,-15.));
#2428=CARTESIAN_POINT('',(55.,0.,-15.));
#2429=CARTESIAN_POINT('',(0.,0.,-15.));
#2430=CARTESIAN_POINT('',(60.,-5.,-15.));
#2431=CARTESIAN_POINT('Origin',(55.,-5.,-15.));
#2432=CARTESIAN_POINT('',(60.,-14.5,-15.));
#2433=CARTESIAN_POINT('',(60.,0.,-15.));
#2434=CARTESIAN_POINT('',(15.,-14.5,-15.));
#2435=CARTESIAN_POINT('Origin',(30.,-14.5,4.44089209850063E-15));
#2436=CARTESIAN_POINT('',(60.,-14.5,2.22044604925031E-15));
#2437=CARTESIAN_POINT('Origin',(2.,-48.4,-7.51694689475267E-16));
#2438=CARTESIAN_POINT('',(7.,-48.4,6.6));
#2439=CARTESIAN_POINT('Origin',(7.,-48.4,-7.51694689475267E-16));
#2440=CARTESIAN_POINT('',(2.,-48.4,6.6));
#2441=CARTESIAN_POINT('',(2.,-48.4,6.6));
#2442=CARTESIAN_POINT('Origin',(2.,-48.4,-7.51694689475267E-16));
#2443=CARTESIAN_POINT('Origin',(7.,-48.4,-1.11022302462516E-15));
#2444=CARTESIAN_POINT('Origin',(2.,-48.4,-7.51694689475267E-16));
#2445=CARTESIAN_POINT('',(2.,-48.4,-2.5));
#2446=CARTESIAN_POINT('Origin',(2.,-48.4,-7.51694689475267E-16));
#2447=CARTESIAN_POINT('',(0.,-48.4,-2.5));
#2448=CARTESIAN_POINT('',(2.,-48.4,-2.5));
#2449=CARTESIAN_POINT('Origin',(0.,-48.4,-7.51694689475267E-16));
#2450=CARTESIAN_POINT('Origin',(0.,-45.3,-1.33226762955019E-14));
#2451=CARTESIAN_POINT('',(0.,-48.4,-18.65));
#2452=CARTESIAN_POINT('Origin',(0.,-48.4,-7.51694689475267E-16));
#2453=CARTESIAN_POINT('Origin',(2.,-45.3,-1.33226762955019E-14));
#2454=CARTESIAN_POINT('Origin',(0.,-48.4,-7.51694689475267E-16));
#2455=CARTESIAN_POINT('',(-9.,-48.4,-18.65));
#2456=CARTESIAN_POINT('Origin',(-9.,-48.4,-7.51694689475267E-16));
#2457=CARTESIAN_POINT('',(0.,-48.4,-18.65));
#2458=CARTESIAN_POINT('Origin',(0.,0.,0.));
#2459=CARTESIAN_POINT('Origin',(0.,0.,0.));
#2460=CARTESIAN_POINT('Origin',(-9.,0.,0.));
#2461=CARTESIAN_POINT('Origin',(0.,15.,-20.5));
#2462=CARTESIAN_POINT('',(-9.,15.,-20.5));
#2463=CARTESIAN_POINT('',(0.,15.,-20.5));
#2464=CARTESIAN_POINT('',(-9.,15.,-20.5));
#2465=CARTESIAN_POINT('Origin',(0.,12.,-20.5));
#2466=CARTESIAN_POINT('Origin',(-9.,12.,-20.5));
#2467=CARTESIAN_POINT('Origin',(0.,-71.1,-20.5));
#2468=CARTESIAN_POINT('',(-9.,-74.1,-20.5));
#2469=CARTESIAN_POINT('',(0.,-74.1,-20.5));
#2470=CARTESIAN_POINT('Origin',(-9.,-71.1,-20.5));
#2471=CARTESIAN_POINT('Origin',(0.,-74.1,20.5));
#2472=CARTESIAN_POINT('',(-9.,-74.1,20.5));
#2473=CARTESIAN_POINT('',(0.,-74.1,20.5));
#2474=CARTESIAN_POINT('',(-9.,-74.1,20.5));
#2475=CARTESIAN_POINT('Origin',(0.,-71.1,20.5));
#2476=CARTESIAN_POINT('',(-9.,-71.1,23.5));
#2477=CARTESIAN_POINT('',(0.,-71.1,23.5));
#2478=CARTESIAN_POINT('Origin',(-9.,-71.1,20.5));
#2479=CARTESIAN_POINT('Origin',(0.,12.,23.5));
#2480=CARTESIAN_POINT('',(1.99999999999999,-14.25,23.5));
#2481=CARTESIAN_POINT('',(-9.,12.,23.5));
#2482=CARTESIAN_POINT('',(0.,12.,23.5));
#2483=CARTESIAN_POINT('',(-9.,12.,23.5));
#2484=CARTESIAN_POINT('Origin',(0.,12.,20.5));
#2485=CARTESIAN_POINT('',(-9.,15.,20.5));
#2486=CARTESIAN_POINT('',(0.,15.,20.5));
#2487=CARTESIAN_POINT('Origin',(-9.,12.,20.5));
#2488=CARTESIAN_POINT('Origin',(0.,15.,13.));
#2489=CARTESIAN_POINT('',(-9.,15.,13.));
#2490=CARTESIAN_POINT('Origin',(-9.,-29.55,-4.44089209850063E-15));
#2491=CARTESIAN_POINT('Origin',(12.0000003977522,-9.49999999999999,46.5000000000001));
#2492=CARTESIAN_POINT('',(9.45000039775221,-12.,46.5000000000001));
#2493=CARTESIAN_POINT('',(9.45000039775221,-9.49999999999999,46.5000000000001));
#2494=CARTESIAN_POINT('Origin',(12.0000003977522,-12.,46.5000000000001));
#2495=CARTESIAN_POINT('Origin',(12.0000003977522,-9.49999999999999,26.5000000000001));
#2496=CARTESIAN_POINT('',(9.45000039775221,-12.,26.5000000000001));
#2497=CARTESIAN_POINT('',(9.45000039775221,-9.49999999999999,26.5000000000001));
#2498=CARTESIAN_POINT('Origin',(12.0000003977522,-12.,26.5000000000001));
#2499=CARTESIAN_POINT('Origin',(32.0000003977522,-9.49999999999999,46.5000000000001));
#2500=CARTESIAN_POINT('',(29.4500003977522,-12.,46.5000000000001));
#2501=CARTESIAN_POINT('',(29.4500003977522,-9.49999999999999,46.5000000000001));
#2502=CARTESIAN_POINT('Origin',(32.0000003977522,-12.,46.5000000000001));
#2503=CARTESIAN_POINT('Origin',(32.0000003977522,-9.49999999999999,26.5000000000001));
#2504=CARTESIAN_POINT('',(29.4500003977522,-12.,26.5000000000001));
#2505=CARTESIAN_POINT('',(29.4500003977522,-9.49999999999999,26.5000000000001));
#2506=CARTESIAN_POINT('Origin',(32.0000003977522,-12.,26.5000000000001));
#2507=CARTESIAN_POINT('Origin',(37.5,-10.75,49.));
#2508=CARTESIAN_POINT('',(40.5,-12.,49.));
#2509=CARTESIAN_POINT('Origin',(37.5,-12.,49.));
#2510=CARTESIAN_POINT('',(40.5,-10.75,49.));
#2511=CARTESIAN_POINT('Origin',(62.,-12.,15.));
#2512=CARTESIAN_POINT('',(1.99999999999999,-12.,15.));
#2513=CARTESIAN_POINT('',(40.5,-12.,24.25));
#2514=CARTESIAN_POINT('Origin',(40.5,-10.75,33.5));
#2515=CARTESIAN_POINT('Origin',(60.,0.,0.));
#2516=CARTESIAN_POINT('',(60.,-5.,-12.));
#2517=CARTESIAN_POINT('',(60.,-5.,7.5));
#2518=CARTESIAN_POINT('',(60.,-5.,12.));
#2519=CARTESIAN_POINT('Origin',(60.,0.,0.));
#2520=CARTESIAN_POINT('',(60.,-5.,7.5));
#2521=CARTESIAN_POINT('Origin',(1.99999999999999,-12.,15.));
#2522=CARTESIAN_POINT('Origin',(55.,-5.,7.5));
#2523=CARTESIAN_POINT('',(55.,0.,-13.));
#2524=CARTESIAN_POINT('',(55.,0.,7.5));
#2525=CARTESIAN_POINT('Ctrl Pts',(60.,-5.,-12.));
#2526=CARTESIAN_POINT('Ctrl Pts',(60.,-4.40101219987223,-12.2495782500532));
#2527=CARTESIAN_POINT('Ctrl Pts',(59.8847388787835,-3.74021487129912,-12.4667052708876));
#2528=CARTESIAN_POINT('Ctrl Pts',(59.3816016065243,-2.5001396653165,-12.7733021628939));
#2529=CARTESIAN_POINT('Ctrl Pts',(58.992910576602,-1.9218427647365,-12.8653955499378));
#2530=CARTESIAN_POINT('Ctrl Pts',(58.0925825559071,-1.02151474404164,-12.9674683513036));
#2531=CARTESIAN_POINT('Ctrl Pts',(57.5307350337079,-0.636502667209037,-12.9869217395433));
#2532=CARTESIAN_POINT('Ctrl Pts',(56.2986419354028,-0.125755615875288,-13.0019020566555));
#2533=CARTESIAN_POINT('Ctrl Pts',(55.6284375170568,-1.80525733819109E-15,
-13.));
#2534=CARTESIAN_POINT('Ctrl Pts',(55.,-1.59594559789866E-15,-13.));
#2535=CARTESIAN_POINT('Origin',(60.,0.,15.));
#2536=CARTESIAN_POINT('',(30.,0.,-13.));
#2537=CARTESIAN_POINT('',(30.,0.,7.5));
#2538=CARTESIAN_POINT('',(60.,0.,-13.));
#2539=CARTESIAN_POINT('Origin',(60.,0.,0.));
#2540=CARTESIAN_POINT('',(25.,5.,-12.));
#2541=CARTESIAN_POINT('Ctrl Pts',(30.,5.55111512312578E-16,-13.));
#2542=CARTESIAN_POINT('Ctrl Pts',(29.3715624829432,4.67898287190732E-16,
-13.));
#2543=CARTESIAN_POINT('Ctrl Pts',(28.7013580645972,0.125755615875288,-13.0019020566555));
#2544=CARTESIAN_POINT('Ctrl Pts',(27.4692649662921,0.63650266720904,-12.9869217395433));
#2545=CARTESIAN_POINT('Ctrl Pts',(26.9074174440929,1.02151474404164,-12.9674683513036));
#2546=CARTESIAN_POINT('Ctrl Pts',(26.007089423398,1.9218427647365,-12.8653955499378));
#2547=CARTESIAN_POINT('Ctrl Pts',(25.6183983934757,2.5001396653165,-12.7733021628939));
#2548=CARTESIAN_POINT('Ctrl Pts',(25.1152611212165,3.74021487129912,-12.4667052708876));
#2549=CARTESIAN_POINT('Ctrl Pts',(25.,4.40101219987222,-12.2495782500532));
#2550=CARTESIAN_POINT('Ctrl Pts',(25.,4.99999999999999,-12.));
#2551=CARTESIAN_POINT('',(25.,5.,12.));
#2552=CARTESIAN_POINT('Origin',(25.,0.,0.));
#2553=CARTESIAN_POINT('',(30.,0.,13.));
#2554=CARTESIAN_POINT('Ctrl Pts',(25.,5.,12.));
#2555=CARTESIAN_POINT('Ctrl Pts',(25.,4.40101219987223,12.2495782500532));
#2556=CARTESIAN_POINT('Ctrl Pts',(25.1152611212165,3.74021487129912,12.4667052708876));
#2557=CARTESIAN_POINT('Ctrl Pts',(25.6183983934756,2.5001396653165,12.7733021628939));
#2558=CARTESIAN_POINT('Ctrl Pts',(26.007089423398,1.9218427647365,12.8653955499378));
#2559=CARTESIAN_POINT('Ctrl Pts',(26.9074174440929,1.02151474404164,12.9674683513036));
#2560=CARTESIAN_POINT('Ctrl Pts',(27.4692649662921,0.636502667209041,12.9869217395433));
#2561=CARTESIAN_POINT('Ctrl Pts',(28.7013580645972,0.125755615875289,13.0019020566555));
#2562=CARTESIAN_POINT('Ctrl Pts',(29.3715624829432,5.55111512312578E-16,
13.));
#2563=CARTESIAN_POINT('Ctrl Pts',(30.,5.55111512312578E-16,13.));
#2564=CARTESIAN_POINT('',(2.99999999999999,-7.9602041944578E-16,13.));
#2565=CARTESIAN_POINT('',(60.,-7.9602041944578E-16,13.));
#2566=CARTESIAN_POINT('Origin',(3.,0.,0.));
#2567=CARTESIAN_POINT('',(55.,0.,13.));
#2568=CARTESIAN_POINT('',(60.,0.,13.));
#2569=CARTESIAN_POINT('Ctrl Pts',(55.,-1.57859836313889E-15,13.));
#2570=CARTESIAN_POINT('Ctrl Pts',(55.6284375170568,-1.82279539348006E-15,
13.));
#2571=CARTESIAN_POINT('Ctrl Pts',(56.2986419354028,-0.125755615875288,13.0019020566555));
#2572=CARTESIAN_POINT('Ctrl Pts',(57.5307350337079,-0.636502667209037,12.9869217395433));
#2573=CARTESIAN_POINT('Ctrl Pts',(58.0925825559071,-1.02151474404164,12.9674683513036));
#2574=CARTESIAN_POINT('Ctrl Pts',(58.992910576602,-1.9218427647365,12.8653955499378));
#2575=CARTESIAN_POINT('Ctrl Pts',(59.3816016065243,-2.50013966531649,12.7733021628939));
#2576=CARTESIAN_POINT('Ctrl Pts',(59.8847388787835,-3.74021487129912,12.4667052708876));
#2577=CARTESIAN_POINT('Ctrl Pts',(60.,-4.40101219987223,12.2495782500532));
#2578=CARTESIAN_POINT('Ctrl Pts',(60.,-5.,12.));
#2579=CARTESIAN_POINT('Origin',(55.,-5.,7.5));
#2580=CARTESIAN_POINT('',(55.,0.,7.5));
#2581=CARTESIAN_POINT('Origin',(60.,0.,15.));
#2582=CARTESIAN_POINT('',(30.,0.,7.5));
#2583=CARTESIAN_POINT('Origin',(30.,5.,7.5));
#2584=CARTESIAN_POINT('',(25.,5.,7.5));
#2585=CARTESIAN_POINT('Origin',(30.,5.,7.5));
#2586=CARTESIAN_POINT('',(25.,5.,7.5));
#2587=CARTESIAN_POINT('Origin',(25.,7.5,2.22044604925031E-15));
#2588=CARTESIAN_POINT('Origin',(0.825,-2.60237444818813E-15,8.5));
#2589=CARTESIAN_POINT('',(0.,-2.7983179360517E-15,11.7));
#2590=CARTESIAN_POINT('Origin',(0.,-2.60237444818813E-15,8.5));
#2591=CARTESIAN_POINT('',(1.65,-2.31764406738637E-15,10.05));
#2592=CARTESIAN_POINT('',(0.825,-2.74780125558687E-15,10.875));
#2593=CARTESIAN_POINT('',(1.65,-2.88710482898989E-15,6.95));
#2594=CARTESIAN_POINT('Origin',(1.65,-2.60237444818813E-15,8.5));
#2595=CARTESIAN_POINT('Origin',(1.65,-2.60237444818813E-15,8.5));
#2596=CARTESIAN_POINT('Origin',(0.,0.,0.));
#2597=CARTESIAN_POINT('',(0.,-7.16418377501202E-16,-5.3));
#2598=CARTESIAN_POINT('Origin',(0.,-5.20474889637625E-16,-8.5));
#2599=CARTESIAN_POINT('',(0.,-6.61309271539571E-16,-3.6));
#2600=CARTESIAN_POINT('Origin',(0.,0.,0.));
#2601=CARTESIAN_POINT('Origin',(0.,-2.60237444818813E-15,8.5));
#2602=CARTESIAN_POINT('',(3.,-2.88710482898989E-15,6.95));
#2603=CARTESIAN_POINT('',(0.,-2.88710482898989E-15,6.95));
#2604=CARTESIAN_POINT('Origin',(3.,-2.60237444818813E-15,8.5));
#2605=CARTESIAN_POINT('Origin',(0.825,-5.20474889637625E-16,-8.5));
#2606=CARTESIAN_POINT('',(1.65,-2.35744508835866E-16,-6.95));
#2607=CARTESIAN_POINT('',(0.825,-6.65901697036373E-16,-6.125));
#2608=CARTESIAN_POINT('',(1.65,-8.05205270439385E-16,-10.05));
#2609=CARTESIAN_POINT('Origin',(1.65,-5.20474889637625E-16,-8.5));
#2610=CARTESIAN_POINT('Origin',(1.65,-5.20474889637625E-16,-8.5));
#2611=CARTESIAN_POINT('Origin',(0.,-5.20474889637625E-16,-8.5));
#2612=CARTESIAN_POINT('',(3.,-8.05205270439385E-16,-10.05));
#2613=CARTESIAN_POINT('',(0.,-8.05205270439385E-16,-10.05));
#2614=CARTESIAN_POINT('Origin',(3.,-5.20474889637625E-16,-8.5));
#2615=CARTESIAN_POINT('Origin',(0.,0.,0.));
#2616=CARTESIAN_POINT('',(3.,-6.61309271539571E-16,-3.6));
#2617=CARTESIAN_POINT('',(0.,-6.61309271539571E-16,-3.6));
#2618=CARTESIAN_POINT('Origin',(3.,0.,0.));
#2619=CARTESIAN_POINT('Origin',(3.,0.,0.));
#2620=UNCERTAINTY_MEASURE_WITH_UNIT(LENGTH_MEASURE(0.01),#2624,
'DISTANCE_ACCURACY_VALUE',
'Maximum model space distance between geometric entities at asserted c
onnectivities');
#2621=UNCERTAINTY_MEASURE_WITH_UNIT(LENGTH_MEASURE(0.01),#2624,
'DISTANCE_ACCURACY_VALUE',
'Maximum model space distance between geometric entities at asserted c
onnectivities');
#2622=(
GEOMETRIC_REPRESENTATION_CONTEXT(3)
GLOBAL_UNCERTAINTY_ASSIGNED_CONTEXT((#2620))
GLOBAL_UNIT_ASSIGNED_CONTEXT((#2624,#2626,#2627))
REPRESENTATION_CONTEXT('','3D')
);
#2623=(
GEOMETRIC_REPRESENTATION_CONTEXT(3)
GLOBAL_UNCERTAINTY_ASSIGNED_CONTEXT((#2621))
GLOBAL_UNIT_ASSIGNED_CONTEXT((#2624,#2626,#2627))
REPRESENTATION_CONTEXT('','3D')
);
#2624=(
LENGTH_UNIT()
NAMED_UNIT(*)
SI_UNIT(.MILLI.,.METRE.)
);
#2625=(
LENGTH_UNIT()
NAMED_UNIT(*)
SI_UNIT(.CENTI.,.METRE.)
);
#2626=(
NAMED_UNIT(*)
PLANE_ANGLE_UNIT()
SI_UNIT($,.RADIAN.)
);
#2627=(
NAMED_UNIT(*)
SI_UNIT($,.STERADIAN.)
SOLID_ANGLE_UNIT()
);
#2628=SHAPE_DEFINITION_REPRESENTATION(#2629,#2630);
#2629=PRODUCT_DEFINITION_SHAPE('',$,#2632);
#2630=SHAPE_REPRESENTATION('',(#1497),#2622);
#2631=PRODUCT_DEFINITION_CONTEXT('part definition',#2636,'design');
#2632=PRODUCT_DEFINITION('myMotorHolder_MIR','myMotorHolder_MIR',#2633,
#2631);
#2633=PRODUCT_DEFINITION_FORMATION('',$,#2638);
#2634=PRODUCT_RELATED_PRODUCT_CATEGORY('myMotorHolder_MIR',
'myMotorHolder_MIR',(#2638));
#2635=APPLICATION_PROTOCOL_DEFINITION('international standard',
'automotive_design',2009,#2636);
#2636=APPLICATION_CONTEXT(
'Core Data for Automotive Mechanical Design Process');
#2637=PRODUCT_CONTEXT('part definition',#2636,'mechanical');
#2638=PRODUCT('myMotorHolder_MIR','myMotorHolder_MIR',$,(#2637));
#2639=PRESENTATION_STYLE_ASSIGNMENT((#2640));
#2640=SURFACE_STYLE_USAGE(.BOTH.,#2643);
#2641=SURFACE_STYLE_RENDERING_WITH_PROPERTIES($,#2647,(#2642));
#2642=SURFACE_STYLE_TRANSPARENT(0.);
#2643=SURFACE_SIDE_STYLE('',(#2644,#2641));
#2644=SURFACE_STYLE_FILL_AREA(#2645);
#2645=FILL_AREA_STYLE('',(#2646));
#2646=FILL_AREA_STYLE_COLOUR('',#2647);
#2647=COLOUR_RGB('',0.749019607843137,0.749019607843137,0.749019607843137);
ENDSEC;
END-ISO-10303-21;
